report_file,report_group,experiment,status,language_reported,language_guess,corpus_family,source,input,input_bytes,input_chars,cleaned_chars,null_samples,seed,tool_version,hyphen_policy,encoding,encoding_sequence_len,encoding_unique_symbols,encoding_symbol_entropy_bits,event,event_description,event_count,severity,code,interpretation_level,message,raw_alert
C:\github\5hr-conlang\riemann_analysis\rrlang\outputs\controls_paper_minimum_v0_3_nulls100\control_mesu_udhr_duplicated_x4.json,controls_paper_minimum_v0_3_nulls100,,,,mesu,unknown,unknown,,,,,,,,,grapheme,2795,,,vowel,Basic Latin-vowel positions plus common accented vowels.,868,info,STATISTICAL_DEVIATION,1,"Metric 'gap_entropy' deviates from 'density_shuffle' null with z=-264.773. This is a tripwire, not a conclusion.","{""code"": ""STATISTICAL_DEVIATION"", ""severity"": ""info"", ""interpretation_level"": 1, ""message"": ""Metric 'gap_entropy' deviates from 'density_shuffle' null with z=-264.773. This is a tripwire, not a conclusion.""}"
C:\github\5hr-conlang\riemann_analysis\rrlang\outputs\controls_paper_minimum_v0_3_nulls100\control_mesu_udhr_duplicated_x4.json,controls_paper_minimum_v0_3_nulls100,,,,mesu,unknown,unknown,,,,,,,,,grapheme,2795,,,vowel,Basic Latin-vowel positions plus common accented vowels.,868,warning,PERIODICITY_OR_CLUSTERING_WARNING,1,"Gap entropy is substantially lower than the 'density_shuffle' null expectation. Inspect for periodicity, clustering, repeated material, genre constraints, or local phonotactic regularity.","{""code"": ""PERIODICITY_OR_CLUSTERING_WARNING"", ""severity"": ""warning"", ""interpretation_level"": 1, ""message"": ""Gap entropy is substantially lower than the 'density_shuffle' null expectation. Inspect for periodicity, clustering, repeated material, genre constraints, or local phonotactic regularity.""}"
C:\github\5hr-conlang\riemann_analysis\rrlang\outputs\controls_paper_minimum_v0_3_nulls100\control_mesu_udhr_duplicated_x4.json,controls_paper_minimum_v0_3_nulls100,,,,mesu,unknown,unknown,,,,,,,,,grapheme,2795,,,vowel,Basic Latin-vowel positions plus common accented vowels.,868,info,STATISTICAL_DEVIATION,1,"Metric 'run_entropy' deviates from 'density_shuffle' null with z=-20.493. This is a tripwire, not a conclusion.","{""code"": ""STATISTICAL_DEVIATION"", ""severity"": ""info"", ""interpretation_level"": 1, ""message"": ""Metric 'run_entropy' deviates from 'density_shuffle' null with z=-20.493. This is a tripwire, not a conclusion.""}"
C:\github\5hr-conlang\riemann_analysis\rrlang\outputs\controls_paper_minimum_v0_3_nulls100\control_mesu_udhr_duplicated_x4.json,controls_paper_minimum_v0_3_nulls100,,,,mesu,unknown,unknown,,,,,,,,,grapheme,2795,,,vowel,Basic Latin-vowel positions plus common accented vowels.,868,warning,OVER_REGULARITY_WARNING,1,"Run entropy is substantially lower than the 'density_shuffle' null expectation. Possible causes include genuine structure, repeated boilerplate, encoding artefact, formal constraint, or local transition structure not captured by this null.","{""code"": ""OVER_REGULARITY_WARNING"", ""severity"": ""warning"", ""interpretation_level"": 1, ""message"": ""Run entropy is substantially lower than the 'density_shuffle' null expectation. Possible causes include genuine structure, repeated boilerplate, encoding artefact, formal constraint, or local transition structure not captured by this null.""}"
C:\github\5hr-conlang\riemann_analysis\rrlang\outputs\controls_paper_minimum_v0_3_nulls100\control_mesu_udhr_duplicated_x4.json,controls_paper_minimum_v0_3_nulls100,,,,mesu,unknown,unknown,,,,,,,,,grapheme,2795,,,vowel,Basic Latin-vowel positions plus common accented vowels.,868,info,STATISTICAL_DEVIATION,1,"Metric 'prime_gap_affinity' deviates from 'density_shuffle' null with z=17.136. This is a tripwire, not a conclusion.","{""code"": ""STATISTICAL_DEVIATION"", ""severity"": ""info"", ""interpretation_level"": 1, ""message"": ""Metric 'prime_gap_affinity' deviates from 'density_shuffle' null with z=17.136. This is a tripwire, not a conclusion.""}"
C:\github\5hr-conlang\riemann_analysis\rrlang\outputs\controls_paper_minimum_v0_3_nulls100\control_mesu_udhr_duplicated_x4.json,controls_paper_minimum_v0_3_nulls100,,,,mesu,unknown,unknown,,,,,,,,,grapheme,2795,,,vowel,Basic Latin-vowel positions plus common accented vowels.,868,info,STATISTICAL_DEVIATION,2,"Metric 'gap_entropy' deviates from 'markov_1' null with z=-17.872. This is a tripwire, not a conclusion.","{""code"": ""STATISTICAL_DEVIATION"", ""severity"": ""info"", ""interpretation_level"": 2, ""message"": ""Metric 'gap_entropy' deviates from 'markov_1' null with z=-17.872. This is a tripwire, not a conclusion.""}"
C:\github\5hr-conlang\riemann_analysis\rrlang\outputs\controls_paper_minimum_v0_3_nulls100\control_mesu_udhr_duplicated_x4.json,controls_paper_minimum_v0_3_nulls100,,,,mesu,unknown,unknown,,,,,,,,,grapheme,2795,,,vowel,Basic Latin-vowel positions plus common accented vowels.,868,warning,PERIODICITY_OR_CLUSTERING_WARNING,2,"Gap entropy is substantially lower than the 'markov_1' null expectation. Inspect for periodicity, clustering, repeated material, genre constraints, or local phonotactic regularity.","{""code"": ""PERIODICITY_OR_CLUSTERING_WARNING"", ""severity"": ""warning"", ""interpretation_level"": 2, ""message"": ""Gap entropy is substantially lower than the 'markov_1' null expectation. Inspect for periodicity, clustering, repeated material, genre constraints, or local phonotactic regularity.""}"
C:\github\5hr-conlang\riemann_analysis\rrlang\outputs\controls_paper_minimum_v0_3_nulls100\control_mesu_udhr_duplicated_x4.json,controls_paper_minimum_v0_3_nulls100,,,,mesu,unknown,unknown,,,,,,,,,grapheme,2795,,,vowel,Basic Latin-vowel positions plus common accented vowels.,868,info,STATISTICAL_DEVIATION,3,"Metric 'prime_gap_affinity' deviates from 'markov_2' null with z=-4.332. This is a tripwire, not a conclusion.","{""code"": ""STATISTICAL_DEVIATION"", ""severity"": ""info"", ""interpretation_level"": 3, ""message"": ""Metric 'prime_gap_affinity' deviates from 'markov_2' null with z=-4.332. This is a tripwire, not a conclusion.""}"
C:\github\5hr-conlang\riemann_analysis\rrlang\outputs\controls_paper_minimum_v0_3_nulls100\control_mesu_udhr_duplicated_x4.json,controls_paper_minimum_v0_3_nulls100,,,,mesu,unknown,unknown,,,,,,,,,grapheme,2795,,,vowel,Basic Latin-vowel positions plus common accented vowels.,868,info,SURVIVES_MARKOV_2_NULL,3,"At least one metric remains deviant under the Markov-2 null. This is stronger than density-only evidence, but still requires corpus and encoding replication.","{""code"": ""SURVIVES_MARKOV_2_NULL"", ""severity"": ""info"", ""interpretation_level"": 3, ""message"": ""At least one metric remains deviant under the Markov-2 null. This is stronger than density-only evidence, but still requires corpus and encoding replication.""}"
C:\github\5hr-conlang\riemann_analysis\rrlang\outputs\controls_paper_minimum_v0_3_nulls100\control_mesu_udhr_duplicated_x4.json,controls_paper_minimum_v0_3_nulls100,,,,mesu,unknown,unknown,,,,,,,,,grapheme,2795,,,consonant,Alphabetic non-vowel positions under the MVP classifier.,972,info,STATISTICAL_DEVIATION,1,"Metric 'gap_entropy' deviates from 'density_shuffle' null with z=-203.173. This is a tripwire, not a conclusion.","{""code"": ""STATISTICAL_DEVIATION"", ""severity"": ""info"", ""interpretation_level"": 1, ""message"": ""Metric 'gap_entropy' deviates from 'density_shuffle' null with z=-203.173. This is a tripwire, not a conclusion.""}"
C:\github\5hr-conlang\riemann_analysis\rrlang\outputs\controls_paper_minimum_v0_3_nulls100\control_mesu_udhr_duplicated_x4.json,controls_paper_minimum_v0_3_nulls100,,,,mesu,unknown,unknown,,,,,,,,,grapheme,2795,,,consonant,Alphabetic non-vowel positions under the MVP classifier.,972,warning,PERIODICITY_OR_CLUSTERING_WARNING,1,"Gap entropy is substantially lower than the 'density_shuffle' null expectation. Inspect for periodicity, clustering, repeated material, genre constraints, or local phonotactic regularity.","{""code"": ""PERIODICITY_OR_CLUSTERING_WARNING"", ""severity"": ""warning"", ""interpretation_level"": 1, ""message"": ""Gap entropy is substantially lower than the 'density_shuffle' null expectation. Inspect for periodicity, clustering, repeated material, genre constraints, or local phonotactic regularity.""}"
C:\github\5hr-conlang\riemann_analysis\rrlang\outputs\controls_paper_minimum_v0_3_nulls100\control_mesu_udhr_duplicated_x4.json,controls_paper_minimum_v0_3_nulls100,,,,mesu,unknown,unknown,,,,,,,,,grapheme,2795,,,consonant,Alphabetic non-vowel positions under the MVP classifier.,972,info,STATISTICAL_DEVIATION,1,"Metric 'run_entropy' deviates from 'density_shuffle' null with z=-24.833. This is a tripwire, not a conclusion.","{""code"": ""STATISTICAL_DEVIATION"", ""severity"": ""info"", ""interpretation_level"": 1, ""message"": ""Metric 'run_entropy' deviates from 'density_shuffle' null with z=-24.833. This is a tripwire, not a conclusion.""}"
C:\github\5hr-conlang\riemann_analysis\rrlang\outputs\controls_paper_minimum_v0_3_nulls100\control_mesu_udhr_duplicated_x4.json,controls_paper_minimum_v0_3_nulls100,,,,mesu,unknown,unknown,,,,,,,,,grapheme,2795,,,consonant,Alphabetic non-vowel positions under the MVP classifier.,972,warning,OVER_REGULARITY_WARNING,1,"Run entropy is substantially lower than the 'density_shuffle' null expectation. Possible causes include genuine structure, repeated boilerplate, encoding artefact, formal constraint, or local transition structure not captured by this null.","{""code"": ""OVER_REGULARITY_WARNING"", ""severity"": ""warning"", ""interpretation_level"": 1, ""message"": ""Run entropy is substantially lower than the 'density_shuffle' null expectation. Possible causes include genuine structure, repeated boilerplate, encoding artefact, formal constraint, or local transition structure not captured by this null.""}"
C:\github\5hr-conlang\riemann_analysis\rrlang\outputs\controls_paper_minimum_v0_3_nulls100\control_mesu_udhr_duplicated_x4.json,controls_paper_minimum_v0_3_nulls100,,,,mesu,unknown,unknown,,,,,,,,,grapheme,2795,,,consonant,Alphabetic non-vowel positions under the MVP classifier.,972,info,STATISTICAL_DEVIATION,1,"Metric 'prime_gap_affinity' deviates from 'density_shuffle' null with z=25.717. This is a tripwire, not a conclusion.","{""code"": ""STATISTICAL_DEVIATION"", ""severity"": ""info"", ""interpretation_level"": 1, ""message"": ""Metric 'prime_gap_affinity' deviates from 'density_shuffle' null with z=25.717. This is a tripwire, not a conclusion.""}"
C:\github\5hr-conlang\riemann_analysis\rrlang\outputs\controls_paper_minimum_v0_3_nulls100\control_mesu_udhr_duplicated_x4.json,controls_paper_minimum_v0_3_nulls100,,,,mesu,unknown,unknown,,,,,,,,,grapheme,2795,,,whitespace,Whitespace positions.,583,info,STATISTICAL_DEVIATION,1,"Metric 'gap_entropy' deviates from 'density_shuffle' null with z=-66.542. This is a tripwire, not a conclusion.","{""code"": ""STATISTICAL_DEVIATION"", ""severity"": ""info"", ""interpretation_level"": 1, ""message"": ""Metric 'gap_entropy' deviates from 'density_shuffle' null with z=-66.542. This is a tripwire, not a conclusion.""}"
C:\github\5hr-conlang\riemann_analysis\rrlang\outputs\controls_paper_minimum_v0_3_nulls100\control_mesu_udhr_duplicated_x4.json,controls_paper_minimum_v0_3_nulls100,,,,mesu,unknown,unknown,,,,,,,,,grapheme,2795,,,whitespace,Whitespace positions.,583,warning,PERIODICITY_OR_CLUSTERING_WARNING,1,"Gap entropy is substantially lower than the 'density_shuffle' null expectation. Inspect for periodicity, clustering, repeated material, genre constraints, or local phonotactic regularity.","{""code"": ""PERIODICITY_OR_CLUSTERING_WARNING"", ""severity"": ""warning"", ""interpretation_level"": 1, ""message"": ""Gap entropy is substantially lower than the 'density_shuffle' null expectation. Inspect for periodicity, clustering, repeated material, genre constraints, or local phonotactic regularity.""}"
C:\github\5hr-conlang\riemann_analysis\rrlang\outputs\controls_paper_minimum_v0_3_nulls100\control_mesu_udhr_duplicated_x4.json,controls_paper_minimum_v0_3_nulls100,,,,mesu,unknown,unknown,,,,,,,,,grapheme,2795,,,whitespace,Whitespace positions.,583,info,STATISTICAL_DEVIATION,1,"Metric 'run_entropy' deviates from 'density_shuffle' null with z=-16.338. This is a tripwire, not a conclusion.","{""code"": ""STATISTICAL_DEVIATION"", ""severity"": ""info"", ""interpretation_level"": 1, ""message"": ""Metric 'run_entropy' deviates from 'density_shuffle' null with z=-16.338. This is a tripwire, not a conclusion.""}"
C:\github\5hr-conlang\riemann_analysis\rrlang\outputs\controls_paper_minimum_v0_3_nulls100\control_mesu_udhr_duplicated_x4.json,controls_paper_minimum_v0_3_nulls100,,,,mesu,unknown,unknown,,,,,,,,,grapheme,2795,,,whitespace,Whitespace positions.,583,warning,OVER_REGULARITY_WARNING,1,"Run entropy is substantially lower than the 'density_shuffle' null expectation. Possible causes include genuine structure, repeated boilerplate, encoding artefact, formal constraint, or local transition structure not captured by this null.","{""code"": ""OVER_REGULARITY_WARNING"", ""severity"": ""warning"", ""interpretation_level"": 1, ""message"": ""Run entropy is substantially lower than the 'density_shuffle' null expectation. Possible causes include genuine structure, repeated boilerplate, encoding artefact, formal constraint, or local transition structure not captured by this null.""}"
C:\github\5hr-conlang\riemann_analysis\rrlang\outputs\controls_paper_minimum_v0_3_nulls100\control_mesu_udhr_duplicated_x4.json,controls_paper_minimum_v0_3_nulls100,,,,mesu,unknown,unknown,,,,,,,,,grapheme,2795,,,whitespace,Whitespace positions.,583,info,STATISTICAL_DEVIATION,1,"Metric 'prime_gap_affinity' deviates from 'density_shuffle' null with z=8.052. This is a tripwire, not a conclusion.","{""code"": ""STATISTICAL_DEVIATION"", ""severity"": ""info"", ""interpretation_level"": 1, ""message"": ""Metric 'prime_gap_affinity' deviates from 'density_shuffle' null with z=8.052. This is a tripwire, not a conclusion.""}"
C:\github\5hr-conlang\riemann_analysis\rrlang\outputs\controls_paper_minimum_v0_3_nulls100\control_mesu_udhr_duplicated_x4.json,controls_paper_minimum_v0_3_nulls100,,,,mesu,unknown,unknown,,,,,,,,,grapheme,2795,,,whitespace,Whitespace positions.,583,info,STATISTICAL_DEVIATION,2,"Metric 'gap_entropy' deviates from 'markov_1' null with z=-4.027. This is a tripwire, not a conclusion.","{""code"": ""STATISTICAL_DEVIATION"", ""severity"": ""info"", ""interpretation_level"": 2, ""message"": ""Metric 'gap_entropy' deviates from 'markov_1' null with z=-4.027. This is a tripwire, not a conclusion.""}"
C:\github\5hr-conlang\riemann_analysis\rrlang\outputs\controls_paper_minimum_v0_3_nulls100\control_mesu_udhr_duplicated_x4.json,controls_paper_minimum_v0_3_nulls100,,,,mesu,unknown,unknown,,,,,,,,,grapheme,2795,,,whitespace,Whitespace positions.,583,warning,PERIODICITY_OR_CLUSTERING_WARNING,2,"Gap entropy is substantially lower than the 'markov_1' null expectation. Inspect for periodicity, clustering, repeated material, genre constraints, or local phonotactic regularity.","{""code"": ""PERIODICITY_OR_CLUSTERING_WARNING"", ""severity"": ""warning"", ""interpretation_level"": 2, ""message"": ""Gap entropy is substantially lower than the 'markov_1' null expectation. Inspect for periodicity, clustering, repeated material, genre constraints, or local phonotactic regularity.""}"
C:\github\5hr-conlang\riemann_analysis\rrlang\outputs\controls_paper_minimum_v0_3_nulls100\control_mesu_udhr_duplicated_x4.json,controls_paper_minimum_v0_3_nulls100,,,,mesu,unknown,unknown,,,,,,,,,grapheme,2795,,,whitespace,Whitespace positions.,583,info,STATISTICAL_DEVIATION,3,"Metric 'gap_entropy' deviates from 'markov_2' null with z=-4.217. This is a tripwire, not a conclusion.","{""code"": ""STATISTICAL_DEVIATION"", ""severity"": ""info"", ""interpretation_level"": 3, ""message"": ""Metric 'gap_entropy' deviates from 'markov_2' null with z=-4.217. This is a tripwire, not a conclusion.""}"
C:\github\5hr-conlang\riemann_analysis\rrlang\outputs\controls_paper_minimum_v0_3_nulls100\control_mesu_udhr_duplicated_x4.json,controls_paper_minimum_v0_3_nulls100,,,,mesu,unknown,unknown,,,,,,,,,grapheme,2795,,,whitespace,Whitespace positions.,583,warning,PERIODICITY_OR_CLUSTERING_WARNING,3,"Gap entropy is substantially lower than the 'markov_2' null expectation. Inspect for periodicity, clustering, repeated material, genre constraints, or local phonotactic regularity.","{""code"": ""PERIODICITY_OR_CLUSTERING_WARNING"", ""severity"": ""warning"", ""interpretation_level"": 3, ""message"": ""Gap entropy is substantially lower than the 'markov_2' null expectation. Inspect for periodicity, clustering, repeated material, genre constraints, or local phonotactic regularity.""}"
C:\github\5hr-conlang\riemann_analysis\rrlang\outputs\controls_paper_minimum_v0_3_nulls100\control_mesu_udhr_duplicated_x4.json,controls_paper_minimum_v0_3_nulls100,,,,mesu,unknown,unknown,,,,,,,,,grapheme,2795,,,whitespace,Whitespace positions.,583,info,SURVIVES_MARKOV_2_NULL,3,"At least one metric remains deviant under the Markov-2 null. This is stronger than density-only evidence, but still requires corpus and encoding replication.","{""code"": ""SURVIVES_MARKOV_2_NULL"", ""severity"": ""info"", ""interpretation_level"": 3, ""message"": ""At least one metric remains deviant under the Markov-2 null. This is stronger than density-only evidence, but still requires corpus and encoding replication.""}"
C:\github\5hr-conlang\riemann_analysis\rrlang\outputs\controls_paper_minimum_v0_3_nulls100\control_mesu_udhr_duplicated_x4.json,controls_paper_minimum_v0_3_nulls100,,,,mesu,unknown,unknown,,,,,,,,,grapheme,2795,,,punctuation,Punctuation positions under the declared punctuation/hyphen policies.,372,info,STATISTICAL_DEVIATION,1,"Metric 'gap_entropy' deviates from 'density_shuffle' null with z=-45.256. This is a tripwire, not a conclusion.","{""code"": ""STATISTICAL_DEVIATION"", ""severity"": ""info"", ""interpretation_level"": 1, ""message"": ""Metric 'gap_entropy' deviates from 'density_shuffle' null with z=-45.256. This is a tripwire, not a conclusion.""}"
C:\github\5hr-conlang\riemann_analysis\rrlang\outputs\controls_paper_minimum_v0_3_nulls100\control_mesu_udhr_duplicated_x4.json,controls_paper_minimum_v0_3_nulls100,,,,mesu,unknown,unknown,,,,,,,,,grapheme,2795,,,punctuation,Punctuation positions under the declared punctuation/hyphen policies.,372,warning,PERIODICITY_OR_CLUSTERING_WARNING,1,"Gap entropy is substantially lower than the 'density_shuffle' null expectation. Inspect for periodicity, clustering, repeated material, genre constraints, or local phonotactic regularity.","{""code"": ""PERIODICITY_OR_CLUSTERING_WARNING"", ""severity"": ""warning"", ""interpretation_level"": 1, ""message"": ""Gap entropy is substantially lower than the 'density_shuffle' null expectation. Inspect for periodicity, clustering, repeated material, genre constraints, or local phonotactic regularity.""}"
C:\github\5hr-conlang\riemann_analysis\rrlang\outputs\controls_paper_minimum_v0_3_nulls100\control_mesu_udhr_duplicated_x4.json,controls_paper_minimum_v0_3_nulls100,,,,mesu,unknown,unknown,,,,,,,,,grapheme,2795,,,punctuation,Punctuation positions under the declared punctuation/hyphen policies.,372,info,STATISTICAL_DEVIATION,1,"Metric 'run_entropy' deviates from 'density_shuffle' null with z=-7.033. This is a tripwire, not a conclusion.","{""code"": ""STATISTICAL_DEVIATION"", ""severity"": ""info"", ""interpretation_level"": 1, ""message"": ""Metric 'run_entropy' deviates from 'density_shuffle' null with z=-7.033. This is a tripwire, not a conclusion.""}"
C:\github\5hr-conlang\riemann_analysis\rrlang\outputs\controls_paper_minimum_v0_3_nulls100\control_mesu_udhr_duplicated_x4.json,controls_paper_minimum_v0_3_nulls100,,,,mesu,unknown,unknown,,,,,,,,,grapheme,2795,,,punctuation,Punctuation positions under the declared punctuation/hyphen policies.,372,warning,OVER_REGULARITY_WARNING,1,"Run entropy is substantially lower than the 'density_shuffle' null expectation. Possible causes include genuine structure, repeated boilerplate, encoding artefact, formal constraint, or local transition structure not captured by this null.","{""code"": ""OVER_REGULARITY_WARNING"", ""severity"": ""warning"", ""interpretation_level"": 1, ""message"": ""Run entropy is substantially lower than the 'density_shuffle' null expectation. Possible causes include genuine structure, repeated boilerplate, encoding artefact, formal constraint, or local transition structure not captured by this null.""}"
C:\github\5hr-conlang\riemann_analysis\rrlang\outputs\controls_paper_minimum_v0_3_nulls100\control_mesu_udhr_duplicated_x4.json,controls_paper_minimum_v0_3_nulls100,,,,mesu,unknown,unknown,,,,,,,,,grapheme,2795,,,punctuation,Punctuation positions under the declared punctuation/hyphen policies.,372,info,STATISTICAL_DEVIATION,1,"Metric 'prime_gap_affinity' deviates from 'density_shuffle' null with z=4.634. This is a tripwire, not a conclusion.","{""code"": ""STATISTICAL_DEVIATION"", ""severity"": ""info"", ""interpretation_level"": 1, ""message"": ""Metric 'prime_gap_affinity' deviates from 'density_shuffle' null with z=4.634. This is a tripwire, not a conclusion.""}"
C:\github\5hr-conlang\riemann_analysis\rrlang\outputs\controls_paper_minimum_v0_3_nulls100\control_mesu_udhr_duplicated_x4.json,controls_paper_minimum_v0_3_nulls100,,,,mesu,unknown,unknown,,,,,,,,,grapheme,2795,,,punctuation,Punctuation positions under the declared punctuation/hyphen policies.,372,info,STATISTICAL_DEVIATION,2,"Metric 'gap_entropy' deviates from 'markov_1' null with z=-8.924. This is a tripwire, not a conclusion.","{""code"": ""STATISTICAL_DEVIATION"", ""severity"": ""info"", ""interpretation_level"": 2, ""message"": ""Metric 'gap_entropy' deviates from 'markov_1' null with z=-8.924. This is a tripwire, not a conclusion.""}"
C:\github\5hr-conlang\riemann_analysis\rrlang\outputs\controls_paper_minimum_v0_3_nulls100\control_mesu_udhr_duplicated_x4.json,controls_paper_minimum_v0_3_nulls100,,,,mesu,unknown,unknown,,,,,,,,,grapheme,2795,,,punctuation,Punctuation positions under the declared punctuation/hyphen policies.,372,warning,PERIODICITY_OR_CLUSTERING_WARNING,2,"Gap entropy is substantially lower than the 'markov_1' null expectation. Inspect for periodicity, clustering, repeated material, genre constraints, or local phonotactic regularity.","{""code"": ""PERIODICITY_OR_CLUSTERING_WARNING"", ""severity"": ""warning"", ""interpretation_level"": 2, ""message"": ""Gap entropy is substantially lower than the 'markov_1' null expectation. Inspect for periodicity, clustering, repeated material, genre constraints, or local phonotactic regularity.""}"
C:\github\5hr-conlang\riemann_analysis\rrlang\outputs\controls_paper_minimum_v0_3_nulls100\control_mesu_udhr_duplicated_x4.json,controls_paper_minimum_v0_3_nulls100,,,,mesu,unknown,unknown,,,,,,,,,grapheme,2795,,,punctuation,Punctuation positions under the declared punctuation/hyphen policies.,372,info,STATISTICAL_DEVIATION,3,"Metric 'gap_entropy' deviates from 'markov_2' null with z=-5.538. This is a tripwire, not a conclusion.","{""code"": ""STATISTICAL_DEVIATION"", ""severity"": ""info"", ""interpretation_level"": 3, ""message"": ""Metric 'gap_entropy' deviates from 'markov_2' null with z=-5.538. This is a tripwire, not a conclusion.""}"
C:\github\5hr-conlang\riemann_analysis\rrlang\outputs\controls_paper_minimum_v0_3_nulls100\control_mesu_udhr_duplicated_x4.json,controls_paper_minimum_v0_3_nulls100,,,,mesu,unknown,unknown,,,,,,,,,grapheme,2795,,,punctuation,Punctuation positions under the declared punctuation/hyphen policies.,372,warning,PERIODICITY_OR_CLUSTERING_WARNING,3,"Gap entropy is substantially lower than the 'markov_2' null expectation. Inspect for periodicity, clustering, repeated material, genre constraints, or local phonotactic regularity.","{""code"": ""PERIODICITY_OR_CLUSTERING_WARNING"", ""severity"": ""warning"", ""interpretation_level"": 3, ""message"": ""Gap entropy is substantially lower than the 'markov_2' null expectation. Inspect for periodicity, clustering, repeated material, genre constraints, or local phonotactic regularity.""}"
C:\github\5hr-conlang\riemann_analysis\rrlang\outputs\controls_paper_minimum_v0_3_nulls100\control_mesu_udhr_duplicated_x4.json,controls_paper_minimum_v0_3_nulls100,,,,mesu,unknown,unknown,,,,,,,,,grapheme,2795,,,punctuation,Punctuation positions under the declared punctuation/hyphen policies.,372,info,STATISTICAL_DEVIATION,3,"Metric 'run_entropy' deviates from 'markov_2' null with z=-5.615. This is a tripwire, not a conclusion.","{""code"": ""STATISTICAL_DEVIATION"", ""severity"": ""info"", ""interpretation_level"": 3, ""message"": ""Metric 'run_entropy' deviates from 'markov_2' null with z=-5.615. This is a tripwire, not a conclusion.""}"
C:\github\5hr-conlang\riemann_analysis\rrlang\outputs\controls_paper_minimum_v0_3_nulls100\control_mesu_udhr_duplicated_x4.json,controls_paper_minimum_v0_3_nulls100,,,,mesu,unknown,unknown,,,,,,,,,grapheme,2795,,,punctuation,Punctuation positions under the declared punctuation/hyphen policies.,372,warning,OVER_REGULARITY_WARNING,3,"Run entropy is substantially lower than the 'markov_2' null expectation. Possible causes include genuine structure, repeated boilerplate, encoding artefact, formal constraint, or local transition structure not captured by this null.","{""code"": ""OVER_REGULARITY_WARNING"", ""severity"": ""warning"", ""interpretation_level"": 3, ""message"": ""Run entropy is substantially lower than the 'markov_2' null expectation. Possible causes include genuine structure, repeated boilerplate, encoding artefact, formal constraint, or local transition structure not captured by this null.""}"
C:\github\5hr-conlang\riemann_analysis\rrlang\outputs\controls_paper_minimum_v0_3_nulls100\control_mesu_udhr_duplicated_x4.json,controls_paper_minimum_v0_3_nulls100,,,,mesu,unknown,unknown,,,,,,,,,grapheme,2795,,,punctuation,Punctuation positions under the declared punctuation/hyphen policies.,372,info,STATISTICAL_DEVIATION,3,"Metric 'prime_gap_affinity' deviates from 'markov_2' null with z=3.460. This is a tripwire, not a conclusion.","{""code"": ""STATISTICAL_DEVIATION"", ""severity"": ""info"", ""interpretation_level"": 3, ""message"": ""Metric 'prime_gap_affinity' deviates from 'markov_2' null with z=3.460. This is a tripwire, not a conclusion.""}"
C:\github\5hr-conlang\riemann_analysis\rrlang\outputs\controls_paper_minimum_v0_3_nulls100\control_mesu_udhr_duplicated_x4.json,controls_paper_minimum_v0_3_nulls100,,,,mesu,unknown,unknown,,,,,,,,,grapheme,2795,,,punctuation,Punctuation positions under the declared punctuation/hyphen policies.,372,info,SURVIVES_MARKOV_2_NULL,3,"At least one metric remains deviant under the Markov-2 null. This is stronger than density-only evidence, but still requires corpus and encoding replication.","{""code"": ""SURVIVES_MARKOV_2_NULL"", ""severity"": ""info"", ""interpretation_level"": 3, ""message"": ""At least one metric remains deviant under the Markov-2 null. This is stronger than density-only evidence, but still requires corpus and encoding replication.""}"
C:\github\5hr-conlang\riemann_analysis\rrlang\outputs\controls_paper_minimum_v0_3_nulls100\control_mesu_udhr_duplicated_x4.json,controls_paper_minimum_v0_3_nulls100,,,,mesu,unknown,unknown,,,,,,,,,grapheme,2795,,,hyphen_boundary,Hyphen positions treated as morpheme boundaries by the declared hyphen policy.,0,warning,LOW_EVENT_COUNT,0,The event occurs fewer than five times; gap and prime-position metrics are weak evidence.,"{""code"": ""LOW_EVENT_COUNT"", ""severity"": ""warning"", ""interpretation_level"": 0, ""message"": ""The event occurs fewer than five times; gap and prime-position metrics are weak evidence.""}"
C:\github\5hr-conlang\riemann_analysis\rrlang\outputs\controls_paper_minimum_v0_3_nulls100\control_mesu_udhr_duplicated_x4.json,controls_paper_minimum_v0_3_nulls100,,,,mesu,unknown,unknown,,,,,,,,,grapheme,2795,,,hyphen_boundary,Hyphen positions treated as morpheme boundaries by the declared hyphen policy.,0,warning,DEGENERATE_EVENT_MAP,0,The event map is all false or all true; many metrics collapse to trivial values.,"{""code"": ""DEGENERATE_EVENT_MAP"", ""severity"": ""warning"", ""interpretation_level"": 0, ""message"": ""The event map is all false or all true; many metrics collapse to trivial values.""}"
C:\github\5hr-conlang\riemann_analysis\rrlang\outputs\controls_paper_minimum_v0_3_nulls100\control_mesu_udhr_duplicated_x4.json,controls_paper_minimum_v0_3_nulls100,,,,mesu,unknown,unknown,,,,,,,,,grapheme,2795,,,digit,ASCII digit positions.,0,warning,LOW_EVENT_COUNT,0,The event occurs fewer than five times; gap and prime-position metrics are weak evidence.,"{""code"": ""LOW_EVENT_COUNT"", ""severity"": ""warning"", ""interpretation_level"": 0, ""message"": ""The event occurs fewer than five times; gap and prime-position metrics are weak evidence.""}"
C:\github\5hr-conlang\riemann_analysis\rrlang\outputs\controls_paper_minimum_v0_3_nulls100\control_mesu_udhr_duplicated_x4.json,controls_paper_minimum_v0_3_nulls100,,,,mesu,unknown,unknown,,,,,,,,,grapheme,2795,,,digit,ASCII digit positions.,0,warning,DEGENERATE_EVENT_MAP,0,The event map is all false or all true; many metrics collapse to trivial values.,"{""code"": ""DEGENERATE_EVENT_MAP"", ""severity"": ""warning"", ""interpretation_level"": 0, ""message"": ""The event map is all false or all true; many metrics collapse to trivial values.""}"
C:\github\5hr-conlang\riemann_analysis\rrlang\outputs\controls_paper_minimum_v0_3_nulls100\control_mesu_udhr_duplicated_x4.json,controls_paper_minimum_v0_3_nulls100,,,,mesu,unknown,unknown,,,,,,,,,grapheme_class,2795,,,vowel,Positions classified as vowel in the grapheme-class stream.,868,info,STATISTICAL_DEVIATION,1,"Metric 'gap_entropy' deviates from 'density_shuffle' null with z=-268.009. This is a tripwire, not a conclusion.","{""code"": ""STATISTICAL_DEVIATION"", ""severity"": ""info"", ""interpretation_level"": 1, ""message"": ""Metric 'gap_entropy' deviates from 'density_shuffle' null with z=-268.009. This is a tripwire, not a conclusion.""}"
C:\github\5hr-conlang\riemann_analysis\rrlang\outputs\controls_paper_minimum_v0_3_nulls100\control_mesu_udhr_duplicated_x4.json,controls_paper_minimum_v0_3_nulls100,,,,mesu,unknown,unknown,,,,,,,,,grapheme_class,2795,,,vowel,Positions classified as vowel in the grapheme-class stream.,868,warning,PERIODICITY_OR_CLUSTERING_WARNING,1,"Gap entropy is substantially lower than the 'density_shuffle' null expectation. Inspect for periodicity, clustering, repeated material, genre constraints, or local phonotactic regularity.","{""code"": ""PERIODICITY_OR_CLUSTERING_WARNING"", ""severity"": ""warning"", ""interpretation_level"": 1, ""message"": ""Gap entropy is substantially lower than the 'density_shuffle' null expectation. Inspect for periodicity, clustering, repeated material, genre constraints, or local phonotactic regularity.""}"
C:\github\5hr-conlang\riemann_analysis\rrlang\outputs\controls_paper_minimum_v0_3_nulls100\control_mesu_udhr_duplicated_x4.json,controls_paper_minimum_v0_3_nulls100,,,,mesu,unknown,unknown,,,,,,,,,grapheme_class,2795,,,vowel,Positions classified as vowel in the grapheme-class stream.,868,info,STATISTICAL_DEVIATION,1,"Metric 'run_entropy' deviates from 'density_shuffle' null with z=-21.647. This is a tripwire, not a conclusion.","{""code"": ""STATISTICAL_DEVIATION"", ""severity"": ""info"", ""interpretation_level"": 1, ""message"": ""Metric 'run_entropy' deviates from 'density_shuffle' null with z=-21.647. This is a tripwire, not a conclusion.""}"
C:\github\5hr-conlang\riemann_analysis\rrlang\outputs\controls_paper_minimum_v0_3_nulls100\control_mesu_udhr_duplicated_x4.json,controls_paper_minimum_v0_3_nulls100,,,,mesu,unknown,unknown,,,,,,,,,grapheme_class,2795,,,vowel,Positions classified as vowel in the grapheme-class stream.,868,warning,OVER_REGULARITY_WARNING,1,"Run entropy is substantially lower than the 'density_shuffle' null expectation. Possible causes include genuine structure, repeated boilerplate, encoding artefact, formal constraint, or local transition structure not captured by this null.","{""code"": ""OVER_REGULARITY_WARNING"", ""severity"": ""warning"", ""interpretation_level"": 1, ""message"": ""Run entropy is substantially lower than the 'density_shuffle' null expectation. Possible causes include genuine structure, repeated boilerplate, encoding artefact, formal constraint, or local transition structure not captured by this null.""}"
C:\github\5hr-conlang\riemann_analysis\rrlang\outputs\controls_paper_minimum_v0_3_nulls100\control_mesu_udhr_duplicated_x4.json,controls_paper_minimum_v0_3_nulls100,,,,mesu,unknown,unknown,,,,,,,,,grapheme_class,2795,,,vowel,Positions classified as vowel in the grapheme-class stream.,868,info,STATISTICAL_DEVIATION,1,"Metric 'prime_gap_affinity' deviates from 'density_shuffle' null with z=18.344. This is a tripwire, not a conclusion.","{""code"": ""STATISTICAL_DEVIATION"", ""severity"": ""info"", ""interpretation_level"": 1, ""message"": ""Metric 'prime_gap_affinity' deviates from 'density_shuffle' null with z=18.344. This is a tripwire, not a conclusion.""}"
C:\github\5hr-conlang\riemann_analysis\rrlang\outputs\controls_paper_minimum_v0_3_nulls100\control_mesu_udhr_duplicated_x4.json,controls_paper_minimum_v0_3_nulls100,,,,mesu,unknown,unknown,,,,,,,,,grapheme_class,2795,,,vowel,Positions classified as vowel in the grapheme-class stream.,868,info,STATISTICAL_DEVIATION,2,"Metric 'gap_entropy' deviates from 'markov_1' null with z=-16.174. This is a tripwire, not a conclusion.","{""code"": ""STATISTICAL_DEVIATION"", ""severity"": ""info"", ""interpretation_level"": 2, ""message"": ""Metric 'gap_entropy' deviates from 'markov_1' null with z=-16.174. This is a tripwire, not a conclusion.""}"
C:\github\5hr-conlang\riemann_analysis\rrlang\outputs\controls_paper_minimum_v0_3_nulls100\control_mesu_udhr_duplicated_x4.json,controls_paper_minimum_v0_3_nulls100,,,,mesu,unknown,unknown,,,,,,,,,grapheme_class,2795,,,vowel,Positions classified as vowel in the grapheme-class stream.,868,warning,PERIODICITY_OR_CLUSTERING_WARNING,2,"Gap entropy is substantially lower than the 'markov_1' null expectation. Inspect for periodicity, clustering, repeated material, genre constraints, or local phonotactic regularity.","{""code"": ""PERIODICITY_OR_CLUSTERING_WARNING"", ""severity"": ""warning"", ""interpretation_level"": 2, ""message"": ""Gap entropy is substantially lower than the 'markov_1' null expectation. Inspect for periodicity, clustering, repeated material, genre constraints, or local phonotactic regularity.""}"
C:\github\5hr-conlang\riemann_analysis\rrlang\outputs\controls_paper_minimum_v0_3_nulls100\control_mesu_udhr_duplicated_x4.json,controls_paper_minimum_v0_3_nulls100,,,,mesu,unknown,unknown,,,,,,,,,grapheme_class,2795,,,vowel,Positions classified as vowel in the grapheme-class stream.,868,info,STATISTICAL_DEVIATION,3,"Metric 'prime_gap_affinity' deviates from 'markov_2' null with z=-4.453. This is a tripwire, not a conclusion.","{""code"": ""STATISTICAL_DEVIATION"", ""severity"": ""info"", ""interpretation_level"": 3, ""message"": ""Metric 'prime_gap_affinity' deviates from 'markov_2' null with z=-4.453. This is a tripwire, not a conclusion.""}"
C:\github\5hr-conlang\riemann_analysis\rrlang\outputs\controls_paper_minimum_v0_3_nulls100\control_mesu_udhr_duplicated_x4.json,controls_paper_minimum_v0_3_nulls100,,,,mesu,unknown,unknown,,,,,,,,,grapheme_class,2795,,,vowel,Positions classified as vowel in the grapheme-class stream.,868,info,SURVIVES_MARKOV_2_NULL,3,"At least one metric remains deviant under the Markov-2 null. This is stronger than density-only evidence, but still requires corpus and encoding replication.","{""code"": ""SURVIVES_MARKOV_2_NULL"", ""severity"": ""info"", ""interpretation_level"": 3, ""message"": ""At least one metric remains deviant under the Markov-2 null. This is stronger than density-only evidence, but still requires corpus and encoding replication.""}"
C:\github\5hr-conlang\riemann_analysis\rrlang\outputs\controls_paper_minimum_v0_3_nulls100\control_mesu_udhr_duplicated_x4.json,controls_paper_minimum_v0_3_nulls100,,,,mesu,unknown,unknown,,,,,,,,,grapheme_class,2795,,,consonant,Positions classified as consonant in the grapheme-class stream.,972,info,STATISTICAL_DEVIATION,1,"Metric 'gap_entropy' deviates from 'density_shuffle' null with z=-204.865. This is a tripwire, not a conclusion.","{""code"": ""STATISTICAL_DEVIATION"", ""severity"": ""info"", ""interpretation_level"": 1, ""message"": ""Metric 'gap_entropy' deviates from 'density_shuffle' null with z=-204.865. This is a tripwire, not a conclusion.""}"
C:\github\5hr-conlang\riemann_analysis\rrlang\outputs\controls_paper_minimum_v0_3_nulls100\control_mesu_udhr_duplicated_x4.json,controls_paper_minimum_v0_3_nulls100,,,,mesu,unknown,unknown,,,,,,,,,grapheme_class,2795,,,consonant,Positions classified as consonant in the grapheme-class stream.,972,warning,PERIODICITY_OR_CLUSTERING_WARNING,1,"Gap entropy is substantially lower than the 'density_shuffle' null expectation. Inspect for periodicity, clustering, repeated material, genre constraints, or local phonotactic regularity.","{""code"": ""PERIODICITY_OR_CLUSTERING_WARNING"", ""severity"": ""warning"", ""interpretation_level"": 1, ""message"": ""Gap entropy is substantially lower than the 'density_shuffle' null expectation. Inspect for periodicity, clustering, repeated material, genre constraints, or local phonotactic regularity.""}"
C:\github\5hr-conlang\riemann_analysis\rrlang\outputs\controls_paper_minimum_v0_3_nulls100\control_mesu_udhr_duplicated_x4.json,controls_paper_minimum_v0_3_nulls100,,,,mesu,unknown,unknown,,,,,,,,,grapheme_class,2795,,,consonant,Positions classified as consonant in the grapheme-class stream.,972,info,STATISTICAL_DEVIATION,1,"Metric 'run_entropy' deviates from 'density_shuffle' null with z=-21.497. This is a tripwire, not a conclusion.","{""code"": ""STATISTICAL_DEVIATION"", ""severity"": ""info"", ""interpretation_level"": 1, ""message"": ""Metric 'run_entropy' deviates from 'density_shuffle' null with z=-21.497. This is a tripwire, not a conclusion.""}"
C:\github\5hr-conlang\riemann_analysis\rrlang\outputs\controls_paper_minimum_v0_3_nulls100\control_mesu_udhr_duplicated_x4.json,controls_paper_minimum_v0_3_nulls100,,,,mesu,unknown,unknown,,,,,,,,,grapheme_class,2795,,,consonant,Positions classified as consonant in the grapheme-class stream.,972,warning,OVER_REGULARITY_WARNING,1,"Run entropy is substantially lower than the 'density_shuffle' null expectation. Possible causes include genuine structure, repeated boilerplate, encoding artefact, formal constraint, or local transition structure not captured by this null.","{""code"": ""OVER_REGULARITY_WARNING"", ""severity"": ""warning"", ""interpretation_level"": 1, ""message"": ""Run entropy is substantially lower than the 'density_shuffle' null expectation. Possible causes include genuine structure, repeated boilerplate, encoding artefact, formal constraint, or local transition structure not captured by this null.""}"
C:\github\5hr-conlang\riemann_analysis\rrlang\outputs\controls_paper_minimum_v0_3_nulls100\control_mesu_udhr_duplicated_x4.json,controls_paper_minimum_v0_3_nulls100,,,,mesu,unknown,unknown,,,,,,,,,grapheme_class,2795,,,consonant,Positions classified as consonant in the grapheme-class stream.,972,info,STATISTICAL_DEVIATION,1,"Metric 'prime_gap_affinity' deviates from 'density_shuffle' null with z=23.317. This is a tripwire, not a conclusion.","{""code"": ""STATISTICAL_DEVIATION"", ""severity"": ""info"", ""interpretation_level"": 1, ""message"": ""Metric 'prime_gap_affinity' deviates from 'density_shuffle' null with z=23.317. This is a tripwire, not a conclusion.""}"
C:\github\5hr-conlang\riemann_analysis\rrlang\outputs\controls_paper_minimum_v0_3_nulls100\control_mesu_udhr_duplicated_x4.json,controls_paper_minimum_v0_3_nulls100,,,,mesu,unknown,unknown,,,,,,,,,grapheme_class,2795,,,consonant,Positions classified as consonant in the grapheme-class stream.,972,info,STATISTICAL_DEVIATION,2,"Metric 'gap_entropy' deviates from 'markov_1' null with z=-3.318. This is a tripwire, not a conclusion.","{""code"": ""STATISTICAL_DEVIATION"", ""severity"": ""info"", ""interpretation_level"": 2, ""message"": ""Metric 'gap_entropy' deviates from 'markov_1' null with z=-3.318. This is a tripwire, not a conclusion.""}"
C:\github\5hr-conlang\riemann_analysis\rrlang\outputs\controls_paper_minimum_v0_3_nulls100\control_mesu_udhr_duplicated_x4.json,controls_paper_minimum_v0_3_nulls100,,,,mesu,unknown,unknown,,,,,,,,,grapheme_class,2795,,,consonant,Positions classified as consonant in the grapheme-class stream.,972,warning,PERIODICITY_OR_CLUSTERING_WARNING,2,"Gap entropy is substantially lower than the 'markov_1' null expectation. Inspect for periodicity, clustering, repeated material, genre constraints, or local phonotactic regularity.","{""code"": ""PERIODICITY_OR_CLUSTERING_WARNING"", ""severity"": ""warning"", ""interpretation_level"": 2, ""message"": ""Gap entropy is substantially lower than the 'markov_1' null expectation. Inspect for periodicity, clustering, repeated material, genre constraints, or local phonotactic regularity.""}"
C:\github\5hr-conlang\riemann_analysis\rrlang\outputs\controls_paper_minimum_v0_3_nulls100\control_mesu_udhr_duplicated_x4.json,controls_paper_minimum_v0_3_nulls100,,,,mesu,unknown,unknown,,,,,,,,,grapheme_class,2795,,,digit,Positions classified as digit in the grapheme-class stream.,0,warning,LOW_EVENT_COUNT,0,The event occurs fewer than five times; gap and prime-position metrics are weak evidence.,"{""code"": ""LOW_EVENT_COUNT"", ""severity"": ""warning"", ""interpretation_level"": 0, ""message"": ""The event occurs fewer than five times; gap and prime-position metrics are weak evidence.""}"
C:\github\5hr-conlang\riemann_analysis\rrlang\outputs\controls_paper_minimum_v0_3_nulls100\control_mesu_udhr_duplicated_x4.json,controls_paper_minimum_v0_3_nulls100,,,,mesu,unknown,unknown,,,,,,,,,grapheme_class,2795,,,digit,Positions classified as digit in the grapheme-class stream.,0,warning,DEGENERATE_EVENT_MAP,0,The event map is all false or all true; many metrics collapse to trivial values.,"{""code"": ""DEGENERATE_EVENT_MAP"", ""severity"": ""warning"", ""interpretation_level"": 0, ""message"": ""The event map is all false or all true; many metrics collapse to trivial values.""}"
C:\github\5hr-conlang\riemann_analysis\rrlang\outputs\controls_paper_minimum_v0_3_nulls100\control_mesu_udhr_duplicated_x4.json,controls_paper_minimum_v0_3_nulls100,,,,mesu,unknown,unknown,,,,,,,,,grapheme_class,2795,,,whitespace,Positions classified as whitespace in the grapheme-class stream.,583,info,STATISTICAL_DEVIATION,1,"Metric 'gap_entropy' deviates from 'density_shuffle' null with z=-57.030. This is a tripwire, not a conclusion.","{""code"": ""STATISTICAL_DEVIATION"", ""severity"": ""info"", ""interpretation_level"": 1, ""message"": ""Metric 'gap_entropy' deviates from 'density_shuffle' null with z=-57.030. This is a tripwire, not a conclusion.""}"
C:\github\5hr-conlang\riemann_analysis\rrlang\outputs\controls_paper_minimum_v0_3_nulls100\control_mesu_udhr_duplicated_x4.json,controls_paper_minimum_v0_3_nulls100,,,,mesu,unknown,unknown,,,,,,,,,grapheme_class,2795,,,whitespace,Positions classified as whitespace in the grapheme-class stream.,583,warning,PERIODICITY_OR_CLUSTERING_WARNING,1,"Gap entropy is substantially lower than the 'density_shuffle' null expectation. Inspect for periodicity, clustering, repeated material, genre constraints, or local phonotactic regularity.","{""code"": ""PERIODICITY_OR_CLUSTERING_WARNING"", ""severity"": ""warning"", ""interpretation_level"": 1, ""message"": ""Gap entropy is substantially lower than the 'density_shuffle' null expectation. Inspect for periodicity, clustering, repeated material, genre constraints, or local phonotactic regularity.""}"
C:\github\5hr-conlang\riemann_analysis\rrlang\outputs\controls_paper_minimum_v0_3_nulls100\control_mesu_udhr_duplicated_x4.json,controls_paper_minimum_v0_3_nulls100,,,,mesu,unknown,unknown,,,,,,,,,grapheme_class,2795,,,whitespace,Positions classified as whitespace in the grapheme-class stream.,583,info,STATISTICAL_DEVIATION,1,"Metric 'run_entropy' deviates from 'density_shuffle' null with z=-15.097. This is a tripwire, not a conclusion.","{""code"": ""STATISTICAL_DEVIATION"", ""severity"": ""info"", ""interpretation_level"": 1, ""message"": ""Metric 'run_entropy' deviates from 'density_shuffle' null with z=-15.097. This is a tripwire, not a conclusion.""}"
C:\github\5hr-conlang\riemann_analysis\rrlang\outputs\controls_paper_minimum_v0_3_nulls100\control_mesu_udhr_duplicated_x4.json,controls_paper_minimum_v0_3_nulls100,,,,mesu,unknown,unknown,,,,,,,,,grapheme_class,2795,,,whitespace,Positions classified as whitespace in the grapheme-class stream.,583,warning,OVER_REGULARITY_WARNING,1,"Run entropy is substantially lower than the 'density_shuffle' null expectation. Possible causes include genuine structure, repeated boilerplate, encoding artefact, formal constraint, or local transition structure not captured by this null.","{""code"": ""OVER_REGULARITY_WARNING"", ""severity"": ""warning"", ""interpretation_level"": 1, ""message"": ""Run entropy is substantially lower than the 'density_shuffle' null expectation. Possible causes include genuine structure, repeated boilerplate, encoding artefact, formal constraint, or local transition structure not captured by this null.""}"
C:\github\5hr-conlang\riemann_analysis\rrlang\outputs\controls_paper_minimum_v0_3_nulls100\control_mesu_udhr_duplicated_x4.json,controls_paper_minimum_v0_3_nulls100,,,,mesu,unknown,unknown,,,,,,,,,grapheme_class,2795,,,whitespace,Positions classified as whitespace in the grapheme-class stream.,583,info,STATISTICAL_DEVIATION,1,"Metric 'prime_gap_affinity' deviates from 'density_shuffle' null with z=6.545. This is a tripwire, not a conclusion.","{""code"": ""STATISTICAL_DEVIATION"", ""severity"": ""info"", ""interpretation_level"": 1, ""message"": ""Metric 'prime_gap_affinity' deviates from 'density_shuffle' null with z=6.545. This is a tripwire, not a conclusion.""}"
C:\github\5hr-conlang\riemann_analysis\rrlang\outputs\controls_paper_minimum_v0_3_nulls100\control_mesu_udhr_duplicated_x4.json,controls_paper_minimum_v0_3_nulls100,,,,mesu,unknown,unknown,,,,,,,,,grapheme_class,2795,,,whitespace,Positions classified as whitespace in the grapheme-class stream.,583,info,STATISTICAL_DEVIATION,2,"Metric 'gap_entropy' deviates from 'markov_1' null with z=-3.590. This is a tripwire, not a conclusion.","{""code"": ""STATISTICAL_DEVIATION"", ""severity"": ""info"", ""interpretation_level"": 2, ""message"": ""Metric 'gap_entropy' deviates from 'markov_1' null with z=-3.590. This is a tripwire, not a conclusion.""}"
C:\github\5hr-conlang\riemann_analysis\rrlang\outputs\controls_paper_minimum_v0_3_nulls100\control_mesu_udhr_duplicated_x4.json,controls_paper_minimum_v0_3_nulls100,,,,mesu,unknown,unknown,,,,,,,,,grapheme_class,2795,,,whitespace,Positions classified as whitespace in the grapheme-class stream.,583,warning,PERIODICITY_OR_CLUSTERING_WARNING,2,"Gap entropy is substantially lower than the 'markov_1' null expectation. Inspect for periodicity, clustering, repeated material, genre constraints, or local phonotactic regularity.","{""code"": ""PERIODICITY_OR_CLUSTERING_WARNING"", ""severity"": ""warning"", ""interpretation_level"": 2, ""message"": ""Gap entropy is substantially lower than the 'markov_1' null expectation. Inspect for periodicity, clustering, repeated material, genre constraints, or local phonotactic regularity.""}"
C:\github\5hr-conlang\riemann_analysis\rrlang\outputs\controls_paper_minimum_v0_3_nulls100\control_mesu_udhr_duplicated_x4.json,controls_paper_minimum_v0_3_nulls100,,,,mesu,unknown,unknown,,,,,,,,,grapheme_class,2795,,,whitespace,Positions classified as whitespace in the grapheme-class stream.,583,info,STATISTICAL_DEVIATION,3,"Metric 'gap_entropy' deviates from 'markov_2' null with z=-3.237. This is a tripwire, not a conclusion.","{""code"": ""STATISTICAL_DEVIATION"", ""severity"": ""info"", ""interpretation_level"": 3, ""message"": ""Metric 'gap_entropy' deviates from 'markov_2' null with z=-3.237. This is a tripwire, not a conclusion.""}"
C:\github\5hr-conlang\riemann_analysis\rrlang\outputs\controls_paper_minimum_v0_3_nulls100\control_mesu_udhr_duplicated_x4.json,controls_paper_minimum_v0_3_nulls100,,,,mesu,unknown,unknown,,,,,,,,,grapheme_class,2795,,,whitespace,Positions classified as whitespace in the grapheme-class stream.,583,warning,PERIODICITY_OR_CLUSTERING_WARNING,3,"Gap entropy is substantially lower than the 'markov_2' null expectation. Inspect for periodicity, clustering, repeated material, genre constraints, or local phonotactic regularity.","{""code"": ""PERIODICITY_OR_CLUSTERING_WARNING"", ""severity"": ""warning"", ""interpretation_level"": 3, ""message"": ""Gap entropy is substantially lower than the 'markov_2' null expectation. Inspect for periodicity, clustering, repeated material, genre constraints, or local phonotactic regularity.""}"
C:\github\5hr-conlang\riemann_analysis\rrlang\outputs\controls_paper_minimum_v0_3_nulls100\control_mesu_udhr_duplicated_x4.json,controls_paper_minimum_v0_3_nulls100,,,,mesu,unknown,unknown,,,,,,,,,grapheme_class,2795,,,whitespace,Positions classified as whitespace in the grapheme-class stream.,583,info,STATISTICAL_DEVIATION,2,"Metric 'zeta_spectral_coherence' deviates from 'gap_order_shuffle' null with z=-3.056. This is a tripwire, not a conclusion.","{""code"": ""STATISTICAL_DEVIATION"", ""severity"": ""info"", ""interpretation_level"": 2, ""message"": ""Metric 'zeta_spectral_coherence' deviates from 'gap_order_shuffle' null with z=-3.056. This is a tripwire, not a conclusion.""}"
C:\github\5hr-conlang\riemann_analysis\rrlang\outputs\controls_paper_minimum_v0_3_nulls100\control_mesu_udhr_duplicated_x4.json,controls_paper_minimum_v0_3_nulls100,,,,mesu,unknown,unknown,,,,,,,,,grapheme_class,2795,,,whitespace,Positions classified as whitespace in the grapheme-class stream.,583,info,SURVIVES_MARKOV_2_NULL,3,"At least one metric remains deviant under the Markov-2 null. This is stronger than density-only evidence, but still requires corpus and encoding replication.","{""code"": ""SURVIVES_MARKOV_2_NULL"", ""severity"": ""info"", ""interpretation_level"": 3, ""message"": ""At least one metric remains deviant under the Markov-2 null. This is stronger than density-only evidence, but still requires corpus and encoding replication.""}"
C:\github\5hr-conlang\riemann_analysis\rrlang\outputs\controls_paper_minimum_v0_3_nulls100\control_mesu_udhr_duplicated_x4.json,controls_paper_minimum_v0_3_nulls100,,,,mesu,unknown,unknown,,,,,,,,,grapheme_class,2795,,,punctuation,Positions classified as punctuation in the grapheme-class stream.,372,info,STATISTICAL_DEVIATION,1,"Metric 'gap_entropy' deviates from 'density_shuffle' null with z=-44.896. This is a tripwire, not a conclusion.","{""code"": ""STATISTICAL_DEVIATION"", ""severity"": ""info"", ""interpretation_level"": 1, ""message"": ""Metric 'gap_entropy' deviates from 'density_shuffle' null with z=-44.896. This is a tripwire, not a conclusion.""}"
C:\github\5hr-conlang\riemann_analysis\rrlang\outputs\controls_paper_minimum_v0_3_nulls100\control_mesu_udhr_duplicated_x4.json,controls_paper_minimum_v0_3_nulls100,,,,mesu,unknown,unknown,,,,,,,,,grapheme_class,2795,,,punctuation,Positions classified as punctuation in the grapheme-class stream.,372,warning,PERIODICITY_OR_CLUSTERING_WARNING,1,"Gap entropy is substantially lower than the 'density_shuffle' null expectation. Inspect for periodicity, clustering, repeated material, genre constraints, or local phonotactic regularity.","{""code"": ""PERIODICITY_OR_CLUSTERING_WARNING"", ""severity"": ""warning"", ""interpretation_level"": 1, ""message"": ""Gap entropy is substantially lower than the 'density_shuffle' null expectation. Inspect for periodicity, clustering, repeated material, genre constraints, or local phonotactic regularity.""}"
C:\github\5hr-conlang\riemann_analysis\rrlang\outputs\controls_paper_minimum_v0_3_nulls100\control_mesu_udhr_duplicated_x4.json,controls_paper_minimum_v0_3_nulls100,,,,mesu,unknown,unknown,,,,,,,,,grapheme_class,2795,,,punctuation,Positions classified as punctuation in the grapheme-class stream.,372,info,STATISTICAL_DEVIATION,1,"Metric 'run_entropy' deviates from 'density_shuffle' null with z=-5.845. This is a tripwire, not a conclusion.","{""code"": ""STATISTICAL_DEVIATION"", ""severity"": ""info"", ""interpretation_level"": 1, ""message"": ""Metric 'run_entropy' deviates from 'density_shuffle' null with z=-5.845. This is a tripwire, not a conclusion.""}"
C:\github\5hr-conlang\riemann_analysis\rrlang\outputs\controls_paper_minimum_v0_3_nulls100\control_mesu_udhr_duplicated_x4.json,controls_paper_minimum_v0_3_nulls100,,,,mesu,unknown,unknown,,,,,,,,,grapheme_class,2795,,,punctuation,Positions classified as punctuation in the grapheme-class stream.,372,warning,OVER_REGULARITY_WARNING,1,"Run entropy is substantially lower than the 'density_shuffle' null expectation. Possible causes include genuine structure, repeated boilerplate, encoding artefact, formal constraint, or local transition structure not captured by this null.","{""code"": ""OVER_REGULARITY_WARNING"", ""severity"": ""warning"", ""interpretation_level"": 1, ""message"": ""Run entropy is substantially lower than the 'density_shuffle' null expectation. Possible causes include genuine structure, repeated boilerplate, encoding artefact, formal constraint, or local transition structure not captured by this null.""}"
C:\github\5hr-conlang\riemann_analysis\rrlang\outputs\controls_paper_minimum_v0_3_nulls100\control_mesu_udhr_duplicated_x4.json,controls_paper_minimum_v0_3_nulls100,,,,mesu,unknown,unknown,,,,,,,,,grapheme_class,2795,,,punctuation,Positions classified as punctuation in the grapheme-class stream.,372,info,STATISTICAL_DEVIATION,1,"Metric 'prime_gap_affinity' deviates from 'density_shuffle' null with z=4.264. This is a tripwire, not a conclusion.","{""code"": ""STATISTICAL_DEVIATION"", ""severity"": ""info"", ""interpretation_level"": 1, ""message"": ""Metric 'prime_gap_affinity' deviates from 'density_shuffle' null with z=4.264. This is a tripwire, not a conclusion.""}"
C:\github\5hr-conlang\riemann_analysis\rrlang\outputs\controls_paper_minimum_v0_3_nulls100\control_mesu_udhr_duplicated_x4.json,controls_paper_minimum_v0_3_nulls100,,,,mesu,unknown,unknown,,,,,,,,,grapheme_class,2795,,,punctuation,Positions classified as punctuation in the grapheme-class stream.,372,info,STATISTICAL_DEVIATION,2,"Metric 'gap_entropy' deviates from 'markov_1' null with z=-8.776. This is a tripwire, not a conclusion.","{""code"": ""STATISTICAL_DEVIATION"", ""severity"": ""info"", ""interpretation_level"": 2, ""message"": ""Metric 'gap_entropy' deviates from 'markov_1' null with z=-8.776. This is a tripwire, not a conclusion.""}"
C:\github\5hr-conlang\riemann_analysis\rrlang\outputs\controls_paper_minimum_v0_3_nulls100\control_mesu_udhr_duplicated_x4.json,controls_paper_minimum_v0_3_nulls100,,,,mesu,unknown,unknown,,,,,,,,,grapheme_class,2795,,,punctuation,Positions classified as punctuation in the grapheme-class stream.,372,warning,PERIODICITY_OR_CLUSTERING_WARNING,2,"Gap entropy is substantially lower than the 'markov_1' null expectation. Inspect for periodicity, clustering, repeated material, genre constraints, or local phonotactic regularity.","{""code"": ""PERIODICITY_OR_CLUSTERING_WARNING"", ""severity"": ""warning"", ""interpretation_level"": 2, ""message"": ""Gap entropy is substantially lower than the 'markov_1' null expectation. Inspect for periodicity, clustering, repeated material, genre constraints, or local phonotactic regularity.""}"
C:\github\5hr-conlang\riemann_analysis\rrlang\outputs\controls_paper_minimum_v0_3_nulls100\control_mesu_udhr_duplicated_x4.json,controls_paper_minimum_v0_3_nulls100,,,,mesu,unknown,unknown,,,,,,,,,grapheme_class,2795,,,punctuation,Positions classified as punctuation in the grapheme-class stream.,372,info,STATISTICAL_DEVIATION,3,"Metric 'gap_entropy' deviates from 'markov_2' null with z=-5.644. This is a tripwire, not a conclusion.","{""code"": ""STATISTICAL_DEVIATION"", ""severity"": ""info"", ""interpretation_level"": 3, ""message"": ""Metric 'gap_entropy' deviates from 'markov_2' null with z=-5.644. This is a tripwire, not a conclusion.""}"
C:\github\5hr-conlang\riemann_analysis\rrlang\outputs\controls_paper_minimum_v0_3_nulls100\control_mesu_udhr_duplicated_x4.json,controls_paper_minimum_v0_3_nulls100,,,,mesu,unknown,unknown,,,,,,,,,grapheme_class,2795,,,punctuation,Positions classified as punctuation in the grapheme-class stream.,372,warning,PERIODICITY_OR_CLUSTERING_WARNING,3,"Gap entropy is substantially lower than the 'markov_2' null expectation. Inspect for periodicity, clustering, repeated material, genre constraints, or local phonotactic regularity.","{""code"": ""PERIODICITY_OR_CLUSTERING_WARNING"", ""severity"": ""warning"", ""interpretation_level"": 3, ""message"": ""Gap entropy is substantially lower than the 'markov_2' null expectation. Inspect for periodicity, clustering, repeated material, genre constraints, or local phonotactic regularity.""}"
C:\github\5hr-conlang\riemann_analysis\rrlang\outputs\controls_paper_minimum_v0_3_nulls100\control_mesu_udhr_duplicated_x4.json,controls_paper_minimum_v0_3_nulls100,,,,mesu,unknown,unknown,,,,,,,,,grapheme_class,2795,,,punctuation,Positions classified as punctuation in the grapheme-class stream.,372,info,STATISTICAL_DEVIATION,3,"Metric 'run_entropy' deviates from 'markov_2' null with z=-5.717. This is a tripwire, not a conclusion.","{""code"": ""STATISTICAL_DEVIATION"", ""severity"": ""info"", ""interpretation_level"": 3, ""message"": ""Metric 'run_entropy' deviates from 'markov_2' null with z=-5.717. This is a tripwire, not a conclusion.""}"
C:\github\5hr-conlang\riemann_analysis\rrlang\outputs\controls_paper_minimum_v0_3_nulls100\control_mesu_udhr_duplicated_x4.json,controls_paper_minimum_v0_3_nulls100,,,,mesu,unknown,unknown,,,,,,,,,grapheme_class,2795,,,punctuation,Positions classified as punctuation in the grapheme-class stream.,372,warning,OVER_REGULARITY_WARNING,3,"Run entropy is substantially lower than the 'markov_2' null expectation. Possible causes include genuine structure, repeated boilerplate, encoding artefact, formal constraint, or local transition structure not captured by this null.","{""code"": ""OVER_REGULARITY_WARNING"", ""severity"": ""warning"", ""interpretation_level"": 3, ""message"": ""Run entropy is substantially lower than the 'markov_2' null expectation. Possible causes include genuine structure, repeated boilerplate, encoding artefact, formal constraint, or local transition structure not captured by this null.""}"
C:\github\5hr-conlang\riemann_analysis\rrlang\outputs\controls_paper_minimum_v0_3_nulls100\control_mesu_udhr_duplicated_x4.json,controls_paper_minimum_v0_3_nulls100,,,,mesu,unknown,unknown,,,,,,,,,grapheme_class,2795,,,punctuation,Positions classified as punctuation in the grapheme-class stream.,372,info,SURVIVES_MARKOV_2_NULL,3,"At least one metric remains deviant under the Markov-2 null. This is stronger than density-only evidence, but still requires corpus and encoding replication.","{""code"": ""SURVIVES_MARKOV_2_NULL"", ""severity"": ""info"", ""interpretation_level"": 3, ""message"": ""At least one metric remains deviant under the Markov-2 null. This is stronger than density-only evidence, but still requires corpus and encoding replication.""}"
C:\github\5hr-conlang\riemann_analysis\rrlang\outputs\controls_paper_minimum_v0_3_nulls100\control_mesu_udhr_duplicated_x4.json,controls_paper_minimum_v0_3_nulls100,,,,mesu,unknown,unknown,,,,,,,,,grapheme_class,2795,,,hyphen_boundary,Positions classified as hyphen_boundary in the grapheme-class stream.,0,warning,LOW_EVENT_COUNT,0,The event occurs fewer than five times; gap and prime-position metrics are weak evidence.,"{""code"": ""LOW_EVENT_COUNT"", ""severity"": ""warning"", ""interpretation_level"": 0, ""message"": ""The event occurs fewer than five times; gap and prime-position metrics are weak evidence.""}"
C:\github\5hr-conlang\riemann_analysis\rrlang\outputs\controls_paper_minimum_v0_3_nulls100\control_mesu_udhr_duplicated_x4.json,controls_paper_minimum_v0_3_nulls100,,,,mesu,unknown,unknown,,,,,,,,,grapheme_class,2795,,,hyphen_boundary,Positions classified as hyphen_boundary in the grapheme-class stream.,0,warning,DEGENERATE_EVENT_MAP,0,The event map is all false or all true; many metrics collapse to trivial values.,"{""code"": ""DEGENERATE_EVENT_MAP"", ""severity"": ""warning"", ""interpretation_level"": 0, ""message"": ""The event map is all false or all true; many metrics collapse to trivial values.""}"
C:\github\5hr-conlang\riemann_analysis\rrlang\outputs\controls_paper_minimum_v0_3_nulls100\control_mesu_udhr_duplicated_x4.json,controls_paper_minimum_v0_3_nulls100,,,,mesu,unknown,unknown,,,,,,,,,grapheme_class,2795,,,other,Positions classified as other in the grapheme-class stream.,0,warning,LOW_EVENT_COUNT,0,The event occurs fewer than five times; gap and prime-position metrics are weak evidence.,"{""code"": ""LOW_EVENT_COUNT"", ""severity"": ""warning"", ""interpretation_level"": 0, ""message"": ""The event occurs fewer than five times; gap and prime-position metrics are weak evidence.""}"
C:\github\5hr-conlang\riemann_analysis\rrlang\outputs\controls_paper_minimum_v0_3_nulls100\control_mesu_udhr_duplicated_x4.json,controls_paper_minimum_v0_3_nulls100,,,,mesu,unknown,unknown,,,,,,,,,grapheme_class,2795,,,other,Positions classified as other in the grapheme-class stream.,0,warning,DEGENERATE_EVENT_MAP,0,The event map is all false or all true; many metrics collapse to trivial values.,"{""code"": ""DEGENERATE_EVENT_MAP"", ""severity"": ""warning"", ""interpretation_level"": 0, ""message"": ""The event map is all false or all true; many metrics collapse to trivial values.""}"
C:\github\5hr-conlang\riemann_analysis\rrlang\outputs\controls_paper_minimum_v0_3_nulls100\control_mesu_udhr_duplicated_x4.json,controls_paper_minimum_v0_3_nulls100,,,,mesu,unknown,unknown,,,,,,,,,word_boundary,2795,,,word_boundary,Positions marked as word boundaries after declared whitespace preprocessing.,583,info,STATISTICAL_DEVIATION,1,"Metric 'gap_entropy' deviates from 'density_shuffle' null with z=-62.842. This is a tripwire, not a conclusion.","{""code"": ""STATISTICAL_DEVIATION"", ""severity"": ""info"", ""interpretation_level"": 1, ""message"": ""Metric 'gap_entropy' deviates from 'density_shuffle' null with z=-62.842. This is a tripwire, not a conclusion.""}"
C:\github\5hr-conlang\riemann_analysis\rrlang\outputs\controls_paper_minimum_v0_3_nulls100\control_mesu_udhr_duplicated_x4.json,controls_paper_minimum_v0_3_nulls100,,,,mesu,unknown,unknown,,,,,,,,,word_boundary,2795,,,word_boundary,Positions marked as word boundaries after declared whitespace preprocessing.,583,warning,PERIODICITY_OR_CLUSTERING_WARNING,1,"Gap entropy is substantially lower than the 'density_shuffle' null expectation. Inspect for periodicity, clustering, repeated material, genre constraints, or local phonotactic regularity.","{""code"": ""PERIODICITY_OR_CLUSTERING_WARNING"", ""severity"": ""warning"", ""interpretation_level"": 1, ""message"": ""Gap entropy is substantially lower than the 'density_shuffle' null expectation. Inspect for periodicity, clustering, repeated material, genre constraints, or local phonotactic regularity.""}"
C:\github\5hr-conlang\riemann_analysis\rrlang\outputs\controls_paper_minimum_v0_3_nulls100\control_mesu_udhr_duplicated_x4.json,controls_paper_minimum_v0_3_nulls100,,,,mesu,unknown,unknown,,,,,,,,,word_boundary,2795,,,word_boundary,Positions marked as word boundaries after declared whitespace preprocessing.,583,info,STATISTICAL_DEVIATION,1,"Metric 'run_entropy' deviates from 'density_shuffle' null with z=-15.720. This is a tripwire, not a conclusion.","{""code"": ""STATISTICAL_DEVIATION"", ""severity"": ""info"", ""interpretation_level"": 1, ""message"": ""Metric 'run_entropy' deviates from 'density_shuffle' null with z=-15.720. This is a tripwire, not a conclusion.""}"
C:\github\5hr-conlang\riemann_analysis\rrlang\outputs\controls_paper_minimum_v0_3_nulls100\control_mesu_udhr_duplicated_x4.json,controls_paper_minimum_v0_3_nulls100,,,,mesu,unknown,unknown,,,,,,,,,word_boundary,2795,,,word_boundary,Positions marked as word boundaries after declared whitespace preprocessing.,583,warning,OVER_REGULARITY_WARNING,1,"Run entropy is substantially lower than the 'density_shuffle' null expectation. Possible causes include genuine structure, repeated boilerplate, encoding artefact, formal constraint, or local transition structure not captured by this null.","{""code"": ""OVER_REGULARITY_WARNING"", ""severity"": ""warning"", ""interpretation_level"": 1, ""message"": ""Run entropy is substantially lower than the 'density_shuffle' null expectation. Possible causes include genuine structure, repeated boilerplate, encoding artefact, formal constraint, or local transition structure not captured by this null.""}"
C:\github\5hr-conlang\riemann_analysis\rrlang\outputs\controls_paper_minimum_v0_3_nulls100\control_mesu_udhr_duplicated_x4.json,controls_paper_minimum_v0_3_nulls100,,,,mesu,unknown,unknown,,,,,,,,,word_boundary,2795,,,word_boundary,Positions marked as word boundaries after declared whitespace preprocessing.,583,info,STATISTICAL_DEVIATION,1,"Metric 'prime_gap_affinity' deviates from 'density_shuffle' null with z=6.472. This is a tripwire, not a conclusion.","{""code"": ""STATISTICAL_DEVIATION"", ""severity"": ""info"", ""interpretation_level"": 1, ""message"": ""Metric 'prime_gap_affinity' deviates from 'density_shuffle' null with z=6.472. This is a tripwire, not a conclusion.""}"
C:\github\5hr-conlang\riemann_analysis\rrlang\outputs\controls_paper_minimum_v0_3_nulls100\control_mesu_udhr_duplicated_x4.json,controls_paper_minimum_v0_3_nulls100,,,,mesu,unknown,unknown,,,,,,,,,word_boundary,2795,,,word_boundary,Positions marked as word boundaries after declared whitespace preprocessing.,583,info,STATISTICAL_DEVIATION,2,"Metric 'gap_entropy' deviates from 'markov_1' null with z=-4.248. This is a tripwire, not a conclusion.","{""code"": ""STATISTICAL_DEVIATION"", ""severity"": ""info"", ""interpretation_level"": 2, ""message"": ""Metric 'gap_entropy' deviates from 'markov_1' null with z=-4.248. This is a tripwire, not a conclusion.""}"
C:\github\5hr-conlang\riemann_analysis\rrlang\outputs\controls_paper_minimum_v0_3_nulls100\control_mesu_udhr_duplicated_x4.json,controls_paper_minimum_v0_3_nulls100,,,,mesu,unknown,unknown,,,,,,,,,word_boundary,2795,,,word_boundary,Positions marked as word boundaries after declared whitespace preprocessing.,583,warning,PERIODICITY_OR_CLUSTERING_WARNING,2,"Gap entropy is substantially lower than the 'markov_1' null expectation. Inspect for periodicity, clustering, repeated material, genre constraints, or local phonotactic regularity.","{""code"": ""PERIODICITY_OR_CLUSTERING_WARNING"", ""severity"": ""warning"", ""interpretation_level"": 2, ""message"": ""Gap entropy is substantially lower than the 'markov_1' null expectation. Inspect for periodicity, clustering, repeated material, genre constraints, or local phonotactic regularity.""}"
C:\github\5hr-conlang\riemann_analysis\rrlang\outputs\controls_paper_minimum_v0_3_nulls100\control_mesu_udhr_duplicated_x4.json,controls_paper_minimum_v0_3_nulls100,,,,mesu,unknown,unknown,,,,,,,,,word_boundary,2795,,,word_boundary,Positions marked as word boundaries after declared whitespace preprocessing.,583,info,STATISTICAL_DEVIATION,3,"Metric 'gap_entropy' deviates from 'markov_2' null with z=-3.818. This is a tripwire, not a conclusion.","{""code"": ""STATISTICAL_DEVIATION"", ""severity"": ""info"", ""interpretation_level"": 3, ""message"": ""Metric 'gap_entropy' deviates from 'markov_2' null with z=-3.818. This is a tripwire, not a conclusion.""}"
C:\github\5hr-conlang\riemann_analysis\rrlang\outputs\controls_paper_minimum_v0_3_nulls100\control_mesu_udhr_duplicated_x4.json,controls_paper_minimum_v0_3_nulls100,,,,mesu,unknown,unknown,,,,,,,,,word_boundary,2795,,,word_boundary,Positions marked as word boundaries after declared whitespace preprocessing.,583,warning,PERIODICITY_OR_CLUSTERING_WARNING,3,"Gap entropy is substantially lower than the 'markov_2' null expectation. Inspect for periodicity, clustering, repeated material, genre constraints, or local phonotactic regularity.","{""code"": ""PERIODICITY_OR_CLUSTERING_WARNING"", ""severity"": ""warning"", ""interpretation_level"": 3, ""message"": ""Gap entropy is substantially lower than the 'markov_2' null expectation. Inspect for periodicity, clustering, repeated material, genre constraints, or local phonotactic regularity.""}"
C:\github\5hr-conlang\riemann_analysis\rrlang\outputs\controls_paper_minimum_v0_3_nulls100\control_mesu_udhr_duplicated_x4.json,controls_paper_minimum_v0_3_nulls100,,,,mesu,unknown,unknown,,,,,,,,,word_boundary,2795,,,word_boundary,Positions marked as word boundaries after declared whitespace preprocessing.,583,info,SURVIVES_MARKOV_2_NULL,3,"At least one metric remains deviant under the Markov-2 null. This is stronger than density-only evidence, but still requires corpus and encoding replication.","{""code"": ""SURVIVES_MARKOV_2_NULL"", ""severity"": ""info"", ""interpretation_level"": 3, ""message"": ""At least one metric remains deviant under the Markov-2 null. This is stronger than density-only evidence, but still requires corpus and encoding replication.""}"
C:\github\5hr-conlang\riemann_analysis\rrlang\outputs\controls_paper_minimum_v0_3_nulls100\control_mesu_udhr_duplicated_x4.json,controls_paper_minimum_v0_3_nulls100,,,,mesu,unknown,unknown,,,,,,,,,frequency_class,868,,,hapax,Token positions in frequency class hapax.,0,warning,LOW_EVENT_COUNT,0,The event occurs fewer than five times; gap and prime-position metrics are weak evidence.,"{""code"": ""LOW_EVENT_COUNT"", ""severity"": ""warning"", ""interpretation_level"": 0, ""message"": ""The event occurs fewer than five times; gap and prime-position metrics are weak evidence.""}"
C:\github\5hr-conlang\riemann_analysis\rrlang\outputs\controls_paper_minimum_v0_3_nulls100\control_mesu_udhr_duplicated_x4.json,controls_paper_minimum_v0_3_nulls100,,,,mesu,unknown,unknown,,,,,,,,,frequency_class,868,,,hapax,Token positions in frequency class hapax.,0,warning,DEGENERATE_EVENT_MAP,0,The event map is all false or all true; many metrics collapse to trivial values.,"{""code"": ""DEGENERATE_EVENT_MAP"", ""severity"": ""warning"", ""interpretation_level"": 0, ""message"": ""The event map is all false or all true; many metrics collapse to trivial values.""}"
C:\github\5hr-conlang\riemann_analysis\rrlang\outputs\controls_paper_minimum_v0_3_nulls100\control_mesu_udhr_duplicated_x4.json,controls_paper_minimum_v0_3_nulls100,,,,mesu,unknown,unknown,,,,,,,,,frequency_class,868,,,mid_frequency,Token positions in frequency class mid_frequency.,12,info,STATISTICAL_DEVIATION,1,"Metric 'gap_entropy' deviates from 'density_shuffle' null with z=-16.407. This is a tripwire, not a conclusion.","{""code"": ""STATISTICAL_DEVIATION"", ""severity"": ""info"", ""interpretation_level"": 1, ""message"": ""Metric 'gap_entropy' deviates from 'density_shuffle' null with z=-16.407. This is a tripwire, not a conclusion.""}"
C:\github\5hr-conlang\riemann_analysis\rrlang\outputs\controls_paper_minimum_v0_3_nulls100\control_mesu_udhr_duplicated_x4.json,controls_paper_minimum_v0_3_nulls100,,,,mesu,unknown,unknown,,,,,,,,,frequency_class,868,,,mid_frequency,Token positions in frequency class mid_frequency.,12,warning,PERIODICITY_OR_CLUSTERING_WARNING,1,"Gap entropy is substantially lower than the 'density_shuffle' null expectation. Inspect for periodicity, clustering, repeated material, genre constraints, or local phonotactic regularity.","{""code"": ""PERIODICITY_OR_CLUSTERING_WARNING"", ""severity"": ""warning"", ""interpretation_level"": 1, ""message"": ""Gap entropy is substantially lower than the 'density_shuffle' null expectation. Inspect for periodicity, clustering, repeated material, genre constraints, or local phonotactic regularity.""}"
C:\github\5hr-conlang\riemann_analysis\rrlang\outputs\controls_paper_minimum_v0_3_nulls100\control_mesu_udhr_duplicated_x4.json,controls_paper_minimum_v0_3_nulls100,,,,mesu,unknown,unknown,,,,,,,,,frequency_class,868,,,mid_frequency,Token positions in frequency class mid_frequency.,12,info,STATISTICAL_DEVIATION,1,"Metric 'run_entropy' deviates from 'density_shuffle' null with z=-6.430. This is a tripwire, not a conclusion.","{""code"": ""STATISTICAL_DEVIATION"", ""severity"": ""info"", ""interpretation_level"": 1, ""message"": ""Metric 'run_entropy' deviates from 'density_shuffle' null with z=-6.430. This is a tripwire, not a conclusion.""}"
C:\github\5hr-conlang\riemann_analysis\rrlang\outputs\controls_paper_minimum_v0_3_nulls100\control_mesu_udhr_duplicated_x4.json,controls_paper_minimum_v0_3_nulls100,,,,mesu,unknown,unknown,,,,,,,,,frequency_class,868,,,mid_frequency,Token positions in frequency class mid_frequency.,12,warning,OVER_REGULARITY_WARNING,1,"Run entropy is substantially lower than the 'density_shuffle' null expectation. Possible causes include genuine structure, repeated boilerplate, encoding artefact, formal constraint, or local transition structure not captured by this null.","{""code"": ""OVER_REGULARITY_WARNING"", ""severity"": ""warning"", ""interpretation_level"": 1, ""message"": ""Run entropy is substantially lower than the 'density_shuffle' null expectation. Possible causes include genuine structure, repeated boilerplate, encoding artefact, formal constraint, or local transition structure not captured by this null.""}"
C:\github\5hr-conlang\riemann_analysis\rrlang\outputs\controls_paper_minimum_v0_3_nulls100\control_mesu_udhr_duplicated_x4.json,controls_paper_minimum_v0_3_nulls100,,,,mesu,unknown,unknown,,,,,,,,,frequency_class,868,,,mid_frequency,Token positions in frequency class mid_frequency.,12,info,STATISTICAL_DEVIATION,2,"Metric 'gap_entropy' deviates from 'markov_1' null with z=-3.948. This is a tripwire, not a conclusion.","{""code"": ""STATISTICAL_DEVIATION"", ""severity"": ""info"", ""interpretation_level"": 2, ""message"": ""Metric 'gap_entropy' deviates from 'markov_1' null with z=-3.948. This is a tripwire, not a conclusion.""}"
C:\github\5hr-conlang\riemann_analysis\rrlang\outputs\controls_paper_minimum_v0_3_nulls100\control_mesu_udhr_duplicated_x4.json,controls_paper_minimum_v0_3_nulls100,,,,mesu,unknown,unknown,,,,,,,,,frequency_class,868,,,mid_frequency,Token positions in frequency class mid_frequency.,12,warning,PERIODICITY_OR_CLUSTERING_WARNING,2,"Gap entropy is substantially lower than the 'markov_1' null expectation. Inspect for periodicity, clustering, repeated material, genre constraints, or local phonotactic regularity.","{""code"": ""PERIODICITY_OR_CLUSTERING_WARNING"", ""severity"": ""warning"", ""interpretation_level"": 2, ""message"": ""Gap entropy is substantially lower than the 'markov_1' null expectation. Inspect for periodicity, clustering, repeated material, genre constraints, or local phonotactic regularity.""}"
C:\github\5hr-conlang\riemann_analysis\rrlang\outputs\controls_paper_minimum_v0_3_nulls100\control_mesu_udhr_duplicated_x4.json,controls_paper_minimum_v0_3_nulls100,,,,mesu,unknown,unknown,,,,,,,,,frequency_class,868,,,mid_frequency,Token positions in frequency class mid_frequency.,12,info,STATISTICAL_DEVIATION,2,"Metric 'run_entropy' deviates from 'markov_1' null with z=-4.188. This is a tripwire, not a conclusion.","{""code"": ""STATISTICAL_DEVIATION"", ""severity"": ""info"", ""interpretation_level"": 2, ""message"": ""Metric 'run_entropy' deviates from 'markov_1' null with z=-4.188. This is a tripwire, not a conclusion.""}"
C:\github\5hr-conlang\riemann_analysis\rrlang\outputs\controls_paper_minimum_v0_3_nulls100\control_mesu_udhr_duplicated_x4.json,controls_paper_minimum_v0_3_nulls100,,,,mesu,unknown,unknown,,,,,,,,,frequency_class,868,,,mid_frequency,Token positions in frequency class mid_frequency.,12,warning,OVER_REGULARITY_WARNING,2,"Run entropy is substantially lower than the 'markov_1' null expectation. Possible causes include genuine structure, repeated boilerplate, encoding artefact, formal constraint, or local transition structure not captured by this null.","{""code"": ""OVER_REGULARITY_WARNING"", ""severity"": ""warning"", ""interpretation_level"": 2, ""message"": ""Run entropy is substantially lower than the 'markov_1' null expectation. Possible causes include genuine structure, repeated boilerplate, encoding artefact, formal constraint, or local transition structure not captured by this null.""}"
C:\github\5hr-conlang\riemann_analysis\rrlang\outputs\controls_paper_minimum_v0_3_nulls100\control_mesu_udhr_duplicated_x4.json,controls_paper_minimum_v0_3_nulls100,,,,mesu,unknown,unknown,,,,,,,,,frequency_class,868,,,mid_frequency,Token positions in frequency class mid_frequency.,12,info,STATISTICAL_DEVIATION,3,"Metric 'gap_entropy' deviates from 'markov_2' null with z=-4.068. This is a tripwire, not a conclusion.","{""code"": ""STATISTICAL_DEVIATION"", ""severity"": ""info"", ""interpretation_level"": 3, ""message"": ""Metric 'gap_entropy' deviates from 'markov_2' null with z=-4.068. This is a tripwire, not a conclusion.""}"
C:\github\5hr-conlang\riemann_analysis\rrlang\outputs\controls_paper_minimum_v0_3_nulls100\control_mesu_udhr_duplicated_x4.json,controls_paper_minimum_v0_3_nulls100,,,,mesu,unknown,unknown,,,,,,,,,frequency_class,868,,,mid_frequency,Token positions in frequency class mid_frequency.,12,warning,PERIODICITY_OR_CLUSTERING_WARNING,3,"Gap entropy is substantially lower than the 'markov_2' null expectation. Inspect for periodicity, clustering, repeated material, genre constraints, or local phonotactic regularity.","{""code"": ""PERIODICITY_OR_CLUSTERING_WARNING"", ""severity"": ""warning"", ""interpretation_level"": 3, ""message"": ""Gap entropy is substantially lower than the 'markov_2' null expectation. Inspect for periodicity, clustering, repeated material, genre constraints, or local phonotactic regularity.""}"
C:\github\5hr-conlang\riemann_analysis\rrlang\outputs\controls_paper_minimum_v0_3_nulls100\control_mesu_udhr_duplicated_x4.json,controls_paper_minimum_v0_3_nulls100,,,,mesu,unknown,unknown,,,,,,,,,frequency_class,868,,,mid_frequency,Token positions in frequency class mid_frequency.,12,info,STATISTICAL_DEVIATION,3,"Metric 'run_entropy' deviates from 'markov_2' null with z=-4.608. This is a tripwire, not a conclusion.","{""code"": ""STATISTICAL_DEVIATION"", ""severity"": ""info"", ""interpretation_level"": 3, ""message"": ""Metric 'run_entropy' deviates from 'markov_2' null with z=-4.608. This is a tripwire, not a conclusion.""}"
C:\github\5hr-conlang\riemann_analysis\rrlang\outputs\controls_paper_minimum_v0_3_nulls100\control_mesu_udhr_duplicated_x4.json,controls_paper_minimum_v0_3_nulls100,,,,mesu,unknown,unknown,,,,,,,,,frequency_class,868,,,mid_frequency,Token positions in frequency class mid_frequency.,12,warning,OVER_REGULARITY_WARNING,3,"Run entropy is substantially lower than the 'markov_2' null expectation. Possible causes include genuine structure, repeated boilerplate, encoding artefact, formal constraint, or local transition structure not captured by this null.","{""code"": ""OVER_REGULARITY_WARNING"", ""severity"": ""warning"", ""interpretation_level"": 3, ""message"": ""Run entropy is substantially lower than the 'markov_2' null expectation. Possible causes include genuine structure, repeated boilerplate, encoding artefact, formal constraint, or local transition structure not captured by this null.""}"
C:\github\5hr-conlang\riemann_analysis\rrlang\outputs\controls_paper_minimum_v0_3_nulls100\control_mesu_udhr_duplicated_x4.json,controls_paper_minimum_v0_3_nulls100,,,,mesu,unknown,unknown,,,,,,,,,frequency_class,868,,,mid_frequency,Token positions in frequency class mid_frequency.,12,info,SURVIVES_MARKOV_2_NULL,3,"At least one metric remains deviant under the Markov-2 null. This is stronger than density-only evidence, but still requires corpus and encoding replication.","{""code"": ""SURVIVES_MARKOV_2_NULL"", ""severity"": ""info"", ""interpretation_level"": 3, ""message"": ""At least one metric remains deviant under the Markov-2 null. This is stronger than density-only evidence, but still requires corpus and encoding replication.""}"
C:\github\5hr-conlang\riemann_analysis\rrlang\outputs\controls_paper_minimum_v0_3_nulls100\control_mesu_udhr_duplicated_x4.json,controls_paper_minimum_v0_3_nulls100,,,,mesu,unknown,unknown,,,,,,,,,frequency_class,868,,,high_frequency,Token positions in frequency class high_frequency.,856,info,STATISTICAL_DEVIATION,1,"Metric 'run_entropy' deviates from 'density_shuffle' null with z=-4.988. This is a tripwire, not a conclusion.","{""code"": ""STATISTICAL_DEVIATION"", ""severity"": ""info"", ""interpretation_level"": 1, ""message"": ""Metric 'run_entropy' deviates from 'density_shuffle' null with z=-4.988. This is a tripwire, not a conclusion.""}"
C:\github\5hr-conlang\riemann_analysis\rrlang\outputs\controls_paper_minimum_v0_3_nulls100\control_mesu_udhr_duplicated_x4.json,controls_paper_minimum_v0_3_nulls100,,,,mesu,unknown,unknown,,,,,,,,,frequency_class,868,,,high_frequency,Token positions in frequency class high_frequency.,856,warning,OVER_REGULARITY_WARNING,1,"Run entropy is substantially lower than the 'density_shuffle' null expectation. Possible causes include genuine structure, repeated boilerplate, encoding artefact, formal constraint, or local transition structure not captured by this null.","{""code"": ""OVER_REGULARITY_WARNING"", ""severity"": ""warning"", ""interpretation_level"": 1, ""message"": ""Run entropy is substantially lower than the 'density_shuffle' null expectation. Possible causes include genuine structure, repeated boilerplate, encoding artefact, formal constraint, or local transition structure not captured by this null.""}"
C:\github\5hr-conlang\riemann_analysis\rrlang\outputs\controls_paper_minimum_v0_3_nulls100\control_mesu_udhr_duplicated_x4.json,controls_paper_minimum_v0_3_nulls100,,,,mesu,unknown,unknown,,,,,,,,,frequency_class,868,,,high_frequency,Token positions in frequency class high_frequency.,856,info,STATISTICAL_DEVIATION,2,"Metric 'run_entropy' deviates from 'markov_1' null with z=-4.160. This is a tripwire, not a conclusion.","{""code"": ""STATISTICAL_DEVIATION"", ""severity"": ""info"", ""interpretation_level"": 2, ""message"": ""Metric 'run_entropy' deviates from 'markov_1' null with z=-4.160. This is a tripwire, not a conclusion.""}"
C:\github\5hr-conlang\riemann_analysis\rrlang\outputs\controls_paper_minimum_v0_3_nulls100\control_mesu_udhr_duplicated_x4.json,controls_paper_minimum_v0_3_nulls100,,,,mesu,unknown,unknown,,,,,,,,,frequency_class,868,,,high_frequency,Token positions in frequency class high_frequency.,856,warning,OVER_REGULARITY_WARNING,2,"Run entropy is substantially lower than the 'markov_1' null expectation. Possible causes include genuine structure, repeated boilerplate, encoding artefact, formal constraint, or local transition structure not captured by this null.","{""code"": ""OVER_REGULARITY_WARNING"", ""severity"": ""warning"", ""interpretation_level"": 2, ""message"": ""Run entropy is substantially lower than the 'markov_1' null expectation. Possible causes include genuine structure, repeated boilerplate, encoding artefact, formal constraint, or local transition structure not captured by this null.""}"
C:\github\5hr-conlang\riemann_analysis\rrlang\outputs\controls_paper_minimum_v0_3_nulls100\control_mesu_udhr_duplicated_x4.json,controls_paper_minimum_v0_3_nulls100,,,,mesu,unknown,unknown,,,,,,,,,frequency_class,868,,,high_frequency,Token positions in frequency class high_frequency.,856,info,STATISTICAL_DEVIATION,3,"Metric 'run_entropy' deviates from 'markov_2' null with z=-5.366. This is a tripwire, not a conclusion.","{""code"": ""STATISTICAL_DEVIATION"", ""severity"": ""info"", ""interpretation_level"": 3, ""message"": ""Metric 'run_entropy' deviates from 'markov_2' null with z=-5.366. This is a tripwire, not a conclusion.""}"
C:\github\5hr-conlang\riemann_analysis\rrlang\outputs\controls_paper_minimum_v0_3_nulls100\control_mesu_udhr_duplicated_x4.json,controls_paper_minimum_v0_3_nulls100,,,,mesu,unknown,unknown,,,,,,,,,frequency_class,868,,,high_frequency,Token positions in frequency class high_frequency.,856,warning,OVER_REGULARITY_WARNING,3,"Run entropy is substantially lower than the 'markov_2' null expectation. Possible causes include genuine structure, repeated boilerplate, encoding artefact, formal constraint, or local transition structure not captured by this null.","{""code"": ""OVER_REGULARITY_WARNING"", ""severity"": ""warning"", ""interpretation_level"": 3, ""message"": ""Run entropy is substantially lower than the 'markov_2' null expectation. Possible causes include genuine structure, repeated boilerplate, encoding artefact, formal constraint, or local transition structure not captured by this null.""}"
C:\github\5hr-conlang\riemann_analysis\rrlang\outputs\controls_paper_minimum_v0_3_nulls100\control_mesu_udhr_duplicated_x4.json,controls_paper_minimum_v0_3_nulls100,,,,mesu,unknown,unknown,,,,,,,,,frequency_class,868,,,high_frequency,Token positions in frequency class high_frequency.,856,info,STATISTICAL_DEVIATION,2,"Metric 'run_entropy' deviates from 'gap_order_shuffle' null with z=-8.216. This is a tripwire, not a conclusion.","{""code"": ""STATISTICAL_DEVIATION"", ""severity"": ""info"", ""interpretation_level"": 2, ""message"": ""Metric 'run_entropy' deviates from 'gap_order_shuffle' null with z=-8.216. This is a tripwire, not a conclusion.""}"
C:\github\5hr-conlang\riemann_analysis\rrlang\outputs\controls_paper_minimum_v0_3_nulls100\control_mesu_udhr_duplicated_x4.json,controls_paper_minimum_v0_3_nulls100,,,,mesu,unknown,unknown,,,,,,,,,frequency_class,868,,,high_frequency,Token positions in frequency class high_frequency.,856,warning,OVER_REGULARITY_WARNING,2,"Run entropy is substantially lower than the 'gap_order_shuffle' null expectation. Possible causes include genuine structure, repeated boilerplate, encoding artefact, formal constraint, or local transition structure not captured by this null.","{""code"": ""OVER_REGULARITY_WARNING"", ""severity"": ""warning"", ""interpretation_level"": 2, ""message"": ""Run entropy is substantially lower than the 'gap_order_shuffle' null expectation. Possible causes include genuine structure, repeated boilerplate, encoding artefact, formal constraint, or local transition structure not captured by this null.""}"
C:\github\5hr-conlang\riemann_analysis\rrlang\outputs\controls_paper_minimum_v0_3_nulls100\control_mesu_udhr_duplicated_x4.json,controls_paper_minimum_v0_3_nulls100,,,,mesu,unknown,unknown,,,,,,,,,frequency_class,868,,,high_frequency,Token positions in frequency class high_frequency.,856,info,SURVIVES_MARKOV_2_NULL,3,"At least one metric remains deviant under the Markov-2 null. This is stronger than density-only evidence, but still requires corpus and encoding replication.","{""code"": ""SURVIVES_MARKOV_2_NULL"", ""severity"": ""info"", ""interpretation_level"": 3, ""message"": ""At least one metric remains deviant under the Markov-2 null. This is stronger than density-only evidence, but still requires corpus and encoding replication.""}"
C:\github\5hr-conlang\riemann_analysis\rrlang\outputs\controls_paper_minimum_v0_3_nulls100\control_mesu_udhr_punctuation_noise_every5.json,controls_paper_minimum_v0_3_nulls100,,,,mesu,unknown,unknown,,,,,,,,,grapheme,891,,,vowel,Basic Latin-vowel positions plus common accented vowels.,217,info,STATISTICAL_DEVIATION,1,"Metric 'gap_entropy' deviates from 'density_shuffle' null with z=-52.255. This is a tripwire, not a conclusion.","{""code"": ""STATISTICAL_DEVIATION"", ""severity"": ""info"", ""interpretation_level"": 1, ""message"": ""Metric 'gap_entropy' deviates from 'density_shuffle' null with z=-52.255. This is a tripwire, not a conclusion.""}"
C:\github\5hr-conlang\riemann_analysis\rrlang\outputs\controls_paper_minimum_v0_3_nulls100\control_mesu_udhr_punctuation_noise_every5.json,controls_paper_minimum_v0_3_nulls100,,,,mesu,unknown,unknown,,,,,,,,,grapheme,891,,,vowel,Basic Latin-vowel positions plus common accented vowels.,217,warning,PERIODICITY_OR_CLUSTERING_WARNING,1,"Gap entropy is substantially lower than the 'density_shuffle' null expectation. Inspect for periodicity, clustering, repeated material, genre constraints, or local phonotactic regularity.","{""code"": ""PERIODICITY_OR_CLUSTERING_WARNING"", ""severity"": ""warning"", ""interpretation_level"": 1, ""message"": ""Gap entropy is substantially lower than the 'density_shuffle' null expectation. Inspect for periodicity, clustering, repeated material, genre constraints, or local phonotactic regularity.""}"
C:\github\5hr-conlang\riemann_analysis\rrlang\outputs\controls_paper_minimum_v0_3_nulls100\control_mesu_udhr_punctuation_noise_every5.json,controls_paper_minimum_v0_3_nulls100,,,,mesu,unknown,unknown,,,,,,,,,grapheme,891,,,vowel,Basic Latin-vowel positions plus common accented vowels.,217,info,STATISTICAL_DEVIATION,1,"Metric 'run_entropy' deviates from 'density_shuffle' null with z=-7.504. This is a tripwire, not a conclusion.","{""code"": ""STATISTICAL_DEVIATION"", ""severity"": ""info"", ""interpretation_level"": 1, ""message"": ""Metric 'run_entropy' deviates from 'density_shuffle' null with z=-7.504. This is a tripwire, not a conclusion.""}"
C:\github\5hr-conlang\riemann_analysis\rrlang\outputs\controls_paper_minimum_v0_3_nulls100\control_mesu_udhr_punctuation_noise_every5.json,controls_paper_minimum_v0_3_nulls100,,,,mesu,unknown,unknown,,,,,,,,,grapheme,891,,,vowel,Basic Latin-vowel positions plus common accented vowels.,217,warning,OVER_REGULARITY_WARNING,1,"Run entropy is substantially lower than the 'density_shuffle' null expectation. Possible causes include genuine structure, repeated boilerplate, encoding artefact, formal constraint, or local transition structure not captured by this null.","{""code"": ""OVER_REGULARITY_WARNING"", ""severity"": ""warning"", ""interpretation_level"": 1, ""message"": ""Run entropy is substantially lower than the 'density_shuffle' null expectation. Possible causes include genuine structure, repeated boilerplate, encoding artefact, formal constraint, or local transition structure not captured by this null.""}"
C:\github\5hr-conlang\riemann_analysis\rrlang\outputs\controls_paper_minimum_v0_3_nulls100\control_mesu_udhr_punctuation_noise_every5.json,controls_paper_minimum_v0_3_nulls100,,,,mesu,unknown,unknown,,,,,,,,,grapheme,891,,,vowel,Basic Latin-vowel positions plus common accented vowels.,217,info,STATISTICAL_DEVIATION,1,"Metric 'prime_gap_affinity' deviates from 'density_shuffle' null with z=6.435. This is a tripwire, not a conclusion.","{""code"": ""STATISTICAL_DEVIATION"", ""severity"": ""info"", ""interpretation_level"": 1, ""message"": ""Metric 'prime_gap_affinity' deviates from 'density_shuffle' null with z=6.435. This is a tripwire, not a conclusion.""}"
C:\github\5hr-conlang\riemann_analysis\rrlang\outputs\controls_paper_minimum_v0_3_nulls100\control_mesu_udhr_punctuation_noise_every5.json,controls_paper_minimum_v0_3_nulls100,,,,mesu,unknown,unknown,,,,,,,,,grapheme,891,,,vowel,Basic Latin-vowel positions plus common accented vowels.,217,info,STATISTICAL_DEVIATION,2,"Metric 'gap_entropy' deviates from 'markov_1' null with z=-5.942. This is a tripwire, not a conclusion.","{""code"": ""STATISTICAL_DEVIATION"", ""severity"": ""info"", ""interpretation_level"": 2, ""message"": ""Metric 'gap_entropy' deviates from 'markov_1' null with z=-5.942. This is a tripwire, not a conclusion.""}"
C:\github\5hr-conlang\riemann_analysis\rrlang\outputs\controls_paper_minimum_v0_3_nulls100\control_mesu_udhr_punctuation_noise_every5.json,controls_paper_minimum_v0_3_nulls100,,,,mesu,unknown,unknown,,,,,,,,,grapheme,891,,,vowel,Basic Latin-vowel positions plus common accented vowels.,217,warning,PERIODICITY_OR_CLUSTERING_WARNING,2,"Gap entropy is substantially lower than the 'markov_1' null expectation. Inspect for periodicity, clustering, repeated material, genre constraints, or local phonotactic regularity.","{""code"": ""PERIODICITY_OR_CLUSTERING_WARNING"", ""severity"": ""warning"", ""interpretation_level"": 2, ""message"": ""Gap entropy is substantially lower than the 'markov_1' null expectation. Inspect for periodicity, clustering, repeated material, genre constraints, or local phonotactic regularity.""}"
C:\github\5hr-conlang\riemann_analysis\rrlang\outputs\controls_paper_minimum_v0_3_nulls100\control_mesu_udhr_punctuation_noise_every5.json,controls_paper_minimum_v0_3_nulls100,,,,mesu,unknown,unknown,,,,,,,,,grapheme,891,,,consonant,Alphabetic non-vowel positions under the MVP classifier.,243,info,STATISTICAL_DEVIATION,1,"Metric 'gap_entropy' deviates from 'density_shuffle' null with z=-40.985. This is a tripwire, not a conclusion.","{""code"": ""STATISTICAL_DEVIATION"", ""severity"": ""info"", ""interpretation_level"": 1, ""message"": ""Metric 'gap_entropy' deviates from 'density_shuffle' null with z=-40.985. This is a tripwire, not a conclusion.""}"
C:\github\5hr-conlang\riemann_analysis\rrlang\outputs\controls_paper_minimum_v0_3_nulls100\control_mesu_udhr_punctuation_noise_every5.json,controls_paper_minimum_v0_3_nulls100,,,,mesu,unknown,unknown,,,,,,,,,grapheme,891,,,consonant,Alphabetic non-vowel positions under the MVP classifier.,243,warning,PERIODICITY_OR_CLUSTERING_WARNING,1,"Gap entropy is substantially lower than the 'density_shuffle' null expectation. Inspect for periodicity, clustering, repeated material, genre constraints, or local phonotactic regularity.","{""code"": ""PERIODICITY_OR_CLUSTERING_WARNING"", ""severity"": ""warning"", ""interpretation_level"": 1, ""message"": ""Gap entropy is substantially lower than the 'density_shuffle' null expectation. Inspect for periodicity, clustering, repeated material, genre constraints, or local phonotactic regularity.""}"
C:\github\5hr-conlang\riemann_analysis\rrlang\outputs\controls_paper_minimum_v0_3_nulls100\control_mesu_udhr_punctuation_noise_every5.json,controls_paper_minimum_v0_3_nulls100,,,,mesu,unknown,unknown,,,,,,,,,grapheme,891,,,consonant,Alphabetic non-vowel positions under the MVP classifier.,243,info,STATISTICAL_DEVIATION,1,"Metric 'run_entropy' deviates from 'density_shuffle' null with z=-9.394. This is a tripwire, not a conclusion.","{""code"": ""STATISTICAL_DEVIATION"", ""severity"": ""info"", ""interpretation_level"": 1, ""message"": ""Metric 'run_entropy' deviates from 'density_shuffle' null with z=-9.394. This is a tripwire, not a conclusion.""}"
C:\github\5hr-conlang\riemann_analysis\rrlang\outputs\controls_paper_minimum_v0_3_nulls100\control_mesu_udhr_punctuation_noise_every5.json,controls_paper_minimum_v0_3_nulls100,,,,mesu,unknown,unknown,,,,,,,,,grapheme,891,,,consonant,Alphabetic non-vowel positions under the MVP classifier.,243,warning,OVER_REGULARITY_WARNING,1,"Run entropy is substantially lower than the 'density_shuffle' null expectation. Possible causes include genuine structure, repeated boilerplate, encoding artefact, formal constraint, or local transition structure not captured by this null.","{""code"": ""OVER_REGULARITY_WARNING"", ""severity"": ""warning"", ""interpretation_level"": 1, ""message"": ""Run entropy is substantially lower than the 'density_shuffle' null expectation. Possible causes include genuine structure, repeated boilerplate, encoding artefact, formal constraint, or local transition structure not captured by this null.""}"
C:\github\5hr-conlang\riemann_analysis\rrlang\outputs\controls_paper_minimum_v0_3_nulls100\control_mesu_udhr_punctuation_noise_every5.json,controls_paper_minimum_v0_3_nulls100,,,,mesu,unknown,unknown,,,,,,,,,grapheme,891,,,consonant,Alphabetic non-vowel positions under the MVP classifier.,243,info,STATISTICAL_DEVIATION,1,"Metric 'prime_gap_affinity' deviates from 'density_shuffle' null with z=8.194. This is a tripwire, not a conclusion.","{""code"": ""STATISTICAL_DEVIATION"", ""severity"": ""info"", ""interpretation_level"": 1, ""message"": ""Metric 'prime_gap_affinity' deviates from 'density_shuffle' null with z=8.194. This is a tripwire, not a conclusion.""}"
C:\github\5hr-conlang\riemann_analysis\rrlang\outputs\controls_paper_minimum_v0_3_nulls100\control_mesu_udhr_punctuation_noise_every5.json,controls_paper_minimum_v0_3_nulls100,,,,mesu,unknown,unknown,,,,,,,,,grapheme,891,,,consonant,Alphabetic non-vowel positions under the MVP classifier.,243,info,STATISTICAL_DEVIATION,2,"Metric 'gap_entropy' deviates from 'markov_1' null with z=-3.250. This is a tripwire, not a conclusion.","{""code"": ""STATISTICAL_DEVIATION"", ""severity"": ""info"", ""interpretation_level"": 2, ""message"": ""Metric 'gap_entropy' deviates from 'markov_1' null with z=-3.250. This is a tripwire, not a conclusion.""}"
C:\github\5hr-conlang\riemann_analysis\rrlang\outputs\controls_paper_minimum_v0_3_nulls100\control_mesu_udhr_punctuation_noise_every5.json,controls_paper_minimum_v0_3_nulls100,,,,mesu,unknown,unknown,,,,,,,,,grapheme,891,,,consonant,Alphabetic non-vowel positions under the MVP classifier.,243,warning,PERIODICITY_OR_CLUSTERING_WARNING,2,"Gap entropy is substantially lower than the 'markov_1' null expectation. Inspect for periodicity, clustering, repeated material, genre constraints, or local phonotactic regularity.","{""code"": ""PERIODICITY_OR_CLUSTERING_WARNING"", ""severity"": ""warning"", ""interpretation_level"": 2, ""message"": ""Gap entropy is substantially lower than the 'markov_1' null expectation. Inspect for periodicity, clustering, repeated material, genre constraints, or local phonotactic regularity.""}"
C:\github\5hr-conlang\riemann_analysis\rrlang\outputs\controls_paper_minimum_v0_3_nulls100\control_mesu_udhr_punctuation_noise_every5.json,controls_paper_minimum_v0_3_nulls100,,,,mesu,unknown,unknown,,,,,,,,,grapheme,891,,,whitespace,Whitespace positions.,228,info,STATISTICAL_DEVIATION,1,"Metric 'gap_entropy' deviates from 'density_shuffle' null with z=-33.445. This is a tripwire, not a conclusion.","{""code"": ""STATISTICAL_DEVIATION"", ""severity"": ""info"", ""interpretation_level"": 1, ""message"": ""Metric 'gap_entropy' deviates from 'density_shuffle' null with z=-33.445. This is a tripwire, not a conclusion.""}"
C:\github\5hr-conlang\riemann_analysis\rrlang\outputs\controls_paper_minimum_v0_3_nulls100\control_mesu_udhr_punctuation_noise_every5.json,controls_paper_minimum_v0_3_nulls100,,,,mesu,unknown,unknown,,,,,,,,,grapheme,891,,,whitespace,Whitespace positions.,228,warning,PERIODICITY_OR_CLUSTERING_WARNING,1,"Gap entropy is substantially lower than the 'density_shuffle' null expectation. Inspect for periodicity, clustering, repeated material, genre constraints, or local phonotactic regularity.","{""code"": ""PERIODICITY_OR_CLUSTERING_WARNING"", ""severity"": ""warning"", ""interpretation_level"": 1, ""message"": ""Gap entropy is substantially lower than the 'density_shuffle' null expectation. Inspect for periodicity, clustering, repeated material, genre constraints, or local phonotactic regularity.""}"
C:\github\5hr-conlang\riemann_analysis\rrlang\outputs\controls_paper_minimum_v0_3_nulls100\control_mesu_udhr_punctuation_noise_every5.json,controls_paper_minimum_v0_3_nulls100,,,,mesu,unknown,unknown,,,,,,,,,grapheme,891,,,whitespace,Whitespace positions.,228,info,STATISTICAL_DEVIATION,1,"Metric 'run_entropy' deviates from 'density_shuffle' null with z=-9.681. This is a tripwire, not a conclusion.","{""code"": ""STATISTICAL_DEVIATION"", ""severity"": ""info"", ""interpretation_level"": 1, ""message"": ""Metric 'run_entropy' deviates from 'density_shuffle' null with z=-9.681. This is a tripwire, not a conclusion.""}"
C:\github\5hr-conlang\riemann_analysis\rrlang\outputs\controls_paper_minimum_v0_3_nulls100\control_mesu_udhr_punctuation_noise_every5.json,controls_paper_minimum_v0_3_nulls100,,,,mesu,unknown,unknown,,,,,,,,,grapheme,891,,,whitespace,Whitespace positions.,228,warning,OVER_REGULARITY_WARNING,1,"Run entropy is substantially lower than the 'density_shuffle' null expectation. Possible causes include genuine structure, repeated boilerplate, encoding artefact, formal constraint, or local transition structure not captured by this null.","{""code"": ""OVER_REGULARITY_WARNING"", ""severity"": ""warning"", ""interpretation_level"": 1, ""message"": ""Run entropy is substantially lower than the 'density_shuffle' null expectation. Possible causes include genuine structure, repeated boilerplate, encoding artefact, formal constraint, or local transition structure not captured by this null.""}"
C:\github\5hr-conlang\riemann_analysis\rrlang\outputs\controls_paper_minimum_v0_3_nulls100\control_mesu_udhr_punctuation_noise_every5.json,controls_paper_minimum_v0_3_nulls100,,,,mesu,unknown,unknown,,,,,,,,,grapheme,891,,,whitespace,Whitespace positions.,228,info,STATISTICAL_DEVIATION,1,"Metric 'prime_gap_affinity' deviates from 'density_shuffle' null with z=9.939. This is a tripwire, not a conclusion.","{""code"": ""STATISTICAL_DEVIATION"", ""severity"": ""info"", ""interpretation_level"": 1, ""message"": ""Metric 'prime_gap_affinity' deviates from 'density_shuffle' null with z=9.939. This is a tripwire, not a conclusion.""}"
C:\github\5hr-conlang\riemann_analysis\rrlang\outputs\controls_paper_minimum_v0_3_nulls100\control_mesu_udhr_punctuation_noise_every5.json,controls_paper_minimum_v0_3_nulls100,,,,mesu,unknown,unknown,,,,,,,,,grapheme,891,,,whitespace,Whitespace positions.,228,info,STATISTICAL_DEVIATION,3,"Metric 'prime_gap_affinity' deviates from 'markov_2' null with z=3.678. This is a tripwire, not a conclusion.","{""code"": ""STATISTICAL_DEVIATION"", ""severity"": ""info"", ""interpretation_level"": 3, ""message"": ""Metric 'prime_gap_affinity' deviates from 'markov_2' null with z=3.678. This is a tripwire, not a conclusion.""}"
C:\github\5hr-conlang\riemann_analysis\rrlang\outputs\controls_paper_minimum_v0_3_nulls100\control_mesu_udhr_punctuation_noise_every5.json,controls_paper_minimum_v0_3_nulls100,,,,mesu,unknown,unknown,,,,,,,,,grapheme,891,,,whitespace,Whitespace positions.,228,info,SURVIVES_MARKOV_2_NULL,3,"At least one metric remains deviant under the Markov-2 null. This is stronger than density-only evidence, but still requires corpus and encoding replication.","{""code"": ""SURVIVES_MARKOV_2_NULL"", ""severity"": ""info"", ""interpretation_level"": 3, ""message"": ""At least one metric remains deviant under the Markov-2 null. This is stronger than density-only evidence, but still requires corpus and encoding replication.""}"
C:\github\5hr-conlang\riemann_analysis\rrlang\outputs\controls_paper_minimum_v0_3_nulls100\control_mesu_udhr_punctuation_noise_every5.json,controls_paper_minimum_v0_3_nulls100,,,,mesu,unknown,unknown,,,,,,,,,grapheme,891,,,punctuation,Punctuation positions under the declared punctuation/hyphen policies.,203,info,STATISTICAL_DEVIATION,1,"Metric 'gap_entropy' deviates from 'density_shuffle' null with z=-13.926. This is a tripwire, not a conclusion.","{""code"": ""STATISTICAL_DEVIATION"", ""severity"": ""info"", ""interpretation_level"": 1, ""message"": ""Metric 'gap_entropy' deviates from 'density_shuffle' null with z=-13.926. This is a tripwire, not a conclusion.""}"
C:\github\5hr-conlang\riemann_analysis\rrlang\outputs\controls_paper_minimum_v0_3_nulls100\control_mesu_udhr_punctuation_noise_every5.json,controls_paper_minimum_v0_3_nulls100,,,,mesu,unknown,unknown,,,,,,,,,grapheme,891,,,punctuation,Punctuation positions under the declared punctuation/hyphen policies.,203,warning,PERIODICITY_OR_CLUSTERING_WARNING,1,"Gap entropy is substantially lower than the 'density_shuffle' null expectation. Inspect for periodicity, clustering, repeated material, genre constraints, or local phonotactic regularity.","{""code"": ""PERIODICITY_OR_CLUSTERING_WARNING"", ""severity"": ""warning"", ""interpretation_level"": 1, ""message"": ""Gap entropy is substantially lower than the 'density_shuffle' null expectation. Inspect for periodicity, clustering, repeated material, genre constraints, or local phonotactic regularity.""}"
C:\github\5hr-conlang\riemann_analysis\rrlang\outputs\controls_paper_minimum_v0_3_nulls100\control_mesu_udhr_punctuation_noise_every5.json,controls_paper_minimum_v0_3_nulls100,,,,mesu,unknown,unknown,,,,,,,,,grapheme,891,,,punctuation,Punctuation positions under the declared punctuation/hyphen policies.,203,info,STATISTICAL_DEVIATION,1,"Metric 'run_entropy' deviates from 'density_shuffle' null with z=-4.056. This is a tripwire, not a conclusion.","{""code"": ""STATISTICAL_DEVIATION"", ""severity"": ""info"", ""interpretation_level"": 1, ""message"": ""Metric 'run_entropy' deviates from 'density_shuffle' null with z=-4.056. This is a tripwire, not a conclusion.""}"
C:\github\5hr-conlang\riemann_analysis\rrlang\outputs\controls_paper_minimum_v0_3_nulls100\control_mesu_udhr_punctuation_noise_every5.json,controls_paper_minimum_v0_3_nulls100,,,,mesu,unknown,unknown,,,,,,,,,grapheme,891,,,punctuation,Punctuation positions under the declared punctuation/hyphen policies.,203,warning,OVER_REGULARITY_WARNING,1,"Run entropy is substantially lower than the 'density_shuffle' null expectation. Possible causes include genuine structure, repeated boilerplate, encoding artefact, formal constraint, or local transition structure not captured by this null.","{""code"": ""OVER_REGULARITY_WARNING"", ""severity"": ""warning"", ""interpretation_level"": 1, ""message"": ""Run entropy is substantially lower than the 'density_shuffle' null expectation. Possible causes include genuine structure, repeated boilerplate, encoding artefact, formal constraint, or local transition structure not captured by this null.""}"
C:\github\5hr-conlang\riemann_analysis\rrlang\outputs\controls_paper_minimum_v0_3_nulls100\control_mesu_udhr_punctuation_noise_every5.json,controls_paper_minimum_v0_3_nulls100,,,,mesu,unknown,unknown,,,,,,,,,grapheme,891,,,punctuation,Punctuation positions under the declared punctuation/hyphen policies.,203,info,STATISTICAL_DEVIATION,2,"Metric 'prime_gap_affinity' deviates from 'markov_1' null with z=-3.104. This is a tripwire, not a conclusion.","{""code"": ""STATISTICAL_DEVIATION"", ""severity"": ""info"", ""interpretation_level"": 2, ""message"": ""Metric 'prime_gap_affinity' deviates from 'markov_1' null with z=-3.104. This is a tripwire, not a conclusion.""}"
C:\github\5hr-conlang\riemann_analysis\rrlang\outputs\controls_paper_minimum_v0_3_nulls100\control_mesu_udhr_punctuation_noise_every5.json,controls_paper_minimum_v0_3_nulls100,,,,mesu,unknown,unknown,,,,,,,,,grapheme,891,,,hyphen_boundary,Hyphen positions treated as morpheme boundaries by the declared hyphen policy.,0,warning,LOW_EVENT_COUNT,0,The event occurs fewer than five times; gap and prime-position metrics are weak evidence.,"{""code"": ""LOW_EVENT_COUNT"", ""severity"": ""warning"", ""interpretation_level"": 0, ""message"": ""The event occurs fewer than five times; gap and prime-position metrics are weak evidence.""}"
C:\github\5hr-conlang\riemann_analysis\rrlang\outputs\controls_paper_minimum_v0_3_nulls100\control_mesu_udhr_punctuation_noise_every5.json,controls_paper_minimum_v0_3_nulls100,,,,mesu,unknown,unknown,,,,,,,,,grapheme,891,,,hyphen_boundary,Hyphen positions treated as morpheme boundaries by the declared hyphen policy.,0,warning,DEGENERATE_EVENT_MAP,0,The event map is all false or all true; many metrics collapse to trivial values.,"{""code"": ""DEGENERATE_EVENT_MAP"", ""severity"": ""warning"", ""interpretation_level"": 0, ""message"": ""The event map is all false or all true; many metrics collapse to trivial values.""}"
C:\github\5hr-conlang\riemann_analysis\rrlang\outputs\controls_paper_minimum_v0_3_nulls100\control_mesu_udhr_punctuation_noise_every5.json,controls_paper_minimum_v0_3_nulls100,,,,mesu,unknown,unknown,,,,,,,,,grapheme,891,,,digit,ASCII digit positions.,0,warning,LOW_EVENT_COUNT,0,The event occurs fewer than five times; gap and prime-position metrics are weak evidence.,"{""code"": ""LOW_EVENT_COUNT"", ""severity"": ""warning"", ""interpretation_level"": 0, ""message"": ""The event occurs fewer than five times; gap and prime-position metrics are weak evidence.""}"
C:\github\5hr-conlang\riemann_analysis\rrlang\outputs\controls_paper_minimum_v0_3_nulls100\control_mesu_udhr_punctuation_noise_every5.json,controls_paper_minimum_v0_3_nulls100,,,,mesu,unknown,unknown,,,,,,,,,grapheme,891,,,digit,ASCII digit positions.,0,warning,DEGENERATE_EVENT_MAP,0,The event map is all false or all true; many metrics collapse to trivial values.,"{""code"": ""DEGENERATE_EVENT_MAP"", ""severity"": ""warning"", ""interpretation_level"": 0, ""message"": ""The event map is all false or all true; many metrics collapse to trivial values.""}"
C:\github\5hr-conlang\riemann_analysis\rrlang\outputs\controls_paper_minimum_v0_3_nulls100\control_mesu_udhr_punctuation_noise_every5.json,controls_paper_minimum_v0_3_nulls100,,,,mesu,unknown,unknown,,,,,,,,,grapheme_class,891,,,vowel,Positions classified as vowel in the grapheme-class stream.,217,info,STATISTICAL_DEVIATION,1,"Metric 'gap_entropy' deviates from 'density_shuffle' null with z=-36.075. This is a tripwire, not a conclusion.","{""code"": ""STATISTICAL_DEVIATION"", ""severity"": ""info"", ""interpretation_level"": 1, ""message"": ""Metric 'gap_entropy' deviates from 'density_shuffle' null with z=-36.075. This is a tripwire, not a conclusion.""}"
C:\github\5hr-conlang\riemann_analysis\rrlang\outputs\controls_paper_minimum_v0_3_nulls100\control_mesu_udhr_punctuation_noise_every5.json,controls_paper_minimum_v0_3_nulls100,,,,mesu,unknown,unknown,,,,,,,,,grapheme_class,891,,,vowel,Positions classified as vowel in the grapheme-class stream.,217,warning,PERIODICITY_OR_CLUSTERING_WARNING,1,"Gap entropy is substantially lower than the 'density_shuffle' null expectation. Inspect for periodicity, clustering, repeated material, genre constraints, or local phonotactic regularity.","{""code"": ""PERIODICITY_OR_CLUSTERING_WARNING"", ""severity"": ""warning"", ""interpretation_level"": 1, ""message"": ""Gap entropy is substantially lower than the 'density_shuffle' null expectation. Inspect for periodicity, clustering, repeated material, genre constraints, or local phonotactic regularity.""}"
C:\github\5hr-conlang\riemann_analysis\rrlang\outputs\controls_paper_minimum_v0_3_nulls100\control_mesu_udhr_punctuation_noise_every5.json,controls_paper_minimum_v0_3_nulls100,,,,mesu,unknown,unknown,,,,,,,,,grapheme_class,891,,,vowel,Positions classified as vowel in the grapheme-class stream.,217,info,STATISTICAL_DEVIATION,1,"Metric 'run_entropy' deviates from 'density_shuffle' null with z=-8.377. This is a tripwire, not a conclusion.","{""code"": ""STATISTICAL_DEVIATION"", ""severity"": ""info"", ""interpretation_level"": 1, ""message"": ""Metric 'run_entropy' deviates from 'density_shuffle' null with z=-8.377. This is a tripwire, not a conclusion.""}"
C:\github\5hr-conlang\riemann_analysis\rrlang\outputs\controls_paper_minimum_v0_3_nulls100\control_mesu_udhr_punctuation_noise_every5.json,controls_paper_minimum_v0_3_nulls100,,,,mesu,unknown,unknown,,,,,,,,,grapheme_class,891,,,vowel,Positions classified as vowel in the grapheme-class stream.,217,warning,OVER_REGULARITY_WARNING,1,"Run entropy is substantially lower than the 'density_shuffle' null expectation. Possible causes include genuine structure, repeated boilerplate, encoding artefact, formal constraint, or local transition structure not captured by this null.","{""code"": ""OVER_REGULARITY_WARNING"", ""severity"": ""warning"", ""interpretation_level"": 1, ""message"": ""Run entropy is substantially lower than the 'density_shuffle' null expectation. Possible causes include genuine structure, repeated boilerplate, encoding artefact, formal constraint, or local transition structure not captured by this null.""}"
C:\github\5hr-conlang\riemann_analysis\rrlang\outputs\controls_paper_minimum_v0_3_nulls100\control_mesu_udhr_punctuation_noise_every5.json,controls_paper_minimum_v0_3_nulls100,,,,mesu,unknown,unknown,,,,,,,,,grapheme_class,891,,,vowel,Positions classified as vowel in the grapheme-class stream.,217,info,STATISTICAL_DEVIATION,1,"Metric 'prime_gap_affinity' deviates from 'density_shuffle' null with z=6.756. This is a tripwire, not a conclusion.","{""code"": ""STATISTICAL_DEVIATION"", ""severity"": ""info"", ""interpretation_level"": 1, ""message"": ""Metric 'prime_gap_affinity' deviates from 'density_shuffle' null with z=6.756. This is a tripwire, not a conclusion.""}"
C:\github\5hr-conlang\riemann_analysis\rrlang\outputs\controls_paper_minimum_v0_3_nulls100\control_mesu_udhr_punctuation_noise_every5.json,controls_paper_minimum_v0_3_nulls100,,,,mesu,unknown,unknown,,,,,,,,,grapheme_class,891,,,vowel,Positions classified as vowel in the grapheme-class stream.,217,info,STATISTICAL_DEVIATION,2,"Metric 'gap_entropy' deviates from 'markov_1' null with z=-5.826. This is a tripwire, not a conclusion.","{""code"": ""STATISTICAL_DEVIATION"", ""severity"": ""info"", ""interpretation_level"": 2, ""message"": ""Metric 'gap_entropy' deviates from 'markov_1' null with z=-5.826. This is a tripwire, not a conclusion.""}"
C:\github\5hr-conlang\riemann_analysis\rrlang\outputs\controls_paper_minimum_v0_3_nulls100\control_mesu_udhr_punctuation_noise_every5.json,controls_paper_minimum_v0_3_nulls100,,,,mesu,unknown,unknown,,,,,,,,,grapheme_class,891,,,vowel,Positions classified as vowel in the grapheme-class stream.,217,warning,PERIODICITY_OR_CLUSTERING_WARNING,2,"Gap entropy is substantially lower than the 'markov_1' null expectation. Inspect for periodicity, clustering, repeated material, genre constraints, or local phonotactic regularity.","{""code"": ""PERIODICITY_OR_CLUSTERING_WARNING"", ""severity"": ""warning"", ""interpretation_level"": 2, ""message"": ""Gap entropy is substantially lower than the 'markov_1' null expectation. Inspect for periodicity, clustering, repeated material, genre constraints, or local phonotactic regularity.""}"
C:\github\5hr-conlang\riemann_analysis\rrlang\outputs\controls_paper_minimum_v0_3_nulls100\control_mesu_udhr_punctuation_noise_every5.json,controls_paper_minimum_v0_3_nulls100,,,,mesu,unknown,unknown,,,,,,,,,grapheme_class,891,,,consonant,Positions classified as consonant in the grapheme-class stream.,243,info,STATISTICAL_DEVIATION,1,"Metric 'gap_entropy' deviates from 'density_shuffle' null with z=-36.807. This is a tripwire, not a conclusion.","{""code"": ""STATISTICAL_DEVIATION"", ""severity"": ""info"", ""interpretation_level"": 1, ""message"": ""Metric 'gap_entropy' deviates from 'density_shuffle' null with z=-36.807. This is a tripwire, not a conclusion.""}"
C:\github\5hr-conlang\riemann_analysis\rrlang\outputs\controls_paper_minimum_v0_3_nulls100\control_mesu_udhr_punctuation_noise_every5.json,controls_paper_minimum_v0_3_nulls100,,,,mesu,unknown,unknown,,,,,,,,,grapheme_class,891,,,consonant,Positions classified as consonant in the grapheme-class stream.,243,warning,PERIODICITY_OR_CLUSTERING_WARNING,1,"Gap entropy is substantially lower than the 'density_shuffle' null expectation. Inspect for periodicity, clustering, repeated material, genre constraints, or local phonotactic regularity.","{""code"": ""PERIODICITY_OR_CLUSTERING_WARNING"", ""severity"": ""warning"", ""interpretation_level"": 1, ""message"": ""Gap entropy is substantially lower than the 'density_shuffle' null expectation. Inspect for periodicity, clustering, repeated material, genre constraints, or local phonotactic regularity.""}"
C:\github\5hr-conlang\riemann_analysis\rrlang\outputs\controls_paper_minimum_v0_3_nulls100\control_mesu_udhr_punctuation_noise_every5.json,controls_paper_minimum_v0_3_nulls100,,,,mesu,unknown,unknown,,,,,,,,,grapheme_class,891,,,consonant,Positions classified as consonant in the grapheme-class stream.,243,info,STATISTICAL_DEVIATION,1,"Metric 'run_entropy' deviates from 'density_shuffle' null with z=-10.205. This is a tripwire, not a conclusion.","{""code"": ""STATISTICAL_DEVIATION"", ""severity"": ""info"", ""interpretation_level"": 1, ""message"": ""Metric 'run_entropy' deviates from 'density_shuffle' null with z=-10.205. This is a tripwire, not a conclusion.""}"
C:\github\5hr-conlang\riemann_analysis\rrlang\outputs\controls_paper_minimum_v0_3_nulls100\control_mesu_udhr_punctuation_noise_every5.json,controls_paper_minimum_v0_3_nulls100,,,,mesu,unknown,unknown,,,,,,,,,grapheme_class,891,,,consonant,Positions classified as consonant in the grapheme-class stream.,243,warning,OVER_REGULARITY_WARNING,1,"Run entropy is substantially lower than the 'density_shuffle' null expectation. Possible causes include genuine structure, repeated boilerplate, encoding artefact, formal constraint, or local transition structure not captured by this null.","{""code"": ""OVER_REGULARITY_WARNING"", ""severity"": ""warning"", ""interpretation_level"": 1, ""message"": ""Run entropy is substantially lower than the 'density_shuffle' null expectation. Possible causes include genuine structure, repeated boilerplate, encoding artefact, formal constraint, or local transition structure not captured by this null.""}"
C:\github\5hr-conlang\riemann_analysis\rrlang\outputs\controls_paper_minimum_v0_3_nulls100\control_mesu_udhr_punctuation_noise_every5.json,controls_paper_minimum_v0_3_nulls100,,,,mesu,unknown,unknown,,,,,,,,,grapheme_class,891,,,consonant,Positions classified as consonant in the grapheme-class stream.,243,info,STATISTICAL_DEVIATION,1,"Metric 'prime_gap_affinity' deviates from 'density_shuffle' null with z=8.198. This is a tripwire, not a conclusion.","{""code"": ""STATISTICAL_DEVIATION"", ""severity"": ""info"", ""interpretation_level"": 1, ""message"": ""Metric 'prime_gap_affinity' deviates from 'density_shuffle' null with z=8.198. This is a tripwire, not a conclusion.""}"
C:\github\5hr-conlang\riemann_analysis\rrlang\outputs\controls_paper_minimum_v0_3_nulls100\control_mesu_udhr_punctuation_noise_every5.json,controls_paper_minimum_v0_3_nulls100,,,,mesu,unknown,unknown,,,,,,,,,grapheme_class,891,,,digit,Positions classified as digit in the grapheme-class stream.,0,warning,LOW_EVENT_COUNT,0,The event occurs fewer than five times; gap and prime-position metrics are weak evidence.,"{""code"": ""LOW_EVENT_COUNT"", ""severity"": ""warning"", ""interpretation_level"": 0, ""message"": ""The event occurs fewer than five times; gap and prime-position metrics are weak evidence.""}"
C:\github\5hr-conlang\riemann_analysis\rrlang\outputs\controls_paper_minimum_v0_3_nulls100\control_mesu_udhr_punctuation_noise_every5.json,controls_paper_minimum_v0_3_nulls100,,,,mesu,unknown,unknown,,,,,,,,,grapheme_class,891,,,digit,Positions classified as digit in the grapheme-class stream.,0,warning,DEGENERATE_EVENT_MAP,0,The event map is all false or all true; many metrics collapse to trivial values.,"{""code"": ""DEGENERATE_EVENT_MAP"", ""severity"": ""warning"", ""interpretation_level"": 0, ""message"": ""The event map is all false or all true; many metrics collapse to trivial values.""}"
C:\github\5hr-conlang\riemann_analysis\rrlang\outputs\controls_paper_minimum_v0_3_nulls100\control_mesu_udhr_punctuation_noise_every5.json,controls_paper_minimum_v0_3_nulls100,,,,mesu,unknown,unknown,,,,,,,,,grapheme_class,891,,,whitespace,Positions classified as whitespace in the grapheme-class stream.,228,info,STATISTICAL_DEVIATION,1,"Metric 'gap_entropy' deviates from 'density_shuffle' null with z=-39.022. This is a tripwire, not a conclusion.","{""code"": ""STATISTICAL_DEVIATION"", ""severity"": ""info"", ""interpretation_level"": 1, ""message"": ""Metric 'gap_entropy' deviates from 'density_shuffle' null with z=-39.022. This is a tripwire, not a conclusion.""}"
C:\github\5hr-conlang\riemann_analysis\rrlang\outputs\controls_paper_minimum_v0_3_nulls100\control_mesu_udhr_punctuation_noise_every5.json,controls_paper_minimum_v0_3_nulls100,,,,mesu,unknown,unknown,,,,,,,,,grapheme_class,891,,,whitespace,Positions classified as whitespace in the grapheme-class stream.,228,warning,PERIODICITY_OR_CLUSTERING_WARNING,1,"Gap entropy is substantially lower than the 'density_shuffle' null expectation. Inspect for periodicity, clustering, repeated material, genre constraints, or local phonotactic regularity.","{""code"": ""PERIODICITY_OR_CLUSTERING_WARNING"", ""severity"": ""warning"", ""interpretation_level"": 1, ""message"": ""Gap entropy is substantially lower than the 'density_shuffle' null expectation. Inspect for periodicity, clustering, repeated material, genre constraints, or local phonotactic regularity.""}"
C:\github\5hr-conlang\riemann_analysis\rrlang\outputs\controls_paper_minimum_v0_3_nulls100\control_mesu_udhr_punctuation_noise_every5.json,controls_paper_minimum_v0_3_nulls100,,,,mesu,unknown,unknown,,,,,,,,,grapheme_class,891,,,whitespace,Positions classified as whitespace in the grapheme-class stream.,228,info,STATISTICAL_DEVIATION,1,"Metric 'run_entropy' deviates from 'density_shuffle' null with z=-9.098. This is a tripwire, not a conclusion.","{""code"": ""STATISTICAL_DEVIATION"", ""severity"": ""info"", ""interpretation_level"": 1, ""message"": ""Metric 'run_entropy' deviates from 'density_shuffle' null with z=-9.098. This is a tripwire, not a conclusion.""}"
C:\github\5hr-conlang\riemann_analysis\rrlang\outputs\controls_paper_minimum_v0_3_nulls100\control_mesu_udhr_punctuation_noise_every5.json,controls_paper_minimum_v0_3_nulls100,,,,mesu,unknown,unknown,,,,,,,,,grapheme_class,891,,,whitespace,Positions classified as whitespace in the grapheme-class stream.,228,warning,OVER_REGULARITY_WARNING,1,"Run entropy is substantially lower than the 'density_shuffle' null expectation. Possible causes include genuine structure, repeated boilerplate, encoding artefact, formal constraint, or local transition structure not captured by this null.","{""code"": ""OVER_REGULARITY_WARNING"", ""severity"": ""warning"", ""interpretation_level"": 1, ""message"": ""Run entropy is substantially lower than the 'density_shuffle' null expectation. Possible causes include genuine structure, repeated boilerplate, encoding artefact, formal constraint, or local transition structure not captured by this null.""}"
C:\github\5hr-conlang\riemann_analysis\rrlang\outputs\controls_paper_minimum_v0_3_nulls100\control_mesu_udhr_punctuation_noise_every5.json,controls_paper_minimum_v0_3_nulls100,,,,mesu,unknown,unknown,,,,,,,,,grapheme_class,891,,,whitespace,Positions classified as whitespace in the grapheme-class stream.,228,info,STATISTICAL_DEVIATION,1,"Metric 'prime_gap_affinity' deviates from 'density_shuffle' null with z=10.236. This is a tripwire, not a conclusion.","{""code"": ""STATISTICAL_DEVIATION"", ""severity"": ""info"", ""interpretation_level"": 1, ""message"": ""Metric 'prime_gap_affinity' deviates from 'density_shuffle' null with z=10.236. This is a tripwire, not a conclusion.""}"
C:\github\5hr-conlang\riemann_analysis\rrlang\outputs\controls_paper_minimum_v0_3_nulls100\control_mesu_udhr_punctuation_noise_every5.json,controls_paper_minimum_v0_3_nulls100,,,,mesu,unknown,unknown,,,,,,,,,grapheme_class,891,,,whitespace,Positions classified as whitespace in the grapheme-class stream.,228,info,STATISTICAL_DEVIATION,2,"Metric 'gap_entropy' deviates from 'markov_1' null with z=-3.116. This is a tripwire, not a conclusion.","{""code"": ""STATISTICAL_DEVIATION"", ""severity"": ""info"", ""interpretation_level"": 2, ""message"": ""Metric 'gap_entropy' deviates from 'markov_1' null with z=-3.116. This is a tripwire, not a conclusion.""}"
C:\github\5hr-conlang\riemann_analysis\rrlang\outputs\controls_paper_minimum_v0_3_nulls100\control_mesu_udhr_punctuation_noise_every5.json,controls_paper_minimum_v0_3_nulls100,,,,mesu,unknown,unknown,,,,,,,,,grapheme_class,891,,,whitespace,Positions classified as whitespace in the grapheme-class stream.,228,warning,PERIODICITY_OR_CLUSTERING_WARNING,2,"Gap entropy is substantially lower than the 'markov_1' null expectation. Inspect for periodicity, clustering, repeated material, genre constraints, or local phonotactic regularity.","{""code"": ""PERIODICITY_OR_CLUSTERING_WARNING"", ""severity"": ""warning"", ""interpretation_level"": 2, ""message"": ""Gap entropy is substantially lower than the 'markov_1' null expectation. Inspect for periodicity, clustering, repeated material, genre constraints, or local phonotactic regularity.""}"
C:\github\5hr-conlang\riemann_analysis\rrlang\outputs\controls_paper_minimum_v0_3_nulls100\control_mesu_udhr_punctuation_noise_every5.json,controls_paper_minimum_v0_3_nulls100,,,,mesu,unknown,unknown,,,,,,,,,grapheme_class,891,,,punctuation,Positions classified as punctuation in the grapheme-class stream.,203,info,STATISTICAL_DEVIATION,1,"Metric 'gap_entropy' deviates from 'density_shuffle' null with z=-11.360. This is a tripwire, not a conclusion.","{""code"": ""STATISTICAL_DEVIATION"", ""severity"": ""info"", ""interpretation_level"": 1, ""message"": ""Metric 'gap_entropy' deviates from 'density_shuffle' null with z=-11.360. This is a tripwire, not a conclusion.""}"
C:\github\5hr-conlang\riemann_analysis\rrlang\outputs\controls_paper_minimum_v0_3_nulls100\control_mesu_udhr_punctuation_noise_every5.json,controls_paper_minimum_v0_3_nulls100,,,,mesu,unknown,unknown,,,,,,,,,grapheme_class,891,,,punctuation,Positions classified as punctuation in the grapheme-class stream.,203,warning,PERIODICITY_OR_CLUSTERING_WARNING,1,"Gap entropy is substantially lower than the 'density_shuffle' null expectation. Inspect for periodicity, clustering, repeated material, genre constraints, or local phonotactic regularity.","{""code"": ""PERIODICITY_OR_CLUSTERING_WARNING"", ""severity"": ""warning"", ""interpretation_level"": 1, ""message"": ""Gap entropy is substantially lower than the 'density_shuffle' null expectation. Inspect for periodicity, clustering, repeated material, genre constraints, or local phonotactic regularity.""}"
C:\github\5hr-conlang\riemann_analysis\rrlang\outputs\controls_paper_minimum_v0_3_nulls100\control_mesu_udhr_punctuation_noise_every5.json,controls_paper_minimum_v0_3_nulls100,,,,mesu,unknown,unknown,,,,,,,,,grapheme_class,891,,,punctuation,Positions classified as punctuation in the grapheme-class stream.,203,info,STATISTICAL_DEVIATION,1,"Metric 'run_entropy' deviates from 'density_shuffle' null with z=-4.443. This is a tripwire, not a conclusion.","{""code"": ""STATISTICAL_DEVIATION"", ""severity"": ""info"", ""interpretation_level"": 1, ""message"": ""Metric 'run_entropy' deviates from 'density_shuffle' null with z=-4.443. This is a tripwire, not a conclusion.""}"
C:\github\5hr-conlang\riemann_analysis\rrlang\outputs\controls_paper_minimum_v0_3_nulls100\control_mesu_udhr_punctuation_noise_every5.json,controls_paper_minimum_v0_3_nulls100,,,,mesu,unknown,unknown,,,,,,,,,grapheme_class,891,,,punctuation,Positions classified as punctuation in the grapheme-class stream.,203,warning,OVER_REGULARITY_WARNING,1,"Run entropy is substantially lower than the 'density_shuffle' null expectation. Possible causes include genuine structure, repeated boilerplate, encoding artefact, formal constraint, or local transition structure not captured by this null.","{""code"": ""OVER_REGULARITY_WARNING"", ""severity"": ""warning"", ""interpretation_level"": 1, ""message"": ""Run entropy is substantially lower than the 'density_shuffle' null expectation. Possible causes include genuine structure, repeated boilerplate, encoding artefact, formal constraint, or local transition structure not captured by this null.""}"
C:\github\5hr-conlang\riemann_analysis\rrlang\outputs\controls_paper_minimum_v0_3_nulls100\control_mesu_udhr_punctuation_noise_every5.json,controls_paper_minimum_v0_3_nulls100,,,,mesu,unknown,unknown,,,,,,,,,grapheme_class,891,,,punctuation,Positions classified as punctuation in the grapheme-class stream.,203,info,STATISTICAL_DEVIATION,2,"Metric 'prime_gap_affinity' deviates from 'markov_1' null with z=-3.564. This is a tripwire, not a conclusion.","{""code"": ""STATISTICAL_DEVIATION"", ""severity"": ""info"", ""interpretation_level"": 2, ""message"": ""Metric 'prime_gap_affinity' deviates from 'markov_1' null with z=-3.564. This is a tripwire, not a conclusion.""}"
C:\github\5hr-conlang\riemann_analysis\rrlang\outputs\controls_paper_minimum_v0_3_nulls100\control_mesu_udhr_punctuation_noise_every5.json,controls_paper_minimum_v0_3_nulls100,,,,mesu,unknown,unknown,,,,,,,,,grapheme_class,891,,,hyphen_boundary,Positions classified as hyphen_boundary in the grapheme-class stream.,0,warning,LOW_EVENT_COUNT,0,The event occurs fewer than five times; gap and prime-position metrics are weak evidence.,"{""code"": ""LOW_EVENT_COUNT"", ""severity"": ""warning"", ""interpretation_level"": 0, ""message"": ""The event occurs fewer than five times; gap and prime-position metrics are weak evidence.""}"
C:\github\5hr-conlang\riemann_analysis\rrlang\outputs\controls_paper_minimum_v0_3_nulls100\control_mesu_udhr_punctuation_noise_every5.json,controls_paper_minimum_v0_3_nulls100,,,,mesu,unknown,unknown,,,,,,,,,grapheme_class,891,,,hyphen_boundary,Positions classified as hyphen_boundary in the grapheme-class stream.,0,warning,DEGENERATE_EVENT_MAP,0,The event map is all false or all true; many metrics collapse to trivial values.,"{""code"": ""DEGENERATE_EVENT_MAP"", ""severity"": ""warning"", ""interpretation_level"": 0, ""message"": ""The event map is all false or all true; many metrics collapse to trivial values.""}"
C:\github\5hr-conlang\riemann_analysis\rrlang\outputs\controls_paper_minimum_v0_3_nulls100\control_mesu_udhr_punctuation_noise_every5.json,controls_paper_minimum_v0_3_nulls100,,,,mesu,unknown,unknown,,,,,,,,,grapheme_class,891,,,other,Positions classified as other in the grapheme-class stream.,0,warning,LOW_EVENT_COUNT,0,The event occurs fewer than five times; gap and prime-position metrics are weak evidence.,"{""code"": ""LOW_EVENT_COUNT"", ""severity"": ""warning"", ""interpretation_level"": 0, ""message"": ""The event occurs fewer than five times; gap and prime-position metrics are weak evidence.""}"
C:\github\5hr-conlang\riemann_analysis\rrlang\outputs\controls_paper_minimum_v0_3_nulls100\control_mesu_udhr_punctuation_noise_every5.json,controls_paper_minimum_v0_3_nulls100,,,,mesu,unknown,unknown,,,,,,,,,grapheme_class,891,,,other,Positions classified as other in the grapheme-class stream.,0,warning,DEGENERATE_EVENT_MAP,0,The event map is all false or all true; many metrics collapse to trivial values.,"{""code"": ""DEGENERATE_EVENT_MAP"", ""severity"": ""warning"", ""interpretation_level"": 0, ""message"": ""The event map is all false or all true; many metrics collapse to trivial values.""}"
C:\github\5hr-conlang\riemann_analysis\rrlang\outputs\controls_paper_minimum_v0_3_nulls100\control_mesu_udhr_punctuation_noise_every5.json,controls_paper_minimum_v0_3_nulls100,,,,mesu,unknown,unknown,,,,,,,,,word_boundary,891,,,word_boundary,Positions marked as word boundaries after declared whitespace preprocessing.,228,info,STATISTICAL_DEVIATION,1,"Metric 'gap_entropy' deviates from 'density_shuffle' null with z=-37.243. This is a tripwire, not a conclusion.","{""code"": ""STATISTICAL_DEVIATION"", ""severity"": ""info"", ""interpretation_level"": 1, ""message"": ""Metric 'gap_entropy' deviates from 'density_shuffle' null with z=-37.243. This is a tripwire, not a conclusion.""}"
C:\github\5hr-conlang\riemann_analysis\rrlang\outputs\controls_paper_minimum_v0_3_nulls100\control_mesu_udhr_punctuation_noise_every5.json,controls_paper_minimum_v0_3_nulls100,,,,mesu,unknown,unknown,,,,,,,,,word_boundary,891,,,word_boundary,Positions marked as word boundaries after declared whitespace preprocessing.,228,warning,PERIODICITY_OR_CLUSTERING_WARNING,1,"Gap entropy is substantially lower than the 'density_shuffle' null expectation. Inspect for periodicity, clustering, repeated material, genre constraints, or local phonotactic regularity.","{""code"": ""PERIODICITY_OR_CLUSTERING_WARNING"", ""severity"": ""warning"", ""interpretation_level"": 1, ""message"": ""Gap entropy is substantially lower than the 'density_shuffle' null expectation. Inspect for periodicity, clustering, repeated material, genre constraints, or local phonotactic regularity.""}"
C:\github\5hr-conlang\riemann_analysis\rrlang\outputs\controls_paper_minimum_v0_3_nulls100\control_mesu_udhr_punctuation_noise_every5.json,controls_paper_minimum_v0_3_nulls100,,,,mesu,unknown,unknown,,,,,,,,,word_boundary,891,,,word_boundary,Positions marked as word boundaries after declared whitespace preprocessing.,228,info,STATISTICAL_DEVIATION,1,"Metric 'run_entropy' deviates from 'density_shuffle' null with z=-8.220. This is a tripwire, not a conclusion.","{""code"": ""STATISTICAL_DEVIATION"", ""severity"": ""info"", ""interpretation_level"": 1, ""message"": ""Metric 'run_entropy' deviates from 'density_shuffle' null with z=-8.220. This is a tripwire, not a conclusion.""}"
C:\github\5hr-conlang\riemann_analysis\rrlang\outputs\controls_paper_minimum_v0_3_nulls100\control_mesu_udhr_punctuation_noise_every5.json,controls_paper_minimum_v0_3_nulls100,,,,mesu,unknown,unknown,,,,,,,,,word_boundary,891,,,word_boundary,Positions marked as word boundaries after declared whitespace preprocessing.,228,warning,OVER_REGULARITY_WARNING,1,"Run entropy is substantially lower than the 'density_shuffle' null expectation. Possible causes include genuine structure, repeated boilerplate, encoding artefact, formal constraint, or local transition structure not captured by this null.","{""code"": ""OVER_REGULARITY_WARNING"", ""severity"": ""warning"", ""interpretation_level"": 1, ""message"": ""Run entropy is substantially lower than the 'density_shuffle' null expectation. Possible causes include genuine structure, repeated boilerplate, encoding artefact, formal constraint, or local transition structure not captured by this null.""}"
C:\github\5hr-conlang\riemann_analysis\rrlang\outputs\controls_paper_minimum_v0_3_nulls100\control_mesu_udhr_punctuation_noise_every5.json,controls_paper_minimum_v0_3_nulls100,,,,mesu,unknown,unknown,,,,,,,,,word_boundary,891,,,word_boundary,Positions marked as word boundaries after declared whitespace preprocessing.,228,info,STATISTICAL_DEVIATION,1,"Metric 'prime_gap_affinity' deviates from 'density_shuffle' null with z=8.810. This is a tripwire, not a conclusion.","{""code"": ""STATISTICAL_DEVIATION"", ""severity"": ""info"", ""interpretation_level"": 1, ""message"": ""Metric 'prime_gap_affinity' deviates from 'density_shuffle' null with z=8.810. This is a tripwire, not a conclusion.""}"
C:\github\5hr-conlang\riemann_analysis\rrlang\outputs\controls_paper_minimum_v0_3_nulls100\control_mesu_udhr_punctuation_noise_every5.json,controls_paper_minimum_v0_3_nulls100,,,,mesu,unknown,unknown,,,,,,,,,word_boundary,891,,,word_boundary,Positions marked as word boundaries after declared whitespace preprocessing.,228,info,STATISTICAL_DEVIATION,2,"Metric 'gap_entropy' deviates from 'markov_1' null with z=-3.011. This is a tripwire, not a conclusion.","{""code"": ""STATISTICAL_DEVIATION"", ""severity"": ""info"", ""interpretation_level"": 2, ""message"": ""Metric 'gap_entropy' deviates from 'markov_1' null with z=-3.011. This is a tripwire, not a conclusion.""}"
C:\github\5hr-conlang\riemann_analysis\rrlang\outputs\controls_paper_minimum_v0_3_nulls100\control_mesu_udhr_punctuation_noise_every5.json,controls_paper_minimum_v0_3_nulls100,,,,mesu,unknown,unknown,,,,,,,,,word_boundary,891,,,word_boundary,Positions marked as word boundaries after declared whitespace preprocessing.,228,warning,PERIODICITY_OR_CLUSTERING_WARNING,2,"Gap entropy is substantially lower than the 'markov_1' null expectation. Inspect for periodicity, clustering, repeated material, genre constraints, or local phonotactic regularity.","{""code"": ""PERIODICITY_OR_CLUSTERING_WARNING"", ""severity"": ""warning"", ""interpretation_level"": 2, ""message"": ""Gap entropy is substantially lower than the 'markov_1' null expectation. Inspect for periodicity, clustering, repeated material, genre constraints, or local phonotactic regularity.""}"
C:\github\5hr-conlang\riemann_analysis\rrlang\outputs\controls_paper_minimum_v0_3_nulls100\control_mesu_udhr_punctuation_noise_every5.json,controls_paper_minimum_v0_3_nulls100,,,,mesu,unknown,unknown,,,,,,,,,word_boundary,891,,,word_boundary,Positions marked as word boundaries after declared whitespace preprocessing.,228,info,STATISTICAL_DEVIATION,3,"Metric 'prime_gap_affinity' deviates from 'markov_2' null with z=3.360. This is a tripwire, not a conclusion.","{""code"": ""STATISTICAL_DEVIATION"", ""severity"": ""info"", ""interpretation_level"": 3, ""message"": ""Metric 'prime_gap_affinity' deviates from 'markov_2' null with z=3.360. This is a tripwire, not a conclusion.""}"
C:\github\5hr-conlang\riemann_analysis\rrlang\outputs\controls_paper_minimum_v0_3_nulls100\control_mesu_udhr_punctuation_noise_every5.json,controls_paper_minimum_v0_3_nulls100,,,,mesu,unknown,unknown,,,,,,,,,word_boundary,891,,,word_boundary,Positions marked as word boundaries after declared whitespace preprocessing.,228,info,SURVIVES_MARKOV_2_NULL,3,"At least one metric remains deviant under the Markov-2 null. This is stronger than density-only evidence, but still requires corpus and encoding replication.","{""code"": ""SURVIVES_MARKOV_2_NULL"", ""severity"": ""info"", ""interpretation_level"": 3, ""message"": ""At least one metric remains deviant under the Markov-2 null. This is stronger than density-only evidence, but still requires corpus and encoding replication.""}"
C:\github\5hr-conlang\riemann_analysis\rrlang\outputs\controls_paper_minimum_v0_3_nulls100\control_random_bits_seed1337_len12000.json,controls_paper_minimum_v0_3_nulls100,,,,unknown,unknown,unknown,,,,,,,,,grapheme,12149,,,vowel,Basic Latin-vowel positions plus common accented vowels.,0,warning,LOW_EVENT_COUNT,0,The event occurs fewer than five times; gap and prime-position metrics are weak evidence.,"{""code"": ""LOW_EVENT_COUNT"", ""severity"": ""warning"", ""interpretation_level"": 0, ""message"": ""The event occurs fewer than five times; gap and prime-position metrics are weak evidence.""}"
C:\github\5hr-conlang\riemann_analysis\rrlang\outputs\controls_paper_minimum_v0_3_nulls100\control_random_bits_seed1337_len12000.json,controls_paper_minimum_v0_3_nulls100,,,,unknown,unknown,unknown,,,,,,,,,grapheme,12149,,,vowel,Basic Latin-vowel positions plus common accented vowels.,0,warning,DEGENERATE_EVENT_MAP,0,The event map is all false or all true; many metrics collapse to trivial values.,"{""code"": ""DEGENERATE_EVENT_MAP"", ""severity"": ""warning"", ""interpretation_level"": 0, ""message"": ""The event map is all false or all true; many metrics collapse to trivial values.""}"
C:\github\5hr-conlang\riemann_analysis\rrlang\outputs\controls_paper_minimum_v0_3_nulls100\control_random_bits_seed1337_len12000.json,controls_paper_minimum_v0_3_nulls100,,,,unknown,unknown,unknown,,,,,,,,,grapheme,12149,,,consonant,Alphabetic non-vowel positions under the MVP classifier.,0,warning,LOW_EVENT_COUNT,0,The event occurs fewer than five times; gap and prime-position metrics are weak evidence.,"{""code"": ""LOW_EVENT_COUNT"", ""severity"": ""warning"", ""interpretation_level"": 0, ""message"": ""The event occurs fewer than five times; gap and prime-position metrics are weak evidence.""}"
C:\github\5hr-conlang\riemann_analysis\rrlang\outputs\controls_paper_minimum_v0_3_nulls100\control_random_bits_seed1337_len12000.json,controls_paper_minimum_v0_3_nulls100,,,,unknown,unknown,unknown,,,,,,,,,grapheme,12149,,,consonant,Alphabetic non-vowel positions under the MVP classifier.,0,warning,DEGENERATE_EVENT_MAP,0,The event map is all false or all true; many metrics collapse to trivial values.,"{""code"": ""DEGENERATE_EVENT_MAP"", ""severity"": ""warning"", ""interpretation_level"": 0, ""message"": ""The event map is all false or all true; many metrics collapse to trivial values.""}"
C:\github\5hr-conlang\riemann_analysis\rrlang\outputs\controls_paper_minimum_v0_3_nulls100\control_random_bits_seed1337_len12000.json,controls_paper_minimum_v0_3_nulls100,,,,unknown,unknown,unknown,,,,,,,,,grapheme,12149,,,whitespace,Whitespace positions.,149,info,STATISTICAL_DEVIATION,1,"Metric 'gap_entropy' deviates from 'density_shuffle' null with z=-98.745. This is a tripwire, not a conclusion.","{""code"": ""STATISTICAL_DEVIATION"", ""severity"": ""info"", ""interpretation_level"": 1, ""message"": ""Metric 'gap_entropy' deviates from 'density_shuffle' null with z=-98.745. This is a tripwire, not a conclusion.""}"
C:\github\5hr-conlang\riemann_analysis\rrlang\outputs\controls_paper_minimum_v0_3_nulls100\control_random_bits_seed1337_len12000.json,controls_paper_minimum_v0_3_nulls100,,,,unknown,unknown,unknown,,,,,,,,,grapheme,12149,,,whitespace,Whitespace positions.,149,warning,PERIODICITY_OR_CLUSTERING_WARNING,1,"Gap entropy is substantially lower than the 'density_shuffle' null expectation. Inspect for periodicity, clustering, repeated material, genre constraints, or local phonotactic regularity.","{""code"": ""PERIODICITY_OR_CLUSTERING_WARNING"", ""severity"": ""warning"", ""interpretation_level"": 1, ""message"": ""Gap entropy is substantially lower than the 'density_shuffle' null expectation. Inspect for periodicity, clustering, repeated material, genre constraints, or local phonotactic regularity.""}"
C:\github\5hr-conlang\riemann_analysis\rrlang\outputs\controls_paper_minimum_v0_3_nulls100\control_random_bits_seed1337_len12000.json,controls_paper_minimum_v0_3_nulls100,,,,unknown,unknown,unknown,,,,,,,,,grapheme,12149,,,whitespace,Whitespace positions.,149,info,STATISTICAL_DEVIATION,1,"Metric 'run_entropy' deviates from 'density_shuffle' null with z=-67.451. This is a tripwire, not a conclusion.","{""code"": ""STATISTICAL_DEVIATION"", ""severity"": ""info"", ""interpretation_level"": 1, ""message"": ""Metric 'run_entropy' deviates from 'density_shuffle' null with z=-67.451. This is a tripwire, not a conclusion.""}"
C:\github\5hr-conlang\riemann_analysis\rrlang\outputs\controls_paper_minimum_v0_3_nulls100\control_random_bits_seed1337_len12000.json,controls_paper_minimum_v0_3_nulls100,,,,unknown,unknown,unknown,,,,,,,,,grapheme,12149,,,whitespace,Whitespace positions.,149,warning,OVER_REGULARITY_WARNING,1,"Run entropy is substantially lower than the 'density_shuffle' null expectation. Possible causes include genuine structure, repeated boilerplate, encoding artefact, formal constraint, or local transition structure not captured by this null.","{""code"": ""OVER_REGULARITY_WARNING"", ""severity"": ""warning"", ""interpretation_level"": 1, ""message"": ""Run entropy is substantially lower than the 'density_shuffle' null expectation. Possible causes include genuine structure, repeated boilerplate, encoding artefact, formal constraint, or local transition structure not captured by this null.""}"
C:\github\5hr-conlang\riemann_analysis\rrlang\outputs\controls_paper_minimum_v0_3_nulls100\control_random_bits_seed1337_len12000.json,controls_paper_minimum_v0_3_nulls100,,,,unknown,unknown,unknown,,,,,,,,,grapheme,12149,,,whitespace,Whitespace positions.,149,info,STATISTICAL_DEVIATION,1,"Metric 'prime_index_occupancy_bias' deviates from 'density_shuffle' null with z=-4.749. This is a tripwire, not a conclusion.","{""code"": ""STATISTICAL_DEVIATION"", ""severity"": ""info"", ""interpretation_level"": 1, ""message"": ""Metric 'prime_index_occupancy_bias' deviates from 'density_shuffle' null with z=-4.749. This is a tripwire, not a conclusion.""}"
C:\github\5hr-conlang\riemann_analysis\rrlang\outputs\controls_paper_minimum_v0_3_nulls100\control_random_bits_seed1337_len12000.json,controls_paper_minimum_v0_3_nulls100,,,,unknown,unknown,unknown,,,,,,,,,grapheme,12149,,,whitespace,Whitespace positions.,149,info,STATISTICAL_DEVIATION,1,"Metric 'prime_gap_affinity' deviates from 'density_shuffle' null with z=-7.360. This is a tripwire, not a conclusion.","{""code"": ""STATISTICAL_DEVIATION"", ""severity"": ""info"", ""interpretation_level"": 1, ""message"": ""Metric 'prime_gap_affinity' deviates from 'density_shuffle' null with z=-7.360. This is a tripwire, not a conclusion.""}"
C:\github\5hr-conlang\riemann_analysis\rrlang\outputs\controls_paper_minimum_v0_3_nulls100\control_random_bits_seed1337_len12000.json,controls_paper_minimum_v0_3_nulls100,,,,unknown,unknown,unknown,,,,,,,,,grapheme,12149,,,whitespace,Whitespace positions.,149,info,STATISTICAL_DEVIATION,2,"Metric 'gap_entropy' deviates from 'markov_1' null with z=-91.320. This is a tripwire, not a conclusion.","{""code"": ""STATISTICAL_DEVIATION"", ""severity"": ""info"", ""interpretation_level"": 2, ""message"": ""Metric 'gap_entropy' deviates from 'markov_1' null with z=-91.320. This is a tripwire, not a conclusion.""}"
C:\github\5hr-conlang\riemann_analysis\rrlang\outputs\controls_paper_minimum_v0_3_nulls100\control_random_bits_seed1337_len12000.json,controls_paper_minimum_v0_3_nulls100,,,,unknown,unknown,unknown,,,,,,,,,grapheme,12149,,,whitespace,Whitespace positions.,149,warning,PERIODICITY_OR_CLUSTERING_WARNING,2,"Gap entropy is substantially lower than the 'markov_1' null expectation. Inspect for periodicity, clustering, repeated material, genre constraints, or local phonotactic regularity.","{""code"": ""PERIODICITY_OR_CLUSTERING_WARNING"", ""severity"": ""warning"", ""interpretation_level"": 2, ""message"": ""Gap entropy is substantially lower than the 'markov_1' null expectation. Inspect for periodicity, clustering, repeated material, genre constraints, or local phonotactic regularity.""}"
C:\github\5hr-conlang\riemann_analysis\rrlang\outputs\controls_paper_minimum_v0_3_nulls100\control_random_bits_seed1337_len12000.json,controls_paper_minimum_v0_3_nulls100,,,,unknown,unknown,unknown,,,,,,,,,grapheme,12149,,,whitespace,Whitespace positions.,149,info,STATISTICAL_DEVIATION,2,"Metric 'run_entropy' deviates from 'markov_1' null with z=-65.141. This is a tripwire, not a conclusion.","{""code"": ""STATISTICAL_DEVIATION"", ""severity"": ""info"", ""interpretation_level"": 2, ""message"": ""Metric 'run_entropy' deviates from 'markov_1' null with z=-65.141. This is a tripwire, not a conclusion.""}"
C:\github\5hr-conlang\riemann_analysis\rrlang\outputs\controls_paper_minimum_v0_3_nulls100\control_random_bits_seed1337_len12000.json,controls_paper_minimum_v0_3_nulls100,,,,unknown,unknown,unknown,,,,,,,,,grapheme,12149,,,whitespace,Whitespace positions.,149,warning,OVER_REGULARITY_WARNING,2,"Run entropy is substantially lower than the 'markov_1' null expectation. Possible causes include genuine structure, repeated boilerplate, encoding artefact, formal constraint, or local transition structure not captured by this null.","{""code"": ""OVER_REGULARITY_WARNING"", ""severity"": ""warning"", ""interpretation_level"": 2, ""message"": ""Run entropy is substantially lower than the 'markov_1' null expectation. Possible causes include genuine structure, repeated boilerplate, encoding artefact, formal constraint, or local transition structure not captured by this null.""}"
C:\github\5hr-conlang\riemann_analysis\rrlang\outputs\controls_paper_minimum_v0_3_nulls100\control_random_bits_seed1337_len12000.json,controls_paper_minimum_v0_3_nulls100,,,,unknown,unknown,unknown,,,,,,,,,grapheme,12149,,,whitespace,Whitespace positions.,149,info,STATISTICAL_DEVIATION,2,"Metric 'prime_index_occupancy_bias' deviates from 'markov_1' null with z=-5.063. This is a tripwire, not a conclusion.","{""code"": ""STATISTICAL_DEVIATION"", ""severity"": ""info"", ""interpretation_level"": 2, ""message"": ""Metric 'prime_index_occupancy_bias' deviates from 'markov_1' null with z=-5.063. This is a tripwire, not a conclusion.""}"
C:\github\5hr-conlang\riemann_analysis\rrlang\outputs\controls_paper_minimum_v0_3_nulls100\control_random_bits_seed1337_len12000.json,controls_paper_minimum_v0_3_nulls100,,,,unknown,unknown,unknown,,,,,,,,,grapheme,12149,,,whitespace,Whitespace positions.,149,info,STATISTICAL_DEVIATION,2,"Metric 'prime_gap_affinity' deviates from 'markov_1' null with z=-7.129. This is a tripwire, not a conclusion.","{""code"": ""STATISTICAL_DEVIATION"", ""severity"": ""info"", ""interpretation_level"": 2, ""message"": ""Metric 'prime_gap_affinity' deviates from 'markov_1' null with z=-7.129. This is a tripwire, not a conclusion.""}"
C:\github\5hr-conlang\riemann_analysis\rrlang\outputs\controls_paper_minimum_v0_3_nulls100\control_random_bits_seed1337_len12000.json,controls_paper_minimum_v0_3_nulls100,,,,unknown,unknown,unknown,,,,,,,,,grapheme,12149,,,whitespace,Whitespace positions.,149,info,STATISTICAL_DEVIATION,3,"Metric 'gap_entropy' deviates from 'markov_2' null with z=-103.152. This is a tripwire, not a conclusion.","{""code"": ""STATISTICAL_DEVIATION"", ""severity"": ""info"", ""interpretation_level"": 3, ""message"": ""Metric 'gap_entropy' deviates from 'markov_2' null with z=-103.152. This is a tripwire, not a conclusion.""}"
C:\github\5hr-conlang\riemann_analysis\rrlang\outputs\controls_paper_minimum_v0_3_nulls100\control_random_bits_seed1337_len12000.json,controls_paper_minimum_v0_3_nulls100,,,,unknown,unknown,unknown,,,,,,,,,grapheme,12149,,,whitespace,Whitespace positions.,149,warning,PERIODICITY_OR_CLUSTERING_WARNING,3,"Gap entropy is substantially lower than the 'markov_2' null expectation. Inspect for periodicity, clustering, repeated material, genre constraints, or local phonotactic regularity.","{""code"": ""PERIODICITY_OR_CLUSTERING_WARNING"", ""severity"": ""warning"", ""interpretation_level"": 3, ""message"": ""Gap entropy is substantially lower than the 'markov_2' null expectation. Inspect for periodicity, clustering, repeated material, genre constraints, or local phonotactic regularity.""}"
C:\github\5hr-conlang\riemann_analysis\rrlang\outputs\controls_paper_minimum_v0_3_nulls100\control_random_bits_seed1337_len12000.json,controls_paper_minimum_v0_3_nulls100,,,,unknown,unknown,unknown,,,,,,,,,grapheme,12149,,,whitespace,Whitespace positions.,149,info,STATISTICAL_DEVIATION,3,"Metric 'run_entropy' deviates from 'markov_2' null with z=-103.060. This is a tripwire, not a conclusion.","{""code"": ""STATISTICAL_DEVIATION"", ""severity"": ""info"", ""interpretation_level"": 3, ""message"": ""Metric 'run_entropy' deviates from 'markov_2' null with z=-103.060. This is a tripwire, not a conclusion.""}"
C:\github\5hr-conlang\riemann_analysis\rrlang\outputs\controls_paper_minimum_v0_3_nulls100\control_random_bits_seed1337_len12000.json,controls_paper_minimum_v0_3_nulls100,,,,unknown,unknown,unknown,,,,,,,,,grapheme,12149,,,whitespace,Whitespace positions.,149,warning,OVER_REGULARITY_WARNING,3,"Run entropy is substantially lower than the 'markov_2' null expectation. Possible causes include genuine structure, repeated boilerplate, encoding artefact, formal constraint, or local transition structure not captured by this null.","{""code"": ""OVER_REGULARITY_WARNING"", ""severity"": ""warning"", ""interpretation_level"": 3, ""message"": ""Run entropy is substantially lower than the 'markov_2' null expectation. Possible causes include genuine structure, repeated boilerplate, encoding artefact, formal constraint, or local transition structure not captured by this null.""}"
C:\github\5hr-conlang\riemann_analysis\rrlang\outputs\controls_paper_minimum_v0_3_nulls100\control_random_bits_seed1337_len12000.json,controls_paper_minimum_v0_3_nulls100,,,,unknown,unknown,unknown,,,,,,,,,grapheme,12149,,,whitespace,Whitespace positions.,149,info,STATISTICAL_DEVIATION,3,"Metric 'prime_index_occupancy_bias' deviates from 'markov_2' null with z=-4.782. This is a tripwire, not a conclusion.","{""code"": ""STATISTICAL_DEVIATION"", ""severity"": ""info"", ""interpretation_level"": 3, ""message"": ""Metric 'prime_index_occupancy_bias' deviates from 'markov_2' null with z=-4.782. This is a tripwire, not a conclusion.""}"
C:\github\5hr-conlang\riemann_analysis\rrlang\outputs\controls_paper_minimum_v0_3_nulls100\control_random_bits_seed1337_len12000.json,controls_paper_minimum_v0_3_nulls100,,,,unknown,unknown,unknown,,,,,,,,,grapheme,12149,,,whitespace,Whitespace positions.,149,info,STATISTICAL_DEVIATION,3,"Metric 'prime_gap_affinity' deviates from 'markov_2' null with z=-6.731. This is a tripwire, not a conclusion.","{""code"": ""STATISTICAL_DEVIATION"", ""severity"": ""info"", ""interpretation_level"": 3, ""message"": ""Metric 'prime_gap_affinity' deviates from 'markov_2' null with z=-6.731. This is a tripwire, not a conclusion.""}"
C:\github\5hr-conlang\riemann_analysis\rrlang\outputs\controls_paper_minimum_v0_3_nulls100\control_random_bits_seed1337_len12000.json,controls_paper_minimum_v0_3_nulls100,,,,unknown,unknown,unknown,,,,,,,,,grapheme,12149,,,whitespace,Whitespace positions.,149,info,SURVIVES_MARKOV_2_NULL,3,"At least one metric remains deviant under the Markov-2 null. This is stronger than density-only evidence, but still requires corpus and encoding replication.","{""code"": ""SURVIVES_MARKOV_2_NULL"", ""severity"": ""info"", ""interpretation_level"": 3, ""message"": ""At least one metric remains deviant under the Markov-2 null. This is stronger than density-only evidence, but still requires corpus and encoding replication.""}"
C:\github\5hr-conlang\riemann_analysis\rrlang\outputs\controls_paper_minimum_v0_3_nulls100\control_random_bits_seed1337_len12000.json,controls_paper_minimum_v0_3_nulls100,,,,unknown,unknown,unknown,,,,,,,,,grapheme,12149,,,punctuation,Punctuation positions under the declared punctuation/hyphen policies.,0,warning,LOW_EVENT_COUNT,0,The event occurs fewer than five times; gap and prime-position metrics are weak evidence.,"{""code"": ""LOW_EVENT_COUNT"", ""severity"": ""warning"", ""interpretation_level"": 0, ""message"": ""The event occurs fewer than five times; gap and prime-position metrics are weak evidence.""}"
C:\github\5hr-conlang\riemann_analysis\rrlang\outputs\controls_paper_minimum_v0_3_nulls100\control_random_bits_seed1337_len12000.json,controls_paper_minimum_v0_3_nulls100,,,,unknown,unknown,unknown,,,,,,,,,grapheme,12149,,,punctuation,Punctuation positions under the declared punctuation/hyphen policies.,0,warning,DEGENERATE_EVENT_MAP,0,The event map is all false or all true; many metrics collapse to trivial values.,"{""code"": ""DEGENERATE_EVENT_MAP"", ""severity"": ""warning"", ""interpretation_level"": 0, ""message"": ""The event map is all false or all true; many metrics collapse to trivial values.""}"
C:\github\5hr-conlang\riemann_analysis\rrlang\outputs\controls_paper_minimum_v0_3_nulls100\control_random_bits_seed1337_len12000.json,controls_paper_minimum_v0_3_nulls100,,,,unknown,unknown,unknown,,,,,,,,,grapheme,12149,,,hyphen_boundary,Hyphen positions treated as morpheme boundaries by the declared hyphen policy.,0,warning,LOW_EVENT_COUNT,0,The event occurs fewer than five times; gap and prime-position metrics are weak evidence.,"{""code"": ""LOW_EVENT_COUNT"", ""severity"": ""warning"", ""interpretation_level"": 0, ""message"": ""The event occurs fewer than five times; gap and prime-position metrics are weak evidence.""}"
C:\github\5hr-conlang\riemann_analysis\rrlang\outputs\controls_paper_minimum_v0_3_nulls100\control_random_bits_seed1337_len12000.json,controls_paper_minimum_v0_3_nulls100,,,,unknown,unknown,unknown,,,,,,,,,grapheme,12149,,,hyphen_boundary,Hyphen positions treated as morpheme boundaries by the declared hyphen policy.,0,warning,DEGENERATE_EVENT_MAP,0,The event map is all false or all true; many metrics collapse to trivial values.,"{""code"": ""DEGENERATE_EVENT_MAP"", ""severity"": ""warning"", ""interpretation_level"": 0, ""message"": ""The event map is all false or all true; many metrics collapse to trivial values.""}"
C:\github\5hr-conlang\riemann_analysis\rrlang\outputs\controls_paper_minimum_v0_3_nulls100\control_random_bits_seed1337_len12000.json,controls_paper_minimum_v0_3_nulls100,,,,unknown,unknown,unknown,,,,,,,,,grapheme,12149,,,digit,ASCII digit positions.,12000,info,STATISTICAL_DEVIATION,1,"Metric 'run_entropy' deviates from 'density_shuffle' null with z=-62.105. This is a tripwire, not a conclusion.","{""code"": ""STATISTICAL_DEVIATION"", ""severity"": ""info"", ""interpretation_level"": 1, ""message"": ""Metric 'run_entropy' deviates from 'density_shuffle' null with z=-62.105. This is a tripwire, not a conclusion.""}"
C:\github\5hr-conlang\riemann_analysis\rrlang\outputs\controls_paper_minimum_v0_3_nulls100\control_random_bits_seed1337_len12000.json,controls_paper_minimum_v0_3_nulls100,,,,unknown,unknown,unknown,,,,,,,,,grapheme,12149,,,digit,ASCII digit positions.,12000,warning,OVER_REGULARITY_WARNING,1,"Run entropy is substantially lower than the 'density_shuffle' null expectation. Possible causes include genuine structure, repeated boilerplate, encoding artefact, formal constraint, or local transition structure not captured by this null.","{""code"": ""OVER_REGULARITY_WARNING"", ""severity"": ""warning"", ""interpretation_level"": 1, ""message"": ""Run entropy is substantially lower than the 'density_shuffle' null expectation. Possible causes include genuine structure, repeated boilerplate, encoding artefact, formal constraint, or local transition structure not captured by this null.""}"
C:\github\5hr-conlang\riemann_analysis\rrlang\outputs\controls_paper_minimum_v0_3_nulls100\control_random_bits_seed1337_len12000.json,controls_paper_minimum_v0_3_nulls100,,,,unknown,unknown,unknown,,,,,,,,,grapheme,12149,,,digit,ASCII digit positions.,12000,info,STATISTICAL_DEVIATION,1,"Metric 'prime_index_occupancy_bias' deviates from 'density_shuffle' null with z=4.461. This is a tripwire, not a conclusion.","{""code"": ""STATISTICAL_DEVIATION"", ""severity"": ""info"", ""interpretation_level"": 1, ""message"": ""Metric 'prime_index_occupancy_bias' deviates from 'density_shuffle' null with z=4.461. This is a tripwire, not a conclusion.""}"
C:\github\5hr-conlang\riemann_analysis\rrlang\outputs\controls_paper_minimum_v0_3_nulls100\control_random_bits_seed1337_len12000.json,controls_paper_minimum_v0_3_nulls100,,,,unknown,unknown,unknown,,,,,,,,,grapheme,12149,,,digit,ASCII digit positions.,12000,info,STATISTICAL_DEVIATION,2,"Metric 'run_entropy' deviates from 'markov_1' null with z=-78.796. This is a tripwire, not a conclusion.","{""code"": ""STATISTICAL_DEVIATION"", ""severity"": ""info"", ""interpretation_level"": 2, ""message"": ""Metric 'run_entropy' deviates from 'markov_1' null with z=-78.796. This is a tripwire, not a conclusion.""}"
C:\github\5hr-conlang\riemann_analysis\rrlang\outputs\controls_paper_minimum_v0_3_nulls100\control_random_bits_seed1337_len12000.json,controls_paper_minimum_v0_3_nulls100,,,,unknown,unknown,unknown,,,,,,,,,grapheme,12149,,,digit,ASCII digit positions.,12000,warning,OVER_REGULARITY_WARNING,2,"Run entropy is substantially lower than the 'markov_1' null expectation. Possible causes include genuine structure, repeated boilerplate, encoding artefact, formal constraint, or local transition structure not captured by this null.","{""code"": ""OVER_REGULARITY_WARNING"", ""severity"": ""warning"", ""interpretation_level"": 2, ""message"": ""Run entropy is substantially lower than the 'markov_1' null expectation. Possible causes include genuine structure, repeated boilerplate, encoding artefact, formal constraint, or local transition structure not captured by this null.""}"
C:\github\5hr-conlang\riemann_analysis\rrlang\outputs\controls_paper_minimum_v0_3_nulls100\control_random_bits_seed1337_len12000.json,controls_paper_minimum_v0_3_nulls100,,,,unknown,unknown,unknown,,,,,,,,,grapheme,12149,,,digit,ASCII digit positions.,12000,info,STATISTICAL_DEVIATION,2,"Metric 'prime_index_occupancy_bias' deviates from 'markov_1' null with z=4.411. This is a tripwire, not a conclusion.","{""code"": ""STATISTICAL_DEVIATION"", ""severity"": ""info"", ""interpretation_level"": 2, ""message"": ""Metric 'prime_index_occupancy_bias' deviates from 'markov_1' null with z=4.411. This is a tripwire, not a conclusion.""}"
C:\github\5hr-conlang\riemann_analysis\rrlang\outputs\controls_paper_minimum_v0_3_nulls100\control_random_bits_seed1337_len12000.json,controls_paper_minimum_v0_3_nulls100,,,,unknown,unknown,unknown,,,,,,,,,grapheme,12149,,,digit,ASCII digit positions.,12000,info,STATISTICAL_DEVIATION,3,"Metric 'run_entropy' deviates from 'markov_2' null with z=-87.198. This is a tripwire, not a conclusion.","{""code"": ""STATISTICAL_DEVIATION"", ""severity"": ""info"", ""interpretation_level"": 3, ""message"": ""Metric 'run_entropy' deviates from 'markov_2' null with z=-87.198. This is a tripwire, not a conclusion.""}"
C:\github\5hr-conlang\riemann_analysis\rrlang\outputs\controls_paper_minimum_v0_3_nulls100\control_random_bits_seed1337_len12000.json,controls_paper_minimum_v0_3_nulls100,,,,unknown,unknown,unknown,,,,,,,,,grapheme,12149,,,digit,ASCII digit positions.,12000,warning,OVER_REGULARITY_WARNING,3,"Run entropy is substantially lower than the 'markov_2' null expectation. Possible causes include genuine structure, repeated boilerplate, encoding artefact, formal constraint, or local transition structure not captured by this null.","{""code"": ""OVER_REGULARITY_WARNING"", ""severity"": ""warning"", ""interpretation_level"": 3, ""message"": ""Run entropy is substantially lower than the 'markov_2' null expectation. Possible causes include genuine structure, repeated boilerplate, encoding artefact, formal constraint, or local transition structure not captured by this null.""}"
C:\github\5hr-conlang\riemann_analysis\rrlang\outputs\controls_paper_minimum_v0_3_nulls100\control_random_bits_seed1337_len12000.json,controls_paper_minimum_v0_3_nulls100,,,,unknown,unknown,unknown,,,,,,,,,grapheme,12149,,,digit,ASCII digit positions.,12000,info,STATISTICAL_DEVIATION,3,"Metric 'prime_index_occupancy_bias' deviates from 'markov_2' null with z=4.833. This is a tripwire, not a conclusion.","{""code"": ""STATISTICAL_DEVIATION"", ""severity"": ""info"", ""interpretation_level"": 3, ""message"": ""Metric 'prime_index_occupancy_bias' deviates from 'markov_2' null with z=4.833. This is a tripwire, not a conclusion.""}"
C:\github\5hr-conlang\riemann_analysis\rrlang\outputs\controls_paper_minimum_v0_3_nulls100\control_random_bits_seed1337_len12000.json,controls_paper_minimum_v0_3_nulls100,,,,unknown,unknown,unknown,,,,,,,,,grapheme,12149,,,digit,ASCII digit positions.,12000,info,STATISTICAL_DEVIATION,2,"Metric 'run_entropy' deviates from 'gap_order_shuffle' null with z=-79.064. This is a tripwire, not a conclusion.","{""code"": ""STATISTICAL_DEVIATION"", ""severity"": ""info"", ""interpretation_level"": 2, ""message"": ""Metric 'run_entropy' deviates from 'gap_order_shuffle' null with z=-79.064. This is a tripwire, not a conclusion.""}"
C:\github\5hr-conlang\riemann_analysis\rrlang\outputs\controls_paper_minimum_v0_3_nulls100\control_random_bits_seed1337_len12000.json,controls_paper_minimum_v0_3_nulls100,,,,unknown,unknown,unknown,,,,,,,,,grapheme,12149,,,digit,ASCII digit positions.,12000,warning,OVER_REGULARITY_WARNING,2,"Run entropy is substantially lower than the 'gap_order_shuffle' null expectation. Possible causes include genuine structure, repeated boilerplate, encoding artefact, formal constraint, or local transition structure not captured by this null.","{""code"": ""OVER_REGULARITY_WARNING"", ""severity"": ""warning"", ""interpretation_level"": 2, ""message"": ""Run entropy is substantially lower than the 'gap_order_shuffle' null expectation. Possible causes include genuine structure, repeated boilerplate, encoding artefact, formal constraint, or local transition structure not captured by this null.""}"
C:\github\5hr-conlang\riemann_analysis\rrlang\outputs\controls_paper_minimum_v0_3_nulls100\control_random_bits_seed1337_len12000.json,controls_paper_minimum_v0_3_nulls100,,,,unknown,unknown,unknown,,,,,,,,,grapheme,12149,,,digit,ASCII digit positions.,12000,info,STATISTICAL_DEVIATION,2,"Metric 'prime_index_occupancy_bias' deviates from 'gap_order_shuffle' null with z=4.428. This is a tripwire, not a conclusion.","{""code"": ""STATISTICAL_DEVIATION"", ""severity"": ""info"", ""interpretation_level"": 2, ""message"": ""Metric 'prime_index_occupancy_bias' deviates from 'gap_order_shuffle' null with z=4.428. This is a tripwire, not a conclusion.""}"
C:\github\5hr-conlang\riemann_analysis\rrlang\outputs\controls_paper_minimum_v0_3_nulls100\control_random_bits_seed1337_len12000.json,controls_paper_minimum_v0_3_nulls100,,,,unknown,unknown,unknown,,,,,,,,,grapheme,12149,,,digit,ASCII digit positions.,12000,info,SURVIVES_MARKOV_2_NULL,3,"At least one metric remains deviant under the Markov-2 null. This is stronger than density-only evidence, but still requires corpus and encoding replication.","{""code"": ""SURVIVES_MARKOV_2_NULL"", ""severity"": ""info"", ""interpretation_level"": 3, ""message"": ""At least one metric remains deviant under the Markov-2 null. This is stronger than density-only evidence, but still requires corpus and encoding replication.""}"
C:\github\5hr-conlang\riemann_analysis\rrlang\outputs\controls_paper_minimum_v0_3_nulls100\control_random_bits_seed1337_len12000.json,controls_paper_minimum_v0_3_nulls100,,,,unknown,unknown,unknown,,,,,,,,,grapheme_class,12149,,,vowel,Positions classified as vowel in the grapheme-class stream.,0,warning,LOW_EVENT_COUNT,0,The event occurs fewer than five times; gap and prime-position metrics are weak evidence.,"{""code"": ""LOW_EVENT_COUNT"", ""severity"": ""warning"", ""interpretation_level"": 0, ""message"": ""The event occurs fewer than five times; gap and prime-position metrics are weak evidence.""}"
C:\github\5hr-conlang\riemann_analysis\rrlang\outputs\controls_paper_minimum_v0_3_nulls100\control_random_bits_seed1337_len12000.json,controls_paper_minimum_v0_3_nulls100,,,,unknown,unknown,unknown,,,,,,,,,grapheme_class,12149,,,vowel,Positions classified as vowel in the grapheme-class stream.,0,warning,DEGENERATE_EVENT_MAP,0,The event map is all false or all true; many metrics collapse to trivial values.,"{""code"": ""DEGENERATE_EVENT_MAP"", ""severity"": ""warning"", ""interpretation_level"": 0, ""message"": ""The event map is all false or all true; many metrics collapse to trivial values.""}"
C:\github\5hr-conlang\riemann_analysis\rrlang\outputs\controls_paper_minimum_v0_3_nulls100\control_random_bits_seed1337_len12000.json,controls_paper_minimum_v0_3_nulls100,,,,unknown,unknown,unknown,,,,,,,,,grapheme_class,12149,,,consonant,Positions classified as consonant in the grapheme-class stream.,0,warning,LOW_EVENT_COUNT,0,The event occurs fewer than five times; gap and prime-position metrics are weak evidence.,"{""code"": ""LOW_EVENT_COUNT"", ""severity"": ""warning"", ""interpretation_level"": 0, ""message"": ""The event occurs fewer than five times; gap and prime-position metrics are weak evidence.""}"
C:\github\5hr-conlang\riemann_analysis\rrlang\outputs\controls_paper_minimum_v0_3_nulls100\control_random_bits_seed1337_len12000.json,controls_paper_minimum_v0_3_nulls100,,,,unknown,unknown,unknown,,,,,,,,,grapheme_class,12149,,,consonant,Positions classified as consonant in the grapheme-class stream.,0,warning,DEGENERATE_EVENT_MAP,0,The event map is all false or all true; many metrics collapse to trivial values.,"{""code"": ""DEGENERATE_EVENT_MAP"", ""severity"": ""warning"", ""interpretation_level"": 0, ""message"": ""The event map is all false or all true; many metrics collapse to trivial values.""}"
C:\github\5hr-conlang\riemann_analysis\rrlang\outputs\controls_paper_minimum_v0_3_nulls100\control_random_bits_seed1337_len12000.json,controls_paper_minimum_v0_3_nulls100,,,,unknown,unknown,unknown,,,,,,,,,grapheme_class,12149,,,digit,Positions classified as digit in the grapheme-class stream.,12000,info,STATISTICAL_DEVIATION,1,"Metric 'run_entropy' deviates from 'density_shuffle' null with z=-59.008. This is a tripwire, not a conclusion.","{""code"": ""STATISTICAL_DEVIATION"", ""severity"": ""info"", ""interpretation_level"": 1, ""message"": ""Metric 'run_entropy' deviates from 'density_shuffle' null with z=-59.008. This is a tripwire, not a conclusion.""}"
C:\github\5hr-conlang\riemann_analysis\rrlang\outputs\controls_paper_minimum_v0_3_nulls100\control_random_bits_seed1337_len12000.json,controls_paper_minimum_v0_3_nulls100,,,,unknown,unknown,unknown,,,,,,,,,grapheme_class,12149,,,digit,Positions classified as digit in the grapheme-class stream.,12000,warning,OVER_REGULARITY_WARNING,1,"Run entropy is substantially lower than the 'density_shuffle' null expectation. Possible causes include genuine structure, repeated boilerplate, encoding artefact, formal constraint, or local transition structure not captured by this null.","{""code"": ""OVER_REGULARITY_WARNING"", ""severity"": ""warning"", ""interpretation_level"": 1, ""message"": ""Run entropy is substantially lower than the 'density_shuffle' null expectation. Possible causes include genuine structure, repeated boilerplate, encoding artefact, formal constraint, or local transition structure not captured by this null.""}"
C:\github\5hr-conlang\riemann_analysis\rrlang\outputs\controls_paper_minimum_v0_3_nulls100\control_random_bits_seed1337_len12000.json,controls_paper_minimum_v0_3_nulls100,,,,unknown,unknown,unknown,,,,,,,,,grapheme_class,12149,,,digit,Positions classified as digit in the grapheme-class stream.,12000,info,STATISTICAL_DEVIATION,1,"Metric 'prime_index_occupancy_bias' deviates from 'density_shuffle' null with z=4.368. This is a tripwire, not a conclusion.","{""code"": ""STATISTICAL_DEVIATION"", ""severity"": ""info"", ""interpretation_level"": 1, ""message"": ""Metric 'prime_index_occupancy_bias' deviates from 'density_shuffle' null with z=4.368. This is a tripwire, not a conclusion.""}"
C:\github\5hr-conlang\riemann_analysis\rrlang\outputs\controls_paper_minimum_v0_3_nulls100\control_random_bits_seed1337_len12000.json,controls_paper_minimum_v0_3_nulls100,,,,unknown,unknown,unknown,,,,,,,,,grapheme_class,12149,,,digit,Positions classified as digit in the grapheme-class stream.,12000,info,STATISTICAL_DEVIATION,2,"Metric 'run_entropy' deviates from 'markov_1' null with z=-73.355. This is a tripwire, not a conclusion.","{""code"": ""STATISTICAL_DEVIATION"", ""severity"": ""info"", ""interpretation_level"": 2, ""message"": ""Metric 'run_entropy' deviates from 'markov_1' null with z=-73.355. This is a tripwire, not a conclusion.""}"
C:\github\5hr-conlang\riemann_analysis\rrlang\outputs\controls_paper_minimum_v0_3_nulls100\control_random_bits_seed1337_len12000.json,controls_paper_minimum_v0_3_nulls100,,,,unknown,unknown,unknown,,,,,,,,,grapheme_class,12149,,,digit,Positions classified as digit in the grapheme-class stream.,12000,warning,OVER_REGULARITY_WARNING,2,"Run entropy is substantially lower than the 'markov_1' null expectation. Possible causes include genuine structure, repeated boilerplate, encoding artefact, formal constraint, or local transition structure not captured by this null.","{""code"": ""OVER_REGULARITY_WARNING"", ""severity"": ""warning"", ""interpretation_level"": 2, ""message"": ""Run entropy is substantially lower than the 'markov_1' null expectation. Possible causes include genuine structure, repeated boilerplate, encoding artefact, formal constraint, or local transition structure not captured by this null.""}"
C:\github\5hr-conlang\riemann_analysis\rrlang\outputs\controls_paper_minimum_v0_3_nulls100\control_random_bits_seed1337_len12000.json,controls_paper_minimum_v0_3_nulls100,,,,unknown,unknown,unknown,,,,,,,,,grapheme_class,12149,,,digit,Positions classified as digit in the grapheme-class stream.,12000,info,STATISTICAL_DEVIATION,2,"Metric 'prime_index_occupancy_bias' deviates from 'markov_1' null with z=4.691. This is a tripwire, not a conclusion.","{""code"": ""STATISTICAL_DEVIATION"", ""severity"": ""info"", ""interpretation_level"": 2, ""message"": ""Metric 'prime_index_occupancy_bias' deviates from 'markov_1' null with z=4.691. This is a tripwire, not a conclusion.""}"
C:\github\5hr-conlang\riemann_analysis\rrlang\outputs\controls_paper_minimum_v0_3_nulls100\control_random_bits_seed1337_len12000.json,controls_paper_minimum_v0_3_nulls100,,,,unknown,unknown,unknown,,,,,,,,,grapheme_class,12149,,,digit,Positions classified as digit in the grapheme-class stream.,12000,info,STATISTICAL_DEVIATION,3,"Metric 'run_entropy' deviates from 'markov_2' null with z=-95.646. This is a tripwire, not a conclusion.","{""code"": ""STATISTICAL_DEVIATION"", ""severity"": ""info"", ""interpretation_level"": 3, ""message"": ""Metric 'run_entropy' deviates from 'markov_2' null with z=-95.646. This is a tripwire, not a conclusion.""}"
C:\github\5hr-conlang\riemann_analysis\rrlang\outputs\controls_paper_minimum_v0_3_nulls100\control_random_bits_seed1337_len12000.json,controls_paper_minimum_v0_3_nulls100,,,,unknown,unknown,unknown,,,,,,,,,grapheme_class,12149,,,digit,Positions classified as digit in the grapheme-class stream.,12000,warning,OVER_REGULARITY_WARNING,3,"Run entropy is substantially lower than the 'markov_2' null expectation. Possible causes include genuine structure, repeated boilerplate, encoding artefact, formal constraint, or local transition structure not captured by this null.","{""code"": ""OVER_REGULARITY_WARNING"", ""severity"": ""warning"", ""interpretation_level"": 3, ""message"": ""Run entropy is substantially lower than the 'markov_2' null expectation. Possible causes include genuine structure, repeated boilerplate, encoding artefact, formal constraint, or local transition structure not captured by this null.""}"
C:\github\5hr-conlang\riemann_analysis\rrlang\outputs\controls_paper_minimum_v0_3_nulls100\control_random_bits_seed1337_len12000.json,controls_paper_minimum_v0_3_nulls100,,,,unknown,unknown,unknown,,,,,,,,,grapheme_class,12149,,,digit,Positions classified as digit in the grapheme-class stream.,12000,info,STATISTICAL_DEVIATION,3,"Metric 'prime_index_occupancy_bias' deviates from 'markov_2' null with z=5.198. This is a tripwire, not a conclusion.","{""code"": ""STATISTICAL_DEVIATION"", ""severity"": ""info"", ""interpretation_level"": 3, ""message"": ""Metric 'prime_index_occupancy_bias' deviates from 'markov_2' null with z=5.198. This is a tripwire, not a conclusion.""}"
C:\github\5hr-conlang\riemann_analysis\rrlang\outputs\controls_paper_minimum_v0_3_nulls100\control_random_bits_seed1337_len12000.json,controls_paper_minimum_v0_3_nulls100,,,,unknown,unknown,unknown,,,,,,,,,grapheme_class,12149,,,digit,Positions classified as digit in the grapheme-class stream.,12000,info,STATISTICAL_DEVIATION,2,"Metric 'run_entropy' deviates from 'gap_order_shuffle' null with z=-68.125. This is a tripwire, not a conclusion.","{""code"": ""STATISTICAL_DEVIATION"", ""severity"": ""info"", ""interpretation_level"": 2, ""message"": ""Metric 'run_entropy' deviates from 'gap_order_shuffle' null with z=-68.125. This is a tripwire, not a conclusion.""}"
C:\github\5hr-conlang\riemann_analysis\rrlang\outputs\controls_paper_minimum_v0_3_nulls100\control_random_bits_seed1337_len12000.json,controls_paper_minimum_v0_3_nulls100,,,,unknown,unknown,unknown,,,,,,,,,grapheme_class,12149,,,digit,Positions classified as digit in the grapheme-class stream.,12000,warning,OVER_REGULARITY_WARNING,2,"Run entropy is substantially lower than the 'gap_order_shuffle' null expectation. Possible causes include genuine structure, repeated boilerplate, encoding artefact, formal constraint, or local transition structure not captured by this null.","{""code"": ""OVER_REGULARITY_WARNING"", ""severity"": ""warning"", ""interpretation_level"": 2, ""message"": ""Run entropy is substantially lower than the 'gap_order_shuffle' null expectation. Possible causes include genuine structure, repeated boilerplate, encoding artefact, formal constraint, or local transition structure not captured by this null.""}"
C:\github\5hr-conlang\riemann_analysis\rrlang\outputs\controls_paper_minimum_v0_3_nulls100\control_random_bits_seed1337_len12000.json,controls_paper_minimum_v0_3_nulls100,,,,unknown,unknown,unknown,,,,,,,,,grapheme_class,12149,,,digit,Positions classified as digit in the grapheme-class stream.,12000,info,STATISTICAL_DEVIATION,2,"Metric 'prime_index_occupancy_bias' deviates from 'gap_order_shuffle' null with z=4.103. This is a tripwire, not a conclusion.","{""code"": ""STATISTICAL_DEVIATION"", ""severity"": ""info"", ""interpretation_level"": 2, ""message"": ""Metric 'prime_index_occupancy_bias' deviates from 'gap_order_shuffle' null with z=4.103. This is a tripwire, not a conclusion.""}"
C:\github\5hr-conlang\riemann_analysis\rrlang\outputs\controls_paper_minimum_v0_3_nulls100\control_random_bits_seed1337_len12000.json,controls_paper_minimum_v0_3_nulls100,,,,unknown,unknown,unknown,,,,,,,,,grapheme_class,12149,,,digit,Positions classified as digit in the grapheme-class stream.,12000,info,SURVIVES_MARKOV_2_NULL,3,"At least one metric remains deviant under the Markov-2 null. This is stronger than density-only evidence, but still requires corpus and encoding replication.","{""code"": ""SURVIVES_MARKOV_2_NULL"", ""severity"": ""info"", ""interpretation_level"": 3, ""message"": ""At least one metric remains deviant under the Markov-2 null. This is stronger than density-only evidence, but still requires corpus and encoding replication.""}"
C:\github\5hr-conlang\riemann_analysis\rrlang\outputs\controls_paper_minimum_v0_3_nulls100\control_random_bits_seed1337_len12000.json,controls_paper_minimum_v0_3_nulls100,,,,unknown,unknown,unknown,,,,,,,,,grapheme_class,12149,,,whitespace,Positions classified as whitespace in the grapheme-class stream.,149,info,STATISTICAL_DEVIATION,1,"Metric 'gap_entropy' deviates from 'density_shuffle' null with z=-98.950. This is a tripwire, not a conclusion.","{""code"": ""STATISTICAL_DEVIATION"", ""severity"": ""info"", ""interpretation_level"": 1, ""message"": ""Metric 'gap_entropy' deviates from 'density_shuffle' null with z=-98.950. This is a tripwire, not a conclusion.""}"
C:\github\5hr-conlang\riemann_analysis\rrlang\outputs\controls_paper_minimum_v0_3_nulls100\control_random_bits_seed1337_len12000.json,controls_paper_minimum_v0_3_nulls100,,,,unknown,unknown,unknown,,,,,,,,,grapheme_class,12149,,,whitespace,Positions classified as whitespace in the grapheme-class stream.,149,warning,PERIODICITY_OR_CLUSTERING_WARNING,1,"Gap entropy is substantially lower than the 'density_shuffle' null expectation. Inspect for periodicity, clustering, repeated material, genre constraints, or local phonotactic regularity.","{""code"": ""PERIODICITY_OR_CLUSTERING_WARNING"", ""severity"": ""warning"", ""interpretation_level"": 1, ""message"": ""Gap entropy is substantially lower than the 'density_shuffle' null expectation. Inspect for periodicity, clustering, repeated material, genre constraints, or local phonotactic regularity.""}"
C:\github\5hr-conlang\riemann_analysis\rrlang\outputs\controls_paper_minimum_v0_3_nulls100\control_random_bits_seed1337_len12000.json,controls_paper_minimum_v0_3_nulls100,,,,unknown,unknown,unknown,,,,,,,,,grapheme_class,12149,,,whitespace,Positions classified as whitespace in the grapheme-class stream.,149,info,STATISTICAL_DEVIATION,1,"Metric 'run_entropy' deviates from 'density_shuffle' null with z=-68.747. This is a tripwire, not a conclusion.","{""code"": ""STATISTICAL_DEVIATION"", ""severity"": ""info"", ""interpretation_level"": 1, ""message"": ""Metric 'run_entropy' deviates from 'density_shuffle' null with z=-68.747. This is a tripwire, not a conclusion.""}"
C:\github\5hr-conlang\riemann_analysis\rrlang\outputs\controls_paper_minimum_v0_3_nulls100\control_random_bits_seed1337_len12000.json,controls_paper_minimum_v0_3_nulls100,,,,unknown,unknown,unknown,,,,,,,,,grapheme_class,12149,,,whitespace,Positions classified as whitespace in the grapheme-class stream.,149,warning,OVER_REGULARITY_WARNING,1,"Run entropy is substantially lower than the 'density_shuffle' null expectation. Possible causes include genuine structure, repeated boilerplate, encoding artefact, formal constraint, or local transition structure not captured by this null.","{""code"": ""OVER_REGULARITY_WARNING"", ""severity"": ""warning"", ""interpretation_level"": 1, ""message"": ""Run entropy is substantially lower than the 'density_shuffle' null expectation. Possible causes include genuine structure, repeated boilerplate, encoding artefact, formal constraint, or local transition structure not captured by this null.""}"
C:\github\5hr-conlang\riemann_analysis\rrlang\outputs\controls_paper_minimum_v0_3_nulls100\control_random_bits_seed1337_len12000.json,controls_paper_minimum_v0_3_nulls100,,,,unknown,unknown,unknown,,,,,,,,,grapheme_class,12149,,,whitespace,Positions classified as whitespace in the grapheme-class stream.,149,info,STATISTICAL_DEVIATION,1,"Metric 'prime_index_occupancy_bias' deviates from 'density_shuffle' null with z=-4.912. This is a tripwire, not a conclusion.","{""code"": ""STATISTICAL_DEVIATION"", ""severity"": ""info"", ""interpretation_level"": 1, ""message"": ""Metric 'prime_index_occupancy_bias' deviates from 'density_shuffle' null with z=-4.912. This is a tripwire, not a conclusion.""}"
C:\github\5hr-conlang\riemann_analysis\rrlang\outputs\controls_paper_minimum_v0_3_nulls100\control_random_bits_seed1337_len12000.json,controls_paper_minimum_v0_3_nulls100,,,,unknown,unknown,unknown,,,,,,,,,grapheme_class,12149,,,whitespace,Positions classified as whitespace in the grapheme-class stream.,149,info,STATISTICAL_DEVIATION,1,"Metric 'prime_gap_affinity' deviates from 'density_shuffle' null with z=-6.376. This is a tripwire, not a conclusion.","{""code"": ""STATISTICAL_DEVIATION"", ""severity"": ""info"", ""interpretation_level"": 1, ""message"": ""Metric 'prime_gap_affinity' deviates from 'density_shuffle' null with z=-6.376. This is a tripwire, not a conclusion.""}"
C:\github\5hr-conlang\riemann_analysis\rrlang\outputs\controls_paper_minimum_v0_3_nulls100\control_random_bits_seed1337_len12000.json,controls_paper_minimum_v0_3_nulls100,,,,unknown,unknown,unknown,,,,,,,,,grapheme_class,12149,,,whitespace,Positions classified as whitespace in the grapheme-class stream.,149,info,STATISTICAL_DEVIATION,2,"Metric 'gap_entropy' deviates from 'markov_1' null with z=-100.390. This is a tripwire, not a conclusion.","{""code"": ""STATISTICAL_DEVIATION"", ""severity"": ""info"", ""interpretation_level"": 2, ""message"": ""Metric 'gap_entropy' deviates from 'markov_1' null with z=-100.390. This is a tripwire, not a conclusion.""}"
C:\github\5hr-conlang\riemann_analysis\rrlang\outputs\controls_paper_minimum_v0_3_nulls100\control_random_bits_seed1337_len12000.json,controls_paper_minimum_v0_3_nulls100,,,,unknown,unknown,unknown,,,,,,,,,grapheme_class,12149,,,whitespace,Positions classified as whitespace in the grapheme-class stream.,149,warning,PERIODICITY_OR_CLUSTERING_WARNING,2,"Gap entropy is substantially lower than the 'markov_1' null expectation. Inspect for periodicity, clustering, repeated material, genre constraints, or local phonotactic regularity.","{""code"": ""PERIODICITY_OR_CLUSTERING_WARNING"", ""severity"": ""warning"", ""interpretation_level"": 2, ""message"": ""Gap entropy is substantially lower than the 'markov_1' null expectation. Inspect for periodicity, clustering, repeated material, genre constraints, or local phonotactic regularity.""}"
C:\github\5hr-conlang\riemann_analysis\rrlang\outputs\controls_paper_minimum_v0_3_nulls100\control_random_bits_seed1337_len12000.json,controls_paper_minimum_v0_3_nulls100,,,,unknown,unknown,unknown,,,,,,,,,grapheme_class,12149,,,whitespace,Positions classified as whitespace in the grapheme-class stream.,149,info,STATISTICAL_DEVIATION,2,"Metric 'run_entropy' deviates from 'markov_1' null with z=-69.290. This is a tripwire, not a conclusion.","{""code"": ""STATISTICAL_DEVIATION"", ""severity"": ""info"", ""interpretation_level"": 2, ""message"": ""Metric 'run_entropy' deviates from 'markov_1' null with z=-69.290. This is a tripwire, not a conclusion.""}"
C:\github\5hr-conlang\riemann_analysis\rrlang\outputs\controls_paper_minimum_v0_3_nulls100\control_random_bits_seed1337_len12000.json,controls_paper_minimum_v0_3_nulls100,,,,unknown,unknown,unknown,,,,,,,,,grapheme_class,12149,,,whitespace,Positions classified as whitespace in the grapheme-class stream.,149,warning,OVER_REGULARITY_WARNING,2,"Run entropy is substantially lower than the 'markov_1' null expectation. Possible causes include genuine structure, repeated boilerplate, encoding artefact, formal constraint, or local transition structure not captured by this null.","{""code"": ""OVER_REGULARITY_WARNING"", ""severity"": ""warning"", ""interpretation_level"": 2, ""message"": ""Run entropy is substantially lower than the 'markov_1' null expectation. Possible causes include genuine structure, repeated boilerplate, encoding artefact, formal constraint, or local transition structure not captured by this null.""}"
C:\github\5hr-conlang\riemann_analysis\rrlang\outputs\controls_paper_minimum_v0_3_nulls100\control_random_bits_seed1337_len12000.json,controls_paper_minimum_v0_3_nulls100,,,,unknown,unknown,unknown,,,,,,,,,grapheme_class,12149,,,whitespace,Positions classified as whitespace in the grapheme-class stream.,149,info,STATISTICAL_DEVIATION,2,"Metric 'prime_index_occupancy_bias' deviates from 'markov_1' null with z=-4.934. This is a tripwire, not a conclusion.","{""code"": ""STATISTICAL_DEVIATION"", ""severity"": ""info"", ""interpretation_level"": 2, ""message"": ""Metric 'prime_index_occupancy_bias' deviates from 'markov_1' null with z=-4.934. This is a tripwire, not a conclusion.""}"
C:\github\5hr-conlang\riemann_analysis\rrlang\outputs\controls_paper_minimum_v0_3_nulls100\control_random_bits_seed1337_len12000.json,controls_paper_minimum_v0_3_nulls100,,,,unknown,unknown,unknown,,,,,,,,,grapheme_class,12149,,,whitespace,Positions classified as whitespace in the grapheme-class stream.,149,info,STATISTICAL_DEVIATION,2,"Metric 'prime_gap_affinity' deviates from 'markov_1' null with z=-7.585. This is a tripwire, not a conclusion.","{""code"": ""STATISTICAL_DEVIATION"", ""severity"": ""info"", ""interpretation_level"": 2, ""message"": ""Metric 'prime_gap_affinity' deviates from 'markov_1' null with z=-7.585. This is a tripwire, not a conclusion.""}"
C:\github\5hr-conlang\riemann_analysis\rrlang\outputs\controls_paper_minimum_v0_3_nulls100\control_random_bits_seed1337_len12000.json,controls_paper_minimum_v0_3_nulls100,,,,unknown,unknown,unknown,,,,,,,,,grapheme_class,12149,,,whitespace,Positions classified as whitespace in the grapheme-class stream.,149,info,STATISTICAL_DEVIATION,3,"Metric 'gap_entropy' deviates from 'markov_2' null with z=-97.792. This is a tripwire, not a conclusion.","{""code"": ""STATISTICAL_DEVIATION"", ""severity"": ""info"", ""interpretation_level"": 3, ""message"": ""Metric 'gap_entropy' deviates from 'markov_2' null with z=-97.792. This is a tripwire, not a conclusion.""}"
C:\github\5hr-conlang\riemann_analysis\rrlang\outputs\controls_paper_minimum_v0_3_nulls100\control_random_bits_seed1337_len12000.json,controls_paper_minimum_v0_3_nulls100,,,,unknown,unknown,unknown,,,,,,,,,grapheme_class,12149,,,whitespace,Positions classified as whitespace in the grapheme-class stream.,149,warning,PERIODICITY_OR_CLUSTERING_WARNING,3,"Gap entropy is substantially lower than the 'markov_2' null expectation. Inspect for periodicity, clustering, repeated material, genre constraints, or local phonotactic regularity.","{""code"": ""PERIODICITY_OR_CLUSTERING_WARNING"", ""severity"": ""warning"", ""interpretation_level"": 3, ""message"": ""Gap entropy is substantially lower than the 'markov_2' null expectation. Inspect for periodicity, clustering, repeated material, genre constraints, or local phonotactic regularity.""}"
C:\github\5hr-conlang\riemann_analysis\rrlang\outputs\controls_paper_minimum_v0_3_nulls100\control_random_bits_seed1337_len12000.json,controls_paper_minimum_v0_3_nulls100,,,,unknown,unknown,unknown,,,,,,,,,grapheme_class,12149,,,whitespace,Positions classified as whitespace in the grapheme-class stream.,149,info,STATISTICAL_DEVIATION,3,"Metric 'run_entropy' deviates from 'markov_2' null with z=-100.056. This is a tripwire, not a conclusion.","{""code"": ""STATISTICAL_DEVIATION"", ""severity"": ""info"", ""interpretation_level"": 3, ""message"": ""Metric 'run_entropy' deviates from 'markov_2' null with z=-100.056. This is a tripwire, not a conclusion.""}"
C:\github\5hr-conlang\riemann_analysis\rrlang\outputs\controls_paper_minimum_v0_3_nulls100\control_random_bits_seed1337_len12000.json,controls_paper_minimum_v0_3_nulls100,,,,unknown,unknown,unknown,,,,,,,,,grapheme_class,12149,,,whitespace,Positions classified as whitespace in the grapheme-class stream.,149,warning,OVER_REGULARITY_WARNING,3,"Run entropy is substantially lower than the 'markov_2' null expectation. Possible causes include genuine structure, repeated boilerplate, encoding artefact, formal constraint, or local transition structure not captured by this null.","{""code"": ""OVER_REGULARITY_WARNING"", ""severity"": ""warning"", ""interpretation_level"": 3, ""message"": ""Run entropy is substantially lower than the 'markov_2' null expectation. Possible causes include genuine structure, repeated boilerplate, encoding artefact, formal constraint, or local transition structure not captured by this null.""}"
C:\github\5hr-conlang\riemann_analysis\rrlang\outputs\controls_paper_minimum_v0_3_nulls100\control_random_bits_seed1337_len12000.json,controls_paper_minimum_v0_3_nulls100,,,,unknown,unknown,unknown,,,,,,,,,grapheme_class,12149,,,whitespace,Positions classified as whitespace in the grapheme-class stream.,149,info,STATISTICAL_DEVIATION,3,"Metric 'prime_index_occupancy_bias' deviates from 'markov_2' null with z=-4.558. This is a tripwire, not a conclusion.","{""code"": ""STATISTICAL_DEVIATION"", ""severity"": ""info"", ""interpretation_level"": 3, ""message"": ""Metric 'prime_index_occupancy_bias' deviates from 'markov_2' null with z=-4.558. This is a tripwire, not a conclusion.""}"
C:\github\5hr-conlang\riemann_analysis\rrlang\outputs\controls_paper_minimum_v0_3_nulls100\control_random_bits_seed1337_len12000.json,controls_paper_minimum_v0_3_nulls100,,,,unknown,unknown,unknown,,,,,,,,,grapheme_class,12149,,,whitespace,Positions classified as whitespace in the grapheme-class stream.,149,info,STATISTICAL_DEVIATION,3,"Metric 'prime_gap_affinity' deviates from 'markov_2' null with z=-7.374. This is a tripwire, not a conclusion.","{""code"": ""STATISTICAL_DEVIATION"", ""severity"": ""info"", ""interpretation_level"": 3, ""message"": ""Metric 'prime_gap_affinity' deviates from 'markov_2' null with z=-7.374. This is a tripwire, not a conclusion.""}"
C:\github\5hr-conlang\riemann_analysis\rrlang\outputs\controls_paper_minimum_v0_3_nulls100\control_random_bits_seed1337_len12000.json,controls_paper_minimum_v0_3_nulls100,,,,unknown,unknown,unknown,,,,,,,,,grapheme_class,12149,,,whitespace,Positions classified as whitespace in the grapheme-class stream.,149,info,SURVIVES_MARKOV_2_NULL,3,"At least one metric remains deviant under the Markov-2 null. This is stronger than density-only evidence, but still requires corpus and encoding replication.","{""code"": ""SURVIVES_MARKOV_2_NULL"", ""severity"": ""info"", ""interpretation_level"": 3, ""message"": ""At least one metric remains deviant under the Markov-2 null. This is stronger than density-only evidence, but still requires corpus and encoding replication.""}"
C:\github\5hr-conlang\riemann_analysis\rrlang\outputs\controls_paper_minimum_v0_3_nulls100\control_random_bits_seed1337_len12000.json,controls_paper_minimum_v0_3_nulls100,,,,unknown,unknown,unknown,,,,,,,,,grapheme_class,12149,,,punctuation,Positions classified as punctuation in the grapheme-class stream.,0,warning,LOW_EVENT_COUNT,0,The event occurs fewer than five times; gap and prime-position metrics are weak evidence.,"{""code"": ""LOW_EVENT_COUNT"", ""severity"": ""warning"", ""interpretation_level"": 0, ""message"": ""The event occurs fewer than five times; gap and prime-position metrics are weak evidence.""}"
C:\github\5hr-conlang\riemann_analysis\rrlang\outputs\controls_paper_minimum_v0_3_nulls100\control_random_bits_seed1337_len12000.json,controls_paper_minimum_v0_3_nulls100,,,,unknown,unknown,unknown,,,,,,,,,grapheme_class,12149,,,punctuation,Positions classified as punctuation in the grapheme-class stream.,0,warning,DEGENERATE_EVENT_MAP,0,The event map is all false or all true; many metrics collapse to trivial values.,"{""code"": ""DEGENERATE_EVENT_MAP"", ""severity"": ""warning"", ""interpretation_level"": 0, ""message"": ""The event map is all false or all true; many metrics collapse to trivial values.""}"
C:\github\5hr-conlang\riemann_analysis\rrlang\outputs\controls_paper_minimum_v0_3_nulls100\control_random_bits_seed1337_len12000.json,controls_paper_minimum_v0_3_nulls100,,,,unknown,unknown,unknown,,,,,,,,,grapheme_class,12149,,,hyphen_boundary,Positions classified as hyphen_boundary in the grapheme-class stream.,0,warning,LOW_EVENT_COUNT,0,The event occurs fewer than five times; gap and prime-position metrics are weak evidence.,"{""code"": ""LOW_EVENT_COUNT"", ""severity"": ""warning"", ""interpretation_level"": 0, ""message"": ""The event occurs fewer than five times; gap and prime-position metrics are weak evidence.""}"
C:\github\5hr-conlang\riemann_analysis\rrlang\outputs\controls_paper_minimum_v0_3_nulls100\control_random_bits_seed1337_len12000.json,controls_paper_minimum_v0_3_nulls100,,,,unknown,unknown,unknown,,,,,,,,,grapheme_class,12149,,,hyphen_boundary,Positions classified as hyphen_boundary in the grapheme-class stream.,0,warning,DEGENERATE_EVENT_MAP,0,The event map is all false or all true; many metrics collapse to trivial values.,"{""code"": ""DEGENERATE_EVENT_MAP"", ""severity"": ""warning"", ""interpretation_level"": 0, ""message"": ""The event map is all false or all true; many metrics collapse to trivial values.""}"
C:\github\5hr-conlang\riemann_analysis\rrlang\outputs\controls_paper_minimum_v0_3_nulls100\control_random_bits_seed1337_len12000.json,controls_paper_minimum_v0_3_nulls100,,,,unknown,unknown,unknown,,,,,,,,,grapheme_class,12149,,,other,Positions classified as other in the grapheme-class stream.,0,warning,LOW_EVENT_COUNT,0,The event occurs fewer than five times; gap and prime-position metrics are weak evidence.,"{""code"": ""LOW_EVENT_COUNT"", ""severity"": ""warning"", ""interpretation_level"": 0, ""message"": ""The event occurs fewer than five times; gap and prime-position metrics are weak evidence.""}"
C:\github\5hr-conlang\riemann_analysis\rrlang\outputs\controls_paper_minimum_v0_3_nulls100\control_random_bits_seed1337_len12000.json,controls_paper_minimum_v0_3_nulls100,,,,unknown,unknown,unknown,,,,,,,,,grapheme_class,12149,,,other,Positions classified as other in the grapheme-class stream.,0,warning,DEGENERATE_EVENT_MAP,0,The event map is all false or all true; many metrics collapse to trivial values.,"{""code"": ""DEGENERATE_EVENT_MAP"", ""severity"": ""warning"", ""interpretation_level"": 0, ""message"": ""The event map is all false or all true; many metrics collapse to trivial values.""}"
C:\github\5hr-conlang\riemann_analysis\rrlang\outputs\controls_paper_minimum_v0_3_nulls100\control_random_bits_seed1337_len12000.json,controls_paper_minimum_v0_3_nulls100,,,,unknown,unknown,unknown,,,,,,,,,word_boundary,12149,,,word_boundary,Positions marked as word boundaries after declared whitespace preprocessing.,149,info,STATISTICAL_DEVIATION,1,"Metric 'gap_entropy' deviates from 'density_shuffle' null with z=-98.954. This is a tripwire, not a conclusion.","{""code"": ""STATISTICAL_DEVIATION"", ""severity"": ""info"", ""interpretation_level"": 1, ""message"": ""Metric 'gap_entropy' deviates from 'density_shuffle' null with z=-98.954. This is a tripwire, not a conclusion.""}"
C:\github\5hr-conlang\riemann_analysis\rrlang\outputs\controls_paper_minimum_v0_3_nulls100\control_random_bits_seed1337_len12000.json,controls_paper_minimum_v0_3_nulls100,,,,unknown,unknown,unknown,,,,,,,,,word_boundary,12149,,,word_boundary,Positions marked as word boundaries after declared whitespace preprocessing.,149,warning,PERIODICITY_OR_CLUSTERING_WARNING,1,"Gap entropy is substantially lower than the 'density_shuffle' null expectation. Inspect for periodicity, clustering, repeated material, genre constraints, or local phonotactic regularity.","{""code"": ""PERIODICITY_OR_CLUSTERING_WARNING"", ""severity"": ""warning"", ""interpretation_level"": 1, ""message"": ""Gap entropy is substantially lower than the 'density_shuffle' null expectation. Inspect for periodicity, clustering, repeated material, genre constraints, or local phonotactic regularity.""}"
C:\github\5hr-conlang\riemann_analysis\rrlang\outputs\controls_paper_minimum_v0_3_nulls100\control_random_bits_seed1337_len12000.json,controls_paper_minimum_v0_3_nulls100,,,,unknown,unknown,unknown,,,,,,,,,word_boundary,12149,,,word_boundary,Positions marked as word boundaries after declared whitespace preprocessing.,149,info,STATISTICAL_DEVIATION,1,"Metric 'run_entropy' deviates from 'density_shuffle' null with z=-58.807. This is a tripwire, not a conclusion.","{""code"": ""STATISTICAL_DEVIATION"", ""severity"": ""info"", ""interpretation_level"": 1, ""message"": ""Metric 'run_entropy' deviates from 'density_shuffle' null with z=-58.807. This is a tripwire, not a conclusion.""}"
C:\github\5hr-conlang\riemann_analysis\rrlang\outputs\controls_paper_minimum_v0_3_nulls100\control_random_bits_seed1337_len12000.json,controls_paper_minimum_v0_3_nulls100,,,,unknown,unknown,unknown,,,,,,,,,word_boundary,12149,,,word_boundary,Positions marked as word boundaries after declared whitespace preprocessing.,149,warning,OVER_REGULARITY_WARNING,1,"Run entropy is substantially lower than the 'density_shuffle' null expectation. Possible causes include genuine structure, repeated boilerplate, encoding artefact, formal constraint, or local transition structure not captured by this null.","{""code"": ""OVER_REGULARITY_WARNING"", ""severity"": ""warning"", ""interpretation_level"": 1, ""message"": ""Run entropy is substantially lower than the 'density_shuffle' null expectation. Possible causes include genuine structure, repeated boilerplate, encoding artefact, formal constraint, or local transition structure not captured by this null.""}"
C:\github\5hr-conlang\riemann_analysis\rrlang\outputs\controls_paper_minimum_v0_3_nulls100\control_random_bits_seed1337_len12000.json,controls_paper_minimum_v0_3_nulls100,,,,unknown,unknown,unknown,,,,,,,,,word_boundary,12149,,,word_boundary,Positions marked as word boundaries after declared whitespace preprocessing.,149,info,STATISTICAL_DEVIATION,1,"Metric 'prime_index_occupancy_bias' deviates from 'density_shuffle' null with z=-4.636. This is a tripwire, not a conclusion.","{""code"": ""STATISTICAL_DEVIATION"", ""severity"": ""info"", ""interpretation_level"": 1, ""message"": ""Metric 'prime_index_occupancy_bias' deviates from 'density_shuffle' null with z=-4.636. This is a tripwire, not a conclusion.""}"
C:\github\5hr-conlang\riemann_analysis\rrlang\outputs\controls_paper_minimum_v0_3_nulls100\control_random_bits_seed1337_len12000.json,controls_paper_minimum_v0_3_nulls100,,,,unknown,unknown,unknown,,,,,,,,,word_boundary,12149,,,word_boundary,Positions marked as word boundaries after declared whitespace preprocessing.,149,info,STATISTICAL_DEVIATION,1,"Metric 'prime_gap_affinity' deviates from 'density_shuffle' null with z=-7.307. This is a tripwire, not a conclusion.","{""code"": ""STATISTICAL_DEVIATION"", ""severity"": ""info"", ""interpretation_level"": 1, ""message"": ""Metric 'prime_gap_affinity' deviates from 'density_shuffle' null with z=-7.307. This is a tripwire, not a conclusion.""}"
C:\github\5hr-conlang\riemann_analysis\rrlang\outputs\controls_paper_minimum_v0_3_nulls100\control_random_bits_seed1337_len12000.json,controls_paper_minimum_v0_3_nulls100,,,,unknown,unknown,unknown,,,,,,,,,word_boundary,12149,,,word_boundary,Positions marked as word boundaries after declared whitespace preprocessing.,149,info,STATISTICAL_DEVIATION,2,"Metric 'gap_entropy' deviates from 'markov_1' null with z=-93.921. This is a tripwire, not a conclusion.","{""code"": ""STATISTICAL_DEVIATION"", ""severity"": ""info"", ""interpretation_level"": 2, ""message"": ""Metric 'gap_entropy' deviates from 'markov_1' null with z=-93.921. This is a tripwire, not a conclusion.""}"
C:\github\5hr-conlang\riemann_analysis\rrlang\outputs\controls_paper_minimum_v0_3_nulls100\control_random_bits_seed1337_len12000.json,controls_paper_minimum_v0_3_nulls100,,,,unknown,unknown,unknown,,,,,,,,,word_boundary,12149,,,word_boundary,Positions marked as word boundaries after declared whitespace preprocessing.,149,warning,PERIODICITY_OR_CLUSTERING_WARNING,2,"Gap entropy is substantially lower than the 'markov_1' null expectation. Inspect for periodicity, clustering, repeated material, genre constraints, or local phonotactic regularity.","{""code"": ""PERIODICITY_OR_CLUSTERING_WARNING"", ""severity"": ""warning"", ""interpretation_level"": 2, ""message"": ""Gap entropy is substantially lower than the 'markov_1' null expectation. Inspect for periodicity, clustering, repeated material, genre constraints, or local phonotactic regularity.""}"
C:\github\5hr-conlang\riemann_analysis\rrlang\outputs\controls_paper_minimum_v0_3_nulls100\control_random_bits_seed1337_len12000.json,controls_paper_minimum_v0_3_nulls100,,,,unknown,unknown,unknown,,,,,,,,,word_boundary,12149,,,word_boundary,Positions marked as word boundaries after declared whitespace preprocessing.,149,info,STATISTICAL_DEVIATION,2,"Metric 'run_entropy' deviates from 'markov_1' null with z=-67.752. This is a tripwire, not a conclusion.","{""code"": ""STATISTICAL_DEVIATION"", ""severity"": ""info"", ""interpretation_level"": 2, ""message"": ""Metric 'run_entropy' deviates from 'markov_1' null with z=-67.752. This is a tripwire, not a conclusion.""}"
C:\github\5hr-conlang\riemann_analysis\rrlang\outputs\controls_paper_minimum_v0_3_nulls100\control_random_bits_seed1337_len12000.json,controls_paper_minimum_v0_3_nulls100,,,,unknown,unknown,unknown,,,,,,,,,word_boundary,12149,,,word_boundary,Positions marked as word boundaries after declared whitespace preprocessing.,149,warning,OVER_REGULARITY_WARNING,2,"Run entropy is substantially lower than the 'markov_1' null expectation. Possible causes include genuine structure, repeated boilerplate, encoding artefact, formal constraint, or local transition structure not captured by this null.","{""code"": ""OVER_REGULARITY_WARNING"", ""severity"": ""warning"", ""interpretation_level"": 2, ""message"": ""Run entropy is substantially lower than the 'markov_1' null expectation. Possible causes include genuine structure, repeated boilerplate, encoding artefact, formal constraint, or local transition structure not captured by this null.""}"
C:\github\5hr-conlang\riemann_analysis\rrlang\outputs\controls_paper_minimum_v0_3_nulls100\control_random_bits_seed1337_len12000.json,controls_paper_minimum_v0_3_nulls100,,,,unknown,unknown,unknown,,,,,,,,,word_boundary,12149,,,word_boundary,Positions marked as word boundaries after declared whitespace preprocessing.,149,info,STATISTICAL_DEVIATION,2,"Metric 'prime_index_occupancy_bias' deviates from 'markov_1' null with z=-4.052. This is a tripwire, not a conclusion.","{""code"": ""STATISTICAL_DEVIATION"", ""severity"": ""info"", ""interpretation_level"": 2, ""message"": ""Metric 'prime_index_occupancy_bias' deviates from 'markov_1' null with z=-4.052. This is a tripwire, not a conclusion.""}"
C:\github\5hr-conlang\riemann_analysis\rrlang\outputs\controls_paper_minimum_v0_3_nulls100\control_random_bits_seed1337_len12000.json,controls_paper_minimum_v0_3_nulls100,,,,unknown,unknown,unknown,,,,,,,,,word_boundary,12149,,,word_boundary,Positions marked as word boundaries after declared whitespace preprocessing.,149,info,STATISTICAL_DEVIATION,2,"Metric 'prime_gap_affinity' deviates from 'markov_1' null with z=-7.636. This is a tripwire, not a conclusion.","{""code"": ""STATISTICAL_DEVIATION"", ""severity"": ""info"", ""interpretation_level"": 2, ""message"": ""Metric 'prime_gap_affinity' deviates from 'markov_1' null with z=-7.636. This is a tripwire, not a conclusion.""}"
C:\github\5hr-conlang\riemann_analysis\rrlang\outputs\controls_paper_minimum_v0_3_nulls100\control_random_bits_seed1337_len12000.json,controls_paper_minimum_v0_3_nulls100,,,,unknown,unknown,unknown,,,,,,,,,word_boundary,12149,,,word_boundary,Positions marked as word boundaries after declared whitespace preprocessing.,149,info,STATISTICAL_DEVIATION,3,"Metric 'gap_entropy' deviates from 'markov_2' null with z=-93.641. This is a tripwire, not a conclusion.","{""code"": ""STATISTICAL_DEVIATION"", ""severity"": ""info"", ""interpretation_level"": 3, ""message"": ""Metric 'gap_entropy' deviates from 'markov_2' null with z=-93.641. This is a tripwire, not a conclusion.""}"
C:\github\5hr-conlang\riemann_analysis\rrlang\outputs\controls_paper_minimum_v0_3_nulls100\control_random_bits_seed1337_len12000.json,controls_paper_minimum_v0_3_nulls100,,,,unknown,unknown,unknown,,,,,,,,,word_boundary,12149,,,word_boundary,Positions marked as word boundaries after declared whitespace preprocessing.,149,warning,PERIODICITY_OR_CLUSTERING_WARNING,3,"Gap entropy is substantially lower than the 'markov_2' null expectation. Inspect for periodicity, clustering, repeated material, genre constraints, or local phonotactic regularity.","{""code"": ""PERIODICITY_OR_CLUSTERING_WARNING"", ""severity"": ""warning"", ""interpretation_level"": 3, ""message"": ""Gap entropy is substantially lower than the 'markov_2' null expectation. Inspect for periodicity, clustering, repeated material, genre constraints, or local phonotactic regularity.""}"
C:\github\5hr-conlang\riemann_analysis\rrlang\outputs\controls_paper_minimum_v0_3_nulls100\control_random_bits_seed1337_len12000.json,controls_paper_minimum_v0_3_nulls100,,,,unknown,unknown,unknown,,,,,,,,,word_boundary,12149,,,word_boundary,Positions marked as word boundaries after declared whitespace preprocessing.,149,info,STATISTICAL_DEVIATION,3,"Metric 'run_entropy' deviates from 'markov_2' null with z=-94.142. This is a tripwire, not a conclusion.","{""code"": ""STATISTICAL_DEVIATION"", ""severity"": ""info"", ""interpretation_level"": 3, ""message"": ""Metric 'run_entropy' deviates from 'markov_2' null with z=-94.142. This is a tripwire, not a conclusion.""}"
C:\github\5hr-conlang\riemann_analysis\rrlang\outputs\controls_paper_minimum_v0_3_nulls100\control_random_bits_seed1337_len12000.json,controls_paper_minimum_v0_3_nulls100,,,,unknown,unknown,unknown,,,,,,,,,word_boundary,12149,,,word_boundary,Positions marked as word boundaries after declared whitespace preprocessing.,149,warning,OVER_REGULARITY_WARNING,3,"Run entropy is substantially lower than the 'markov_2' null expectation. Possible causes include genuine structure, repeated boilerplate, encoding artefact, formal constraint, or local transition structure not captured by this null.","{""code"": ""OVER_REGULARITY_WARNING"", ""severity"": ""warning"", ""interpretation_level"": 3, ""message"": ""Run entropy is substantially lower than the 'markov_2' null expectation. Possible causes include genuine structure, repeated boilerplate, encoding artefact, formal constraint, or local transition structure not captured by this null.""}"
C:\github\5hr-conlang\riemann_analysis\rrlang\outputs\controls_paper_minimum_v0_3_nulls100\control_random_bits_seed1337_len12000.json,controls_paper_minimum_v0_3_nulls100,,,,unknown,unknown,unknown,,,,,,,,,word_boundary,12149,,,word_boundary,Positions marked as word boundaries after declared whitespace preprocessing.,149,info,STATISTICAL_DEVIATION,3,"Metric 'prime_index_occupancy_bias' deviates from 'markov_2' null with z=-5.049. This is a tripwire, not a conclusion.","{""code"": ""STATISTICAL_DEVIATION"", ""severity"": ""info"", ""interpretation_level"": 3, ""message"": ""Metric 'prime_index_occupancy_bias' deviates from 'markov_2' null with z=-5.049. This is a tripwire, not a conclusion.""}"
C:\github\5hr-conlang\riemann_analysis\rrlang\outputs\controls_paper_minimum_v0_3_nulls100\control_random_bits_seed1337_len12000.json,controls_paper_minimum_v0_3_nulls100,,,,unknown,unknown,unknown,,,,,,,,,word_boundary,12149,,,word_boundary,Positions marked as word boundaries after declared whitespace preprocessing.,149,info,STATISTICAL_DEVIATION,3,"Metric 'prime_gap_affinity' deviates from 'markov_2' null with z=-7.122. This is a tripwire, not a conclusion.","{""code"": ""STATISTICAL_DEVIATION"", ""severity"": ""info"", ""interpretation_level"": 3, ""message"": ""Metric 'prime_gap_affinity' deviates from 'markov_2' null with z=-7.122. This is a tripwire, not a conclusion.""}"
C:\github\5hr-conlang\riemann_analysis\rrlang\outputs\controls_paper_minimum_v0_3_nulls100\control_random_bits_seed1337_len12000.json,controls_paper_minimum_v0_3_nulls100,,,,unknown,unknown,unknown,,,,,,,,,word_boundary,12149,,,word_boundary,Positions marked as word boundaries after declared whitespace preprocessing.,149,info,SURVIVES_MARKOV_2_NULL,3,"At least one metric remains deviant under the Markov-2 null. This is stronger than density-only evidence, but still requires corpus and encoding replication.","{""code"": ""SURVIVES_MARKOV_2_NULL"", ""severity"": ""info"", ""interpretation_level"": 3, ""message"": ""At least one metric remains deviant under the Markov-2 null. This is stronger than density-only evidence, but still requires corpus and encoding replication.""}"
C:\github\5hr-conlang\riemann_analysis\rrlang\outputs\controls_paper_minimum_v0_3_nulls100\control_random_bits_seed1337_len12000.json,controls_paper_minimum_v0_3_nulls100,,,,unknown,unknown,unknown,,,,,,,,,frequency_class,150,,,hapax,Token positions in frequency class hapax.,150,warning,DEGENERATE_EVENT_MAP,0,The event map is all false or all true; many metrics collapse to trivial values.,"{""code"": ""DEGENERATE_EVENT_MAP"", ""severity"": ""warning"", ""interpretation_level"": 0, ""message"": ""The event map is all false or all true; many metrics collapse to trivial values.""}"
C:\github\5hr-conlang\riemann_analysis\rrlang\outputs\controls_paper_minimum_v0_3_nulls100\control_random_bits_seed1337_len12000.json,controls_paper_minimum_v0_3_nulls100,,,,unknown,unknown,unknown,,,,,,,,,frequency_class,150,,,mid_frequency,Token positions in frequency class mid_frequency.,0,warning,LOW_EVENT_COUNT,0,The event occurs fewer than five times; gap and prime-position metrics are weak evidence.,"{""code"": ""LOW_EVENT_COUNT"", ""severity"": ""warning"", ""interpretation_level"": 0, ""message"": ""The event occurs fewer than five times; gap and prime-position metrics are weak evidence.""}"
C:\github\5hr-conlang\riemann_analysis\rrlang\outputs\controls_paper_minimum_v0_3_nulls100\control_random_bits_seed1337_len12000.json,controls_paper_minimum_v0_3_nulls100,,,,unknown,unknown,unknown,,,,,,,,,frequency_class,150,,,mid_frequency,Token positions in frequency class mid_frequency.,0,warning,DEGENERATE_EVENT_MAP,0,The event map is all false or all true; many metrics collapse to trivial values.,"{""code"": ""DEGENERATE_EVENT_MAP"", ""severity"": ""warning"", ""interpretation_level"": 0, ""message"": ""The event map is all false or all true; many metrics collapse to trivial values.""}"
C:\github\5hr-conlang\riemann_analysis\rrlang\outputs\controls_paper_minimum_v0_3_nulls100\control_random_bits_seed1337_len12000.json,controls_paper_minimum_v0_3_nulls100,,,,unknown,unknown,unknown,,,,,,,,,frequency_class,150,,,high_frequency,Token positions in frequency class high_frequency.,0,warning,LOW_EVENT_COUNT,0,The event occurs fewer than five times; gap and prime-position metrics are weak evidence.,"{""code"": ""LOW_EVENT_COUNT"", ""severity"": ""warning"", ""interpretation_level"": 0, ""message"": ""The event occurs fewer than five times; gap and prime-position metrics are weak evidence.""}"
C:\github\5hr-conlang\riemann_analysis\rrlang\outputs\controls_paper_minimum_v0_3_nulls100\control_random_bits_seed1337_len12000.json,controls_paper_minimum_v0_3_nulls100,,,,unknown,unknown,unknown,,,,,,,,,frequency_class,150,,,high_frequency,Token positions in frequency class high_frequency.,0,warning,DEGENERATE_EVENT_MAP,0,The event map is all false or all true; many metrics collapse to trivial values.,"{""code"": ""DEGENERATE_EVENT_MAP"", ""severity"": ""warning"", ""interpretation_level"": 0, ""message"": ""The event map is all false or all true; many metrics collapse to trivial values.""}"
