report_file,report_group,experiment,status,language_reported,language_guess,corpus_family,source,input,input_bytes,input_chars,cleaned_chars,null_samples,seed,tool_version,hyphen_policy,encoding,encoding_sequence_len,encoding_unique_symbols,encoding_symbol_entropy_bits,event,event_description,event_count,metric,null_model,observed,null_mean,null_std,z,abs_z,p_emp,survives_markov_2,raw_metric_json
C:\github\5hr-conlang\riemann_analysis\rrlang\outputs\controls_paper_minimum_v0_3_nulls100\control_mesu_udhr_duplicated_x4.json,controls_paper_minimum_v0_3_nulls100,,,,mesu,unknown,unknown,,,,,,,,,grapheme_class,2795,,,vowel,Positions classified as vowel in the grapheme-class stream.,868,gap_entropy,density_shuffle,1.404608334023,2.858456149729,0.005424631879,-268.00856689619,268.00856689619,0.009900990099,,"{""name"": ""gap_entropy"", ""null_model"": ""density_shuffle"", ""observed"": 1.404608334023, ""null_mean"": 2.858456149729, ""null_std"": 0.005424631879, ""z_score"": -268.00856689619, ""empirical_p"": 0.009900990099, ""null_samples"": 100}"
C:\github\5hr-conlang\riemann_analysis\rrlang\outputs\controls_paper_minimum_v0_3_nulls100\control_mesu_udhr_duplicated_x4.json,controls_paper_minimum_v0_3_nulls100,,,,mesu,unknown,unknown,,,,,,,,,grapheme,2795,,,vowel,Basic Latin-vowel positions plus common accented vowels.,868,gap_entropy,density_shuffle,1.404608334023,2.858701215068,0.005491855922,-264.772583552586,264.772583552586,0.009900990099,,"{""name"": ""gap_entropy"", ""null_model"": ""density_shuffle"", ""observed"": 1.404608334023, ""null_mean"": 2.858701215068, ""null_std"": 0.005491855922, ""z_score"": -264.772583552586, ""empirical_p"": 0.009900990099, ""null_samples"": 100}"
C:\github\5hr-conlang\riemann_analysis\rrlang\outputs\controls_paper_minimum_v0_3_nulls100\control_mesu_udhr_duplicated_x4.json,controls_paper_minimum_v0_3_nulls100,,,,mesu,unknown,unknown,,,,,,,,,grapheme_class,2795,,,consonant,Positions classified as consonant in the grapheme-class stream.,972,gap_entropy,density_shuffle,1.731321079846,2.66559522744,0.004560436926,-204.865051921842,204.865051921842,0.009900990099,,"{""name"": ""gap_entropy"", ""null_model"": ""density_shuffle"", ""observed"": 1.731321079846, ""null_mean"": 2.66559522744, ""null_std"": 0.004560436926, ""z_score"": -204.865051921842, ""empirical_p"": 0.009900990099, ""null_samples"": 100}"
C:\github\5hr-conlang\riemann_analysis\rrlang\outputs\controls_paper_minimum_v0_3_nulls100\control_mesu_udhr_duplicated_x4.json,controls_paper_minimum_v0_3_nulls100,,,,mesu,unknown,unknown,,,,,,,,,grapheme,2795,,,consonant,Alphabetic non-vowel positions under the MVP classifier.,972,gap_entropy,density_shuffle,1.731321079846,2.664551907132,0.004593276655,-203.173224102928,203.173224102928,0.009900990099,,"{""name"": ""gap_entropy"", ""null_model"": ""density_shuffle"", ""observed"": 1.731321079846, ""null_mean"": 2.664551907132, ""null_std"": 0.004593276655, ""z_score"": -203.173224102928, ""empirical_p"": 0.009900990099, ""null_samples"": 100}"
C:\github\5hr-conlang\riemann_analysis\rrlang\outputs\controls_paper_minimum_v0_3_nulls100\control_random_bits_seed1337_len12000.json,controls_paper_minimum_v0_3_nulls100,,,,unknown,unknown,unknown,,,,,,,,,grapheme,12149,,,whitespace,Whitespace positions.,149,gap_entropy,markov_2,0.0,6.475294581252,0.062774402095,-103.151832039128,103.151832039128,0.009900990099,True,"{""name"": ""gap_entropy"", ""null_model"": ""markov_2"", ""observed"": 0, ""null_mean"": 6.475294581252, ""null_std"": 0.062774402095, ""z_score"": -103.151832039128, ""empirical_p"": 0.009900990099, ""null_samples"": 100}"
C:\github\5hr-conlang\riemann_analysis\rrlang\outputs\controls_paper_minimum_v0_3_nulls100\control_random_bits_seed1337_len12000.json,controls_paper_minimum_v0_3_nulls100,,,,unknown,unknown,unknown,,,,,,,,,grapheme,12149,,,whitespace,Whitespace positions.,149,run_entropy,markov_2,0.999991931311,4.253774674901,0.03157171262,-103.060064646887,103.060064646887,0.009900990099,True,"{""name"": ""run_entropy"", ""null_model"": ""markov_2"", ""observed"": 0.999991931311, ""null_mean"": 4.253774674901, ""null_std"": 0.03157171262, ""z_score"": -103.060064646887, ""empirical_p"": 0.009900990099, ""null_samples"": 100}"
C:\github\5hr-conlang\riemann_analysis\rrlang\outputs\controls_paper_minimum_v0_3_nulls100\control_random_bits_seed1337_len12000.json,controls_paper_minimum_v0_3_nulls100,,,,unknown,unknown,unknown,,,,,,,,,grapheme_class,12149,,,whitespace,Positions classified as whitespace in the grapheme-class stream.,149,gap_entropy,markov_1,0.0,6.464846260824,0.064397493575,-100.38971863607,100.38971863607,0.009900990099,,"{""name"": ""gap_entropy"", ""null_model"": ""markov_1"", ""observed"": 0, ""null_mean"": 6.464846260824, ""null_std"": 0.064397493575, ""z_score"": -100.38971863607, ""empirical_p"": 0.009900990099, ""null_samples"": 100}"
C:\github\5hr-conlang\riemann_analysis\rrlang\outputs\controls_paper_minimum_v0_3_nulls100\control_random_bits_seed1337_len12000.json,controls_paper_minimum_v0_3_nulls100,,,,unknown,unknown,unknown,,,,,,,,,grapheme_class,12149,,,whitespace,Positions classified as whitespace in the grapheme-class stream.,149,run_entropy,markov_2,0.999991931311,4.249901189359,0.032480963247,-100.055815256961,100.055815256961,0.009900990099,True,"{""name"": ""run_entropy"", ""null_model"": ""markov_2"", ""observed"": 0.999991931311, ""null_mean"": 4.249901189359, ""null_std"": 0.032480963247, ""z_score"": -100.055815256961, ""empirical_p"": 0.009900990099, ""null_samples"": 100}"
C:\github\5hr-conlang\riemann_analysis\rrlang\outputs\controls_paper_minimum_v0_3_nulls100\control_random_bits_seed1337_len12000.json,controls_paper_minimum_v0_3_nulls100,,,,unknown,unknown,unknown,,,,,,,,,word_boundary,12149,,,word_boundary,Positions marked as word boundaries after declared whitespace preprocessing.,149,gap_entropy,density_shuffle,0.0,6.472576709897,0.065410120743,-98.953749609009,98.953749609009,0.009900990099,,"{""name"": ""gap_entropy"", ""null_model"": ""density_shuffle"", ""observed"": 0, ""null_mean"": 6.472576709897, ""null_std"": 0.065410120743, ""z_score"": -98.953749609009, ""empirical_p"": 0.009900990099, ""null_samples"": 100}"
C:\github\5hr-conlang\riemann_analysis\rrlang\outputs\controls_paper_minimum_v0_3_nulls100\control_random_bits_seed1337_len12000.json,controls_paper_minimum_v0_3_nulls100,,,,unknown,unknown,unknown,,,,,,,,,grapheme_class,12149,,,whitespace,Positions classified as whitespace in the grapheme-class stream.,149,gap_entropy,density_shuffle,0.0,6.467172942621,0.065357709471,-98.950422146072,98.950422146072,0.009900990099,,"{""name"": ""gap_entropy"", ""null_model"": ""density_shuffle"", ""observed"": 0, ""null_mean"": 6.467172942621, ""null_std"": 0.065357709471, ""z_score"": -98.950422146072, ""empirical_p"": 0.009900990099, ""null_samples"": 100}"
C:\github\5hr-conlang\riemann_analysis\rrlang\outputs\controls_paper_minimum_v0_3_nulls100\control_random_bits_seed1337_len12000.json,controls_paper_minimum_v0_3_nulls100,,,,unknown,unknown,unknown,,,,,,,,,grapheme,12149,,,whitespace,Whitespace positions.,149,gap_entropy,density_shuffle,0.0,6.475187578839,0.065575044533,-98.744692053361,98.744692053361,0.009900990099,,"{""name"": ""gap_entropy"", ""null_model"": ""density_shuffle"", ""observed"": 0, ""null_mean"": 6.475187578839, ""null_std"": 0.065575044533, ""z_score"": -98.744692053361, ""empirical_p"": 0.009900990099, ""null_samples"": 100}"
C:\github\5hr-conlang\riemann_analysis\rrlang\outputs\controls_paper_minimum_v0_3_nulls100\control_random_bits_seed1337_len12000.json,controls_paper_minimum_v0_3_nulls100,,,,unknown,unknown,unknown,,,,,,,,,grapheme_class,12149,,,whitespace,Positions classified as whitespace in the grapheme-class stream.,149,gap_entropy,markov_2,0.0,6.467735336386,0.066137385728,-97.792425044239,97.792425044239,0.009900990099,True,"{""name"": ""gap_entropy"", ""null_model"": ""markov_2"", ""observed"": 0, ""null_mean"": 6.467735336386, ""null_std"": 0.066137385728, ""z_score"": -97.792425044239, ""empirical_p"": 0.009900990099, ""null_samples"": 100}"
C:\github\5hr-conlang\riemann_analysis\rrlang\outputs\controls_paper_minimum_v0_3_nulls100\control_random_bits_seed1337_len12000.json,controls_paper_minimum_v0_3_nulls100,,,,unknown,unknown,unknown,,,,,,,,,grapheme_class,12149,,,digit,Positions classified as digit in the grapheme-class stream.,12000,run_entropy,markov_2,0.999991931311,4.254763671949,0.034029389551,-95.645904424427,95.645904424427,0.009900990099,True,"{""name"": ""run_entropy"", ""null_model"": ""markov_2"", ""observed"": 0.999991931311, ""null_mean"": 4.254763671949, ""null_std"": 0.034029389551, ""z_score"": -95.645904424427, ""empirical_p"": 0.009900990099, ""null_samples"": 100}"
C:\github\5hr-conlang\riemann_analysis\rrlang\outputs\controls_paper_minimum_v0_3_nulls100\control_random_bits_seed1337_len12000.json,controls_paper_minimum_v0_3_nulls100,,,,unknown,unknown,unknown,,,,,,,,,word_boundary,12149,,,word_boundary,Positions marked as word boundaries after declared whitespace preprocessing.,149,run_entropy,markov_2,0.999991931311,4.248753809451,0.034509307431,-94.141613377514,94.141613377514,0.009900990099,True,"{""name"": ""run_entropy"", ""null_model"": ""markov_2"", ""observed"": 0.999991931311, ""null_mean"": 4.248753809451, ""null_std"": 0.034509307431, ""z_score"": -94.141613377514, ""empirical_p"": 0.009900990099, ""null_samples"": 100}"
C:\github\5hr-conlang\riemann_analysis\rrlang\outputs\controls_paper_minimum_v0_3_nulls100\control_random_bits_seed1337_len12000.json,controls_paper_minimum_v0_3_nulls100,,,,unknown,unknown,unknown,,,,,,,,,word_boundary,12149,,,word_boundary,Positions marked as word boundaries after declared whitespace preprocessing.,149,gap_entropy,markov_1,0.0,6.478063618342,0.068973252898,-93.921387584268,93.921387584268,0.009900990099,,"{""name"": ""gap_entropy"", ""null_model"": ""markov_1"", ""observed"": 0, ""null_mean"": 6.478063618342, ""null_std"": 0.068973252898, ""z_score"": -93.921387584268, ""empirical_p"": 0.009900990099, ""null_samples"": 100}"
C:\github\5hr-conlang\riemann_analysis\rrlang\outputs\controls_paper_minimum_v0_3_nulls100\control_random_bits_seed1337_len12000.json,controls_paper_minimum_v0_3_nulls100,,,,unknown,unknown,unknown,,,,,,,,,word_boundary,12149,,,word_boundary,Positions marked as word boundaries after declared whitespace preprocessing.,149,gap_entropy,markov_2,0.0,6.46582075374,0.069048707346,-93.641445325503,93.641445325503,0.009900990099,True,"{""name"": ""gap_entropy"", ""null_model"": ""markov_2"", ""observed"": 0, ""null_mean"": 6.46582075374, ""null_std"": 0.069048707346, ""z_score"": -93.641445325503, ""empirical_p"": 0.009900990099, ""null_samples"": 100}"
C:\github\5hr-conlang\riemann_analysis\rrlang\outputs\controls_paper_minimum_v0_3_nulls100\control_random_bits_seed1337_len12000.json,controls_paper_minimum_v0_3_nulls100,,,,unknown,unknown,unknown,,,,,,,,,grapheme,12149,,,whitespace,Whitespace positions.,149,gap_entropy,markov_1,0.0,6.474417194808,0.070898491371,-91.31953402164,91.31953402164,0.009900990099,,"{""name"": ""gap_entropy"", ""null_model"": ""markov_1"", ""observed"": 0, ""null_mean"": 6.474417194808, ""null_std"": 0.070898491371, ""z_score"": -91.31953402164, ""empirical_p"": 0.009900990099, ""null_samples"": 100}"
C:\github\5hr-conlang\riemann_analysis\rrlang\outputs\controls_paper_minimum_v0_3_nulls100\control_random_bits_seed1337_len12000.json,controls_paper_minimum_v0_3_nulls100,,,,unknown,unknown,unknown,,,,,,,,,grapheme,12149,,,digit,ASCII digit positions.,12000,run_entropy,markov_2,0.999991931311,4.247002473542,0.037237218751,-87.197987688604,87.197987688604,0.009900990099,True,"{""name"": ""run_entropy"", ""null_model"": ""markov_2"", ""observed"": 0.999991931311, ""null_mean"": 4.247002473542, ""null_std"": 0.037237218751, ""z_score"": -87.197987688604, ""empirical_p"": 0.009900990099, ""null_samples"": 100}"
C:\github\5hr-conlang\riemann_analysis\rrlang\outputs\controls_paper_minimum_v0_3_nulls100\control_random_bits_seed1337_len12000.json,controls_paper_minimum_v0_3_nulls100,,,,unknown,unknown,unknown,,,,,,,,,grapheme,12149,,,digit,ASCII digit positions.,12000,run_entropy,gap_order_shuffle,0.999991931311,4.20135573942,0.040490660408,-79.064252739679,79.064252739679,0.009900990099,,"{""name"": ""run_entropy"", ""null_model"": ""gap_order_shuffle"", ""observed"": 0.999991931311, ""null_mean"": 4.20135573942, ""null_std"": 0.040490660408, ""z_score"": -79.064252739679, ""empirical_p"": 0.009900990099, ""null_samples"": 100}"
C:\github\5hr-conlang\riemann_analysis\rrlang\outputs\controls_paper_minimum_v0_3_nulls100\control_random_bits_seed1337_len12000.json,controls_paper_minimum_v0_3_nulls100,,,,unknown,unknown,unknown,,,,,,,,,grapheme,12149,,,digit,ASCII digit positions.,12000,run_entropy,markov_1,0.999991931311,4.20832639611,0.040716918048,-78.79610291224,78.79610291224,0.009900990099,,"{""name"": ""run_entropy"", ""null_model"": ""markov_1"", ""observed"": 0.999991931311, ""null_mean"": 4.20832639611, ""null_std"": 0.040716918048, ""z_score"": -78.79610291224, ""empirical_p"": 0.009900990099, ""null_samples"": 100}"
C:\github\5hr-conlang\riemann_analysis\rrlang\outputs\controls_paper_minimum_v0_3_nulls100\control_random_bits_seed1337_len12000.json,controls_paper_minimum_v0_3_nulls100,,,,unknown,unknown,unknown,,,,,,,,,grapheme_class,12149,,,digit,Positions classified as digit in the grapheme-class stream.,12000,run_entropy,markov_1,0.999991931311,4.206961750805,0.043718508357,-73.354968868318,73.354968868318,0.009900990099,,"{""name"": ""run_entropy"", ""null_model"": ""markov_1"", ""observed"": 0.999991931311, ""null_mean"": 4.206961750805, ""null_std"": 0.043718508357, ""z_score"": -73.354968868318, ""empirical_p"": 0.009900990099, ""null_samples"": 100}"
C:\github\5hr-conlang\riemann_analysis\rrlang\outputs\controls_paper_minimum_v0_3_nulls100\control_random_bits_seed1337_len12000.json,controls_paper_minimum_v0_3_nulls100,,,,unknown,unknown,unknown,,,,,,,,,grapheme_class,12149,,,whitespace,Positions classified as whitespace in the grapheme-class stream.,149,run_entropy,markov_1,0.999991931311,4.201308403192,0.046202032731,-69.289515691022,69.289515691022,0.009900990099,,"{""name"": ""run_entropy"", ""null_model"": ""markov_1"", ""observed"": 0.999991931311, ""null_mean"": 4.201308403192, ""null_std"": 0.046202032731, ""z_score"": -69.289515691022, ""empirical_p"": 0.009900990099, ""null_samples"": 100}"
C:\github\5hr-conlang\riemann_analysis\rrlang\outputs\controls_paper_minimum_v0_3_nulls100\control_random_bits_seed1337_len12000.json,controls_paper_minimum_v0_3_nulls100,,,,unknown,unknown,unknown,,,,,,,,,grapheme_class,12149,,,whitespace,Positions classified as whitespace in the grapheme-class stream.,149,run_entropy,density_shuffle,0.999991931311,4.232590568414,0.047021521947,-68.747214110229,68.747214110229,0.009900990099,,"{""name"": ""run_entropy"", ""null_model"": ""density_shuffle"", ""observed"": 0.999991931311, ""null_mean"": 4.232590568414, ""null_std"": 0.047021521947, ""z_score"": -68.747214110229, ""empirical_p"": 0.009900990099, ""null_samples"": 100}"
C:\github\5hr-conlang\riemann_analysis\rrlang\outputs\controls_paper_minimum_v0_3_nulls100\control_random_bits_seed1337_len12000.json,controls_paper_minimum_v0_3_nulls100,,,,unknown,unknown,unknown,,,,,,,,,grapheme_class,12149,,,digit,Positions classified as digit in the grapheme-class stream.,12000,run_entropy,gap_order_shuffle,0.999991931311,4.206578190179,0.047069269209,-68.124836283833,68.124836283833,0.009900990099,,"{""name"": ""run_entropy"", ""null_model"": ""gap_order_shuffle"", ""observed"": 0.999991931311, ""null_mean"": 4.206578190179, ""null_std"": 0.047069269209, ""z_score"": -68.124836283833, ""empirical_p"": 0.009900990099, ""null_samples"": 100}"
C:\github\5hr-conlang\riemann_analysis\rrlang\outputs\controls_paper_minimum_v0_3_nulls100\control_random_bits_seed1337_len12000.json,controls_paper_minimum_v0_3_nulls100,,,,unknown,unknown,unknown,,,,,,,,,word_boundary,12149,,,word_boundary,Positions marked as word boundaries after declared whitespace preprocessing.,149,run_entropy,markov_1,0.999991931311,4.207430957614,0.047340650585,-67.752322510231,67.752322510231,0.009900990099,,"{""name"": ""run_entropy"", ""null_model"": ""markov_1"", ""observed"": 0.999991931311, ""null_mean"": 4.207430957614, ""null_std"": 0.047340650585, ""z_score"": -67.752322510231, ""empirical_p"": 0.009900990099, ""null_samples"": 100}"
C:\github\5hr-conlang\riemann_analysis\rrlang\outputs\controls_paper_minimum_v0_3_nulls100\control_random_bits_seed1337_len12000.json,controls_paper_minimum_v0_3_nulls100,,,,unknown,unknown,unknown,,,,,,,,,grapheme,12149,,,whitespace,Whitespace positions.,149,run_entropy,density_shuffle,0.999991931311,4.240818066079,0.04804705957,-67.451081580698,67.451081580698,0.009900990099,,"{""name"": ""run_entropy"", ""null_model"": ""density_shuffle"", ""observed"": 0.999991931311, ""null_mean"": 4.240818066079, ""null_std"": 0.04804705957, ""z_score"": -67.451081580698, ""empirical_p"": 0.009900990099, ""null_samples"": 100}"
C:\github\5hr-conlang\riemann_analysis\rrlang\outputs\controls_paper_minimum_v0_3_nulls100\control_mesu_udhr_duplicated_x4.json,controls_paper_minimum_v0_3_nulls100,,,,mesu,unknown,unknown,,,,,,,,,grapheme,2795,,,whitespace,Whitespace positions.,583,gap_entropy,density_shuffle,2.897553359589,3.5001589632,0.009055990022,-66.542211524,66.542211524,0.009900990099,,"{""name"": ""gap_entropy"", ""null_model"": ""density_shuffle"", ""observed"": 2.897553359589, ""null_mean"": 3.5001589632, ""null_std"": 0.009055990022, ""z_score"": -66.542211524, ""empirical_p"": 0.009900990099, ""null_samples"": 100}"
C:\github\5hr-conlang\riemann_analysis\rrlang\outputs\controls_paper_minimum_v0_3_nulls100\control_random_bits_seed1337_len12000.json,controls_paper_minimum_v0_3_nulls100,,,,unknown,unknown,unknown,,,,,,,,,grapheme,12149,,,whitespace,Whitespace positions.,149,run_entropy,markov_1,0.999991931311,4.208134513179,0.0492489678,-65.141316157324,65.141316157324,0.009900990099,,"{""name"": ""run_entropy"", ""null_model"": ""markov_1"", ""observed"": 0.999991931311, ""null_mean"": 4.208134513179, ""null_std"": 0.0492489678, ""z_score"": -65.141316157324, ""empirical_p"": 0.009900990099, ""null_samples"": 100}"
C:\github\5hr-conlang\riemann_analysis\rrlang\outputs\controls_paper_minimum_v0_3_nulls100\control_mesu_udhr_duplicated_x4.json,controls_paper_minimum_v0_3_nulls100,,,,mesu,unknown,unknown,,,,,,,,,word_boundary,2795,,,word_boundary,Positions marked as word boundaries after declared whitespace preprocessing.,583,gap_entropy,density_shuffle,2.897553359589,3.500645453353,0.009596915123,-62.842286925359,62.842286925359,0.009900990099,,"{""name"": ""gap_entropy"", ""null_model"": ""density_shuffle"", ""observed"": 2.897553359589, ""null_mean"": 3.500645453353, ""null_std"": 0.009596915123, ""z_score"": -62.842286925359, ""empirical_p"": 0.009900990099, ""null_samples"": 100}"
C:\github\5hr-conlang\riemann_analysis\rrlang\outputs\controls_paper_minimum_v0_3_nulls100\control_random_bits_seed1337_len12000.json,controls_paper_minimum_v0_3_nulls100,,,,unknown,unknown,unknown,,,,,,,,,grapheme,12149,,,digit,ASCII digit positions.,12000,run_entropy,density_shuffle,0.999991931311,4.23667744017,0.052116634029,-62.104653709391,62.104653709391,0.009900990099,,"{""name"": ""run_entropy"", ""null_model"": ""density_shuffle"", ""observed"": 0.999991931311, ""null_mean"": 4.23667744017, ""null_std"": 0.052116634029, ""z_score"": -62.104653709391, ""empirical_p"": 0.009900990099, ""null_samples"": 100}"
C:\github\5hr-conlang\riemann_analysis\rrlang\outputs\controls_paper_minimum_v0_3_nulls100\control_random_bits_seed1337_len12000.json,controls_paper_minimum_v0_3_nulls100,,,,unknown,unknown,unknown,,,,,,,,,grapheme_class,12149,,,digit,Positions classified as digit in the grapheme-class stream.,12000,run_entropy,density_shuffle,0.999991931311,4.236486246366,0.054848739148,-59.007633818064,59.007633818064,0.009900990099,,"{""name"": ""run_entropy"", ""null_model"": ""density_shuffle"", ""observed"": 0.999991931311, ""null_mean"": 4.236486246366, ""null_std"": 0.054848739148, ""z_score"": -59.007633818064, ""empirical_p"": 0.009900990099, ""null_samples"": 100}"
C:\github\5hr-conlang\riemann_analysis\rrlang\outputs\controls_paper_minimum_v0_3_nulls100\control_random_bits_seed1337_len12000.json,controls_paper_minimum_v0_3_nulls100,,,,unknown,unknown,unknown,,,,,,,,,word_boundary,12149,,,word_boundary,Positions marked as word boundaries after declared whitespace preprocessing.,149,run_entropy,density_shuffle,0.999991931311,4.234963367574,0.05500979578,-58.807188617391,58.807188617391,0.009900990099,,"{""name"": ""run_entropy"", ""null_model"": ""density_shuffle"", ""observed"": 0.999991931311, ""null_mean"": 4.234963367574, ""null_std"": 0.05500979578, ""z_score"": -58.807188617391, ""empirical_p"": 0.009900990099, ""null_samples"": 100}"
C:\github\5hr-conlang\riemann_analysis\rrlang\outputs\controls_paper_minimum_v0_3_nulls100\control_mesu_udhr_duplicated_x4.json,controls_paper_minimum_v0_3_nulls100,,,,mesu,unknown,unknown,,,,,,,,,grapheme_class,2795,,,whitespace,Positions classified as whitespace in the grapheme-class stream.,583,gap_entropy,density_shuffle,2.897553359589,3.502017844788,0.010599111131,-57.029733694205,57.029733694205,0.009900990099,,"{""name"": ""gap_entropy"", ""null_model"": ""density_shuffle"", ""observed"": 2.897553359589, ""null_mean"": 3.502017844788, ""null_std"": 0.010599111131, ""z_score"": -57.029733694205, ""empirical_p"": 0.009900990099, ""null_samples"": 100}"
C:\github\5hr-conlang\riemann_analysis\rrlang\outputs\controls_paper_minimum_v0_3_nulls100\control_mesu_udhr_punctuation_noise_every5.json,controls_paper_minimum_v0_3_nulls100,,,,mesu,unknown,unknown,,,,,,,,,grapheme,891,,,vowel,Basic Latin-vowel positions plus common accented vowels.,217,gap_entropy,density_shuffle,2.269483963627,3.208154672222,0.01796314633,-52.25536169182,52.25536169182,0.009900990099,,"{""name"": ""gap_entropy"", ""null_model"": ""density_shuffle"", ""observed"": 2.269483963627, ""null_mean"": 3.208154672222, ""null_std"": 0.01796314633, ""z_score"": -52.25536169182, ""empirical_p"": 0.009900990099, ""null_samples"": 100}"
C:\github\5hr-conlang\riemann_analysis\rrlang\outputs\controls_paper_minimum_v0_3_nulls100\control_mesu_udhr_duplicated_x4.json,controls_paper_minimum_v0_3_nulls100,,,,mesu,unknown,unknown,,,,,,,,,grapheme,2795,,,punctuation,Punctuation positions under the declared punctuation/hyphen policies.,372,gap_entropy,density_shuffle,3.300240153994,4.161493373193,0.019030796705,-45.255762674056,45.255762674056,0.009900990099,,"{""name"": ""gap_entropy"", ""null_model"": ""density_shuffle"", ""observed"": 3.300240153994, ""null_mean"": 4.161493373193, ""null_std"": 0.019030796705, ""z_score"": -45.255762674056, ""empirical_p"": 0.009900990099, ""null_samples"": 100}"
C:\github\5hr-conlang\riemann_analysis\rrlang\outputs\controls_paper_minimum_v0_3_nulls100\control_mesu_udhr_duplicated_x4.json,controls_paper_minimum_v0_3_nulls100,,,,mesu,unknown,unknown,,,,,,,,,grapheme_class,2795,,,punctuation,Positions classified as punctuation in the grapheme-class stream.,372,gap_entropy,density_shuffle,3.300240153994,4.157625368453,0.019097313474,-44.895593071028,44.895593071028,0.009900990099,,"{""name"": ""gap_entropy"", ""null_model"": ""density_shuffle"", ""observed"": 3.300240153994, ""null_mean"": 4.157625368453, ""null_std"": 0.019097313474, ""z_score"": -44.895593071028, ""empirical_p"": 0.009900990099, ""null_samples"": 100}"
C:\github\5hr-conlang\riemann_analysis\rrlang\outputs\controls_paper_minimum_v0_3_nulls100\control_mesu_udhr_punctuation_noise_every5.json,controls_paper_minimum_v0_3_nulls100,,,,mesu,unknown,unknown,,,,,,,,,grapheme,891,,,consonant,Alphabetic non-vowel positions under the MVP classifier.,243,gap_entropy,density_shuffle,2.223025544296,3.032133301193,0.01974135407,-40.985423494078,40.985423494078,0.009900990099,,"{""name"": ""gap_entropy"", ""null_model"": ""density_shuffle"", ""observed"": 2.223025544296, ""null_mean"": 3.032133301193, ""null_std"": 0.01974135407, ""z_score"": -40.985423494078, ""empirical_p"": 0.009900990099, ""null_samples"": 100}"
C:\github\5hr-conlang\riemann_analysis\rrlang\outputs\controls_paper_minimum_v0_3_nulls100\control_mesu_udhr_punctuation_noise_every5.json,controls_paper_minimum_v0_3_nulls100,,,,mesu,unknown,unknown,,,,,,,,,grapheme_class,891,,,whitespace,Positions classified as whitespace in the grapheme-class stream.,228,gap_entropy,density_shuffle,2.349555336212,3.137273458077,0.020186514814,-39.021997066081,39.021997066081,0.009900990099,,"{""name"": ""gap_entropy"", ""null_model"": ""density_shuffle"", ""observed"": 2.349555336212, ""null_mean"": 3.137273458077, ""null_std"": 0.020186514814, ""z_score"": -39.021997066081, ""empirical_p"": 0.009900990099, ""null_samples"": 100}"
C:\github\5hr-conlang\riemann_analysis\rrlang\outputs\controls_paper_minimum_v0_3_nulls100\control_mesu_udhr_punctuation_noise_every5.json,controls_paper_minimum_v0_3_nulls100,,,,mesu,unknown,unknown,,,,,,,,,word_boundary,891,,,word_boundary,Positions marked as word boundaries after declared whitespace preprocessing.,228,gap_entropy,density_shuffle,2.349555336212,3.13367490699,0.021053970312,-37.243311316736,37.243311316736,0.009900990099,,"{""name"": ""gap_entropy"", ""null_model"": ""density_shuffle"", ""observed"": 2.349555336212, ""null_mean"": 3.13367490699, ""null_std"": 0.021053970312, ""z_score"": -37.243311316736, ""empirical_p"": 0.009900990099, ""null_samples"": 100}"
C:\github\5hr-conlang\riemann_analysis\rrlang\outputs\controls_paper_minimum_v0_3_nulls100\control_mesu_udhr_punctuation_noise_every5.json,controls_paper_minimum_v0_3_nulls100,,,,mesu,unknown,unknown,,,,,,,,,grapheme_class,891,,,consonant,Positions classified as consonant in the grapheme-class stream.,243,gap_entropy,density_shuffle,2.223025544296,3.032132434331,0.021982257623,-36.807269931598,36.807269931598,0.009900990099,,"{""name"": ""gap_entropy"", ""null_model"": ""density_shuffle"", ""observed"": 2.223025544296, ""null_mean"": 3.032132434331, ""null_std"": 0.021982257623, ""z_score"": -36.807269931598, ""empirical_p"": 0.009900990099, ""null_samples"": 100}"
C:\github\5hr-conlang\riemann_analysis\rrlang\outputs\controls_paper_minimum_v0_3_nulls100\control_mesu_udhr_punctuation_noise_every5.json,controls_paper_minimum_v0_3_nulls100,,,,mesu,unknown,unknown,,,,,,,,,grapheme_class,891,,,vowel,Positions classified as vowel in the grapheme-class stream.,217,gap_entropy,density_shuffle,2.269483963627,3.206231416976,0.025966504158,-36.075223974406,36.075223974406,0.009900990099,,"{""name"": ""gap_entropy"", ""null_model"": ""density_shuffle"", ""observed"": 2.269483963627, ""null_mean"": 3.206231416976, ""null_std"": 0.025966504158, ""z_score"": -36.075223974406, ""empirical_p"": 0.009900990099, ""null_samples"": 100}"
C:\github\5hr-conlang\riemann_analysis\rrlang\outputs\controls_paper_minimum_v0_3_nulls100\control_mesu_udhr_punctuation_noise_every5.json,controls_paper_minimum_v0_3_nulls100,,,,mesu,unknown,unknown,,,,,,,,,grapheme,891,,,whitespace,Whitespace positions.,228,gap_entropy,density_shuffle,2.349555336212,3.129851113933,0.023330836084,-33.444827048041,33.444827048041,0.009900990099,,"{""name"": ""gap_entropy"", ""null_model"": ""density_shuffle"", ""observed"": 2.349555336212, ""null_mean"": 3.129851113933, ""null_std"": 0.023330836084, ""z_score"": -33.444827048041, ""empirical_p"": 0.009900990099, ""null_samples"": 100}"
C:\github\5hr-conlang\riemann_analysis\rrlang\outputs\controls_paper_minimum_v0_3_nulls100\control_mesu_udhr_duplicated_x4.json,controls_paper_minimum_v0_3_nulls100,,,,mesu,unknown,unknown,,,,,,,,,grapheme,2795,,,consonant,Alphabetic non-vowel positions under the MVP classifier.,972,prime_gap_affinity,density_shuffle,0.873326467559,0.473099897013,0.015562881795,25.716739086196,25.716739086196,0.009900990099,,"{""name"": ""prime_gap_affinity"", ""null_model"": ""density_shuffle"", ""observed"": 0.873326467559, ""null_mean"": 0.473099897013, ""null_std"": 0.015562881795, ""z_score"": 25.716739086196, ""empirical_p"": 0.009900990099, ""null_samples"": 100}"
C:\github\5hr-conlang\riemann_analysis\rrlang\outputs\controls_paper_minimum_v0_3_nulls100\control_mesu_udhr_duplicated_x4.json,controls_paper_minimum_v0_3_nulls100,,,,mesu,unknown,unknown,,,,,,,,,grapheme,2795,,,consonant,Alphabetic non-vowel positions under the MVP classifier.,972,run_entropy,density_shuffle,1.247336396176,2.162815286054,0.036865236227,-24.833121487351,24.833121487351,0.009900990099,,"{""name"": ""run_entropy"", ""null_model"": ""density_shuffle"", ""observed"": 1.247336396176, ""null_mean"": 2.162815286054, ""null_std"": 0.036865236227, ""z_score"": -24.833121487351, ""empirical_p"": 0.009900990099, ""null_samples"": 100}"
C:\github\5hr-conlang\riemann_analysis\rrlang\outputs\controls_paper_minimum_v0_3_nulls100\control_mesu_udhr_duplicated_x4.json,controls_paper_minimum_v0_3_nulls100,,,,mesu,unknown,unknown,,,,,,,,,grapheme_class,2795,,,consonant,Positions classified as consonant in the grapheme-class stream.,972,prime_gap_affinity,density_shuffle,0.873326467559,0.471915550978,0.0172154502,23.31689917523,23.31689917523,0.009900990099,,"{""name"": ""prime_gap_affinity"", ""null_model"": ""density_shuffle"", ""observed"": 0.873326467559, ""null_mean"": 0.471915550978, ""null_std"": 0.0172154502, ""z_score"": 23.31689917523, ""empirical_p"": 0.009900990099, ""null_samples"": 100}"
C:\github\5hr-conlang\riemann_analysis\rrlang\outputs\controls_paper_minimum_v0_3_nulls100\control_mesu_udhr_duplicated_x4.json,controls_paper_minimum_v0_3_nulls100,,,,mesu,unknown,unknown,,,,,,,,,grapheme_class,2795,,,vowel,Positions classified as vowel in the grapheme-class stream.,868,run_entropy,density_shuffle,1.473108636452,2.257356504302,0.036228945091,-21.64699705943,21.64699705943,0.009900990099,,"{""name"": ""run_entropy"", ""null_model"": ""density_shuffle"", ""observed"": 1.473108636452, ""null_mean"": 2.257356504302, ""null_std"": 0.036228945091, ""z_score"": -21.64699705943, ""empirical_p"": 0.009900990099, ""null_samples"": 100}"
C:\github\5hr-conlang\riemann_analysis\rrlang\outputs\controls_paper_minimum_v0_3_nulls100\control_mesu_udhr_duplicated_x4.json,controls_paper_minimum_v0_3_nulls100,,,,mesu,unknown,unknown,,,,,,,,,grapheme_class,2795,,,consonant,Positions classified as consonant in the grapheme-class stream.,972,run_entropy,density_shuffle,1.247336396176,2.165374526993,0.042706159457,-21.496621154462,21.496621154462,0.009900990099,,"{""name"": ""run_entropy"", ""null_model"": ""density_shuffle"", ""observed"": 1.247336396176, ""null_mean"": 2.165374526993, ""null_std"": 0.042706159457, ""z_score"": -21.496621154462, ""empirical_p"": 0.009900990099, ""null_samples"": 100}"
C:\github\5hr-conlang\riemann_analysis\rrlang\outputs\controls_paper_minimum_v0_3_nulls100\control_mesu_udhr_duplicated_x4.json,controls_paper_minimum_v0_3_nulls100,,,,mesu,unknown,unknown,,,,,,,,,grapheme,2795,,,vowel,Basic Latin-vowel positions plus common accented vowels.,868,run_entropy,density_shuffle,1.473108636452,2.257627853407,0.038281448234,-20.493457095937,20.493457095937,0.009900990099,,"{""name"": ""run_entropy"", ""null_model"": ""density_shuffle"", ""observed"": 1.473108636452, ""null_mean"": 2.257627853407, ""null_std"": 0.038281448234, ""z_score"": -20.493457095937, ""empirical_p"": 0.009900990099, ""null_samples"": 100}"
C:\github\5hr-conlang\riemann_analysis\rrlang\outputs\controls_paper_minimum_v0_3_nulls100\control_mesu_udhr_duplicated_x4.json,controls_paper_minimum_v0_3_nulls100,,,,mesu,unknown,unknown,,,,,,,,,grapheme_class,2795,,,vowel,Positions classified as vowel in the grapheme-class stream.,868,prime_gap_affinity,density_shuffle,0.76124567474,0.476966551326,0.015497474822,18.343577045605,18.343577045605,0.009900990099,,"{""name"": ""prime_gap_affinity"", ""null_model"": ""density_shuffle"", ""observed"": 0.76124567474, ""null_mean"": 0.476966551326, ""null_std"": 0.015497474822, ""z_score"": 18.343577045605, ""empirical_p"": 0.009900990099, ""null_samples"": 100}"
C:\github\5hr-conlang\riemann_analysis\rrlang\outputs\controls_paper_minimum_v0_3_nulls100\control_mesu_udhr_duplicated_x4.json,controls_paper_minimum_v0_3_nulls100,,,,mesu,unknown,unknown,,,,,,,,,grapheme,2795,,,vowel,Basic Latin-vowel positions plus common accented vowels.,868,gap_entropy,markov_1,1.404608334023,2.19146919273,0.044027966433,-17.871841978007,17.871841978007,0.009900990099,,"{""name"": ""gap_entropy"", ""null_model"": ""markov_1"", ""observed"": 1.404608334023, ""null_mean"": 2.19146919273, ""null_std"": 0.044027966433, ""z_score"": -17.871841978007, ""empirical_p"": 0.009900990099, ""null_samples"": 100}"
C:\github\5hr-conlang\riemann_analysis\rrlang\outputs\controls_paper_minimum_v0_3_nulls100\control_mesu_udhr_duplicated_x4.json,controls_paper_minimum_v0_3_nulls100,,,,mesu,unknown,unknown,,,,,,,,,grapheme,2795,,,vowel,Basic Latin-vowel positions plus common accented vowels.,868,prime_gap_affinity,density_shuffle,0.76124567474,0.47583621684,0.016655093752,17.136466605625,17.136466605625,0.009900990099,,"{""name"": ""prime_gap_affinity"", ""null_model"": ""density_shuffle"", ""observed"": 0.76124567474, ""null_mean"": 0.47583621684, ""null_std"": 0.016655093752, ""z_score"": 17.136466605625, ""empirical_p"": 0.009900990099, ""null_samples"": 100}"
C:\github\5hr-conlang\riemann_analysis\rrlang\outputs\controls_paper_minimum_v0_3_nulls100\control_mesu_udhr_duplicated_x4.json,controls_paper_minimum_v0_3_nulls100,,,,mesu,unknown,unknown,,,,,,,,,frequency_class,868,,,mid_frequency,Token positions in frequency class mid_frequency.,12,gap_entropy,density_shuffle,1.572623663895,3.375108993635,0.109858891348,-16.407277623324,16.407277623324,0.009900990099,,"{""name"": ""gap_entropy"", ""null_model"": ""density_shuffle"", ""observed"": 1.572623663895, ""null_mean"": 3.375108993635, ""null_std"": 0.109858891348, ""z_score"": -16.407277623324, ""empirical_p"": 0.009900990099, ""null_samples"": 100}"
C:\github\5hr-conlang\riemann_analysis\rrlang\outputs\controls_paper_minimum_v0_3_nulls100\control_mesu_udhr_duplicated_x4.json,controls_paper_minimum_v0_3_nulls100,,,,mesu,unknown,unknown,,,,,,,,,grapheme,2795,,,whitespace,Whitespace positions.,583,run_entropy,density_shuffle,1.995922948618,2.584392527979,0.036019510495,-16.337522950055,16.337522950055,0.009900990099,,"{""name"": ""run_entropy"", ""null_model"": ""density_shuffle"", ""observed"": 1.995922948618, ""null_mean"": 2.584392527979, ""null_std"": 0.036019510495, ""z_score"": -16.337522950055, ""empirical_p"": 0.009900990099, ""null_samples"": 100}"
C:\github\5hr-conlang\riemann_analysis\rrlang\outputs\controls_paper_minimum_v0_3_nulls100\control_mesu_udhr_duplicated_x4.json,controls_paper_minimum_v0_3_nulls100,,,,mesu,unknown,unknown,,,,,,,,,grapheme_class,2795,,,vowel,Positions classified as vowel in the grapheme-class stream.,868,gap_entropy,markov_1,1.404608334023,2.19211485646,0.048690760157,-16.173633763471,16.173633763471,0.009900990099,,"{""name"": ""gap_entropy"", ""null_model"": ""markov_1"", ""observed"": 1.404608334023, ""null_mean"": 2.19211485646, ""null_std"": 0.048690760157, ""z_score"": -16.173633763471, ""empirical_p"": 0.009900990099, ""null_samples"": 100}"
C:\github\5hr-conlang\riemann_analysis\rrlang\outputs\controls_paper_minimum_v0_3_nulls100\control_mesu_udhr_duplicated_x4.json,controls_paper_minimum_v0_3_nulls100,,,,mesu,unknown,unknown,,,,,,,,,word_boundary,2795,,,word_boundary,Positions marked as word boundaries after declared whitespace preprocessing.,583,run_entropy,density_shuffle,1.995922948618,2.586286517438,0.037554444016,-15.720205272236,15.720205272236,0.009900990099,,"{""name"": ""run_entropy"", ""null_model"": ""density_shuffle"", ""observed"": 1.995922948618, ""null_mean"": 2.586286517438, ""null_std"": 0.037554444016, ""z_score"": -15.720205272236, ""empirical_p"": 0.009900990099, ""null_samples"": 100}"
C:\github\5hr-conlang\riemann_analysis\rrlang\outputs\controls_paper_minimum_v0_3_nulls100\control_mesu_udhr_duplicated_x4.json,controls_paper_minimum_v0_3_nulls100,,,,mesu,unknown,unknown,,,,,,,,,grapheme_class,2795,,,whitespace,Positions classified as whitespace in the grapheme-class stream.,583,run_entropy,density_shuffle,1.995922948618,2.594887037927,0.039675500228,-15.096573095987,15.096573095987,0.009900990099,,"{""name"": ""run_entropy"", ""null_model"": ""density_shuffle"", ""observed"": 1.995922948618, ""null_mean"": 2.594887037927, ""null_std"": 0.039675500228, ""z_score"": -15.096573095987, ""empirical_p"": 0.009900990099, ""null_samples"": 100}"
C:\github\5hr-conlang\riemann_analysis\rrlang\outputs\controls_paper_minimum_v0_3_nulls100\control_mesu_udhr_punctuation_noise_every5.json,controls_paper_minimum_v0_3_nulls100,,,,mesu,unknown,unknown,,,,,,,,,grapheme,891,,,punctuation,Punctuation positions under the declared punctuation/hyphen policies.,203,gap_entropy,density_shuffle,2.965515780171,3.300519310747,0.024055910635,-13.926038205735,13.926038205735,0.009900990099,,"{""name"": ""gap_entropy"", ""null_model"": ""density_shuffle"", ""observed"": 2.965515780171, ""null_mean"": 3.300519310747, ""null_std"": 0.024055910635, ""z_score"": -13.926038205735, ""empirical_p"": 0.009900990099, ""null_samples"": 100}"
C:\github\5hr-conlang\riemann_analysis\rrlang\outputs\controls_paper_minimum_v0_3_nulls100\control_mesu_udhr_punctuation_noise_every5.json,controls_paper_minimum_v0_3_nulls100,,,,mesu,unknown,unknown,,,,,,,,,grapheme_class,891,,,punctuation,Positions classified as punctuation in the grapheme-class stream.,203,gap_entropy,density_shuffle,2.965515780171,3.305377048906,0.029916906752,-11.360174083308,11.360174083308,0.009900990099,,"{""name"": ""gap_entropy"", ""null_model"": ""density_shuffle"", ""observed"": 2.965515780171, ""null_mean"": 3.305377048906, ""null_std"": 0.029916906752, ""z_score"": -11.360174083308, ""empirical_p"": 0.009900990099, ""null_samples"": 100}"
C:\github\5hr-conlang\riemann_analysis\rrlang\outputs\controls_paper_minimum_v0_3_nulls100\control_mesu_udhr_punctuation_noise_every5.json,controls_paper_minimum_v0_3_nulls100,,,,mesu,unknown,unknown,,,,,,,,,grapheme_class,891,,,whitespace,Positions classified as whitespace in the grapheme-class stream.,228,prime_gap_affinity,density_shuffle,0.79295154185,0.47986784141,0.030586513053,10.23600499661,10.23600499661,0.009900990099,,"{""name"": ""prime_gap_affinity"", ""null_model"": ""density_shuffle"", ""observed"": 0.79295154185, ""null_mean"": 0.47986784141, ""null_std"": 0.030586513053, ""z_score"": 10.23600499661, ""empirical_p"": 0.009900990099, ""null_samples"": 100}"
C:\github\5hr-conlang\riemann_analysis\rrlang\outputs\controls_paper_minimum_v0_3_nulls100\control_mesu_udhr_punctuation_noise_every5.json,controls_paper_minimum_v0_3_nulls100,,,,mesu,unknown,unknown,,,,,,,,,grapheme_class,891,,,consonant,Positions classified as consonant in the grapheme-class stream.,243,run_entropy,density_shuffle,1.6452479702,2.331595363097,0.067252752427,-10.205491494791,10.205491494791,0.009900990099,,"{""name"": ""run_entropy"", ""null_model"": ""density_shuffle"", ""observed"": 1.6452479702, ""null_mean"": 2.331595363097, ""null_std"": 0.067252752427, ""z_score"": -10.205491494791, ""empirical_p"": 0.009900990099, ""null_samples"": 100}"
C:\github\5hr-conlang\riemann_analysis\rrlang\outputs\controls_paper_minimum_v0_3_nulls100\control_mesu_udhr_punctuation_noise_every5.json,controls_paper_minimum_v0_3_nulls100,,,,mesu,unknown,unknown,,,,,,,,,grapheme,891,,,whitespace,Whitespace positions.,228,prime_gap_affinity,density_shuffle,0.79295154185,0.48,0.031487565859,9.938892807756,9.938892807756,0.009900990099,,"{""name"": ""prime_gap_affinity"", ""null_model"": ""density_shuffle"", ""observed"": 0.79295154185, ""null_mean"": 0.48, ""null_std"": 0.031487565859, ""z_score"": 9.938892807756, ""empirical_p"": 0.009900990099, ""null_samples"": 100}"
C:\github\5hr-conlang\riemann_analysis\rrlang\outputs\controls_paper_minimum_v0_3_nulls100\control_mesu_udhr_punctuation_noise_every5.json,controls_paper_minimum_v0_3_nulls100,,,,mesu,unknown,unknown,,,,,,,,,grapheme,891,,,whitespace,Whitespace positions.,228,run_entropy,density_shuffle,1.781379052788,2.386799572589,0.062534709415,-9.681351771894,9.681351771894,0.009900990099,,"{""name"": ""run_entropy"", ""null_model"": ""density_shuffle"", ""observed"": 1.781379052788, ""null_mean"": 2.386799572589, ""null_std"": 0.062534709415, ""z_score"": -9.681351771894, ""empirical_p"": 0.009900990099, ""null_samples"": 100}"
C:\github\5hr-conlang\riemann_analysis\rrlang\outputs\controls_paper_minimum_v0_3_nulls100\control_mesu_udhr_punctuation_noise_every5.json,controls_paper_minimum_v0_3_nulls100,,,,mesu,unknown,unknown,,,,,,,,,grapheme,891,,,consonant,Alphabetic non-vowel positions under the MVP classifier.,243,run_entropy,density_shuffle,1.6452479702,2.328808587193,0.072768599079,-9.393620677622,9.393620677622,0.009900990099,,"{""name"": ""run_entropy"", ""null_model"": ""density_shuffle"", ""observed"": 1.6452479702, ""null_mean"": 2.328808587193, ""null_std"": 0.072768599079, ""z_score"": -9.393620677622, ""empirical_p"": 0.009900990099, ""null_samples"": 100}"
C:\github\5hr-conlang\riemann_analysis\rrlang\outputs\controls_paper_minimum_v0_3_nulls100\control_mesu_udhr_punctuation_noise_every5.json,controls_paper_minimum_v0_3_nulls100,,,,mesu,unknown,unknown,,,,,,,,,grapheme_class,891,,,whitespace,Positions classified as whitespace in the grapheme-class stream.,228,run_entropy,density_shuffle,1.781379052788,2.391166956769,0.067022299003,-9.098283900263,9.098283900263,0.009900990099,,"{""name"": ""run_entropy"", ""null_model"": ""density_shuffle"", ""observed"": 1.781379052788, ""null_mean"": 2.391166956769, ""null_std"": 0.067022299003, ""z_score"": -9.098283900263, ""empirical_p"": 0.009900990099, ""null_samples"": 100}"
C:\github\5hr-conlang\riemann_analysis\rrlang\outputs\controls_paper_minimum_v0_3_nulls100\control_mesu_udhr_duplicated_x4.json,controls_paper_minimum_v0_3_nulls100,,,,mesu,unknown,unknown,,,,,,,,,grapheme,2795,,,punctuation,Punctuation positions under the declared punctuation/hyphen policies.,372,gap_entropy,markov_1,3.300240153994,3.936059841875,0.071251106431,-8.923646519026,8.923646519026,0.009900990099,,"{""name"": ""gap_entropy"", ""null_model"": ""markov_1"", ""observed"": 3.300240153994, ""null_mean"": 3.936059841875, ""null_std"": 0.071251106431, ""z_score"": -8.923646519026, ""empirical_p"": 0.009900990099, ""null_samples"": 100}"
C:\github\5hr-conlang\riemann_analysis\rrlang\outputs\controls_paper_minimum_v0_3_nulls100\control_mesu_udhr_punctuation_noise_every5.json,controls_paper_minimum_v0_3_nulls100,,,,mesu,unknown,unknown,,,,,,,,,word_boundary,891,,,word_boundary,Positions marked as word boundaries after declared whitespace preprocessing.,228,prime_gap_affinity,density_shuffle,0.79295154185,0.480704845815,0.035443513999,8.809699175091,8.809699175091,0.009900990099,,"{""name"": ""prime_gap_affinity"", ""null_model"": ""density_shuffle"", ""observed"": 0.79295154185, ""null_mean"": 0.480704845815, ""null_std"": 0.035443513999, ""z_score"": 8.809699175091, ""empirical_p"": 0.009900990099, ""null_samples"": 100}"
C:\github\5hr-conlang\riemann_analysis\rrlang\outputs\controls_paper_minimum_v0_3_nulls100\control_mesu_udhr_duplicated_x4.json,controls_paper_minimum_v0_3_nulls100,,,,mesu,unknown,unknown,,,,,,,,,grapheme_class,2795,,,punctuation,Positions classified as punctuation in the grapheme-class stream.,372,gap_entropy,markov_1,3.300240153994,3.950889691078,0.074139464049,-8.776021588932,8.776021588932,0.009900990099,,"{""name"": ""gap_entropy"", ""null_model"": ""markov_1"", ""observed"": 3.300240153994, ""null_mean"": 3.950889691078, ""null_std"": 0.074139464049, ""z_score"": -8.776021588932, ""empirical_p"": 0.009900990099, ""null_samples"": 100}"
C:\github\5hr-conlang\riemann_analysis\rrlang\outputs\controls_paper_minimum_v0_3_nulls100\control_mesu_udhr_punctuation_noise_every5.json,controls_paper_minimum_v0_3_nulls100,,,,mesu,unknown,unknown,,,,,,,,,grapheme_class,891,,,vowel,Positions classified as vowel in the grapheme-class stream.,217,run_entropy,density_shuffle,1.924264566203,2.425336485401,0.059813700206,-8.377209861097,8.377209861097,0.009900990099,,"{""name"": ""run_entropy"", ""null_model"": ""density_shuffle"", ""observed"": 1.924264566203, ""null_mean"": 2.425336485401, ""null_std"": 0.059813700206, ""z_score"": -8.377209861097, ""empirical_p"": 0.009900990099, ""null_samples"": 100}"
C:\github\5hr-conlang\riemann_analysis\rrlang\outputs\controls_paper_minimum_v0_3_nulls100\control_mesu_udhr_punctuation_noise_every5.json,controls_paper_minimum_v0_3_nulls100,,,,mesu,unknown,unknown,,,,,,,,,word_boundary,891,,,word_boundary,Positions marked as word boundaries after declared whitespace preprocessing.,228,run_entropy,density_shuffle,1.781379052788,2.380408867337,0.07287683336,-8.21975636052,8.21975636052,0.009900990099,,"{""name"": ""run_entropy"", ""null_model"": ""density_shuffle"", ""observed"": 1.781379052788, ""null_mean"": 2.380408867337, ""null_std"": 0.07287683336, ""z_score"": -8.21975636052, ""empirical_p"": 0.009900990099, ""null_samples"": 100}"
C:\github\5hr-conlang\riemann_analysis\rrlang\outputs\controls_paper_minimum_v0_3_nulls100\control_mesu_udhr_duplicated_x4.json,controls_paper_minimum_v0_3_nulls100,,,,mesu,unknown,unknown,,,,,,,,,frequency_class,868,,,high_frequency,Token positions in frequency class high_frequency.,856,run_entropy,gap_order_shuffle,2.092878689342,2.842782393401,0.091270307876,-8.216294230992,8.216294230992,0.009900990099,,"{""name"": ""run_entropy"", ""null_model"": ""gap_order_shuffle"", ""observed"": 2.092878689342, ""null_mean"": 2.842782393401, ""null_std"": 0.091270307876, ""z_score"": -8.216294230992, ""empirical_p"": 0.009900990099, ""null_samples"": 100}"
C:\github\5hr-conlang\riemann_analysis\rrlang\outputs\controls_paper_minimum_v0_3_nulls100\control_mesu_udhr_punctuation_noise_every5.json,controls_paper_minimum_v0_3_nulls100,,,,mesu,unknown,unknown,,,,,,,,,grapheme_class,891,,,consonant,Positions classified as consonant in the grapheme-class stream.,243,prime_gap_affinity,density_shuffle,0.743801652893,0.481570247934,0.031988829918,8.197592898218,8.197592898218,0.009900990099,,"{""name"": ""prime_gap_affinity"", ""null_model"": ""density_shuffle"", ""observed"": 0.743801652893, ""null_mean"": 0.481570247934, ""null_std"": 0.031988829918, ""z_score"": 8.197592898218, ""empirical_p"": 0.009900990099, ""null_samples"": 100}"
C:\github\5hr-conlang\riemann_analysis\rrlang\outputs\controls_paper_minimum_v0_3_nulls100\control_mesu_udhr_punctuation_noise_every5.json,controls_paper_minimum_v0_3_nulls100,,,,mesu,unknown,unknown,,,,,,,,,grapheme,891,,,consonant,Alphabetic non-vowel positions under the MVP classifier.,243,prime_gap_affinity,density_shuffle,0.743801652893,0.480702479339,0.03211064193,8.193519585383,8.193519585383,0.009900990099,,"{""name"": ""prime_gap_affinity"", ""null_model"": ""density_shuffle"", ""observed"": 0.743801652893, ""null_mean"": 0.480702479339, ""null_std"": 0.03211064193, ""z_score"": 8.193519585383, ""empirical_p"": 0.009900990099, ""null_samples"": 100}"
C:\github\5hr-conlang\riemann_analysis\rrlang\outputs\controls_paper_minimum_v0_3_nulls100\control_mesu_udhr_duplicated_x4.json,controls_paper_minimum_v0_3_nulls100,,,,mesu,unknown,unknown,,,,,,,,,grapheme,2795,,,whitespace,Whitespace positions.,583,prime_gap_affinity,density_shuffle,0.611683848797,0.474536082474,0.01703288299,8.051940848882,8.051940848882,0.009900990099,,"{""name"": ""prime_gap_affinity"", ""null_model"": ""density_shuffle"", ""observed"": 0.611683848797, ""null_mean"": 0.474536082474, ""null_std"": 0.01703288299, ""z_score"": 8.051940848882, ""empirical_p"": 0.009900990099, ""null_samples"": 100}"
C:\github\5hr-conlang\riemann_analysis\rrlang\outputs\controls_paper_minimum_v0_3_nulls100\control_random_bits_seed1337_len12000.json,controls_paper_minimum_v0_3_nulls100,,,,unknown,unknown,unknown,,,,,,,,,word_boundary,12149,,,word_boundary,Positions marked as word boundaries after declared whitespace preprocessing.,149,prime_gap_affinity,markov_1,0.0,0.255464113328,0.033456464134,-7.635717639081,7.635717639081,0.009900990099,,"{""name"": ""prime_gap_affinity"", ""null_model"": ""markov_1"", ""observed"": 0, ""null_mean"": 0.255464113328, ""null_std"": 0.033456464134, ""z_score"": -7.635717639081, ""empirical_p"": 0.009900990099, ""null_samples"": 100}"
C:\github\5hr-conlang\riemann_analysis\rrlang\outputs\controls_paper_minimum_v0_3_nulls100\control_random_bits_seed1337_len12000.json,controls_paper_minimum_v0_3_nulls100,,,,unknown,unknown,unknown,,,,,,,,,grapheme_class,12149,,,whitespace,Positions classified as whitespace in the grapheme-class stream.,149,prime_gap_affinity,markov_1,0.0,0.25444712314,0.033546402162,-7.584930327504,7.584930327504,0.009900990099,,"{""name"": ""prime_gap_affinity"", ""null_model"": ""markov_1"", ""observed"": 0, ""null_mean"": 0.25444712314, ""null_std"": 0.033546402162, ""z_score"": -7.584930327504, ""empirical_p"": 0.009900990099, ""null_samples"": 100}"
C:\github\5hr-conlang\riemann_analysis\rrlang\outputs\controls_paper_minimum_v0_3_nulls100\control_mesu_udhr_punctuation_noise_every5.json,controls_paper_minimum_v0_3_nulls100,,,,mesu,unknown,unknown,,,,,,,,,grapheme,891,,,vowel,Basic Latin-vowel positions plus common accented vowels.,217,run_entropy,density_shuffle,1.924264566203,2.422074324886,0.066334911763,-7.504491156336,7.504491156336,0.009900990099,,"{""name"": ""run_entropy"", ""null_model"": ""density_shuffle"", ""observed"": 1.924264566203, ""null_mean"": 2.422074324886, ""null_std"": 0.066334911763, ""z_score"": -7.504491156336, ""empirical_p"": 0.009900990099, ""null_samples"": 100}"
C:\github\5hr-conlang\riemann_analysis\rrlang\outputs\controls_paper_minimum_v0_3_nulls100\control_random_bits_seed1337_len12000.json,controls_paper_minimum_v0_3_nulls100,,,,unknown,unknown,unknown,,,,,,,,,grapheme_class,12149,,,whitespace,Positions classified as whitespace in the grapheme-class stream.,149,prime_gap_affinity,markov_2,0.0,0.253287058608,0.034346774195,-7.374406026254,7.374406026254,0.009900990099,True,"{""name"": ""prime_gap_affinity"", ""null_model"": ""markov_2"", ""observed"": 0, ""null_mean"": 0.253287058608, ""null_std"": 0.034346774195, ""z_score"": -7.374406026254, ""empirical_p"": 0.009900990099, ""null_samples"": 100}"
C:\github\5hr-conlang\riemann_analysis\rrlang\outputs\controls_paper_minimum_v0_3_nulls100\control_random_bits_seed1337_len12000.json,controls_paper_minimum_v0_3_nulls100,,,,unknown,unknown,unknown,,,,,,,,,grapheme,12149,,,whitespace,Whitespace positions.,149,prime_gap_affinity,density_shuffle,0.0,0.254324324324,0.034553342693,-7.360339246684,7.360339246684,0.009900990099,,"{""name"": ""prime_gap_affinity"", ""null_model"": ""density_shuffle"", ""observed"": 0, ""null_mean"": 0.254324324324, ""null_std"": 0.034553342693, ""z_score"": -7.360339246684, ""empirical_p"": 0.009900990099, ""null_samples"": 100}"
C:\github\5hr-conlang\riemann_analysis\rrlang\outputs\controls_paper_minimum_v0_3_nulls100\control_random_bits_seed1337_len12000.json,controls_paper_minimum_v0_3_nulls100,,,,unknown,unknown,unknown,,,,,,,,,word_boundary,12149,,,word_boundary,Positions marked as word boundaries after declared whitespace preprocessing.,149,prime_gap_affinity,density_shuffle,0.0,0.253445945946,0.03468621363,-7.306820763172,7.306820763172,0.009900990099,,"{""name"": ""prime_gap_affinity"", ""null_model"": ""density_shuffle"", ""observed"": 0, ""null_mean"": 0.253445945946, ""null_std"": 0.03468621363, ""z_score"": -7.306820763172, ""empirical_p"": 0.009900990099, ""null_samples"": 100}"
C:\github\5hr-conlang\riemann_analysis\rrlang\outputs\controls_paper_minimum_v0_3_nulls100\control_random_bits_seed1337_len12000.json,controls_paper_minimum_v0_3_nulls100,,,,unknown,unknown,unknown,,,,,,,,,grapheme,12149,,,whitespace,Whitespace positions.,149,prime_gap_affinity,markov_1,0.0,0.256750272346,0.036016407177,-7.128703068243,7.128703068243,0.009900990099,,"{""name"": ""prime_gap_affinity"", ""null_model"": ""markov_1"", ""observed"": 0, ""null_mean"": 0.256750272346, ""null_std"": 0.036016407177, ""z_score"": -7.128703068243, ""empirical_p"": 0.009900990099, ""null_samples"": 100}"
C:\github\5hr-conlang\riemann_analysis\rrlang\outputs\controls_paper_minimum_v0_3_nulls100\control_random_bits_seed1337_len12000.json,controls_paper_minimum_v0_3_nulls100,,,,unknown,unknown,unknown,,,,,,,,,word_boundary,12149,,,word_boundary,Positions marked as word boundaries after declared whitespace preprocessing.,149,prime_gap_affinity,markov_2,0.0,0.243092060812,0.034133817848,-7.1217366277,7.1217366277,0.009900990099,True,"{""name"": ""prime_gap_affinity"", ""null_model"": ""markov_2"", ""observed"": 0, ""null_mean"": 0.243092060812, ""null_std"": 0.034133817848, ""z_score"": -7.1217366277, ""empirical_p"": 0.009900990099, ""null_samples"": 100}"
C:\github\5hr-conlang\riemann_analysis\rrlang\outputs\controls_paper_minimum_v0_3_nulls100\control_mesu_udhr_duplicated_x4.json,controls_paper_minimum_v0_3_nulls100,,,,mesu,unknown,unknown,,,,,,,,,grapheme,2795,,,punctuation,Punctuation positions under the declared punctuation/hyphen policies.,372,run_entropy,density_shuffle,2.649632295444,2.95998889862,0.044129171701,-7.032912497902,7.032912497902,0.009900990099,,"{""name"": ""run_entropy"", ""null_model"": ""density_shuffle"", ""observed"": 2.649632295444, ""null_mean"": 2.95998889862, ""null_std"": 0.044129171701, ""z_score"": -7.032912497902, ""empirical_p"": 0.009900990099, ""null_samples"": 100}"
C:\github\5hr-conlang\riemann_analysis\rrlang\outputs\controls_paper_minimum_v0_3_nulls100\control_mesu_udhr_punctuation_noise_every5.json,controls_paper_minimum_v0_3_nulls100,,,,mesu,unknown,unknown,,,,,,,,,grapheme_class,891,,,vowel,Positions classified as vowel in the grapheme-class stream.,217,prime_gap_affinity,density_shuffle,0.699074074074,0.475277777778,0.033125756597,6.755960294644,6.755960294644,0.009900990099,,"{""name"": ""prime_gap_affinity"", ""null_model"": ""density_shuffle"", ""observed"": 0.699074074074, ""null_mean"": 0.475277777778, ""null_std"": 0.033125756597, ""z_score"": 6.755960294644, ""empirical_p"": 0.009900990099, ""null_samples"": 100}"
C:\github\5hr-conlang\riemann_analysis\rrlang\outputs\controls_paper_minimum_v0_3_nulls100\control_random_bits_seed1337_len12000.json,controls_paper_minimum_v0_3_nulls100,,,,unknown,unknown,unknown,,,,,,,,,grapheme,12149,,,whitespace,Whitespace positions.,149,prime_gap_affinity,markov_2,0.0,0.249641936206,0.037086540558,-6.731335208164,6.731335208164,0.009900990099,True,"{""name"": ""prime_gap_affinity"", ""null_model"": ""markov_2"", ""observed"": 0, ""null_mean"": 0.249641936206, ""null_std"": 0.037086540558, ""z_score"": -6.731335208164, ""empirical_p"": 0.009900990099, ""null_samples"": 100}"
C:\github\5hr-conlang\riemann_analysis\rrlang\outputs\controls_paper_minimum_v0_3_nulls100\control_mesu_udhr_duplicated_x4.json,controls_paper_minimum_v0_3_nulls100,,,,mesu,unknown,unknown,,,,,,,,,grapheme_class,2795,,,whitespace,Positions classified as whitespace in the grapheme-class stream.,583,prime_gap_affinity,density_shuffle,0.611683848797,0.470257731959,0.021608225463,6.545013012757,6.545013012757,0.009900990099,,"{""name"": ""prime_gap_affinity"", ""null_model"": ""density_shuffle"", ""observed"": 0.611683848797, ""null_mean"": 0.470257731959, ""null_std"": 0.021608225463, ""z_score"": 6.545013012757, ""empirical_p"": 0.009900990099, ""null_samples"": 100}"
C:\github\5hr-conlang\riemann_analysis\rrlang\outputs\controls_paper_minimum_v0_3_nulls100\control_mesu_udhr_duplicated_x4.json,controls_paper_minimum_v0_3_nulls100,,,,mesu,unknown,unknown,,,,,,,,,word_boundary,2795,,,word_boundary,Positions marked as word boundaries after declared whitespace preprocessing.,583,prime_gap_affinity,density_shuffle,0.611683848797,0.475103092784,0.021103859464,6.471837828955,6.471837828955,0.009900990099,,"{""name"": ""prime_gap_affinity"", ""null_model"": ""density_shuffle"", ""observed"": 0.611683848797, ""null_mean"": 0.475103092784, ""null_std"": 0.021103859464, ""z_score"": 6.471837828955, ""empirical_p"": 0.009900990099, ""null_samples"": 100}"
C:\github\5hr-conlang\riemann_analysis\rrlang\outputs\controls_paper_minimum_v0_3_nulls100\control_mesu_udhr_punctuation_noise_every5.json,controls_paper_minimum_v0_3_nulls100,,,,mesu,unknown,unknown,,,,,,,,,grapheme,891,,,vowel,Basic Latin-vowel positions plus common accented vowels.,217,prime_gap_affinity,density_shuffle,0.699074074074,0.483148148148,0.033556275279,6.434740570324,6.434740570324,0.009900990099,,"{""name"": ""prime_gap_affinity"", ""null_model"": ""density_shuffle"", ""observed"": 0.699074074074, ""null_mean"": 0.483148148148, ""null_std"": 0.033556275279, ""z_score"": 6.434740570324, ""empirical_p"": 0.009900990099, ""null_samples"": 100}"
C:\github\5hr-conlang\riemann_analysis\rrlang\outputs\controls_paper_minimum_v0_3_nulls100\control_mesu_udhr_duplicated_x4.json,controls_paper_minimum_v0_3_nulls100,,,,mesu,unknown,unknown,,,,,,,,,frequency_class,868,,,mid_frequency,Token positions in frequency class mid_frequency.,12,run_entropy,density_shuffle,2.092878689342,2.856354315097,0.118729242646,-6.430392452118,6.430392452118,0.009900990099,,"{""name"": ""run_entropy"", ""null_model"": ""density_shuffle"", ""observed"": 2.092878689342, ""null_mean"": 2.856354315097, ""null_std"": 0.118729242646, ""z_score"": -6.430392452118, ""empirical_p"": 0.009900990099, ""null_samples"": 100}"
C:\github\5hr-conlang\riemann_analysis\rrlang\outputs\controls_paper_minimum_v0_3_nulls100\control_random_bits_seed1337_len12000.json,controls_paper_minimum_v0_3_nulls100,,,,unknown,unknown,unknown,,,,,,,,,grapheme_class,12149,,,whitespace,Positions classified as whitespace in the grapheme-class stream.,149,prime_gap_affinity,density_shuffle,0.0,0.252094594595,0.039534974153,-6.376495748313,6.376495748313,0.009900990099,,"{""name"": ""prime_gap_affinity"", ""null_model"": ""density_shuffle"", ""observed"": 0, ""null_mean"": 0.252094594595, ""null_std"": 0.039534974153, ""z_score"": -6.376495748313, ""empirical_p"": 0.009900990099, ""null_samples"": 100}"
C:\github\5hr-conlang\riemann_analysis\rrlang\outputs\controls_paper_minimum_v0_3_nulls100\control_mesu_udhr_punctuation_noise_every5.json,controls_paper_minimum_v0_3_nulls100,,,,mesu,unknown,unknown,,,,,,,,,grapheme,891,,,vowel,Basic Latin-vowel positions plus common accented vowels.,217,gap_entropy,markov_1,2.269483963627,2.762879356313,0.083031532639,-5.942265269677,5.942265269677,0.009900990099,,"{""name"": ""gap_entropy"", ""null_model"": ""markov_1"", ""observed"": 2.269483963627, ""null_mean"": 2.762879356313, ""null_std"": 0.083031532639, ""z_score"": -5.942265269677, ""empirical_p"": 0.009900990099, ""null_samples"": 100}"
C:\github\5hr-conlang\riemann_analysis\rrlang\outputs\controls_paper_minimum_v0_3_nulls100\control_mesu_udhr_duplicated_x4.json,controls_paper_minimum_v0_3_nulls100,,,,mesu,unknown,unknown,,,,,,,,,grapheme_class,2795,,,punctuation,Positions classified as punctuation in the grapheme-class stream.,372,run_entropy,density_shuffle,2.649632295444,2.95597089094,0.052410288184,-5.845008797133,5.845008797133,0.009900990099,,"{""name"": ""run_entropy"", ""null_model"": ""density_shuffle"", ""observed"": 2.649632295444, ""null_mean"": 2.95597089094, ""null_std"": 0.052410288184, ""z_score"": -5.845008797133, ""empirical_p"": 0.009900990099, ""null_samples"": 100}"
C:\github\5hr-conlang\riemann_analysis\rrlang\outputs\controls_paper_minimum_v0_3_nulls100\control_mesu_udhr_punctuation_noise_every5.json,controls_paper_minimum_v0_3_nulls100,,,,mesu,unknown,unknown,,,,,,,,,grapheme_class,891,,,vowel,Positions classified as vowel in the grapheme-class stream.,217,gap_entropy,markov_1,2.269483963627,2.762030661524,0.084546415238,-5.825754959701,5.825754959701,0.009900990099,,"{""name"": ""gap_entropy"", ""null_model"": ""markov_1"", ""observed"": 2.269483963627, ""null_mean"": 2.762030661524, ""null_std"": 0.084546415238, ""z_score"": -5.825754959701, ""empirical_p"": 0.009900990099, ""null_samples"": 100}"
C:\github\5hr-conlang\riemann_analysis\rrlang\outputs\controls_paper_minimum_v0_3_nulls100\control_mesu_udhr_duplicated_x4.json,controls_paper_minimum_v0_3_nulls100,,,,mesu,unknown,unknown,,,,,,,,,grapheme_class,2795,,,punctuation,Positions classified as punctuation in the grapheme-class stream.,372,run_entropy,markov_2,2.649632295444,2.845055463887,0.034181965212,-5.717142570019,5.717142570019,0.009900990099,True,"{""name"": ""run_entropy"", ""null_model"": ""markov_2"", ""observed"": 2.649632295444, ""null_mean"": 2.845055463887, ""null_std"": 0.034181965212, ""z_score"": -5.717142570019, ""empirical_p"": 0.009900990099, ""null_samples"": 100}"
C:\github\5hr-conlang\riemann_analysis\rrlang\outputs\controls_paper_minimum_v0_3_nulls100\control_mesu_udhr_duplicated_x4.json,controls_paper_minimum_v0_3_nulls100,,,,mesu,unknown,unknown,,,,,,,,,grapheme_class,2795,,,punctuation,Positions classified as punctuation in the grapheme-class stream.,372,gap_entropy,markov_2,3.300240153994,3.689020196915,0.068883676061,-5.644008350764,5.644008350764,0.009900990099,True,"{""name"": ""gap_entropy"", ""null_model"": ""markov_2"", ""observed"": 3.300240153994, ""null_mean"": 3.689020196915, ""null_std"": 0.068883676061, ""z_score"": -5.644008350764, ""empirical_p"": 0.009900990099, ""null_samples"": 100}"
C:\github\5hr-conlang\riemann_analysis\rrlang\outputs\controls_paper_minimum_v0_3_nulls100\control_mesu_udhr_duplicated_x4.json,controls_paper_minimum_v0_3_nulls100,,,,mesu,unknown,unknown,,,,,,,,,grapheme,2795,,,punctuation,Punctuation positions under the declared punctuation/hyphen policies.,372,run_entropy,markov_2,2.649632295444,2.853041865418,0.036225796091,-5.61504761589,5.61504761589,0.009900990099,True,"{""name"": ""run_entropy"", ""null_model"": ""markov_2"", ""observed"": 2.649632295444, ""null_mean"": 2.853041865418, ""null_std"": 0.036225796091, ""z_score"": -5.61504761589, ""empirical_p"": 0.009900990099, ""null_samples"": 100}"
C:\github\5hr-conlang\riemann_analysis\rrlang\outputs\controls_paper_minimum_v0_3_nulls100\control_mesu_udhr_duplicated_x4.json,controls_paper_minimum_v0_3_nulls100,,,,mesu,unknown,unknown,,,,,,,,,grapheme,2795,,,punctuation,Punctuation positions under the declared punctuation/hyphen policies.,372,gap_entropy,markov_2,3.300240153994,3.705308471584,0.07314816705,-5.537641391811,5.537641391811,0.009900990099,True,"{""name"": ""gap_entropy"", ""null_model"": ""markov_2"", ""observed"": 3.300240153994, ""null_mean"": 3.705308471584, ""null_std"": 0.07314816705, ""z_score"": -5.537641391811, ""empirical_p"": 0.009900990099, ""null_samples"": 100}"
C:\github\5hr-conlang\riemann_analysis\rrlang\outputs\controls_paper_minimum_v0_3_nulls100\control_mesu_udhr_duplicated_x4.json,controls_paper_minimum_v0_3_nulls100,,,,mesu,unknown,unknown,,,,,,,,,frequency_class,868,,,high_frequency,Token positions in frequency class high_frequency.,856,run_entropy,markov_2,2.092878689342,2.879903939718,0.14667838485,-5.365652554623,5.365652554623,0.009900990099,True,"{""name"": ""run_entropy"", ""null_model"": ""markov_2"", ""observed"": 2.092878689342, ""null_mean"": 2.879903939718, ""null_std"": 0.14667838485, ""z_score"": -5.365652554623, ""empirical_p"": 0.009900990099, ""null_samples"": 100}"
C:\github\5hr-conlang\riemann_analysis\rrlang\outputs\controls_paper_minimum_v0_3_nulls100\control_random_bits_seed1337_len12000.json,controls_paper_minimum_v0_3_nulls100,,,,unknown,unknown,unknown,,,,,,,,,grapheme_class,12149,,,digit,Positions classified as digit in the grapheme-class stream.,12000,prime_index_occupancy_bias,markov_2,0.013933046568,5.2232043e-05,0.002670655777,5.197530376877,5.197530376877,0.009900990099,True,"{""name"": ""prime_index_occupancy_bias"", ""null_model"": ""markov_2"", ""observed"": 0.013933046568, ""null_mean"": 5.2232043e-05, ""null_std"": 0.002670655777, ""z_score"": 5.197530376877, ""empirical_p"": 0.009900990099, ""null_samples"": 100}"
C:\github\5hr-conlang\riemann_analysis\rrlang\outputs\controls_paper_minimum_v0_3_nulls100\control_random_bits_seed1337_len12000.json,controls_paper_minimum_v0_3_nulls100,,,,unknown,unknown,unknown,,,,,,,,,grapheme,12149,,,whitespace,Whitespace positions.,149,prime_index_occupancy_bias,markov_1,-0.013933046568,-0.000333428173,0.002685847069,-5.063437360461,5.063437360461,0.009900990099,,"{""name"": ""prime_index_occupancy_bias"", ""null_model"": ""markov_1"", ""observed"": -0.013933046568, ""null_mean"": -0.000333428173, ""null_std"": 0.002685847069, ""z_score"": -5.063437360461, ""empirical_p"": 0.009900990099, ""null_samples"": 100}"
C:\github\5hr-conlang\riemann_analysis\rrlang\outputs\controls_paper_minimum_v0_3_nulls100\control_random_bits_seed1337_len12000.json,controls_paper_minimum_v0_3_nulls100,,,,unknown,unknown,unknown,,,,,,,,,word_boundary,12149,,,word_boundary,Positions marked as word boundaries after declared whitespace preprocessing.,149,prime_index_occupancy_bias,markov_2,-0.013933046568,-5.2804424e-05,0.002749033308,-5.049135673871,5.049135673871,0.009900990099,True,"{""name"": ""prime_index_occupancy_bias"", ""null_model"": ""markov_2"", ""observed"": -0.013933046568, ""null_mean"": -5.2804424e-05, ""null_std"": 0.002749033308, ""z_score"": -5.049135673871, ""empirical_p"": 0.009900990099, ""null_samples"": 100}"
C:\github\5hr-conlang\riemann_analysis\rrlang\outputs\controls_paper_minimum_v0_3_nulls100\control_mesu_udhr_duplicated_x4.json,controls_paper_minimum_v0_3_nulls100,,,,mesu,unknown,unknown,,,,,,,,,frequency_class,868,,,high_frequency,Token positions in frequency class high_frequency.,856,run_entropy,density_shuffle,2.092878689342,2.847848976258,0.151369227518,-4.987607450296,4.987607450296,0.009900990099,,"{""name"": ""run_entropy"", ""null_model"": ""density_shuffle"", ""observed"": 2.092878689342, ""null_mean"": 2.847848976258, ""null_std"": 0.151369227518, ""z_score"": -4.987607450296, ""empirical_p"": 0.009900990099, ""null_samples"": 100}"
C:\github\5hr-conlang\riemann_analysis\rrlang\outputs\controls_paper_minimum_v0_3_nulls100\control_random_bits_seed1337_len12000.json,controls_paper_minimum_v0_3_nulls100,,,,unknown,unknown,unknown,,,,,,,,,grapheme_class,12149,,,whitespace,Positions classified as whitespace in the grapheme-class stream.,149,prime_index_occupancy_bias,markov_1,-0.013933046568,0.000164471509,0.002856936993,-4.934486868439,4.934486868439,0.009900990099,,"{""name"": ""prime_index_occupancy_bias"", ""null_model"": ""markov_1"", ""observed"": -0.013933046568, ""null_mean"": 0.000164471509, ""null_std"": 0.002856936993, ""z_score"": -4.934486868439, ""empirical_p"": 0.009900990099, ""null_samples"": 100}"
C:\github\5hr-conlang\riemann_analysis\rrlang\outputs\controls_paper_minimum_v0_3_nulls100\control_random_bits_seed1337_len12000.json,controls_paper_minimum_v0_3_nulls100,,,,unknown,unknown,unknown,,,,,,,,,grapheme_class,12149,,,whitespace,Positions classified as whitespace in the grapheme-class stream.,149,prime_index_occupancy_bias,density_shuffle,-0.013933046568,0.00022446993,0.002882354987,-4.91178795158,4.91178795158,0.009900990099,,"{""name"": ""prime_index_occupancy_bias"", ""null_model"": ""density_shuffle"", ""observed"": -0.013933046568, ""null_mean"": 0.00022446993, ""null_std"": 0.002882354987, ""z_score"": -4.91178795158, ""empirical_p"": 0.009900990099, ""null_samples"": 100}"
C:\github\5hr-conlang\riemann_analysis\rrlang\outputs\controls_paper_minimum_v0_3_nulls100\control_random_bits_seed1337_len12000.json,controls_paper_minimum_v0_3_nulls100,,,,unknown,unknown,unknown,,,,,,,,,grapheme,12149,,,digit,ASCII digit positions.,12000,prime_index_occupancy_bias,markov_2,0.013933046568,-0.000441233936,0.002973965113,4.833372267657,4.833372267657,0.009900990099,True,"{""name"": ""prime_index_occupancy_bias"", ""null_model"": ""markov_2"", ""observed"": 0.013933046568, ""null_mean"": -0.000441233936, ""null_std"": 0.002973965113, ""z_score"": 4.833372267657, ""empirical_p"": 0.009900990099, ""null_samples"": 100}"
C:\github\5hr-conlang\riemann_analysis\rrlang\outputs\controls_paper_minimum_v0_3_nulls100\control_random_bits_seed1337_len12000.json,controls_paper_minimum_v0_3_nulls100,,,,unknown,unknown,unknown,,,,,,,,,grapheme,12149,,,whitespace,Whitespace positions.,149,prime_index_occupancy_bias,markov_2,-0.013933046568,0.000192555493,0.002953618676,-4.782473166248,4.782473166248,0.009900990099,True,"{""name"": ""prime_index_occupancy_bias"", ""null_model"": ""markov_2"", ""observed"": -0.013933046568, ""null_mean"": 0.000192555493, ""null_std"": 0.002953618676, ""z_score"": -4.782473166248, ""empirical_p"": 0.009900990099, ""null_samples"": 100}"
C:\github\5hr-conlang\riemann_analysis\rrlang\outputs\controls_paper_minimum_v0_3_nulls100\control_random_bits_seed1337_len12000.json,controls_paper_minimum_v0_3_nulls100,,,,unknown,unknown,unknown,,,,,,,,,grapheme,12149,,,whitespace,Whitespace positions.,149,prime_index_occupancy_bias,density_shuffle,-0.013933046568,2.0405071e-05,0.002938006969,-4.749291538835,4.749291538835,0.009900990099,,"{""name"": ""prime_index_occupancy_bias"", ""null_model"": ""density_shuffle"", ""observed"": -0.013933046568, ""null_mean"": 2.0405071e-05, ""null_std"": 0.002938006969, ""z_score"": -4.749291538835, ""empirical_p"": 0.009900990099, ""null_samples"": 100}"
C:\github\5hr-conlang\riemann_analysis\rrlang\outputs\controls_paper_minimum_v0_3_nulls100\control_random_bits_seed1337_len12000.json,controls_paper_minimum_v0_3_nulls100,,,,unknown,unknown,unknown,,,,,,,,,grapheme_class,12149,,,digit,Positions classified as digit in the grapheme-class stream.,12000,prime_index_occupancy_bias,markov_1,0.013933046568,0.000149060947,0.002938367723,4.691034928705,4.691034928705,0.009900990099,,"{""name"": ""prime_index_occupancy_bias"", ""null_model"": ""markov_1"", ""observed"": 0.013933046568, ""null_mean"": 0.000149060947, ""null_std"": 0.002938367723, ""z_score"": 4.691034928705, ""empirical_p"": 0.009900990099, ""null_samples"": 100}"
C:\github\5hr-conlang\riemann_analysis\rrlang\outputs\controls_paper_minimum_v0_3_nulls100\control_random_bits_seed1337_len12000.json,controls_paper_minimum_v0_3_nulls100,,,,unknown,unknown,unknown,,,,,,,,,word_boundary,12149,,,word_boundary,Positions marked as word boundaries after declared whitespace preprocessing.,149,prime_index_occupancy_bias,density_shuffle,-0.013933046568,-1.0845661e-05,0.003003095461,-4.635950168325,4.635950168325,0.009900990099,,"{""name"": ""prime_index_occupancy_bias"", ""null_model"": ""density_shuffle"", ""observed"": -0.013933046568, ""null_mean"": -1.0845661e-05, ""null_std"": 0.003003095461, ""z_score"": -4.635950168325, ""empirical_p"": 0.009900990099, ""null_samples"": 100}"
C:\github\5hr-conlang\riemann_analysis\rrlang\outputs\controls_paper_minimum_v0_3_nulls100\control_mesu_udhr_duplicated_x4.json,controls_paper_minimum_v0_3_nulls100,,,,mesu,unknown,unknown,,,,,,,,,grapheme,2795,,,punctuation,Punctuation positions under the declared punctuation/hyphen policies.,372,prime_gap_affinity,density_shuffle,0.547169811321,0.435956873315,0.023997553067,4.63434491405,4.63434491405,0.009900990099,,"{""name"": ""prime_gap_affinity"", ""null_model"": ""density_shuffle"", ""observed"": 0.547169811321, ""null_mean"": 0.435956873315, ""null_std"": 0.023997553067, ""z_score"": 4.63434491405, ""empirical_p"": 0.009900990099, ""null_samples"": 100}"
C:\github\5hr-conlang\riemann_analysis\rrlang\outputs\controls_paper_minimum_v0_3_nulls100\control_mesu_udhr_duplicated_x4.json,controls_paper_minimum_v0_3_nulls100,,,,mesu,unknown,unknown,,,,,,,,,frequency_class,868,,,mid_frequency,Token positions in frequency class mid_frequency.,12,run_entropy,markov_2,2.092878689342,2.871168745323,0.168905394034,-4.607846069294,4.607846069294,0.009900990099,True,"{""name"": ""run_entropy"", ""null_model"": ""markov_2"", ""observed"": 2.092878689342, ""null_mean"": 2.871168745323, ""null_std"": 0.168905394034, ""z_score"": -4.607846069294, ""empirical_p"": 0.009900990099, ""null_samples"": 100}"
C:\github\5hr-conlang\riemann_analysis\rrlang\outputs\controls_paper_minimum_v0_3_nulls100\control_random_bits_seed1337_len12000.json,controls_paper_minimum_v0_3_nulls100,,,,unknown,unknown,unknown,,,,,,,,,grapheme_class,12149,,,whitespace,Positions classified as whitespace in the grapheme-class stream.,149,prime_index_occupancy_bias,markov_2,-0.013933046568,-0.000305584718,0.00299009449,-4.557535520721,4.557535520721,0.009900990099,True,"{""name"": ""prime_index_occupancy_bias"", ""null_model"": ""markov_2"", ""observed"": -0.013933046568, ""null_mean"": -0.000305584718, ""null_std"": 0.00299009449, ""z_score"": -4.557535520721, ""empirical_p"": 0.009900990099, ""null_samples"": 100}"
C:\github\5hr-conlang\riemann_analysis\rrlang\outputs\controls_paper_minimum_v0_3_nulls100\control_random_bits_seed1337_len12000.json,controls_paper_minimum_v0_3_nulls100,,,,unknown,unknown,unknown,,,,,,,,,grapheme,12149,,,digit,ASCII digit positions.,12000,prime_index_occupancy_bias,density_shuffle,0.013933046568,0.00036929397,0.003040521829,4.460994973637,4.460994973637,0.009900990099,,"{""name"": ""prime_index_occupancy_bias"", ""null_model"": ""density_shuffle"", ""observed"": 0.013933046568, ""null_mean"": 0.00036929397, ""null_std"": 0.003040521829, ""z_score"": 4.460994973637, ""empirical_p"": 0.009900990099, ""null_samples"": 100}"
C:\github\5hr-conlang\riemann_analysis\rrlang\outputs\controls_paper_minimum_v0_3_nulls100\control_mesu_udhr_duplicated_x4.json,controls_paper_minimum_v0_3_nulls100,,,,mesu,unknown,unknown,,,,,,,,,grapheme_class,2795,,,vowel,Positions classified as vowel in the grapheme-class stream.,868,prime_gap_affinity,markov_2,0.76124567474,0.817248051485,0.012575270901,-4.453373385272,4.453373385272,0.009900990099,True,"{""name"": ""prime_gap_affinity"", ""null_model"": ""markov_2"", ""observed"": 0.76124567474, ""null_mean"": 0.817248051485, ""null_std"": 0.012575270901, ""z_score"": -4.453373385272, ""empirical_p"": 0.009900990099, ""null_samples"": 100}"
C:\github\5hr-conlang\riemann_analysis\rrlang\outputs\controls_paper_minimum_v0_3_nulls100\control_mesu_udhr_punctuation_noise_every5.json,controls_paper_minimum_v0_3_nulls100,,,,mesu,unknown,unknown,,,,,,,,,grapheme_class,891,,,punctuation,Positions classified as punctuation in the grapheme-class stream.,203,run_entropy,density_shuffle,2.172881910922,2.488611455081,0.071063175947,-4.442941649489,4.442941649489,0.009900990099,,"{""name"": ""run_entropy"", ""null_model"": ""density_shuffle"", ""observed"": 2.172881910922, ""null_mean"": 2.488611455081, ""null_std"": 0.071063175947, ""z_score"": -4.442941649489, ""empirical_p"": 0.009900990099, ""null_samples"": 100}"
C:\github\5hr-conlang\riemann_analysis\rrlang\outputs\controls_paper_minimum_v0_3_nulls100\control_random_bits_seed1337_len12000.json,controls_paper_minimum_v0_3_nulls100,,,,unknown,unknown,unknown,,,,,,,,,grapheme,12149,,,digit,ASCII digit positions.,12000,prime_index_occupancy_bias,gap_order_shuffle,0.013933046568,0.000362416391,0.003064620809,4.428159639211,4.428159639211,0.009900990099,,"{""name"": ""prime_index_occupancy_bias"", ""null_model"": ""gap_order_shuffle"", ""observed"": 0.013933046568, ""null_mean"": 0.000362416391, ""null_std"": 0.003064620809, ""z_score"": 4.428159639211, ""empirical_p"": 0.009900990099, ""null_samples"": 100}"
C:\github\5hr-conlang\riemann_analysis\rrlang\outputs\controls_paper_minimum_v0_3_nulls100\control_random_bits_seed1337_len12000.json,controls_paper_minimum_v0_3_nulls100,,,,unknown,unknown,unknown,,,,,,,,,grapheme,12149,,,digit,ASCII digit positions.,12000,prime_index_occupancy_bias,markov_1,0.013933046568,-0.000236475788,0.003212351451,4.410950225121,4.410950225121,0.009900990099,,"{""name"": ""prime_index_occupancy_bias"", ""null_model"": ""markov_1"", ""observed"": 0.013933046568, ""null_mean"": -0.000236475788, ""null_std"": 0.003212351451, ""z_score"": 4.410950225121, ""empirical_p"": 0.009900990099, ""null_samples"": 100}"
C:\github\5hr-conlang\riemann_analysis\rrlang\outputs\controls_paper_minimum_v0_3_nulls100\control_random_bits_seed1337_len12000.json,controls_paper_minimum_v0_3_nulls100,,,,unknown,unknown,unknown,,,,,,,,,grapheme_class,12149,,,digit,Positions classified as digit in the grapheme-class stream.,12000,prime_index_occupancy_bias,density_shuffle,0.013933046568,-0.000184471412,0.003232247943,4.367708860624,4.367708860624,0.009900990099,,"{""name"": ""prime_index_occupancy_bias"", ""null_model"": ""density_shuffle"", ""observed"": 0.013933046568, ""null_mean"": -0.000184471412, ""null_std"": 0.003232247943, ""z_score"": 4.367708860624, ""empirical_p"": 0.009900990099, ""null_samples"": 100}"
C:\github\5hr-conlang\riemann_analysis\rrlang\outputs\controls_paper_minimum_v0_3_nulls100\control_mesu_udhr_duplicated_x4.json,controls_paper_minimum_v0_3_nulls100,,,,mesu,unknown,unknown,,,,,,,,,grapheme,2795,,,vowel,Basic Latin-vowel positions plus common accented vowels.,868,prime_gap_affinity,markov_2,0.76124567474,0.816326743628,0.012714059483,-4.332295987792,4.332295987792,0.009900990099,True,"{""name"": ""prime_gap_affinity"", ""null_model"": ""markov_2"", ""observed"": 0.76124567474, ""null_mean"": 0.816326743628, ""null_std"": 0.012714059483, ""z_score"": -4.332295987792, ""empirical_p"": 0.009900990099, ""null_samples"": 100}"
C:\github\5hr-conlang\riemann_analysis\rrlang\outputs\controls_paper_minimum_v0_3_nulls100\control_mesu_udhr_duplicated_x4.json,controls_paper_minimum_v0_3_nulls100,,,,mesu,unknown,unknown,,,,,,,,,grapheme_class,2795,,,punctuation,Positions classified as punctuation in the grapheme-class stream.,372,prime_gap_affinity,density_shuffle,0.547169811321,0.439137466307,0.025333625078,4.26438556186,4.26438556186,0.009900990099,,"{""name"": ""prime_gap_affinity"", ""null_model"": ""density_shuffle"", ""observed"": 0.547169811321, ""null_mean"": 0.439137466307, ""null_std"": 0.025333625078, ""z_score"": 4.26438556186, ""empirical_p"": 0.009900990099, ""null_samples"": 100}"
C:\github\5hr-conlang\riemann_analysis\rrlang\outputs\controls_paper_minimum_v0_3_nulls100\control_mesu_udhr_duplicated_x4.json,controls_paper_minimum_v0_3_nulls100,,,,mesu,unknown,unknown,,,,,,,,,word_boundary,2795,,,word_boundary,Positions marked as word boundaries after declared whitespace preprocessing.,583,gap_entropy,markov_1,2.897553359589,3.125765244892,0.05372076269,-4.248113278288,4.248113278288,0.009900990099,,"{""name"": ""gap_entropy"", ""null_model"": ""markov_1"", ""observed"": 2.897553359589, ""null_mean"": 3.125765244892, ""null_std"": 0.05372076269, ""z_score"": -4.248113278288, ""empirical_p"": 0.009900990099, ""null_samples"": 100}"
C:\github\5hr-conlang\riemann_analysis\rrlang\outputs\controls_paper_minimum_v0_3_nulls100\control_mesu_udhr_duplicated_x4.json,controls_paper_minimum_v0_3_nulls100,,,,mesu,unknown,unknown,,,,,,,,,grapheme,2795,,,whitespace,Whitespace positions.,583,gap_entropy,markov_2,2.897553359589,3.130426446429,0.05521982564,-4.217200690871,4.217200690871,0.009900990099,True,"{""name"": ""gap_entropy"", ""null_model"": ""markov_2"", ""observed"": 2.897553359589, ""null_mean"": 3.130426446429, ""null_std"": 0.05521982564, ""z_score"": -4.217200690871, ""empirical_p"": 0.009900990099, ""null_samples"": 100}"
C:\github\5hr-conlang\riemann_analysis\rrlang\outputs\controls_paper_minimum_v0_3_nulls100\control_mesu_udhr_duplicated_x4.json,controls_paper_minimum_v0_3_nulls100,,,,mesu,unknown,unknown,,,,,,,,,frequency_class,868,,,mid_frequency,Token positions in frequency class mid_frequency.,12,run_entropy,markov_1,2.092878689342,2.822526656225,0.174238610331,-4.187636514644,4.187636514644,0.009900990099,,"{""name"": ""run_entropy"", ""null_model"": ""markov_1"", ""observed"": 2.092878689342, ""null_mean"": 2.822526656225, ""null_std"": 0.174238610331, ""z_score"": -4.187636514644, ""empirical_p"": 0.009900990099, ""null_samples"": 100}"
C:\github\5hr-conlang\riemann_analysis\rrlang\outputs\controls_paper_minimum_v0_3_nulls100\control_mesu_udhr_duplicated_x4.json,controls_paper_minimum_v0_3_nulls100,,,,mesu,unknown,unknown,,,,,,,,,frequency_class,868,,,high_frequency,Token positions in frequency class high_frequency.,856,run_entropy,markov_1,2.092878689342,2.806474011346,0.171521843943,-4.160375760883,4.160375760883,0.009900990099,,"{""name"": ""run_entropy"", ""null_model"": ""markov_1"", ""observed"": 2.092878689342, ""null_mean"": 2.806474011346, ""null_std"": 0.171521843943, ""z_score"": -4.160375760883, ""empirical_p"": 0.009900990099, ""null_samples"": 100}"
C:\github\5hr-conlang\riemann_analysis\rrlang\outputs\controls_paper_minimum_v0_3_nulls100\control_random_bits_seed1337_len12000.json,controls_paper_minimum_v0_3_nulls100,,,,unknown,unknown,unknown,,,,,,,,,grapheme_class,12149,,,digit,Positions classified as digit in the grapheme-class stream.,12000,prime_index_occupancy_bias,gap_order_shuffle,0.013933046568,-0.000231347509,0.003452497306,4.102651739668,4.102651739668,0.009900990099,,"{""name"": ""prime_index_occupancy_bias"", ""null_model"": ""gap_order_shuffle"", ""observed"": 0.013933046568, ""null_mean"": -0.000231347509, ""null_std"": 0.003452497306, ""z_score"": 4.102651739668, ""empirical_p"": 0.009900990099, ""null_samples"": 100}"
C:\github\5hr-conlang\riemann_analysis\rrlang\outputs\controls_paper_minimum_v0_3_nulls100\control_mesu_udhr_duplicated_x4.json,controls_paper_minimum_v0_3_nulls100,,,,mesu,unknown,unknown,,,,,,,,,frequency_class,868,,,mid_frequency,Token positions in frequency class mid_frequency.,12,gap_entropy,markov_2,1.572623663895,3.366366711211,0.440989321862,-4.067543041046,4.067543041046,0.009900990099,True,"{""name"": ""gap_entropy"", ""null_model"": ""markov_2"", ""observed"": 1.572623663895, ""null_mean"": 3.366366711211, ""null_std"": 0.440989321862, ""z_score"": -4.067543041046, ""empirical_p"": 0.009900990099, ""null_samples"": 100}"
C:\github\5hr-conlang\riemann_analysis\rrlang\outputs\controls_paper_minimum_v0_3_nulls100\control_mesu_udhr_punctuation_noise_every5.json,controls_paper_minimum_v0_3_nulls100,,,,mesu,unknown,unknown,,,,,,,,,grapheme,891,,,punctuation,Punctuation positions under the declared punctuation/hyphen policies.,203,run_entropy,density_shuffle,2.172881910922,2.471960964196,0.073743809735,-4.055649611085,4.055649611085,0.009900990099,,"{""name"": ""run_entropy"", ""null_model"": ""density_shuffle"", ""observed"": 2.172881910922, ""null_mean"": 2.471960964196, ""null_std"": 0.073743809735, ""z_score"": -4.055649611085, ""empirical_p"": 0.009900990099, ""null_samples"": 100}"
C:\github\5hr-conlang\riemann_analysis\rrlang\outputs\controls_paper_minimum_v0_3_nulls100\control_random_bits_seed1337_len12000.json,controls_paper_minimum_v0_3_nulls100,,,,unknown,unknown,unknown,,,,,,,,,word_boundary,12149,,,word_boundary,Positions marked as word boundaries after declared whitespace preprocessing.,149,prime_index_occupancy_bias,markov_1,-0.013933046568,-0.000241243917,0.003378938496,-4.052101767449,4.052101767449,0.009900990099,,"{""name"": ""prime_index_occupancy_bias"", ""null_model"": ""markov_1"", ""observed"": -0.013933046568, ""null_mean"": -0.000241243917, ""null_std"": 0.003378938496, ""z_score"": -4.052101767449, ""empirical_p"": 0.009900990099, ""null_samples"": 100}"
C:\github\5hr-conlang\riemann_analysis\rrlang\outputs\controls_paper_minimum_v0_3_nulls100\control_mesu_udhr_duplicated_x4.json,controls_paper_minimum_v0_3_nulls100,,,,mesu,unknown,unknown,,,,,,,,,grapheme,2795,,,whitespace,Whitespace positions.,583,gap_entropy,markov_1,2.897553359589,3.123667907773,0.056148415077,-4.027086924397,4.027086924397,0.009900990099,,"{""name"": ""gap_entropy"", ""null_model"": ""markov_1"", ""observed"": 2.897553359589, ""null_mean"": 3.123667907773, ""null_std"": 0.056148415077, ""z_score"": -4.027086924397, ""empirical_p"": 0.009900990099, ""null_samples"": 100}"
C:\github\5hr-conlang\riemann_analysis\rrlang\outputs\controls_paper_minimum_v0_3_nulls100\control_mesu_udhr_duplicated_x4.json,controls_paper_minimum_v0_3_nulls100,,,,mesu,unknown,unknown,,,,,,,,,frequency_class,868,,,mid_frequency,Token positions in frequency class mid_frequency.,12,gap_entropy,markov_1,1.572623663895,3.329204228605,0.444915205405,-3.948124369249,3.948124369249,0.009900990099,,"{""name"": ""gap_entropy"", ""null_model"": ""markov_1"", ""observed"": 1.572623663895, ""null_mean"": 3.329204228605, ""null_std"": 0.444915205405, ""z_score"": -3.948124369249, ""empirical_p"": 0.009900990099, ""null_samples"": 100}"
C:\github\5hr-conlang\riemann_analysis\rrlang\outputs\controls_paper_minimum_v0_3_nulls100\control_mesu_udhr_duplicated_x4.json,controls_paper_minimum_v0_3_nulls100,,,,mesu,unknown,unknown,,,,,,,,,word_boundary,2795,,,word_boundary,Positions marked as word boundaries after declared whitespace preprocessing.,583,gap_entropy,markov_2,2.897553359589,3.12882273965,0.060574723809,-3.817918853249,3.817918853249,0.009900990099,True,"{""name"": ""gap_entropy"", ""null_model"": ""markov_2"", ""observed"": 2.897553359589, ""null_mean"": 3.12882273965, ""null_std"": 0.060574723809, ""z_score"": -3.817918853249, ""empirical_p"": 0.009900990099, ""null_samples"": 100}"
C:\github\5hr-conlang\riemann_analysis\rrlang\outputs\controls_paper_minimum_v0_3_nulls100\control_mesu_udhr_punctuation_noise_every5.json,controls_paper_minimum_v0_3_nulls100,,,,mesu,unknown,unknown,,,,,,,,,grapheme,891,,,whitespace,Whitespace positions.,228,prime_gap_affinity,markov_2,0.79295154185,0.695329352403,0.02654395935,3.677755385356,3.677755385356,0.009900990099,True,"{""name"": ""prime_gap_affinity"", ""null_model"": ""markov_2"", ""observed"": 0.79295154185, ""null_mean"": 0.695329352403, ""null_std"": 0.02654395935, ""z_score"": 3.677755385356, ""empirical_p"": 0.009900990099, ""null_samples"": 100}"
C:\github\5hr-conlang\riemann_analysis\rrlang\outputs\controls_paper_minimum_v0_3_nulls100\control_mesu_udhr_duplicated_x4.json,controls_paper_minimum_v0_3_nulls100,,,,mesu,unknown,unknown,,,,,,,,,grapheme_class,2795,,,whitespace,Positions classified as whitespace in the grapheme-class stream.,583,gap_entropy,markov_1,2.897553359589,3.138118489651,0.067011925592,-3.589885351562,3.589885351562,0.009900990099,,"{""name"": ""gap_entropy"", ""null_model"": ""markov_1"", ""observed"": 2.897553359589, ""null_mean"": 3.138118489651, ""null_std"": 0.067011925592, ""z_score"": -3.589885351562, ""empirical_p"": 0.009900990099, ""null_samples"": 100}"
C:\github\5hr-conlang\riemann_analysis\rrlang\outputs\controls_paper_minimum_v0_3_nulls100\control_mesu_udhr_punctuation_noise_every5.json,controls_paper_minimum_v0_3_nulls100,,,,mesu,unknown,unknown,,,,,,,,,grapheme_class,891,,,punctuation,Positions classified as punctuation in the grapheme-class stream.,203,prime_gap_affinity,markov_1,0.475247524752,0.590717622829,0.032403229502,-3.563536716937,3.563536716937,0.009900990099,,"{""name"": ""prime_gap_affinity"", ""null_model"": ""markov_1"", ""observed"": 0.475247524752, ""null_mean"": 0.590717622829, ""null_std"": 0.032403229502, ""z_score"": -3.563536716937, ""empirical_p"": 0.009900990099, ""null_samples"": 100}"
C:\github\5hr-conlang\riemann_analysis\rrlang\outputs\controls_paper_minimum_v0_3_nulls100\control_mesu_udhr_duplicated_x4.json,controls_paper_minimum_v0_3_nulls100,,,,mesu,unknown,unknown,,,,,,,,,grapheme,2795,,,punctuation,Punctuation positions under the declared punctuation/hyphen policies.,372,prime_gap_affinity,markov_2,0.547169811321,0.467181390874,0.02311496706,3.460460066451,3.460460066451,0.009900990099,True,"{""name"": ""prime_gap_affinity"", ""null_model"": ""markov_2"", ""observed"": 0.547169811321, ""null_mean"": 0.467181390874, ""null_std"": 0.02311496706, ""z_score"": 3.460460066451, ""empirical_p"": 0.009900990099, ""null_samples"": 100}"
C:\github\5hr-conlang\riemann_analysis\rrlang\outputs\controls_paper_minimum_v0_3_nulls100\control_mesu_udhr_punctuation_noise_every5.json,controls_paper_minimum_v0_3_nulls100,,,,mesu,unknown,unknown,,,,,,,,,word_boundary,891,,,word_boundary,Positions marked as word boundaries after declared whitespace preprocessing.,228,prime_gap_affinity,markov_2,0.79295154185,0.695366803469,0.029043441779,3.35995778752,3.35995778752,0.009900990099,True,"{""name"": ""prime_gap_affinity"", ""null_model"": ""markov_2"", ""observed"": 0.79295154185, ""null_mean"": 0.695366803469, ""null_std"": 0.029043441779, ""z_score"": 3.35995778752, ""empirical_p"": 0.009900990099, ""null_samples"": 100}"
C:\github\5hr-conlang\riemann_analysis\rrlang\outputs\controls_paper_minimum_v0_3_nulls100\control_mesu_udhr_duplicated_x4.json,controls_paper_minimum_v0_3_nulls100,,,,mesu,unknown,unknown,,,,,,,,,grapheme_class,2795,,,consonant,Positions classified as consonant in the grapheme-class stream.,972,gap_entropy,markov_1,1.731321079846,1.866983889894,0.040884967533,-3.318158683625,3.318158683625,0.009900990099,,"{""name"": ""gap_entropy"", ""null_model"": ""markov_1"", ""observed"": 1.731321079846, ""null_mean"": 1.866983889894, ""null_std"": 0.040884967533, ""z_score"": -3.318158683625, ""empirical_p"": 0.009900990099, ""null_samples"": 100}"
C:\github\5hr-conlang\riemann_analysis\rrlang\outputs\controls_paper_minimum_v0_3_nulls100\control_mesu_udhr_punctuation_noise_every5.json,controls_paper_minimum_v0_3_nulls100,,,,mesu,unknown,unknown,,,,,,,,,grapheme,891,,,consonant,Alphabetic non-vowel positions under the MVP classifier.,243,gap_entropy,markov_1,2.223025544296,2.501601760045,0.085721481464,-3.249783029769,3.249783029769,0.009900990099,,"{""name"": ""gap_entropy"", ""null_model"": ""markov_1"", ""observed"": 2.223025544296, ""null_mean"": 2.501601760045, ""null_std"": 0.085721481464, ""z_score"": -3.249783029769, ""empirical_p"": 0.009900990099, ""null_samples"": 100}"
C:\github\5hr-conlang\riemann_analysis\rrlang\outputs\controls_paper_minimum_v0_3_nulls100\control_mesu_udhr_duplicated_x4.json,controls_paper_minimum_v0_3_nulls100,,,,mesu,unknown,unknown,,,,,,,,,grapheme_class,2795,,,whitespace,Positions classified as whitespace in the grapheme-class stream.,583,gap_entropy,markov_2,2.897553359589,3.113507026518,0.066722706071,-3.236584360049,3.236584360049,0.009900990099,True,"{""name"": ""gap_entropy"", ""null_model"": ""markov_2"", ""observed"": 2.897553359589, ""null_mean"": 3.113507026518, ""null_std"": 0.066722706071, ""z_score"": -3.236584360049, ""empirical_p"": 0.009900990099, ""null_samples"": 100}"
C:\github\5hr-conlang\riemann_analysis\rrlang\outputs\controls_paper_minimum_v0_3_nulls100\control_mesu_udhr_punctuation_noise_every5.json,controls_paper_minimum_v0_3_nulls100,,,,mesu,unknown,unknown,,,,,,,,,grapheme_class,891,,,whitespace,Positions classified as whitespace in the grapheme-class stream.,228,gap_entropy,markov_1,2.349555336212,2.658543044808,0.099162426733,-3.115975665142,3.115975665142,0.009900990099,,"{""name"": ""gap_entropy"", ""null_model"": ""markov_1"", ""observed"": 2.349555336212, ""null_mean"": 2.658543044808, ""null_std"": 0.099162426733, ""z_score"": -3.115975665142, ""empirical_p"": 0.009900990099, ""null_samples"": 100}"
C:\github\5hr-conlang\riemann_analysis\rrlang\outputs\controls_paper_minimum_v0_3_nulls100\control_mesu_udhr_punctuation_noise_every5.json,controls_paper_minimum_v0_3_nulls100,,,,mesu,unknown,unknown,,,,,,,,,grapheme,891,,,punctuation,Punctuation positions under the declared punctuation/hyphen policies.,203,prime_gap_affinity,markov_1,0.475247524752,0.590152401166,0.037014119081,-3.104352589417,3.104352589417,0.009900990099,,"{""name"": ""prime_gap_affinity"", ""null_model"": ""markov_1"", ""observed"": 0.475247524752, ""null_mean"": 0.590152401166, ""null_std"": 0.037014119081, ""z_score"": -3.104352589417, ""empirical_p"": 0.009900990099, ""null_samples"": 100}"
C:\github\5hr-conlang\riemann_analysis\rrlang\outputs\controls_paper_minimum_v0_3_nulls100\control_mesu_udhr_duplicated_x4.json,controls_paper_minimum_v0_3_nulls100,,,,mesu,unknown,unknown,,,,,,,,,grapheme_class,2795,,,whitespace,Positions classified as whitespace in the grapheme-class stream.,583,zeta_spectral_coherence,gap_order_shuffle,4.9495222e-05,0.000231003595,5.9393544e-05,-3.056028683079,3.056028683079,0.009900990099,,"{""name"": ""zeta_spectral_coherence"", ""null_model"": ""gap_order_shuffle"", ""observed"": 4.9495222e-05, ""null_mean"": 0.000231003595, ""null_std"": 5.9393544e-05, ""z_score"": -3.056028683079, ""empirical_p"": 0.009900990099, ""null_samples"": 100}"
C:\github\5hr-conlang\riemann_analysis\rrlang\outputs\controls_paper_minimum_v0_3_nulls100\control_mesu_udhr_punctuation_noise_every5.json,controls_paper_minimum_v0_3_nulls100,,,,mesu,unknown,unknown,,,,,,,,,word_boundary,891,,,word_boundary,Positions marked as word boundaries after declared whitespace preprocessing.,228,gap_entropy,markov_1,2.349555336212,2.643922760444,0.097747887102,-3.011496544434,3.011496544434,0.009900990099,,"{""name"": ""gap_entropy"", ""null_model"": ""markov_1"", ""observed"": 2.349555336212, ""null_mean"": 2.643922760444, ""null_std"": 0.097747887102, ""z_score"": -3.011496544434, ""empirical_p"": 0.009900990099, ""null_samples"": 100}"
C:\github\5hr-conlang\riemann_analysis\rrlang\outputs\controls_paper_minimum_v0_3_nulls100\control_mesu_udhr_duplicated_x4.json,controls_paper_minimum_v0_3_nulls100,,,,mesu,unknown,unknown,,,,,,,,,grapheme,2795,,,consonant,Alphabetic non-vowel positions under the MVP classifier.,972,gap_entropy,markov_1,1.731321079846,1.862087351464,0.043826569077,-2.983721390292,2.983721390292,0.009900990099,,"{""name"": ""gap_entropy"", ""null_model"": ""markov_1"", ""observed"": 1.731321079846, ""null_mean"": 1.862087351464, ""null_std"": 0.043826569077, ""z_score"": -2.983721390292, ""empirical_p"": 0.009900990099, ""null_samples"": 100}"
C:\github\5hr-conlang\riemann_analysis\rrlang\outputs\controls_paper_minimum_v0_3_nulls100\control_mesu_udhr_punctuation_noise_every5.json,controls_paper_minimum_v0_3_nulls100,,,,mesu,unknown,unknown,,,,,,,,,grapheme_class,891,,,whitespace,Positions classified as whitespace in the grapheme-class stream.,228,prime_gap_affinity,markov_2,0.79295154185,0.693923040192,0.033640558369,2.943723483195,2.943723483195,0.009900990099,False,"{""name"": ""prime_gap_affinity"", ""null_model"": ""markov_2"", ""observed"": 0.79295154185, ""null_mean"": 0.693923040192, ""null_std"": 0.033640558369, ""z_score"": 2.943723483195, ""empirical_p"": 0.009900990099, ""null_samples"": 100}"
C:\github\5hr-conlang\riemann_analysis\rrlang\outputs\controls_paper_minimum_v0_3_nulls100\control_mesu_udhr_punctuation_noise_every5.json,controls_paper_minimum_v0_3_nulls100,,,,mesu,unknown,unknown,,,,,,,,,frequency_class,267,,,high_frequency,Token positions in frequency class high_frequency.,215,zeta_spectral_coherence,gap_order_shuffle,0.005658561315,0.002913183992,0.00093287852,2.942909782389,2.942909782389,0.019801980198,,"{""name"": ""zeta_spectral_coherence"", ""null_model"": ""gap_order_shuffle"", ""observed"": 0.005658561315, ""null_mean"": 0.002913183992, ""null_std"": 0.00093287852, ""z_score"": 2.942909782389, ""empirical_p"": 0.019801980198, ""null_samples"": 100}"
C:\github\5hr-conlang\riemann_analysis\rrlang\outputs\controls_paper_minimum_v0_3_nulls100\control_mesu_udhr_punctuation_noise_every5.json,controls_paper_minimum_v0_3_nulls100,,,,mesu,unknown,unknown,,,,,,,,,grapheme,891,,,punctuation,Punctuation positions under the declared punctuation/hyphen policies.,203,gap_entropy,markov_1,2.965515780171,3.209571744676,0.083290085084,-2.930192282281,2.930192282281,0.009900990099,,"{""name"": ""gap_entropy"", ""null_model"": ""markov_1"", ""observed"": 2.965515780171, ""null_mean"": 3.209571744676, ""null_std"": 0.083290085084, ""z_score"": -2.930192282281, ""empirical_p"": 0.009900990099, ""null_samples"": 100}"
C:\github\5hr-conlang\riemann_analysis\rrlang\outputs\controls_paper_minimum_v0_3_nulls100\control_mesu_udhr_duplicated_x4.json,controls_paper_minimum_v0_3_nulls100,,,,mesu,unknown,unknown,,,,,,,,,grapheme,2795,,,whitespace,Whitespace positions.,583,run_entropy,markov_2,1.995922948618,2.113465487194,0.040341780487,-2.913667596197,2.913667596197,0.009900990099,False,"{""name"": ""run_entropy"", ""null_model"": ""markov_2"", ""observed"": 1.995922948618, ""null_mean"": 2.113465487194, ""null_std"": 0.040341780487, ""z_score"": -2.913667596197, ""empirical_p"": 0.009900990099, ""null_samples"": 100}"
C:\github\5hr-conlang\riemann_analysis\rrlang\outputs\controls_paper_minimum_v0_3_nulls100\control_mesu_udhr_duplicated_x4.json,controls_paper_minimum_v0_3_nulls100,,,,mesu,unknown,unknown,,,,,,,,,grapheme_class,2795,,,punctuation,Positions classified as punctuation in the grapheme-class stream.,372,prime_gap_affinity,markov_2,0.547169811321,0.471139994634,0.026179581485,2.904164710547,2.904164710547,0.009900990099,False,"{""name"": ""prime_gap_affinity"", ""null_model"": ""markov_2"", ""observed"": 0.547169811321, ""null_mean"": 0.471139994634, ""null_std"": 0.026179581485, ""z_score"": 2.904164710547, ""empirical_p"": 0.009900990099, ""null_samples"": 100}"
C:\github\5hr-conlang\riemann_analysis\rrlang\outputs\controls_paper_minimum_v0_3_nulls100\control_mesu_udhr_punctuation_noise_every5.json,controls_paper_minimum_v0_3_nulls100,,,,mesu,unknown,unknown,,,,,,,,,grapheme,891,,,whitespace,Whitespace positions.,228,gap_entropy,markov_1,2.349555336212,2.63970704395,0.100821923596,-2.877863240343,2.877863240343,0.009900990099,,"{""name"": ""gap_entropy"", ""null_model"": ""markov_1"", ""observed"": 2.349555336212, ""null_mean"": 2.63970704395, ""null_std"": 0.100821923596, ""z_score"": -2.877863240343, ""empirical_p"": 0.009900990099, ""null_samples"": 100}"
C:\github\5hr-conlang\riemann_analysis\rrlang\outputs\controls_paper_minimum_v0_3_nulls100\control_mesu_udhr_duplicated_x4.json,controls_paper_minimum_v0_3_nulls100,,,,mesu,unknown,unknown,,,,,,,,,grapheme_class,2795,,,vowel,Positions classified as vowel in the grapheme-class stream.,868,prime_gap_affinity,markov_1,0.76124567474,0.797901620415,0.012863597916,-2.849587332828,2.849587332828,0.009900990099,,"{""name"": ""prime_gap_affinity"", ""null_model"": ""markov_1"", ""observed"": 0.76124567474, ""null_mean"": 0.797901620415, ""null_std"": 0.012863597916, ""z_score"": -2.849587332828, ""empirical_p"": 0.009900990099, ""null_samples"": 100}"
C:\github\5hr-conlang\riemann_analysis\rrlang\outputs\controls_paper_minimum_v0_3_nulls100\control_mesu_udhr_punctuation_noise_every5.json,controls_paper_minimum_v0_3_nulls100,,,,mesu,unknown,unknown,,,,,,,,,grapheme_class,891,,,consonant,Positions classified as consonant in the grapheme-class stream.,243,gap_entropy,markov_1,2.223025544296,2.502195027498,0.098285902044,-2.840381757673,2.840381757673,0.009900990099,,"{""name"": ""gap_entropy"", ""null_model"": ""markov_1"", ""observed"": 2.223025544296, ""null_mean"": 2.502195027498, ""null_std"": 0.098285902044, ""z_score"": -2.840381757673, ""empirical_p"": 0.009900990099, ""null_samples"": 100}"
C:\github\5hr-conlang\riemann_analysis\rrlang\outputs\controls_paper_minimum_v0_3_nulls100\control_mesu_udhr_punctuation_noise_every5.json,controls_paper_minimum_v0_3_nulls100,,,,mesu,unknown,unknown,,,,,,,,,grapheme_class,891,,,consonant,Positions classified as consonant in the grapheme-class stream.,243,gap_entropy,markov_2,2.223025544296,2.45785328847,0.082864029354,-2.833892413938,2.833892413938,0.009900990099,False,"{""name"": ""gap_entropy"", ""null_model"": ""markov_2"", ""observed"": 2.223025544296, ""null_mean"": 2.45785328847, ""null_std"": 0.082864029354, ""z_score"": -2.833892413938, ""empirical_p"": 0.009900990099, ""null_samples"": 100}"
C:\github\5hr-conlang\riemann_analysis\rrlang\outputs\controls_paper_minimum_v0_3_nulls100\control_mesu_udhr_duplicated_x4.json,controls_paper_minimum_v0_3_nulls100,,,,mesu,unknown,unknown,,,,,,,,,grapheme,2795,,,vowel,Basic Latin-vowel positions plus common accented vowels.,868,critical_line_symmetry,density_shuffle,0.903242020524,0.803564175541,0.03523470403,2.828967852256,2.828967852256,0.019801980198,,"{""name"": ""critical_line_symmetry"", ""null_model"": ""density_shuffle"", ""observed"": 0.903242020524, ""null_mean"": 0.803564175541, ""null_std"": 0.03523470403, ""z_score"": 2.828967852256, ""empirical_p"": 0.019801980198, ""null_samples"": 100}"
C:\github\5hr-conlang\riemann_analysis\rrlang\outputs\controls_paper_minimum_v0_3_nulls100\control_mesu_udhr_duplicated_x4.json,controls_paper_minimum_v0_3_nulls100,,,,mesu,unknown,unknown,,,,,,,,,grapheme,2795,,,vowel,Basic Latin-vowel positions plus common accented vowels.,868,prime_gap_affinity,markov_1,0.76124567474,0.796100900851,0.012866425749,-2.709006121164,2.709006121164,0.009900990099,,"{""name"": ""prime_gap_affinity"", ""null_model"": ""markov_1"", ""observed"": 0.76124567474, ""null_mean"": 0.796100900851, ""null_std"": 0.012866425749, ""z_score"": -2.709006121164, ""empirical_p"": 0.009900990099, ""null_samples"": 100}"
C:\github\5hr-conlang\riemann_analysis\rrlang\outputs\controls_paper_minimum_v0_3_nulls100\control_mesu_udhr_punctuation_noise_every5.json,controls_paper_minimum_v0_3_nulls100,,,,mesu,unknown,unknown,,,,,,,,,frequency_class,267,,,high_frequency,Token positions in frequency class high_frequency.,215,run_entropy,gap_order_shuffle,2.248886195792,2.463562074426,0.07944338601,-2.702249858888,2.702249858888,0.029702970297,,"{""name"": ""run_entropy"", ""null_model"": ""gap_order_shuffle"", ""observed"": 2.248886195792, ""null_mean"": 2.463562074426, ""null_std"": 0.07944338601, ""z_score"": -2.702249858888, ""empirical_p"": 0.029702970297, ""null_samples"": 100}"
C:\github\5hr-conlang\riemann_analysis\rrlang\outputs\controls_paper_minimum_v0_3_nulls100\control_mesu_udhr_duplicated_x4.json,controls_paper_minimum_v0_3_nulls100,,,,mesu,unknown,unknown,,,,,,,,,grapheme,2795,,,consonant,Alphabetic non-vowel positions under the MVP classifier.,972,zeta_spectral_coherence,density_shuffle,0.0001316839,0.000669139434,0.000199801326,-2.689949776553,2.689949776553,0.019801980198,,"{""name"": ""zeta_spectral_coherence"", ""null_model"": ""density_shuffle"", ""observed"": 0.0001316839, ""null_mean"": 0.000669139434, ""null_std"": 0.000199801326, ""z_score"": -2.689949776553, ""empirical_p"": 0.019801980198, ""null_samples"": 100}"
C:\github\5hr-conlang\riemann_analysis\rrlang\outputs\controls_paper_minimum_v0_3_nulls100\control_mesu_udhr_duplicated_x4.json,controls_paper_minimum_v0_3_nulls100,,,,mesu,unknown,unknown,,,,,,,,,grapheme,2795,,,punctuation,Punctuation positions under the declared punctuation/hyphen policies.,372,critical_line_symmetry,gap_order_shuffle,0.902655637767,0.816305156399,0.032439335307,2.661906618931,2.661906618931,0.029702970297,,"{""name"": ""critical_line_symmetry"", ""null_model"": ""gap_order_shuffle"", ""observed"": 0.902655637767, ""null_mean"": 0.816305156399, ""null_std"": 0.032439335307, ""z_score"": 2.661906618931, ""empirical_p"": 0.029702970297, ""null_samples"": 100}"
C:\github\5hr-conlang\riemann_analysis\rrlang\outputs\controls_paper_minimum_v0_3_nulls100\control_mesu_udhr_punctuation_noise_every5.json,controls_paper_minimum_v0_3_nulls100,,,,mesu,unknown,unknown,,,,,,,,,word_boundary,891,,,word_boundary,Positions marked as word boundaries after declared whitespace preprocessing.,228,zeta_spectral_coherence,gap_order_shuffle,0.000143913375,0.000493025722,0.000131723505,-2.650342076519,2.650342076519,0.019801980198,,"{""name"": ""zeta_spectral_coherence"", ""null_model"": ""gap_order_shuffle"", ""observed"": 0.000143913375, ""null_mean"": 0.000493025722, ""null_std"": 0.000131723505, ""z_score"": -2.650342076519, ""empirical_p"": 0.019801980198, ""null_samples"": 100}"
C:\github\5hr-conlang\riemann_analysis\rrlang\outputs\controls_paper_minimum_v0_3_nulls100\control_mesu_udhr_punctuation_noise_every5.json,controls_paper_minimum_v0_3_nulls100,,,,mesu,unknown,unknown,,,,,,,,,grapheme,891,,,consonant,Alphabetic non-vowel positions under the MVP classifier.,243,gap_entropy,markov_2,2.223025544296,2.433345755076,0.080121059568,-2.625030321797,2.625030321797,0.009900990099,False,"{""name"": ""gap_entropy"", ""null_model"": ""markov_2"", ""observed"": 2.223025544296, ""null_mean"": 2.433345755076, ""null_std"": 0.080121059568, ""z_score"": -2.625030321797, ""empirical_p"": 0.009900990099, ""null_samples"": 100}"
C:\github\5hr-conlang\riemann_analysis\rrlang\outputs\controls_paper_minimum_v0_3_nulls100\control_mesu_udhr_punctuation_noise_every5.json,controls_paper_minimum_v0_3_nulls100,,,,mesu,unknown,unknown,,,,,,,,,grapheme_class,891,,,punctuation,Positions classified as punctuation in the grapheme-class stream.,203,gap_entropy,markov_1,2.965515780171,3.20684673777,0.09227600377,-2.615316525855,2.615316525855,0.009900990099,,"{""name"": ""gap_entropy"", ""null_model"": ""markov_1"", ""observed"": 2.965515780171, ""null_mean"": 3.20684673777, ""null_std"": 0.09227600377, ""z_score"": -2.615316525855, ""empirical_p"": 0.009900990099, ""null_samples"": 100}"
C:\github\5hr-conlang\riemann_analysis\rrlang\outputs\controls_paper_minimum_v0_3_nulls100\control_mesu_udhr_duplicated_x4.json,controls_paper_minimum_v0_3_nulls100,,,,mesu,unknown,unknown,,,,,,,,,word_boundary,2795,,,word_boundary,Positions marked as word boundaries after declared whitespace preprocessing.,583,run_entropy,markov_2,1.995922948618,2.111103052784,0.045541677935,-2.529114195846,2.529114195846,0.009900990099,False,"{""name"": ""run_entropy"", ""null_model"": ""markov_2"", ""observed"": 1.995922948618, ""null_mean"": 2.111103052784, ""null_std"": 0.045541677935, ""z_score"": -2.529114195846, ""empirical_p"": 0.009900990099, ""null_samples"": 100}"
C:\github\5hr-conlang\riemann_analysis\rrlang\outputs\controls_paper_minimum_v0_3_nulls100\control_mesu_udhr_punctuation_noise_every5.json,controls_paper_minimum_v0_3_nulls100,,,,mesu,unknown,unknown,,,,,,,,,grapheme,891,,,whitespace,Whitespace positions.,228,zeta_spectral_coherence,markov_1,0.000143913375,0.001046676814,0.00035702206,-2.528592881501,2.528592881501,0.019801980198,,"{""name"": ""zeta_spectral_coherence"", ""null_model"": ""markov_1"", ""observed"": 0.000143913375, ""null_mean"": 0.001046676814, ""null_std"": 0.00035702206, ""z_score"": -2.528592881501, ""empirical_p"": 0.019801980198, ""null_samples"": 100}"
C:\github\5hr-conlang\riemann_analysis\rrlang\outputs\controls_paper_minimum_v0_3_nulls100\control_mesu_udhr_punctuation_noise_every5.json,controls_paper_minimum_v0_3_nulls100,,,,mesu,unknown,unknown,,,,,,,,,grapheme,891,,,whitespace,Whitespace positions.,228,gap_entropy,markov_2,2.349555336212,2.54948785884,0.079403099114,-2.517943567161,2.517943567161,0.019801980198,False,"{""name"": ""gap_entropy"", ""null_model"": ""markov_2"", ""observed"": 2.349555336212, ""null_mean"": 2.54948785884, ""null_std"": 0.079403099114, ""z_score"": -2.517943567161, ""empirical_p"": 0.019801980198, ""null_samples"": 100}"
C:\github\5hr-conlang\riemann_analysis\rrlang\outputs\controls_paper_minimum_v0_3_nulls100\control_mesu_udhr_duplicated_x4.json,controls_paper_minimum_v0_3_nulls100,,,,mesu,unknown,unknown,,,,,,,,,grapheme_class,2795,,,punctuation,Positions classified as punctuation in the grapheme-class stream.,372,gap_entropy,gap_order_shuffle,3.300240153994,3.300240153994,0.0,2.507132682112,2.507132682112,0.069306930693,,"{""name"": ""gap_entropy"", ""null_model"": ""gap_order_shuffle"", ""observed"": 3.300240153994, ""null_mean"": 3.300240153994, ""null_std"": 0.0, ""z_score"": 2.507132682112, ""empirical_p"": 0.069306930693, ""null_samples"": 100}"
C:\github\5hr-conlang\riemann_analysis\rrlang\outputs\controls_paper_minimum_v0_3_nulls100\control_mesu_udhr_punctuation_noise_every5.json,controls_paper_minimum_v0_3_nulls100,,,,mesu,unknown,unknown,,,,,,,,,grapheme,891,,,whitespace,Whitespace positions.,228,zeta_spectral_coherence,density_shuffle,0.000143913375,0.001472287342,0.00053008393,-2.505969132333,2.505969132333,0.019801980198,,"{""name"": ""zeta_spectral_coherence"", ""null_model"": ""density_shuffle"", ""observed"": 0.000143913375, ""null_mean"": 0.001472287342, ""null_std"": 0.00053008393, ""z_score"": -2.505969132333, ""empirical_p"": 0.019801980198, ""null_samples"": 100}"
C:\github\5hr-conlang\riemann_analysis\rrlang\outputs\controls_paper_minimum_v0_3_nulls100\control_mesu_udhr_punctuation_noise_every5.json,controls_paper_minimum_v0_3_nulls100,,,,mesu,unknown,unknown,,,,,,,,,grapheme_class,891,,,whitespace,Positions classified as whitespace in the grapheme-class stream.,228,zeta_spectral_coherence,density_shuffle,0.000143913375,0.001571379723,0.000571683566,-2.496951867624,2.496951867624,0.029702970297,,"{""name"": ""zeta_spectral_coherence"", ""null_model"": ""density_shuffle"", ""observed"": 0.000143913375, ""null_mean"": 0.001571379723, ""null_std"": 0.000571683566, ""z_score"": -2.496951867624, ""empirical_p"": 0.029702970297, ""null_samples"": 100}"
C:\github\5hr-conlang\riemann_analysis\rrlang\outputs\controls_paper_minimum_v0_3_nulls100\control_mesu_udhr_duplicated_x4.json,controls_paper_minimum_v0_3_nulls100,,,,mesu,unknown,unknown,,,,,,,,,grapheme,2795,,,whitespace,Whitespace positions.,583,zeta_spectral_coherence,gap_order_shuffle,4.9495222e-05,0.00022936481,7.2035821e-05,-2.496946460375,2.496946460375,0.019801980198,,"{""name"": ""zeta_spectral_coherence"", ""null_model"": ""gap_order_shuffle"", ""observed"": 4.9495222e-05, ""null_mean"": 0.00022936481, ""null_std"": 7.2035821e-05, ""z_score"": -2.496946460375, ""empirical_p"": 0.019801980198, ""null_samples"": 100}"
C:\github\5hr-conlang\riemann_analysis\rrlang\outputs\controls_paper_minimum_v0_3_nulls100\control_mesu_udhr_punctuation_noise_every5.json,controls_paper_minimum_v0_3_nulls100,,,,mesu,unknown,unknown,,,,,,,,,grapheme_class,891,,,whitespace,Positions classified as whitespace in the grapheme-class stream.,228,zeta_spectral_coherence,gap_order_shuffle,0.000143913375,0.00047661131,0.000133361367,-2.49470998145,2.49470998145,0.029702970297,,"{""name"": ""zeta_spectral_coherence"", ""null_model"": ""gap_order_shuffle"", ""observed"": 0.000143913375, ""null_mean"": 0.00047661131, ""null_std"": 0.000133361367, ""z_score"": -2.49470998145, ""empirical_p"": 0.029702970297, ""null_samples"": 100}"
C:\github\5hr-conlang\riemann_analysis\rrlang\outputs\controls_paper_minimum_v0_3_nulls100\control_mesu_udhr_punctuation_noise_every5.json,controls_paper_minimum_v0_3_nulls100,,,,mesu,unknown,unknown,,,,,,,,,word_boundary,891,,,word_boundary,Positions marked as word boundaries after declared whitespace preprocessing.,228,zeta_spectral_coherence,density_shuffle,0.000143913375,0.001560791852,0.000574816272,-2.464924090669,2.464924090669,0.009900990099,,"{""name"": ""zeta_spectral_coherence"", ""null_model"": ""density_shuffle"", ""observed"": 0.000143913375, ""null_mean"": 0.001560791852, ""null_std"": 0.000574816272, ""z_score"": -2.464924090669, ""empirical_p"": 0.009900990099, ""null_samples"": 100}"
C:\github\5hr-conlang\riemann_analysis\rrlang\outputs\controls_paper_minimum_v0_3_nulls100\control_mesu_udhr_duplicated_x4.json,controls_paper_minimum_v0_3_nulls100,,,,mesu,unknown,unknown,,,,,,,,,word_boundary,2795,,,word_boundary,Positions marked as word boundaries after declared whitespace preprocessing.,583,run_entropy,markov_1,1.995922948618,2.098691330553,0.04169781043,-2.464599001159,2.464599001159,0.019801980198,,"{""name"": ""run_entropy"", ""null_model"": ""markov_1"", ""observed"": 1.995922948618, ""null_mean"": 2.098691330553, ""null_std"": 0.04169781043, ""z_score"": -2.464599001159, ""empirical_p"": 0.019801980198, ""null_samples"": 100}"
C:\github\5hr-conlang\riemann_analysis\rrlang\outputs\controls_paper_minimum_v0_3_nulls100\control_mesu_udhr_duplicated_x4.json,controls_paper_minimum_v0_3_nulls100,,,,mesu,unknown,unknown,,,,,,,,,grapheme_class,2795,,,whitespace,Positions classified as whitespace in the grapheme-class stream.,583,zeta_spectral_coherence,markov_1,4.9495222e-05,0.000353252739,0.000123513878,-2.459298689597,2.459298689597,0.019801980198,,"{""name"": ""zeta_spectral_coherence"", ""null_model"": ""markov_1"", ""observed"": 4.9495222e-05, ""null_mean"": 0.000353252739, ""null_std"": 0.000123513878, ""z_score"": -2.459298689597, ""empirical_p"": 0.019801980198, ""null_samples"": 100}"
C:\github\5hr-conlang\riemann_analysis\rrlang\outputs\controls_paper_minimum_v0_3_nulls100\control_mesu_udhr_punctuation_noise_every5.json,controls_paper_minimum_v0_3_nulls100,,,,mesu,unknown,unknown,,,,,,,,,grapheme_class,891,,,whitespace,Positions classified as whitespace in the grapheme-class stream.,228,prime_gap_affinity,markov_1,0.79295154185,0.716510300254,0.031088841136,2.458799968221,2.458799968221,0.019801980198,,"{""name"": ""prime_gap_affinity"", ""null_model"": ""markov_1"", ""observed"": 0.79295154185, ""null_mean"": 0.716510300254, ""null_std"": 0.031088841136, ""z_score"": 2.458799968221, ""empirical_p"": 0.019801980198, ""null_samples"": 100}"
C:\github\5hr-conlang\riemann_analysis\rrlang\outputs\controls_paper_minimum_v0_3_nulls100\control_mesu_udhr_punctuation_noise_every5.json,controls_paper_minimum_v0_3_nulls100,,,,mesu,unknown,unknown,,,,,,,,,word_boundary,891,,,word_boundary,Positions marked as word boundaries after declared whitespace preprocessing.,228,prime_gap_affinity,markov_1,0.79295154185,0.724099764066,0.028726178064,2.396830432162,2.396830432162,0.009900990099,,"{""name"": ""prime_gap_affinity"", ""null_model"": ""markov_1"", ""observed"": 0.79295154185, ""null_mean"": 0.724099764066, ""null_std"": 0.028726178064, ""z_score"": 2.396830432162, ""empirical_p"": 0.009900990099, ""null_samples"": 100}"
C:\github\5hr-conlang\riemann_analysis\rrlang\outputs\controls_paper_minimum_v0_3_nulls100\control_mesu_udhr_duplicated_x4.json,controls_paper_minimum_v0_3_nulls100,,,,mesu,unknown,unknown,,,,,,,,,grapheme_class,2795,,,punctuation,Positions classified as punctuation in the grapheme-class stream.,372,critical_line_symmetry,gap_order_shuffle,0.902655637767,0.814641318053,0.036755145192,2.394612216966,2.394612216966,0.049504950495,,"{""name"": ""critical_line_symmetry"", ""null_model"": ""gap_order_shuffle"", ""observed"": 0.902655637767, ""null_mean"": 0.814641318053, ""null_std"": 0.036755145192, ""z_score"": 2.394612216966, ""empirical_p"": 0.049504950495, ""null_samples"": 100}"
C:\github\5hr-conlang\riemann_analysis\rrlang\outputs\controls_paper_minimum_v0_3_nulls100\control_mesu_udhr_duplicated_x4.json,controls_paper_minimum_v0_3_nulls100,,,,mesu,unknown,unknown,,,,,,,,,grapheme_class,2795,,,vowel,Positions classified as vowel in the grapheme-class stream.,868,critical_line_symmetry,density_shuffle,0.903242020524,0.799029337502,0.043716993363,2.383802613233,2.383802613233,0.009900990099,,"{""name"": ""critical_line_symmetry"", ""null_model"": ""density_shuffle"", ""observed"": 0.903242020524, ""null_mean"": 0.799029337502, ""null_std"": 0.043716993363, ""z_score"": 2.383802613233, ""empirical_p"": 0.009900990099, ""null_samples"": 100}"
C:\github\5hr-conlang\riemann_analysis\rrlang\outputs\controls_paper_minimum_v0_3_nulls100\control_mesu_udhr_punctuation_noise_every5.json,controls_paper_minimum_v0_3_nulls100,,,,mesu,unknown,unknown,,,,,,,,,grapheme_class,891,,,whitespace,Positions classified as whitespace in the grapheme-class stream.,228,zeta_spectral_coherence,markov_2,0.000143913375,0.000877984641,0.000308053015,-2.382938098567,2.382938098567,0.029702970297,False,"{""name"": ""zeta_spectral_coherence"", ""null_model"": ""markov_2"", ""observed"": 0.000143913375, ""null_mean"": 0.000877984641, ""null_std"": 0.000308053015, ""z_score"": -2.382938098567, ""empirical_p"": 0.029702970297, ""null_samples"": 100}"
C:\github\5hr-conlang\riemann_analysis\rrlang\outputs\controls_paper_minimum_v0_3_nulls100\control_mesu_udhr_punctuation_noise_every5.json,controls_paper_minimum_v0_3_nulls100,,,,mesu,unknown,unknown,,,,,,,,,grapheme,891,,,whitespace,Whitespace positions.,228,critical_line_symmetry,markov_2,0.790045878266,0.8778212052,0.037053740312,-2.368865496265,2.368865496265,0.009900990099,False,"{""name"": ""critical_line_symmetry"", ""null_model"": ""markov_2"", ""observed"": 0.790045878266, ""null_mean"": 0.8778212052, ""null_std"": 0.037053740312, ""z_score"": -2.368865496265, ""empirical_p"": 0.009900990099, ""null_samples"": 100}"
C:\github\5hr-conlang\riemann_analysis\rrlang\outputs\controls_paper_minimum_v0_3_nulls100\control_mesu_udhr_punctuation_noise_every5.json,controls_paper_minimum_v0_3_nulls100,,,,mesu,unknown,unknown,,,,,,,,,grapheme_class,891,,,punctuation,Positions classified as punctuation in the grapheme-class stream.,203,prime_gap_affinity,markov_2,0.475247524752,0.556250278954,0.034400333767,-2.354708380172,2.354708380172,0.029702970297,False,"{""name"": ""prime_gap_affinity"", ""null_model"": ""markov_2"", ""observed"": 0.475247524752, ""null_mean"": 0.556250278954, ""null_std"": 0.034400333767, ""z_score"": -2.354708380172, ""empirical_p"": 0.029702970297, ""null_samples"": 100}"
C:\github\5hr-conlang\riemann_analysis\rrlang\outputs\controls_paper_minimum_v0_3_nulls100\control_mesu_udhr_duplicated_x4.json,controls_paper_minimum_v0_3_nulls100,,,,mesu,unknown,unknown,,,,,,,,,grapheme_class,2795,,,consonant,Positions classified as consonant in the grapheme-class stream.,972,zeta_spectral_coherence,density_shuffle,0.0001316839,0.000678778093,0.000233846114,-2.339547935578,2.339547935578,0.029702970297,,"{""name"": ""zeta_spectral_coherence"", ""null_model"": ""density_shuffle"", ""observed"": 0.0001316839, ""null_mean"": 0.000678778093, ""null_std"": 0.000233846114, ""z_score"": -2.339547935578, ""empirical_p"": 0.029702970297, ""null_samples"": 100}"
C:\github\5hr-conlang\riemann_analysis\rrlang\outputs\controls_paper_minimum_v0_3_nulls100\control_mesu_udhr_duplicated_x4.json,controls_paper_minimum_v0_3_nulls100,,,,mesu,unknown,unknown,,,,,,,,,grapheme_class,2795,,,whitespace,Positions classified as whitespace in the grapheme-class stream.,583,run_entropy,markov_1,1.995922948618,2.106493609097,0.047287192691,-2.338279229277,2.338279229277,0.029702970297,,"{""name"": ""run_entropy"", ""null_model"": ""markov_1"", ""observed"": 1.995922948618, ""null_mean"": 2.106493609097, ""null_std"": 0.047287192691, ""z_score"": -2.338279229277, ""empirical_p"": 0.029702970297, ""null_samples"": 100}"
C:\github\5hr-conlang\riemann_analysis\rrlang\outputs\controls_paper_minimum_v0_3_nulls100\control_mesu_udhr_punctuation_noise_every5.json,controls_paper_minimum_v0_3_nulls100,,,,mesu,unknown,unknown,,,,,,,,,grapheme,891,,,punctuation,Punctuation positions under the declared punctuation/hyphen policies.,203,prime_gap_affinity,markov_2,0.475247524752,0.556941540115,0.035015688666,-2.333068932129,2.333068932129,0.029702970297,False,"{""name"": ""prime_gap_affinity"", ""null_model"": ""markov_2"", ""observed"": 0.475247524752, ""null_mean"": 0.556941540115, ""null_std"": 0.035015688666, ""z_score"": -2.333068932129, ""empirical_p"": 0.029702970297, ""null_samples"": 100}"
C:\github\5hr-conlang\riemann_analysis\rrlang\outputs\controls_paper_minimum_v0_3_nulls100\control_mesu_udhr_punctuation_noise_every5.json,controls_paper_minimum_v0_3_nulls100,,,,mesu,unknown,unknown,,,,,,,,,word_boundary,891,,,word_boundary,Positions marked as word boundaries after declared whitespace preprocessing.,228,gap_entropy,markov_2,2.349555336212,2.548643443106,0.085358079652,-2.332387369829,2.332387369829,0.039603960396,False,"{""name"": ""gap_entropy"", ""null_model"": ""markov_2"", ""observed"": 2.349555336212, ""null_mean"": 2.548643443106, ""null_std"": 0.085358079652, ""z_score"": -2.332387369829, ""empirical_p"": 0.039603960396, ""null_samples"": 100}"
C:\github\5hr-conlang\riemann_analysis\rrlang\outputs\controls_paper_minimum_v0_3_nulls100\control_mesu_udhr_punctuation_noise_every5.json,controls_paper_minimum_v0_3_nulls100,,,,mesu,unknown,unknown,,,,,,,,,grapheme_class,891,,,whitespace,Positions classified as whitespace in the grapheme-class stream.,228,gap_entropy,markov_2,2.349555336212,2.548283111289,0.085221781652,-2.331889467972,2.331889467972,0.039603960396,False,"{""name"": ""gap_entropy"", ""null_model"": ""markov_2"", ""observed"": 2.349555336212, ""null_mean"": 2.548283111289, ""null_std"": 0.085221781652, ""z_score"": -2.331889467972, ""empirical_p"": 0.039603960396, ""null_samples"": 100}"
C:\github\5hr-conlang\riemann_analysis\rrlang\outputs\controls_paper_minimum_v0_3_nulls100\control_mesu_udhr_duplicated_x4.json,controls_paper_minimum_v0_3_nulls100,,,,mesu,unknown,unknown,,,,,,,,,word_boundary,2795,,,word_boundary,Positions marked as word boundaries after declared whitespace preprocessing.,583,zeta_spectral_coherence,gap_order_shuffle,4.9495222e-05,0.000216523356,7.1826259e-05,-2.325446679492,2.325446679492,0.029702970297,,"{""name"": ""zeta_spectral_coherence"", ""null_model"": ""gap_order_shuffle"", ""observed"": 4.9495222e-05, ""null_mean"": 0.000216523356, ""null_std"": 7.1826259e-05, ""z_score"": -2.325446679492, ""empirical_p"": 0.029702970297, ""null_samples"": 100}"
C:\github\5hr-conlang\riemann_analysis\rrlang\outputs\controls_paper_minimum_v0_3_nulls100\control_mesu_udhr_punctuation_noise_every5.json,controls_paper_minimum_v0_3_nulls100,,,,mesu,unknown,unknown,,,,,,,,,grapheme,891,,,whitespace,Whitespace positions.,228,prime_gap_affinity,markov_1,0.79295154185,0.715552524011,0.033309184988,2.323653907068,2.323653907068,0.029702970297,,"{""name"": ""prime_gap_affinity"", ""null_model"": ""markov_1"", ""observed"": 0.79295154185, ""null_mean"": 0.715552524011, ""null_std"": 0.033309184988, ""z_score"": 2.323653907068, ""empirical_p"": 0.029702970297, ""null_samples"": 100}"
C:\github\5hr-conlang\riemann_analysis\rrlang\outputs\controls_paper_minimum_v0_3_nulls100\control_mesu_udhr_duplicated_x4.json,controls_paper_minimum_v0_3_nulls100,,,,mesu,unknown,unknown,,,,,,,,,grapheme,2795,,,whitespace,Whitespace positions.,583,run_entropy,markov_1,1.995922948618,2.095934598289,0.043229262142,-2.313517388843,2.313517388843,0.019801980198,,"{""name"": ""run_entropy"", ""null_model"": ""markov_1"", ""observed"": 1.995922948618, ""null_mean"": 2.095934598289, ""null_std"": 0.043229262142, ""z_score"": -2.313517388843, ""empirical_p"": 0.019801980198, ""null_samples"": 100}"
C:\github\5hr-conlang\riemann_analysis\rrlang\outputs\controls_paper_minimum_v0_3_nulls100\control_mesu_udhr_duplicated_x4.json,controls_paper_minimum_v0_3_nulls100,,,,mesu,unknown,unknown,,,,,,,,,grapheme,2795,,,whitespace,Whitespace positions.,583,zeta_spectral_coherence,markov_2,4.9495222e-05,0.000337454799,0.000125656529,-2.29164039676,2.29164039676,0.029702970297,False,"{""name"": ""zeta_spectral_coherence"", ""null_model"": ""markov_2"", ""observed"": 4.9495222e-05, ""null_mean"": 0.000337454799, ""null_std"": 0.000125656529, ""z_score"": -2.29164039676, ""empirical_p"": 0.029702970297, ""null_samples"": 100}"
C:\github\5hr-conlang\riemann_analysis\rrlang\outputs\controls_paper_minimum_v0_3_nulls100\control_mesu_udhr_duplicated_x4.json,controls_paper_minimum_v0_3_nulls100,,,,mesu,unknown,unknown,,,,,,,,,grapheme_class,2795,,,vowel,Positions classified as vowel in the grapheme-class stream.,868,zeta_spectral_coherence,density_shuffle,0.000128536157,0.00063269627,0.000220254564,-2.288988265248,2.288988265248,0.039603960396,,"{""name"": ""zeta_spectral_coherence"", ""null_model"": ""density_shuffle"", ""observed"": 0.000128536157, ""null_mean"": 0.00063269627, ""null_std"": 0.000220254564, ""z_score"": -2.288988265248, ""empirical_p"": 0.039603960396, ""null_samples"": 100}"
C:\github\5hr-conlang\riemann_analysis\rrlang\outputs\controls_paper_minimum_v0_3_nulls100\control_mesu_udhr_punctuation_noise_every5.json,controls_paper_minimum_v0_3_nulls100,,,,mesu,unknown,unknown,,,,,,,,,grapheme_class,891,,,consonant,Positions classified as consonant in the grapheme-class stream.,243,run_entropy,markov_2,1.6452479702,1.766963986406,0.053429527782,-2.278066478579,2.278066478579,0.039603960396,False,"{""name"": ""run_entropy"", ""null_model"": ""markov_2"", ""observed"": 1.6452479702, ""null_mean"": 1.766963986406, ""null_std"": 0.053429527782, ""z_score"": -2.278066478579, ""empirical_p"": 0.039603960396, ""null_samples"": 100}"
C:\github\5hr-conlang\riemann_analysis\rrlang\outputs\controls_paper_minimum_v0_3_nulls100\control_mesu_udhr_duplicated_x4.json,controls_paper_minimum_v0_3_nulls100,,,,mesu,unknown,unknown,,,,,,,,,grapheme_class,2795,,,whitespace,Positions classified as whitespace in the grapheme-class stream.,583,run_entropy,markov_2,1.995922948618,2.105028985804,0.048061762365,-2.270121439969,2.270121439969,0.039603960396,False,"{""name"": ""run_entropy"", ""null_model"": ""markov_2"", ""observed"": 1.995922948618, ""null_mean"": 2.105028985804, ""null_std"": 0.048061762365, ""z_score"": -2.270121439969, ""empirical_p"": 0.039603960396, ""null_samples"": 100}"
C:\github\5hr-conlang\riemann_analysis\rrlang\outputs\controls_paper_minimum_v0_3_nulls100\control_mesu_udhr_punctuation_noise_every5.json,controls_paper_minimum_v0_3_nulls100,,,,mesu,unknown,unknown,,,,,,,,,word_boundary,891,,,word_boundary,Positions marked as word boundaries after declared whitespace preprocessing.,228,zeta_spectral_coherence,markov_2,0.000143913375,0.000943219793,0.000356314799,-2.243259110468,2.243259110468,0.049504950495,False,"{""name"": ""zeta_spectral_coherence"", ""null_model"": ""markov_2"", ""observed"": 0.000143913375, ""null_mean"": 0.000943219793, ""null_std"": 0.000356314799, ""z_score"": -2.243259110468, ""empirical_p"": 0.049504950495, ""null_samples"": 100}"
C:\github\5hr-conlang\riemann_analysis\rrlang\outputs\controls_paper_minimum_v0_3_nulls100\control_mesu_udhr_duplicated_x4.json,controls_paper_minimum_v0_3_nulls100,,,,mesu,unknown,unknown,,,,,,,,,grapheme,2795,,,whitespace,Whitespace positions.,583,zeta_spectral_coherence,density_shuffle,4.9495222e-05,0.000480399015,0.000192485351,-2.238631626025,2.238631626025,0.059405940594,,"{""name"": ""zeta_spectral_coherence"", ""null_model"": ""density_shuffle"", ""observed"": 4.9495222e-05, ""null_mean"": 0.000480399015, ""null_std"": 0.000192485351, ""z_score"": -2.238631626025, ""empirical_p"": 0.059405940594, ""null_samples"": 100}"
C:\github\5hr-conlang\riemann_analysis\rrlang\outputs\controls_paper_minimum_v0_3_nulls100\control_mesu_udhr_duplicated_x4.json,controls_paper_minimum_v0_3_nulls100,,,,mesu,unknown,unknown,,,,,,,,,grapheme_class,2795,,,whitespace,Positions classified as whitespace in the grapheme-class stream.,583,zeta_spectral_coherence,density_shuffle,4.9495222e-05,0.00051066484,0.000206104755,-2.237549632642,2.237549632642,0.049504950495,,"{""name"": ""zeta_spectral_coherence"", ""null_model"": ""density_shuffle"", ""observed"": 4.9495222e-05, ""null_mean"": 0.00051066484, ""null_std"": 0.000206104755, ""z_score"": -2.237549632642, ""empirical_p"": 0.049504950495, ""null_samples"": 100}"
C:\github\5hr-conlang\riemann_analysis\rrlang\outputs\controls_paper_minimum_v0_3_nulls100\control_mesu_udhr_punctuation_noise_every5.json,controls_paper_minimum_v0_3_nulls100,,,,mesu,unknown,unknown,,,,,,,,,frequency_class,267,,,mid_frequency,Token positions in frequency class mid_frequency.,45,run_entropy,density_shuffle,2.311960996687,2.575725636995,0.119342259116,-2.210152901929,2.210152901929,0.049504950495,,"{""name"": ""run_entropy"", ""null_model"": ""density_shuffle"", ""observed"": 2.311960996687, ""null_mean"": 2.575725636995, ""null_std"": 0.119342259116, ""z_score"": -2.210152901929, ""empirical_p"": 0.049504950495, ""null_samples"": 100}"
C:\github\5hr-conlang\riemann_analysis\rrlang\outputs\controls_paper_minimum_v0_3_nulls100\control_mesu_udhr_duplicated_x4.json,controls_paper_minimum_v0_3_nulls100,,,,mesu,unknown,unknown,,,,,,,,,grapheme_class,2795,,,consonant,Positions classified as consonant in the grapheme-class stream.,972,critical_line_symmetry,gap_order_shuffle,0.822043838848,0.894487265124,0.033046598182,-2.192159867016,2.192159867016,0.049504950495,,"{""name"": ""critical_line_symmetry"", ""null_model"": ""gap_order_shuffle"", ""observed"": 0.822043838848, ""null_mean"": 0.894487265124, ""null_std"": 0.033046598182, ""z_score"": -2.192159867016, ""empirical_p"": 0.049504950495, ""null_samples"": 100}"
C:\github\5hr-conlang\riemann_analysis\rrlang\outputs\controls_paper_minimum_v0_3_nulls100\control_mesu_udhr_duplicated_x4.json,controls_paper_minimum_v0_3_nulls100,,,,mesu,unknown,unknown,,,,,,,,,grapheme,2795,,,consonant,Alphabetic non-vowel positions under the MVP classifier.,972,prime_gap_affinity,markov_1,0.873326467559,0.848823799021,0.01125911645,2.176251453332,2.176251453332,0.049504950495,,"{""name"": ""prime_gap_affinity"", ""null_model"": ""markov_1"", ""observed"": 0.873326467559, ""null_mean"": 0.848823799021, ""null_std"": 0.01125911645, ""z_score"": 2.176251453332, ""empirical_p"": 0.049504950495, ""null_samples"": 100}"
C:\github\5hr-conlang\riemann_analysis\rrlang\outputs\controls_paper_minimum_v0_3_nulls100\control_mesu_udhr_punctuation_noise_every5.json,controls_paper_minimum_v0_3_nulls100,,,,mesu,unknown,unknown,,,,,,,,,grapheme,891,,,whitespace,Whitespace positions.,228,zeta_spectral_coherence,markov_2,0.000143913375,0.000968291201,0.000379923938,-2.16984965208,2.16984965208,0.049504950495,False,"{""name"": ""zeta_spectral_coherence"", ""null_model"": ""markov_2"", ""observed"": 0.000143913375, ""null_mean"": 0.000968291201, ""null_std"": 0.000379923938, ""z_score"": -2.16984965208, ""empirical_p"": 0.049504950495, ""null_samples"": 100}"
C:\github\5hr-conlang\riemann_analysis\rrlang\outputs\controls_paper_minimum_v0_3_nulls100\control_mesu_udhr_duplicated_x4.json,controls_paper_minimum_v0_3_nulls100,,,,mesu,unknown,unknown,,,,,,,,,grapheme_class,2795,,,consonant,Positions classified as consonant in the grapheme-class stream.,972,prime_gap_affinity,markov_1,0.873326467559,0.848335829113,0.011535971245,2.166322879522,2.166322879522,0.059405940594,,"{""name"": ""prime_gap_affinity"", ""null_model"": ""markov_1"", ""observed"": 0.873326467559, ""null_mean"": 0.848335829113, ""null_std"": 0.011535971245, ""z_score"": 2.166322879522, ""empirical_p"": 0.059405940594, ""null_samples"": 100}"
C:\github\5hr-conlang\riemann_analysis\rrlang\outputs\controls_paper_minimum_v0_3_nulls100\control_mesu_udhr_punctuation_noise_every5.json,controls_paper_minimum_v0_3_nulls100,,,,mesu,unknown,unknown,,,,,,,,,grapheme_class,891,,,whitespace,Positions classified as whitespace in the grapheme-class stream.,228,critical_line_symmetry,markov_2,0.790045878266,0.871128063394,0.037761905436,-2.147195280292,2.147195280292,0.009900990099,False,"{""name"": ""critical_line_symmetry"", ""null_model"": ""markov_2"", ""observed"": 0.790045878266, ""null_mean"": 0.871128063394, ""null_std"": 0.037761905436, ""z_score"": -2.147195280292, ""empirical_p"": 0.009900990099, ""null_samples"": 100}"
C:\github\5hr-conlang\riemann_analysis\rrlang\outputs\controls_paper_minimum_v0_3_nulls100\control_mesu_udhr_punctuation_noise_every5.json,controls_paper_minimum_v0_3_nulls100,,,,mesu,unknown,unknown,,,,,,,,,word_boundary,891,,,word_boundary,Positions marked as word boundaries after declared whitespace preprocessing.,228,zeta_spectral_coherence,markov_1,0.000143913375,0.001069098593,0.000432127766,-2.140999235554,2.140999235554,0.029702970297,,"{""name"": ""zeta_spectral_coherence"", ""null_model"": ""markov_1"", ""observed"": 0.000143913375, ""null_mean"": 0.001069098593, ""null_std"": 0.000432127766, ""z_score"": -2.140999235554, ""empirical_p"": 0.029702970297, ""null_samples"": 100}"
C:\github\5hr-conlang\riemann_analysis\rrlang\outputs\controls_paper_minimum_v0_3_nulls100\control_mesu_udhr_duplicated_x4.json,controls_paper_minimum_v0_3_nulls100,,,,mesu,unknown,unknown,,,,,,,,,grapheme,2795,,,vowel,Basic Latin-vowel positions plus common accented vowels.,868,zeta_spectral_coherence,gap_order_shuffle,0.000128536157,0.000273002003,6.7777135e-05,-2.131483500595,2.131483500595,0.039603960396,,"{""name"": ""zeta_spectral_coherence"", ""null_model"": ""gap_order_shuffle"", ""observed"": 0.000128536157, ""null_mean"": 0.000273002003, ""null_std"": 6.7777135e-05, ""z_score"": -2.131483500595, ""empirical_p"": 0.039603960396, ""null_samples"": 100}"
C:\github\5hr-conlang\riemann_analysis\rrlang\outputs\controls_paper_minimum_v0_3_nulls100\control_mesu_udhr_punctuation_noise_every5.json,controls_paper_minimum_v0_3_nulls100,,,,mesu,unknown,unknown,,,,,,,,,word_boundary,891,,,word_boundary,Positions marked as word boundaries after declared whitespace preprocessing.,228,critical_line_symmetry,markov_2,0.790045878266,0.871439195926,0.038328415707,-2.123576363878,2.123576363878,0.049504950495,False,"{""name"": ""critical_line_symmetry"", ""null_model"": ""markov_2"", ""observed"": 0.790045878266, ""null_mean"": 0.871439195926, ""null_std"": 0.038328415707, ""z_score"": -2.123576363878, ""empirical_p"": 0.049504950495, ""null_samples"": 100}"
C:\github\5hr-conlang\riemann_analysis\rrlang\outputs\controls_paper_minimum_v0_3_nulls100\control_mesu_udhr_punctuation_noise_every5.json,controls_paper_minimum_v0_3_nulls100,,,,mesu,unknown,unknown,,,,,,,,,grapheme,891,,,whitespace,Whitespace positions.,228,zeta_spectral_coherence,gap_order_shuffle,0.000143913375,0.000458880108,0.000148408362,-2.122297753346,2.122297753346,0.049504950495,,"{""name"": ""zeta_spectral_coherence"", ""null_model"": ""gap_order_shuffle"", ""observed"": 0.000143913375, ""null_mean"": 0.000458880108, ""null_std"": 0.000148408362, ""z_score"": -2.122297753346, ""empirical_p"": 0.049504950495, ""null_samples"": 100}"
C:\github\5hr-conlang\riemann_analysis\rrlang\outputs\controls_paper_minimum_v0_3_nulls100\control_mesu_udhr_duplicated_x4.json,controls_paper_minimum_v0_3_nulls100,,,,mesu,unknown,unknown,,,,,,,,,grapheme,2795,,,whitespace,Whitespace positions.,583,zeta_spectral_coherence,markov_1,4.9495222e-05,0.00035831949,0.000145540451,-2.121913642071,2.121913642071,0.049504950495,,"{""name"": ""zeta_spectral_coherence"", ""null_model"": ""markov_1"", ""observed"": 4.9495222e-05, ""null_mean"": 0.00035831949, ""null_std"": 0.000145540451, ""z_score"": -2.121913642071, ""empirical_p"": 0.049504950495, ""null_samples"": 100}"
C:\github\5hr-conlang\riemann_analysis\rrlang\outputs\controls_paper_minimum_v0_3_nulls100\control_mesu_udhr_duplicated_x4.json,controls_paper_minimum_v0_3_nulls100,,,,mesu,unknown,unknown,,,,,,,,,grapheme,2795,,,vowel,Basic Latin-vowel positions plus common accented vowels.,868,zeta_spectral_coherence,density_shuffle,0.000128536157,0.000681274097,0.000260522164,-2.121654185356,2.121654185356,0.039603960396,,"{""name"": ""zeta_spectral_coherence"", ""null_model"": ""density_shuffle"", ""observed"": 0.000128536157, ""null_mean"": 0.000681274097, ""null_std"": 0.000260522164, ""z_score"": -2.121654185356, ""empirical_p"": 0.039603960396, ""null_samples"": 100}"
C:\github\5hr-conlang\riemann_analysis\rrlang\outputs\controls_paper_minimum_v0_3_nulls100\control_mesu_udhr_punctuation_noise_every5.json,controls_paper_minimum_v0_3_nulls100,,,,mesu,unknown,unknown,,,,,,,,,grapheme_class,891,,,whitespace,Positions classified as whitespace in the grapheme-class stream.,228,zeta_spectral_coherence,markov_1,0.000143913375,0.000984324865,0.000398265311,-2.1101799866,2.1101799866,0.059405940594,,"{""name"": ""zeta_spectral_coherence"", ""null_model"": ""markov_1"", ""observed"": 0.000143913375, ""null_mean"": 0.000984324865, ""null_std"": 0.000398265311, ""z_score"": -2.1101799866, ""empirical_p"": 0.059405940594, ""null_samples"": 100}"
C:\github\5hr-conlang\riemann_analysis\rrlang\outputs\controls_paper_minimum_v0_3_nulls100\control_mesu_udhr_duplicated_x4.json,controls_paper_minimum_v0_3_nulls100,,,,mesu,unknown,unknown,,,,,,,,,grapheme,2795,,,punctuation,Punctuation positions under the declared punctuation/hyphen policies.,372,critical_line_symmetry,density_shuffle,0.902655637767,0.799542989705,0.049504733407,2.082884624676,2.082884624676,0.039603960396,,"{""name"": ""critical_line_symmetry"", ""null_model"": ""density_shuffle"", ""observed"": 0.902655637767, ""null_mean"": 0.799542989705, ""null_std"": 0.049504733407, ""z_score"": 2.082884624676, ""empirical_p"": 0.039603960396, ""null_samples"": 100}"
C:\github\5hr-conlang\riemann_analysis\rrlang\outputs\controls_paper_minimum_v0_3_nulls100\control_mesu_udhr_punctuation_noise_every5.json,controls_paper_minimum_v0_3_nulls100,,,,mesu,unknown,unknown,,,,,,,,,grapheme,891,,,punctuation,Punctuation positions under the declared punctuation/hyphen policies.,203,gap_entropy,markov_2,2.965515780171,3.148533478135,0.089173307696,-2.052382071421,2.052382071421,0.039603960396,False,"{""name"": ""gap_entropy"", ""null_model"": ""markov_2"", ""observed"": 2.965515780171, ""null_mean"": 3.148533478135, ""null_std"": 0.089173307696, ""z_score"": -2.052382071421, ""empirical_p"": 0.039603960396, ""null_samples"": 100}"
C:\github\5hr-conlang\riemann_analysis\rrlang\outputs\controls_paper_minimum_v0_3_nulls100\control_mesu_udhr_punctuation_noise_every5.json,controls_paper_minimum_v0_3_nulls100,,,,mesu,unknown,unknown,,,,,,,,,grapheme,891,,,consonant,Alphabetic non-vowel positions under the MVP classifier.,243,critical_line_symmetry,gap_order_shuffle,0.871022109614,0.926083931377,0.026989793641,-2.040097916125,2.040097916125,0.049504950495,,"{""name"": ""critical_line_symmetry"", ""null_model"": ""gap_order_shuffle"", ""observed"": 0.871022109614, ""null_mean"": 0.926083931377, ""null_std"": 0.026989793641, ""z_score"": -2.040097916125, ""empirical_p"": 0.049504950495, ""null_samples"": 100}"
C:\github\5hr-conlang\riemann_analysis\rrlang\outputs\controls_paper_minimum_v0_3_nulls100\control_mesu_udhr_duplicated_x4.json,controls_paper_minimum_v0_3_nulls100,,,,mesu,unknown,unknown,,,,,,,,,grapheme_class,2795,,,consonant,Positions classified as consonant in the grapheme-class stream.,972,zeta_spectral_coherence,gap_order_shuffle,0.0001316839,0.000380747196,0.000122786729,-2.028421939245,2.028421939245,0.039603960396,,"{""name"": ""zeta_spectral_coherence"", ""null_model"": ""gap_order_shuffle"", ""observed"": 0.0001316839, ""null_mean"": 0.000380747196, ""null_std"": 0.000122786729, ""z_score"": -2.028421939245, ""empirical_p"": 0.039603960396, ""null_samples"": 100}"
C:\github\5hr-conlang\riemann_analysis\rrlang\outputs\controls_paper_minimum_v0_3_nulls100\control_mesu_udhr_duplicated_x4.json,controls_paper_minimum_v0_3_nulls100,,,,mesu,unknown,unknown,,,,,,,,,word_boundary,2795,,,word_boundary,Positions marked as word boundaries after declared whitespace preprocessing.,583,zeta_spectral_coherence,density_shuffle,4.9495222e-05,0.00047895069,0.000211766647,-2.027965561884,2.027965561884,0.029702970297,,"{""name"": ""zeta_spectral_coherence"", ""null_model"": ""density_shuffle"", ""observed"": 4.9495222e-05, ""null_mean"": 0.00047895069, ""null_std"": 0.000211766647, ""z_score"": -2.027965561884, ""empirical_p"": 0.029702970297, ""null_samples"": 100}"
C:\github\5hr-conlang\riemann_analysis\rrlang\outputs\controls_paper_minimum_v0_3_nulls100\control_mesu_udhr_duplicated_x4.json,controls_paper_minimum_v0_3_nulls100,,,,mesu,unknown,unknown,,,,,,,,,grapheme_class,2795,,,whitespace,Positions classified as whitespace in the grapheme-class stream.,583,zeta_spectral_coherence,markov_2,4.9495222e-05,0.000342941783,0.000145323978,-2.019257690156,2.019257690156,0.059405940594,False,"{""name"": ""zeta_spectral_coherence"", ""null_model"": ""markov_2"", ""observed"": 4.9495222e-05, ""null_mean"": 0.000342941783, ""null_std"": 0.000145323978, ""z_score"": -2.019257690156, ""empirical_p"": 0.059405940594, ""null_samples"": 100}"
C:\github\5hr-conlang\riemann_analysis\rrlang\outputs\controls_paper_minimum_v0_3_nulls100\control_mesu_udhr_duplicated_x4.json,controls_paper_minimum_v0_3_nulls100,,,,mesu,unknown,unknown,,,,,,,,,grapheme,2795,,,consonant,Alphabetic non-vowel positions under the MVP classifier.,972,critical_line_symmetry,gap_order_shuffle,0.822043838848,0.893770024921,0.03574049618,-2.006860389162,2.006860389162,0.059405940594,,"{""name"": ""critical_line_symmetry"", ""null_model"": ""gap_order_shuffle"", ""observed"": 0.822043838848, ""null_mean"": 0.893770024921, ""null_std"": 0.03574049618, ""z_score"": -2.006860389162, ""empirical_p"": 0.059405940594, ""null_samples"": 100}"
C:\github\5hr-conlang\riemann_analysis\rrlang\outputs\controls_paper_minimum_v0_3_nulls100\control_mesu_udhr_duplicated_x4.json,controls_paper_minimum_v0_3_nulls100,,,,mesu,unknown,unknown,,,,,,,,,grapheme,2795,,,consonant,Alphabetic non-vowel positions under the MVP classifier.,972,zeta_spectral_coherence,markov_2,0.0001316839,0.000306960232,8.8530476e-05,-1.979841749744,1.979841749744,0.029702970297,False,"{""name"": ""zeta_spectral_coherence"", ""null_model"": ""markov_2"", ""observed"": 0.0001316839, ""null_mean"": 0.000306960232, ""null_std"": 8.8530476e-05, ""z_score"": -1.979841749744, ""empirical_p"": 0.029702970297, ""null_samples"": 100}"
C:\github\5hr-conlang\riemann_analysis\rrlang\outputs\controls_paper_minimum_v0_3_nulls100\control_mesu_udhr_duplicated_x4.json,controls_paper_minimum_v0_3_nulls100,,,,mesu,unknown,unknown,,,,,,,,,word_boundary,2795,,,word_boundary,Positions marked as word boundaries after declared whitespace preprocessing.,583,zeta_spectral_coherence,markov_1,4.9495222e-05,0.000348880628,0.000151357666,-1.977999622276,1.977999622276,0.039603960396,,"{""name"": ""zeta_spectral_coherence"", ""null_model"": ""markov_1"", ""observed"": 4.9495222e-05, ""null_mean"": 0.000348880628, ""null_std"": 0.000151357666, ""z_score"": -1.977999622276, ""empirical_p"": 0.039603960396, ""null_samples"": 100}"
C:\github\5hr-conlang\riemann_analysis\rrlang\outputs\controls_paper_minimum_v0_3_nulls100\control_mesu_udhr_punctuation_noise_every5.json,controls_paper_minimum_v0_3_nulls100,,,,mesu,unknown,unknown,,,,,,,,,grapheme,891,,,whitespace,Whitespace positions.,228,run_entropy,markov_2,1.781379052788,1.877229638528,0.048516516759,-1.975627933374,1.975627933374,0.079207920792,False,"{""name"": ""run_entropy"", ""null_model"": ""markov_2"", ""observed"": 1.781379052788, ""null_mean"": 1.877229638528, ""null_std"": 0.048516516759, ""z_score"": -1.975627933374, ""empirical_p"": 0.079207920792, ""null_samples"": 100}"
C:\github\5hr-conlang\riemann_analysis\rrlang\outputs\controls_paper_minimum_v0_3_nulls100\control_mesu_udhr_duplicated_x4.json,controls_paper_minimum_v0_3_nulls100,,,,mesu,unknown,unknown,,,,,,,,,grapheme_class,2795,,,consonant,Positions classified as consonant in the grapheme-class stream.,972,prime_gap_affinity,markov_2,0.873326467559,0.852691783787,0.010484128106,1.968183101527,1.968183101527,0.069306930693,False,"{""name"": ""prime_gap_affinity"", ""null_model"": ""markov_2"", ""observed"": 0.873326467559, ""null_mean"": 0.852691783787, ""null_std"": 0.010484128106, ""z_score"": 1.968183101527, ""empirical_p"": 0.069306930693, ""null_samples"": 100}"
C:\github\5hr-conlang\riemann_analysis\rrlang\outputs\controls_paper_minimum_v0_3_nulls100\control_mesu_udhr_punctuation_noise_every5.json,controls_paper_minimum_v0_3_nulls100,,,,mesu,unknown,unknown,,,,,,,,,grapheme_class,891,,,vowel,Positions classified as vowel in the grapheme-class stream.,217,critical_line_symmetry,density_shuffle,0.915976656599,0.832052052765,0.042802653969,1.960733647381,1.960733647381,0.069306930693,,"{""name"": ""critical_line_symmetry"", ""null_model"": ""density_shuffle"", ""observed"": 0.915976656599, ""null_mean"": 0.832052052765, ""null_std"": 0.042802653969, ""z_score"": 1.960733647381, ""empirical_p"": 0.069306930693, ""null_samples"": 100}"
C:\github\5hr-conlang\riemann_analysis\rrlang\outputs\controls_paper_minimum_v0_3_nulls100\control_mesu_udhr_punctuation_noise_every5.json,controls_paper_minimum_v0_3_nulls100,,,,mesu,unknown,unknown,,,,,,,,,grapheme_class,891,,,punctuation,Positions classified as punctuation in the grapheme-class stream.,203,gap_entropy,markov_2,2.965515780171,3.143968905413,0.09113029109,-1.958219633762,1.958219633762,0.079207920792,False,"{""name"": ""gap_entropy"", ""null_model"": ""markov_2"", ""observed"": 2.965515780171, ""null_mean"": 3.143968905413, ""null_std"": 0.09113029109, ""z_score"": -1.958219633762, ""empirical_p"": 0.079207920792, ""null_samples"": 100}"
C:\github\5hr-conlang\riemann_analysis\rrlang\outputs\controls_paper_minimum_v0_3_nulls100\control_mesu_udhr_duplicated_x4.json,controls_paper_minimum_v0_3_nulls100,,,,mesu,unknown,unknown,,,,,,,,,grapheme_class,2795,,,punctuation,Positions classified as punctuation in the grapheme-class stream.,372,critical_line_symmetry,density_shuffle,0.902655637767,0.790484165018,0.0573331171,1.95648655475,1.95648655475,0.059405940594,,"{""name"": ""critical_line_symmetry"", ""null_model"": ""density_shuffle"", ""observed"": 0.902655637767, ""null_mean"": 0.790484165018, ""null_std"": 0.0573331171, ""z_score"": 1.95648655475, ""empirical_p"": 0.059405940594, ""null_samples"": 100}"
C:\github\5hr-conlang\riemann_analysis\rrlang\outputs\controls_paper_minimum_v0_3_nulls100\control_mesu_udhr_duplicated_x4.json,controls_paper_minimum_v0_3_nulls100,,,,mesu,unknown,unknown,,,,,,,,,grapheme_class,2795,,,vowel,Positions classified as vowel in the grapheme-class stream.,868,zeta_spectral_coherence,gap_order_shuffle,0.000128536157,0.000253494997,6.4556857e-05,-1.935640085593,1.935640085593,0.069306930693,,"{""name"": ""zeta_spectral_coherence"", ""null_model"": ""gap_order_shuffle"", ""observed"": 0.000128536157, ""null_mean"": 0.000253494997, ""null_std"": 6.4556857e-05, ""z_score"": -1.935640085593, ""empirical_p"": 0.069306930693, ""null_samples"": 100}"
C:\github\5hr-conlang\riemann_analysis\rrlang\outputs\controls_paper_minimum_v0_3_nulls100\control_mesu_udhr_duplicated_x4.json,controls_paper_minimum_v0_3_nulls100,,,,mesu,unknown,unknown,,,,,,,,,grapheme,2795,,,whitespace,Whitespace positions.,583,prime_gap_affinity,markov_2,0.611683848797,0.646857748849,0.018297213348,-1.922363771041,1.922363771041,0.049504950495,False,"{""name"": ""prime_gap_affinity"", ""null_model"": ""markov_2"", ""observed"": 0.611683848797, ""null_mean"": 0.646857748849, ""null_std"": 0.018297213348, ""z_score"": -1.922363771041, ""empirical_p"": 0.049504950495, ""null_samples"": 100}"
C:\github\5hr-conlang\riemann_analysis\rrlang\outputs\controls_paper_minimum_v0_3_nulls100\control_mesu_udhr_duplicated_x4.json,controls_paper_minimum_v0_3_nulls100,,,,mesu,unknown,unknown,,,,,,,,,word_boundary,2795,,,word_boundary,Positions marked as word boundaries after declared whitespace preprocessing.,583,zeta_spectral_coherence,markov_2,4.9495222e-05,0.000365534667,0.000164447181,-1.921829509136,1.921829509136,0.069306930693,False,"{""name"": ""zeta_spectral_coherence"", ""null_model"": ""markov_2"", ""observed"": 4.9495222e-05, ""null_mean"": 0.000365534667, ""null_std"": 0.000164447181, ""z_score"": -1.921829509136, ""empirical_p"": 0.069306930693, ""null_samples"": 100}"
C:\github\5hr-conlang\riemann_analysis\rrlang\outputs\controls_paper_minimum_v0_3_nulls100\control_mesu_udhr_duplicated_x4.json,controls_paper_minimum_v0_3_nulls100,,,,mesu,unknown,unknown,,,,,,,,,word_boundary,2795,,,word_boundary,Positions marked as word boundaries after declared whitespace preprocessing.,583,prime_gap_affinity,markov_2,0.611683848797,0.648086534266,0.018954942172,-1.920485176844,1.920485176844,0.059405940594,False,"{""name"": ""prime_gap_affinity"", ""null_model"": ""markov_2"", ""observed"": 0.611683848797, ""null_mean"": 0.648086534266, ""null_std"": 0.018954942172, ""z_score"": -1.920485176844, ""empirical_p"": 0.059405940594, ""null_samples"": 100}"
C:\github\5hr-conlang\riemann_analysis\rrlang\outputs\controls_paper_minimum_v0_3_nulls100\control_mesu_udhr_duplicated_x4.json,controls_paper_minimum_v0_3_nulls100,,,,mesu,unknown,unknown,,,,,,,,,grapheme,2795,,,whitespace,Whitespace positions.,583,prime_gap_affinity,markov_1,0.611683848797,0.649914317073,0.019908750155,-1.920284697813,1.920284697813,0.079207920792,,"{""name"": ""prime_gap_affinity"", ""null_model"": ""markov_1"", ""observed"": 0.611683848797, ""null_mean"": 0.649914317073, ""null_std"": 0.019908750155, ""z_score"": -1.920284697813, ""empirical_p"": 0.079207920792, ""null_samples"": 100}"
C:\github\5hr-conlang\riemann_analysis\rrlang\outputs\controls_paper_minimum_v0_3_nulls100\control_mesu_udhr_duplicated_x4.json,controls_paper_minimum_v0_3_nulls100,,,,mesu,unknown,unknown,,,,,,,,,word_boundary,2795,,,word_boundary,Positions marked as word boundaries after declared whitespace preprocessing.,583,prime_gap_affinity,markov_1,0.611683848797,0.645698998748,0.017921118412,-1.89804839008,1.89804839008,0.049504950495,,"{""name"": ""prime_gap_affinity"", ""null_model"": ""markov_1"", ""observed"": 0.611683848797, ""null_mean"": 0.645698998748, ""null_std"": 0.017921118412, ""z_score"": -1.89804839008, ""empirical_p"": 0.049504950495, ""null_samples"": 100}"
C:\github\5hr-conlang\riemann_analysis\rrlang\outputs\controls_paper_minimum_v0_3_nulls100\control_mesu_udhr_duplicated_x4.json,controls_paper_minimum_v0_3_nulls100,,,,mesu,unknown,unknown,,,,,,,,,grapheme,2795,,,consonant,Alphabetic non-vowel positions under the MVP classifier.,972,zeta_spectral_coherence,gap_order_shuffle,0.0001316839,0.000364170195,0.000125058924,-1.85901404099,1.85901404099,0.069306930693,,"{""name"": ""zeta_spectral_coherence"", ""null_model"": ""gap_order_shuffle"", ""observed"": 0.0001316839, ""null_mean"": 0.000364170195, ""null_std"": 0.000125058924, ""z_score"": -1.85901404099, ""empirical_p"": 0.069306930693, ""null_samples"": 100}"
C:\github\5hr-conlang\riemann_analysis\rrlang\outputs\controls_paper_minimum_v0_3_nulls100\control_mesu_udhr_duplicated_x4.json,controls_paper_minimum_v0_3_nulls100,,,,mesu,unknown,unknown,,,,,,,,,grapheme,2795,,,vowel,Basic Latin-vowel positions plus common accented vowels.,868,zeta_spectral_coherence,markov_1,0.000128536157,0.000364544996,0.000128121696,-1.842067710639,1.842067710639,0.079207920792,,"{""name"": ""zeta_spectral_coherence"", ""null_model"": ""markov_1"", ""observed"": 0.000128536157, ""null_mean"": 0.000364544996, ""null_std"": 0.000128121696, ""z_score"": -1.842067710639, ""empirical_p"": 0.079207920792, ""null_samples"": 100}"
C:\github\5hr-conlang\riemann_analysis\rrlang\outputs\controls_paper_minimum_v0_3_nulls100\control_mesu_udhr_punctuation_noise_every5.json,controls_paper_minimum_v0_3_nulls100,,,,mesu,unknown,unknown,,,,,,,,,frequency_class,267,,,high_frequency,Token positions in frequency class high_frequency.,215,run_entropy,density_shuffle,2.248886195792,2.480226389655,0.1256561171,-1.841057954051,1.841057954051,0.089108910891,,"{""name"": ""run_entropy"", ""null_model"": ""density_shuffle"", ""observed"": 2.248886195792, ""null_mean"": 2.480226389655, ""null_std"": 0.1256561171, ""z_score"": -1.841057954051, ""empirical_p"": 0.089108910891, ""null_samples"": 100}"
C:\github\5hr-conlang\riemann_analysis\rrlang\outputs\controls_paper_minimum_v0_3_nulls100\control_mesu_udhr_duplicated_x4.json,controls_paper_minimum_v0_3_nulls100,,,,mesu,unknown,unknown,,,,,,,,,grapheme_class,2795,,,whitespace,Positions classified as whitespace in the grapheme-class stream.,583,prime_gap_affinity,markov_2,0.611683848797,0.645440188851,0.018382123201,-1.836367849572,1.836367849572,0.089108910891,False,"{""name"": ""prime_gap_affinity"", ""null_model"": ""markov_2"", ""observed"": 0.611683848797, ""null_mean"": 0.645440188851, ""null_std"": 0.018382123201, ""z_score"": -1.836367849572, ""empirical_p"": 0.089108910891, ""null_samples"": 100}"
C:\github\5hr-conlang\riemann_analysis\rrlang\outputs\controls_paper_minimum_v0_3_nulls100\control_mesu_udhr_duplicated_x4.json,controls_paper_minimum_v0_3_nulls100,,,,mesu,unknown,unknown,,,,,,,,,grapheme_class,2795,,,punctuation,Positions classified as punctuation in the grapheme-class stream.,372,critical_line_symmetry,markov_1,0.902655637767,0.815097920435,0.047689135329,1.836009747896,1.836009747896,0.108910891089,,"{""name"": ""critical_line_symmetry"", ""null_model"": ""markov_1"", ""observed"": 0.902655637767, ""null_mean"": 0.815097920435, ""null_std"": 0.047689135329, ""z_score"": 1.836009747896, ""empirical_p"": 0.108910891089, ""null_samples"": 100}"
C:\github\5hr-conlang\riemann_analysis\rrlang\outputs\controls_paper_minimum_v0_3_nulls100\control_mesu_udhr_duplicated_x4.json,controls_paper_minimum_v0_3_nulls100,,,,mesu,unknown,unknown,,,,,,,,,grapheme_class,2795,,,vowel,Positions classified as vowel in the grapheme-class stream.,868,zeta_spectral_coherence,markov_1,0.000128536157,0.00033639295,0.000114281567,-1.818812937712,1.818812937712,0.09900990099,,"{""name"": ""zeta_spectral_coherence"", ""null_model"": ""markov_1"", ""observed"": 0.000128536157, ""null_mean"": 0.00033639295, ""null_std"": 0.000114281567, ""z_score"": -1.818812937712, ""empirical_p"": 0.09900990099, ""null_samples"": 100}"
C:\github\5hr-conlang\riemann_analysis\rrlang\outputs\controls_paper_minimum_v0_3_nulls100\control_mesu_udhr_punctuation_noise_every5.json,controls_paper_minimum_v0_3_nulls100,,,,mesu,unknown,unknown,,,,,,,,,grapheme_class,891,,,consonant,Positions classified as consonant in the grapheme-class stream.,243,critical_line_symmetry,gap_order_shuffle,0.871022109614,0.920469132054,0.027273898643,-1.812979621605,1.812979621605,0.069306930693,,"{""name"": ""critical_line_symmetry"", ""null_model"": ""gap_order_shuffle"", ""observed"": 0.871022109614, ""null_mean"": 0.920469132054, ""null_std"": 0.027273898643, ""z_score"": -1.812979621605, ""empirical_p"": 0.069306930693, ""null_samples"": 100}"
C:\github\5hr-conlang\riemann_analysis\rrlang\outputs\controls_paper_minimum_v0_3_nulls100\control_mesu_udhr_duplicated_x4.json,controls_paper_minimum_v0_3_nulls100,,,,mesu,unknown,unknown,,,,,,,,,grapheme,2795,,,punctuation,Punctuation positions under the declared punctuation/hyphen policies.,372,critical_line_symmetry,markov_2,0.902655637767,0.816074122587,0.047901015451,1.80750897166,1.80750897166,0.089108910891,False,"{""name"": ""critical_line_symmetry"", ""null_model"": ""markov_2"", ""observed"": 0.902655637767, ""null_mean"": 0.816074122587, ""null_std"": 0.047901015451, ""z_score"": 1.80750897166, ""empirical_p"": 0.089108910891, ""null_samples"": 100}"
C:\github\5hr-conlang\riemann_analysis\rrlang\outputs\controls_paper_minimum_v0_3_nulls100\control_mesu_udhr_punctuation_noise_every5.json,controls_paper_minimum_v0_3_nulls100,,,,mesu,unknown,unknown,,,,,,,,,grapheme,891,,,consonant,Alphabetic non-vowel positions under the MVP classifier.,243,run_entropy,markov_2,1.6452479702,1.751077162942,0.058613655547,-1.805538176303,1.805538176303,0.059405940594,False,"{""name"": ""run_entropy"", ""null_model"": ""markov_2"", ""observed"": 1.6452479702, ""null_mean"": 1.751077162942, ""null_std"": 0.058613655547, ""z_score"": -1.805538176303, ""empirical_p"": 0.059405940594, ""null_samples"": 100}"
C:\github\5hr-conlang\riemann_analysis\rrlang\outputs\controls_paper_minimum_v0_3_nulls100\control_mesu_udhr_punctuation_noise_every5.json,controls_paper_minimum_v0_3_nulls100,,,,mesu,unknown,unknown,,,,,,,,,grapheme,891,,,vowel,Basic Latin-vowel positions plus common accented vowels.,217,critical_line_symmetry,density_shuffle,0.915976656599,0.829447687756,0.048050281617,1.800800451782,1.800800451782,0.069306930693,,"{""name"": ""critical_line_symmetry"", ""null_model"": ""density_shuffle"", ""observed"": 0.915976656599, ""null_mean"": 0.829447687756, ""null_std"": 0.048050281617, ""z_score"": 1.800800451782, ""empirical_p"": 0.069306930693, ""null_samples"": 100}"
C:\github\5hr-conlang\riemann_analysis\rrlang\outputs\controls_paper_minimum_v0_3_nulls100\control_mesu_udhr_punctuation_noise_every5.json,controls_paper_minimum_v0_3_nulls100,,,,mesu,unknown,unknown,,,,,,,,,grapheme,891,,,vowel,Basic Latin-vowel positions plus common accented vowels.,217,run_entropy,markov_2,1.924264566203,2.020358248985,0.053419055515,-1.798865252396,1.798865252396,0.079207920792,False,"{""name"": ""run_entropy"", ""null_model"": ""markov_2"", ""observed"": 1.924264566203, ""null_mean"": 2.020358248985, ""null_std"": 0.053419055515, ""z_score"": -1.798865252396, ""empirical_p"": 0.079207920792, ""null_samples"": 100}"
C:\github\5hr-conlang\riemann_analysis\rrlang\outputs\controls_paper_minimum_v0_3_nulls100\control_mesu_udhr_punctuation_noise_every5.json,controls_paper_minimum_v0_3_nulls100,,,,mesu,unknown,unknown,,,,,,,,,grapheme_class,891,,,whitespace,Positions classified as whitespace in the grapheme-class stream.,228,critical_line_symmetry,markov_1,0.790045878266,0.85480207369,0.036299824585,-1.783925849881,1.783925849881,0.079207920792,,"{""name"": ""critical_line_symmetry"", ""null_model"": ""markov_1"", ""observed"": 0.790045878266, ""null_mean"": 0.85480207369, ""null_std"": 0.036299824585, ""z_score"": -1.783925849881, ""empirical_p"": 0.079207920792, ""null_samples"": 100}"
C:\github\5hr-conlang\riemann_analysis\rrlang\outputs\controls_paper_minimum_v0_3_nulls100\control_mesu_udhr_punctuation_noise_every5.json,controls_paper_minimum_v0_3_nulls100,,,,mesu,unknown,unknown,,,,,,,,,grapheme_class,891,,,consonant,Positions classified as consonant in the grapheme-class stream.,243,zeta_spectral_coherence,density_shuffle,0.000708928886,0.001565255457,0.000480827455,-1.780943582664,1.780943582664,0.039603960396,,"{""name"": ""zeta_spectral_coherence"", ""null_model"": ""density_shuffle"", ""observed"": 0.000708928886, ""null_mean"": 0.001565255457, ""null_std"": 0.000480827455, ""z_score"": -1.780943582664, ""empirical_p"": 0.039603960396, ""null_samples"": 100}"
C:\github\5hr-conlang\riemann_analysis\rrlang\outputs\controls_paper_minimum_v0_3_nulls100\control_mesu_udhr_punctuation_noise_every5.json,controls_paper_minimum_v0_3_nulls100,,,,mesu,unknown,unknown,,,,,,,,,grapheme_class,891,,,vowel,Positions classified as vowel in the grapheme-class stream.,217,run_entropy,markov_2,1.924264566203,2.021987232818,0.055490766537,-1.761061753402,1.761061753402,0.09900990099,False,"{""name"": ""run_entropy"", ""null_model"": ""markov_2"", ""observed"": 1.924264566203, ""null_mean"": 2.021987232818, ""null_std"": 0.055490766537, ""z_score"": -1.761061753402, ""empirical_p"": 0.09900990099, ""null_samples"": 100}"
C:\github\5hr-conlang\riemann_analysis\rrlang\outputs\controls_paper_minimum_v0_3_nulls100\control_mesu_udhr_duplicated_x4.json,controls_paper_minimum_v0_3_nulls100,,,,mesu,unknown,unknown,,,,,,,,,grapheme,2795,,,punctuation,Punctuation positions under the declared punctuation/hyphen policies.,372,critical_line_symmetry,markov_1,0.902655637767,0.814973486044,0.049896976246,1.75726383282,1.75726383282,0.069306930693,,"{""name"": ""critical_line_symmetry"", ""null_model"": ""markov_1"", ""observed"": 0.902655637767, ""null_mean"": 0.814973486044, ""null_std"": 0.049896976246, ""z_score"": 1.75726383282, ""empirical_p"": 0.069306930693, ""null_samples"": 100}"
C:\github\5hr-conlang\riemann_analysis\rrlang\outputs\controls_paper_minimum_v0_3_nulls100\control_mesu_udhr_punctuation_noise_every5.json,controls_paper_minimum_v0_3_nulls100,,,,mesu,unknown,unknown,,,,,,,,,grapheme_class,891,,,vowel,Positions classified as vowel in the grapheme-class stream.,217,gap_entropy,markov_2,2.269483963627,2.451937131705,0.106746546147,-1.709218468077,1.709218468077,0.089108910891,False,"{""name"": ""gap_entropy"", ""null_model"": ""markov_2"", ""observed"": 2.269483963627, ""null_mean"": 2.451937131705, ""null_std"": 0.106746546147, ""z_score"": -1.709218468077, ""empirical_p"": 0.089108910891, ""null_samples"": 100}"
C:\github\5hr-conlang\riemann_analysis\rrlang\outputs\controls_paper_minimum_v0_3_nulls100\control_mesu_udhr_duplicated_x4.json,controls_paper_minimum_v0_3_nulls100,,,,mesu,unknown,unknown,,,,,,,,,grapheme_class,2795,,,whitespace,Positions classified as whitespace in the grapheme-class stream.,583,prime_gap_affinity,markov_1,0.611683848797,0.648260678028,0.021772933111,-1.679921995107,1.679921995107,0.138613861386,,"{""name"": ""prime_gap_affinity"", ""null_model"": ""markov_1"", ""observed"": 0.611683848797, ""null_mean"": 0.648260678028, ""null_std"": 0.021772933111, ""z_score"": -1.679921995107, ""empirical_p"": 0.138613861386, ""null_samples"": 100}"
C:\github\5hr-conlang\riemann_analysis\rrlang\outputs\controls_paper_minimum_v0_3_nulls100\control_mesu_udhr_punctuation_noise_every5.json,controls_paper_minimum_v0_3_nulls100,,,,mesu,unknown,unknown,,,,,,,,,grapheme,891,,,vowel,Basic Latin-vowel positions plus common accented vowels.,217,gap_entropy,markov_2,2.269483963627,2.446572362989,0.106485155587,-1.663033672489,1.663033672489,0.128712871287,False,"{""name"": ""gap_entropy"", ""null_model"": ""markov_2"", ""observed"": 2.269483963627, ""null_mean"": 2.446572362989, ""null_std"": 0.106485155587, ""z_score"": -1.663033672489, ""empirical_p"": 0.128712871287, ""null_samples"": 100}"
C:\github\5hr-conlang\riemann_analysis\rrlang\outputs\controls_paper_minimum_v0_3_nulls100\control_mesu_udhr_punctuation_noise_every5.json,controls_paper_minimum_v0_3_nulls100,,,,mesu,unknown,unknown,,,,,,,,,grapheme_class,891,,,whitespace,Positions classified as whitespace in the grapheme-class stream.,228,run_entropy,markov_2,1.781379052788,1.880047531861,0.059562840782,-1.656544210732,1.656544210732,0.118811881188,False,"{""name"": ""run_entropy"", ""null_model"": ""markov_2"", ""observed"": 1.781379052788, ""null_mean"": 1.880047531861, ""null_std"": 0.059562840782, ""z_score"": -1.656544210732, ""empirical_p"": 0.118811881188, ""null_samples"": 100}"
C:\github\5hr-conlang\riemann_analysis\rrlang\outputs\controls_paper_minimum_v0_3_nulls100\control_mesu_udhr_duplicated_x4.json,controls_paper_minimum_v0_3_nulls100,,,,mesu,unknown,unknown,,,,,,,,,grapheme,2795,,,vowel,Basic Latin-vowel positions plus common accented vowels.,868,critical_line_symmetry,markov_1,0.903242020524,0.842704139984,0.036875167755,1.641697766463,1.641697766463,0.09900990099,,"{""name"": ""critical_line_symmetry"", ""null_model"": ""markov_1"", ""observed"": 0.903242020524, ""null_mean"": 0.842704139984, ""null_std"": 0.036875167755, ""z_score"": 1.641697766463, ""empirical_p"": 0.09900990099, ""null_samples"": 100}"
C:\github\5hr-conlang\riemann_analysis\rrlang\outputs\controls_paper_minimum_v0_3_nulls100\control_mesu_udhr_punctuation_noise_every5.json,controls_paper_minimum_v0_3_nulls100,,,,mesu,unknown,unknown,,,,,,,,,grapheme,891,,,consonant,Alphabetic non-vowel positions under the MVP classifier.,243,zeta_spectral_coherence,density_shuffle,0.000708928886,0.001699690292,0.000606423698,-1.633777520227,1.633777520227,0.108910891089,,"{""name"": ""zeta_spectral_coherence"", ""null_model"": ""density_shuffle"", ""observed"": 0.000708928886, ""null_mean"": 0.001699690292, ""null_std"": 0.000606423698, ""z_score"": -1.633777520227, ""empirical_p"": 0.108910891089, ""null_samples"": 100}"
C:\github\5hr-conlang\riemann_analysis\rrlang\outputs\controls_paper_minimum_v0_3_nulls100\control_mesu_udhr_duplicated_x4.json,controls_paper_minimum_v0_3_nulls100,,,,mesu,unknown,unknown,,,,,,,,,grapheme_class,2795,,,consonant,Positions classified as consonant in the grapheme-class stream.,972,zeta_spectral_coherence,markov_1,0.0001316839,0.000359083833,0.000139245648,-1.633084666743,1.633084666743,0.089108910891,,"{""name"": ""zeta_spectral_coherence"", ""null_model"": ""markov_1"", ""observed"": 0.0001316839, ""null_mean"": 0.000359083833, ""null_std"": 0.000139245648, ""z_score"": -1.633084666743, ""empirical_p"": 0.089108910891, ""null_samples"": 100}"
C:\github\5hr-conlang\riemann_analysis\rrlang\outputs\controls_paper_minimum_v0_3_nulls100\control_mesu_udhr_duplicated_x4.json,controls_paper_minimum_v0_3_nulls100,,,,mesu,unknown,unknown,,,,,,,,,grapheme,2795,,,consonant,Alphabetic non-vowel positions under the MVP classifier.,972,zeta_spectral_coherence,markov_1,0.0001316839,0.000333485291,0.000124058143,-1.62666783119,1.62666783119,0.089108910891,,"{""name"": ""zeta_spectral_coherence"", ""null_model"": ""markov_1"", ""observed"": 0.0001316839, ""null_mean"": 0.000333485291, ""null_std"": 0.000124058143, ""z_score"": -1.62666783119, ""empirical_p"": 0.089108910891, ""null_samples"": 100}"
C:\github\5hr-conlang\riemann_analysis\rrlang\outputs\controls_paper_minimum_v0_3_nulls100\control_mesu_udhr_punctuation_noise_every5.json,controls_paper_minimum_v0_3_nulls100,,,,mesu,unknown,unknown,,,,,,,,,frequency_class,267,,,high_frequency,Token positions in frequency class high_frequency.,215,zeta_spectral_coherence,density_shuffle,0.005658561315,0.003616489081,0.001269064187,1.609116587584,1.609116587584,0.09900990099,,"{""name"": ""zeta_spectral_coherence"", ""null_model"": ""density_shuffle"", ""observed"": 0.005658561315, ""null_mean"": 0.003616489081, ""null_std"": 0.001269064187, ""z_score"": 1.609116587584, ""empirical_p"": 0.09900990099, ""null_samples"": 100}"
C:\github\5hr-conlang\riemann_analysis\rrlang\outputs\controls_paper_minimum_v0_3_nulls100\control_mesu_udhr_duplicated_x4.json,controls_paper_minimum_v0_3_nulls100,,,,mesu,unknown,unknown,,,,,,,,,grapheme_class,2795,,,vowel,Positions classified as vowel in the grapheme-class stream.,868,critical_line_symmetry,markov_1,0.903242020524,0.841787064156,0.038222132578,1.607836931721,1.607836931721,0.138613861386,,"{""name"": ""critical_line_symmetry"", ""null_model"": ""markov_1"", ""observed"": 0.903242020524, ""null_mean"": 0.841787064156, ""null_std"": 0.038222132578, ""z_score"": 1.607836931721, ""empirical_p"": 0.138613861386, ""null_samples"": 100}"
C:\github\5hr-conlang\riemann_analysis\rrlang\outputs\controls_paper_minimum_v0_3_nulls100\control_mesu_udhr_punctuation_noise_every5.json,controls_paper_minimum_v0_3_nulls100,,,,mesu,unknown,unknown,,,,,,,,,grapheme_class,891,,,whitespace,Positions classified as whitespace in the grapheme-class stream.,228,critical_line_symmetry,gap_order_shuffle,0.790045878266,0.843557121232,0.03361843045,-1.591723416297,1.591723416297,0.138613861386,,"{""name"": ""critical_line_symmetry"", ""null_model"": ""gap_order_shuffle"", ""observed"": 0.790045878266, ""null_mean"": 0.843557121232, ""null_std"": 0.03361843045, ""z_score"": -1.591723416297, ""empirical_p"": 0.138613861386, ""null_samples"": 100}"
C:\github\5hr-conlang\riemann_analysis\rrlang\outputs\controls_paper_minimum_v0_3_nulls100\control_mesu_udhr_punctuation_noise_every5.json,controls_paper_minimum_v0_3_nulls100,,,,mesu,unknown,unknown,,,,,,,,,grapheme,891,,,punctuation,Punctuation positions under the declared punctuation/hyphen policies.,203,run_entropy,markov_2,2.172881910922,2.281454087963,0.068609581501,-1.582463770589,1.582463770589,0.148514851485,False,"{""name"": ""run_entropy"", ""null_model"": ""markov_2"", ""observed"": 2.172881910922, ""null_mean"": 2.281454087963, ""null_std"": 0.068609581501, ""z_score"": -1.582463770589, ""empirical_p"": 0.148514851485, ""null_samples"": 100}"
C:\github\5hr-conlang\riemann_analysis\rrlang\outputs\controls_paper_minimum_v0_3_nulls100\control_mesu_udhr_punctuation_noise_every5.json,controls_paper_minimum_v0_3_nulls100,,,,mesu,unknown,unknown,,,,,,,,,word_boundary,891,,,word_boundary,Positions marked as word boundaries after declared whitespace preprocessing.,228,critical_line_symmetry,markov_1,0.790045878266,0.854306488305,0.040802667315,-1.574911991464,1.574911991464,0.09900990099,,"{""name"": ""critical_line_symmetry"", ""null_model"": ""markov_1"", ""observed"": 0.790045878266, ""null_mean"": 0.854306488305, ""null_std"": 0.040802667315, ""z_score"": -1.574911991464, ""empirical_p"": 0.09900990099, ""null_samples"": 100}"
C:\github\5hr-conlang\riemann_analysis\rrlang\outputs\controls_paper_minimum_v0_3_nulls100\control_mesu_udhr_punctuation_noise_every5.json,controls_paper_minimum_v0_3_nulls100,,,,mesu,unknown,unknown,,,,,,,,,grapheme,891,,,whitespace,Whitespace positions.,228,critical_line_symmetry,markov_1,0.790045878266,0.852245872052,0.039581791321,-1.571429480851,1.571429480851,0.118811881188,,"{""name"": ""critical_line_symmetry"", ""null_model"": ""markov_1"", ""observed"": 0.790045878266, ""null_mean"": 0.852245872052, ""null_std"": 0.039581791321, ""z_score"": -1.571429480851, ""empirical_p"": 0.118811881188, ""null_samples"": 100}"
C:\github\5hr-conlang\riemann_analysis\rrlang\outputs\controls_paper_minimum_v0_3_nulls100\control_mesu_udhr_duplicated_x4.json,controls_paper_minimum_v0_3_nulls100,,,,mesu,unknown,unknown,,,,,,,,,grapheme,2795,,,consonant,Alphabetic non-vowel positions under the MVP classifier.,972,prime_gap_affinity,markov_2,0.873326467559,0.85530427962,0.011699397692,1.540437244156,1.540437244156,0.118811881188,False,"{""name"": ""prime_gap_affinity"", ""null_model"": ""markov_2"", ""observed"": 0.873326467559, ""null_mean"": 0.85530427962, ""null_std"": 0.011699397692, ""z_score"": 1.540437244156, ""empirical_p"": 0.118811881188, ""null_samples"": 100}"
C:\github\5hr-conlang\riemann_analysis\rrlang\outputs\controls_paper_minimum_v0_3_nulls100\control_mesu_udhr_punctuation_noise_every5.json,controls_paper_minimum_v0_3_nulls100,,,,mesu,unknown,unknown,,,,,,,,,word_boundary,891,,,word_boundary,Positions marked as word boundaries after declared whitespace preprocessing.,228,critical_line_symmetry,gap_order_shuffle,0.790045878266,0.841252376935,0.033444779132,-1.531076000434,1.531076000434,0.138613861386,,"{""name"": ""critical_line_symmetry"", ""null_model"": ""gap_order_shuffle"", ""observed"": 0.790045878266, ""null_mean"": 0.841252376935, ""null_std"": 0.033444779132, ""z_score"": -1.531076000434, ""empirical_p"": 0.138613861386, ""null_samples"": 100}"
C:\github\5hr-conlang\riemann_analysis\rrlang\outputs\controls_paper_minimum_v0_3_nulls100\control_mesu_udhr_punctuation_noise_every5.json,controls_paper_minimum_v0_3_nulls100,,,,mesu,unknown,unknown,,,,,,,,,word_boundary,891,,,word_boundary,Positions marked as word boundaries after declared whitespace preprocessing.,228,run_entropy,markov_2,1.781379052788,1.876243848923,0.062402011172,-1.520220171633,1.520220171633,0.158415841584,False,"{""name"": ""run_entropy"", ""null_model"": ""markov_2"", ""observed"": 1.781379052788, ""null_mean"": 1.876243848923, ""null_std"": 0.062402011172, ""z_score"": -1.520220171633, ""empirical_p"": 0.158415841584, ""null_samples"": 100}"
C:\github\5hr-conlang\riemann_analysis\rrlang\outputs\controls_paper_minimum_v0_3_nulls100\control_mesu_udhr_punctuation_noise_every5.json,controls_paper_minimum_v0_3_nulls100,,,,mesu,unknown,unknown,,,,,,,,,grapheme_class,891,,,vowel,Positions classified as vowel in the grapheme-class stream.,217,critical_line_symmetry,markov_1,0.915976656599,0.848191972566,0.044626033351,1.518949342875,1.518949342875,0.128712871287,,"{""name"": ""critical_line_symmetry"", ""null_model"": ""markov_1"", ""observed"": 0.915976656599, ""null_mean"": 0.848191972566, ""null_std"": 0.044626033351, ""z_score"": 1.518949342875, ""empirical_p"": 0.128712871287, ""null_samples"": 100}"
C:\github\5hr-conlang\riemann_analysis\rrlang\outputs\controls_paper_minimum_v0_3_nulls100\control_mesu_udhr_punctuation_noise_every5.json,controls_paper_minimum_v0_3_nulls100,,,,mesu,unknown,unknown,,,,,,,,,grapheme_class,891,,,punctuation,Positions classified as punctuation in the grapheme-class stream.,203,zeta_spectral_coherence,density_shuffle,0.000595636716,0.001362159935,0.000508401725,-1.507711678487,1.507711678487,0.148514851485,,"{""name"": ""zeta_spectral_coherence"", ""null_model"": ""density_shuffle"", ""observed"": 0.000595636716, ""null_mean"": 0.001362159935, ""null_std"": 0.000508401725, ""z_score"": -1.507711678487, ""empirical_p"": 0.148514851485, ""null_samples"": 100}"
C:\github\5hr-conlang\riemann_analysis\rrlang\outputs\controls_paper_minimum_v0_3_nulls100\control_mesu_udhr_duplicated_x4.json,controls_paper_minimum_v0_3_nulls100,,,,mesu,unknown,unknown,,,,,,,,,grapheme_class,2795,,,whitespace,Positions classified as whitespace in the grapheme-class stream.,583,run_entropy,gap_order_shuffle,1.995922948618,1.995922948618,0.0,1.5,1.5,0.019801980198,,"{""name"": ""run_entropy"", ""null_model"": ""gap_order_shuffle"", ""observed"": 1.995922948618, ""null_mean"": 1.995922948618, ""null_std"": 0.0, ""z_score"": 1.5, ""empirical_p"": 0.019801980198, ""null_samples"": 100}"
C:\github\5hr-conlang\riemann_analysis\rrlang\outputs\controls_paper_minimum_v0_3_nulls100\control_mesu_udhr_punctuation_noise_every5.json,controls_paper_minimum_v0_3_nulls100,,,,mesu,unknown,unknown,,,,,,,,,grapheme_class,891,,,punctuation,Positions classified as punctuation in the grapheme-class stream.,203,critical_line_symmetry,density_shuffle,0.885800397088,0.825006925339,0.04070378957,1.493558029638,1.493558029638,0.138613861386,,"{""name"": ""critical_line_symmetry"", ""null_model"": ""density_shuffle"", ""observed"": 0.885800397088, ""null_mean"": 0.825006925339, ""null_std"": 0.04070378957, ""z_score"": 1.493558029638, ""empirical_p"": 0.138613861386, ""null_samples"": 100}"
C:\github\5hr-conlang\riemann_analysis\rrlang\outputs\controls_paper_minimum_v0_3_nulls100\control_mesu_udhr_punctuation_noise_every5.json,controls_paper_minimum_v0_3_nulls100,,,,mesu,unknown,unknown,,,,,,,,,grapheme_class,891,,,punctuation,Positions classified as punctuation in the grapheme-class stream.,203,run_entropy,markov_2,2.172881910922,2.278175288374,0.070839578653,-1.486363688969,1.486363688969,0.148514851485,False,"{""name"": ""run_entropy"", ""null_model"": ""markov_2"", ""observed"": 2.172881910922, ""null_mean"": 2.278175288374, ""null_std"": 0.070839578653, ""z_score"": -1.486363688969, ""empirical_p"": 0.148514851485, ""null_samples"": 100}"
C:\github\5hr-conlang\riemann_analysis\rrlang\outputs\controls_paper_minimum_v0_3_nulls100\control_mesu_udhr_duplicated_x4.json,controls_paper_minimum_v0_3_nulls100,,,,mesu,unknown,unknown,,,,,,,,,grapheme_class,2795,,,punctuation,Positions classified as punctuation in the grapheme-class stream.,372,critical_line_symmetry,markov_2,0.902655637767,0.822354165516,0.05406264386,1.485341198979,1.485341198979,0.19801980198,False,"{""name"": ""critical_line_symmetry"", ""null_model"": ""markov_2"", ""observed"": 0.902655637767, ""null_mean"": 0.822354165516, ""null_std"": 0.05406264386, ""z_score"": 1.485341198979, ""empirical_p"": 0.19801980198, ""null_samples"": 100}"
C:\github\5hr-conlang\riemann_analysis\rrlang\outputs\controls_paper_minimum_v0_3_nulls100\control_mesu_udhr_punctuation_noise_every5.json,controls_paper_minimum_v0_3_nulls100,,,,mesu,unknown,unknown,,,,,,,,,grapheme,891,,,consonant,Alphabetic non-vowel positions under the MVP classifier.,243,zeta_spectral_coherence,gap_order_shuffle,0.000708928886,0.001235506905,0.000354928587,-1.483616813459,1.483616813459,0.138613861386,,"{""name"": ""zeta_spectral_coherence"", ""null_model"": ""gap_order_shuffle"", ""observed"": 0.000708928886, ""null_mean"": 0.001235506905, ""null_std"": 0.000354928587, ""z_score"": -1.483616813459, ""empirical_p"": 0.138613861386, ""null_samples"": 100}"
C:\github\5hr-conlang\riemann_analysis\rrlang\outputs\controls_paper_minimum_v0_3_nulls100\control_mesu_udhr_punctuation_noise_every5.json,controls_paper_minimum_v0_3_nulls100,,,,mesu,unknown,unknown,,,,,,,,,grapheme,891,,,whitespace,Whitespace positions.,228,critical_line_symmetry,gap_order_shuffle,0.790045878266,0.837631094124,0.032296206889,-1.473399524017,1.473399524017,0.118811881188,,"{""name"": ""critical_line_symmetry"", ""null_model"": ""gap_order_shuffle"", ""observed"": 0.790045878266, ""null_mean"": 0.837631094124, ""null_std"": 0.032296206889, ""z_score"": -1.473399524017, ""empirical_p"": 0.118811881188, ""null_samples"": 100}"
C:\github\5hr-conlang\riemann_analysis\rrlang\outputs\controls_paper_minimum_v0_3_nulls100\control_mesu_udhr_duplicated_x4.json,controls_paper_minimum_v0_3_nulls100,,,,mesu,unknown,unknown,,,,,,,,,grapheme,2795,,,vowel,Basic Latin-vowel positions plus common accented vowels.,868,zeta_spectral_coherence,markov_2,0.000128536157,0.000260311131,8.9866952e-05,-1.466334067707,1.466334067707,0.118811881188,False,"{""name"": ""zeta_spectral_coherence"", ""null_model"": ""markov_2"", ""observed"": 0.000128536157, ""null_mean"": 0.000260311131, ""null_std"": 8.9866952e-05, ""z_score"": -1.466334067707, ""empirical_p"": 0.118811881188, ""null_samples"": 100}"
C:\github\5hr-conlang\riemann_analysis\rrlang\outputs\controls_paper_minimum_v0_3_nulls100\control_mesu_udhr_punctuation_noise_every5.json,controls_paper_minimum_v0_3_nulls100,,,,mesu,unknown,unknown,,,,,,,,,grapheme,891,,,vowel,Basic Latin-vowel positions plus common accented vowels.,217,critical_line_symmetry,markov_1,0.915976656599,0.853846591607,0.042464110699,1.463119419423,1.463119419423,0.158415841584,,"{""name"": ""critical_line_symmetry"", ""null_model"": ""markov_1"", ""observed"": 0.915976656599, ""null_mean"": 0.853846591607, ""null_std"": 0.042464110699, ""z_score"": 1.463119419423, ""empirical_p"": 0.158415841584, ""null_samples"": 100}"
C:\github\5hr-conlang\riemann_analysis\rrlang\outputs\controls_paper_minimum_v0_3_nulls100\control_mesu_udhr_punctuation_noise_every5.json,controls_paper_minimum_v0_3_nulls100,,,,mesu,unknown,unknown,,,,,,,,,grapheme,891,,,punctuation,Punctuation positions under the declared punctuation/hyphen policies.,203,zeta_spectral_coherence,density_shuffle,0.000595636716,0.001475995359,0.000608901342,-1.445814916029,1.445814916029,0.128712871287,,"{""name"": ""zeta_spectral_coherence"", ""null_model"": ""density_shuffle"", ""observed"": 0.000595636716, ""null_mean"": 0.001475995359, ""null_std"": 0.000608901342, ""z_score"": -1.445814916029, ""empirical_p"": 0.128712871287, ""null_samples"": 100}"
C:\github\5hr-conlang\riemann_analysis\rrlang\outputs\controls_paper_minimum_v0_3_nulls100\control_mesu_udhr_duplicated_x4.json,controls_paper_minimum_v0_3_nulls100,,,,mesu,unknown,unknown,,,,,,,,,grapheme_class,2795,,,consonant,Positions classified as consonant in the grapheme-class stream.,972,zeta_spectral_coherence,markov_2,0.0001316839,0.000297578057,0.000116605903,-1.422690897538,1.422690897538,0.138613861386,False,"{""name"": ""zeta_spectral_coherence"", ""null_model"": ""markov_2"", ""observed"": 0.0001316839, ""null_mean"": 0.000297578057, ""null_std"": 0.000116605903, ""z_score"": -1.422690897538, ""empirical_p"": 0.138613861386, ""null_samples"": 100}"
C:\github\5hr-conlang\riemann_analysis\rrlang\outputs\controls_paper_minimum_v0_3_nulls100\control_mesu_udhr_duplicated_x4.json,controls_paper_minimum_v0_3_nulls100,,,,mesu,unknown,unknown,,,,,,,,,grapheme_class,2795,,,vowel,Positions classified as vowel in the grapheme-class stream.,868,zeta_spectral_coherence,markov_2,0.000128536157,0.000259995822,9.3496048e-05,-1.406045152443,1.406045152443,0.148514851485,False,"{""name"": ""zeta_spectral_coherence"", ""null_model"": ""markov_2"", ""observed"": 0.000128536157, ""null_mean"": 0.000259995822, ""null_std"": 9.3496048e-05, ""z_score"": -1.406045152443, ""empirical_p"": 0.148514851485, ""null_samples"": 100}"
C:\github\5hr-conlang\riemann_analysis\rrlang\outputs\controls_paper_minimum_v0_3_nulls100\control_mesu_udhr_punctuation_noise_every5.json,controls_paper_minimum_v0_3_nulls100,,,,mesu,unknown,unknown,,,,,,,,,grapheme,891,,,vowel,Basic Latin-vowel positions plus common accented vowels.,217,prime_gap_affinity,markov_2,0.699074074074,0.652560822745,0.033273409994,1.397910563935,1.397910563935,0.158415841584,False,"{""name"": ""prime_gap_affinity"", ""null_model"": ""markov_2"", ""observed"": 0.699074074074, ""null_mean"": 0.652560822745, ""null_std"": 0.033273409994, ""z_score"": 1.397910563935, ""empirical_p"": 0.158415841584, ""null_samples"": 100}"
C:\github\5hr-conlang\riemann_analysis\rrlang\outputs\controls_paper_minimum_v0_3_nulls100\control_mesu_udhr_punctuation_noise_every5.json,controls_paper_minimum_v0_3_nulls100,,,,mesu,unknown,unknown,,,,,,,,,frequency_class,267,,,high_frequency,Token positions in frequency class high_frequency.,215,run_entropy,markov_1,2.248886195792,2.441045854373,0.140351718312,-1.369129362231,1.369129362231,0.178217821782,,"{""name"": ""run_entropy"", ""null_model"": ""markov_1"", ""observed"": 2.248886195792, ""null_mean"": 2.441045854373, ""null_std"": 0.140351718312, ""z_score"": -1.369129362231, ""empirical_p"": 0.178217821782, ""null_samples"": 100}"
C:\github\5hr-conlang\riemann_analysis\rrlang\outputs\controls_paper_minimum_v0_3_nulls100\control_random_bits_seed1337_len12000.json,controls_paper_minimum_v0_3_nulls100,,,,unknown,unknown,unknown,,,,,,,,,grapheme_class,12149,,,digit,Positions classified as digit in the grapheme-class stream.,12000,prime_gap_affinity,density_shuffle,0.012417701475,0.012253521127,0.000121642667,1.349693752503,1.349693752503,0.326732673267,,"{""name"": ""prime_gap_affinity"", ""null_model"": ""density_shuffle"", ""observed"": 0.012417701475, ""null_mean"": 0.012253521127, ""null_std"": 0.000121642667, ""z_score"": 1.349693752503, ""empirical_p"": 0.326732673267, ""null_samples"": 100}"
C:\github\5hr-conlang\riemann_analysis\rrlang\outputs\controls_paper_minimum_v0_3_nulls100\control_mesu_udhr_punctuation_noise_every5.json,controls_paper_minimum_v0_3_nulls100,,,,mesu,unknown,unknown,,,,,,,,,grapheme_class,891,,,vowel,Positions classified as vowel in the grapheme-class stream.,217,zeta_spectral_coherence,density_shuffle,0.000728160349,0.001416355997,0.000510791153,-1.34731317129,1.34731317129,0.168316831683,,"{""name"": ""zeta_spectral_coherence"", ""null_model"": ""density_shuffle"", ""observed"": 0.000728160349, ""null_mean"": 0.001416355997, ""null_std"": 0.000510791153, ""z_score"": -1.34731317129, ""empirical_p"": 0.168316831683, ""null_samples"": 100}"
C:\github\5hr-conlang\riemann_analysis\rrlang\outputs\controls_paper_minimum_v0_3_nulls100\control_mesu_udhr_duplicated_x4.json,controls_paper_minimum_v0_3_nulls100,,,,mesu,unknown,unknown,,,,,,,,,grapheme,2795,,,consonant,Alphabetic non-vowel positions under the MVP classifier.,972,prime_index_occupancy_bias,markov_2,-0.03486232476,0.004534969593,0.029247180025,-1.347045914186,1.347045914186,0.207920792079,False,"{""name"": ""prime_index_occupancy_bias"", ""null_model"": ""markov_2"", ""observed"": -0.03486232476, ""null_mean"": 0.004534969593, ""null_std"": 0.029247180025, ""z_score"": -1.347045914186, ""empirical_p"": 0.207920792079, ""null_samples"": 100}"
C:\github\5hr-conlang\riemann_analysis\rrlang\outputs\controls_paper_minimum_v0_3_nulls100\control_mesu_udhr_duplicated_x4.json,controls_paper_minimum_v0_3_nulls100,,,,mesu,unknown,unknown,,,,,,,,,grapheme_class,2795,,,consonant,Positions classified as consonant in the grapheme-class stream.,972,gap_entropy,markov_2,1.731321079846,1.778572138252,0.035168131137,-1.343576041097,1.343576041097,0.217821782178,False,"{""name"": ""gap_entropy"", ""null_model"": ""markov_2"", ""observed"": 1.731321079846, ""null_mean"": 1.778572138252, ""null_std"": 0.035168131137, ""z_score"": -1.343576041097, ""empirical_p"": 0.217821782178, ""null_samples"": 100}"
C:\github\5hr-conlang\riemann_analysis\rrlang\outputs\controls_paper_minimum_v0_3_nulls100\control_mesu_udhr_punctuation_noise_every5.json,controls_paper_minimum_v0_3_nulls100,,,,mesu,unknown,unknown,,,,,,,,,grapheme_class,891,,,vowel,Positions classified as vowel in the grapheme-class stream.,217,prime_gap_affinity,markov_2,0.699074074074,0.654342678901,0.03329517007,1.343480002647,1.343480002647,0.188118811881,False,"{""name"": ""prime_gap_affinity"", ""null_model"": ""markov_2"", ""observed"": 0.699074074074, ""null_mean"": 0.654342678901, ""null_std"": 0.03329517007, ""z_score"": 1.343480002647, ""empirical_p"": 0.188118811881, ""null_samples"": 100}"
C:\github\5hr-conlang\riemann_analysis\rrlang\outputs\controls_paper_minimum_v0_3_nulls100\control_random_bits_seed1337_len12000.json,controls_paper_minimum_v0_3_nulls100,,,,unknown,unknown,unknown,,,,,,,,,grapheme,12149,,,digit,ASCII digit positions.,12000,prime_gap_affinity,density_shuffle,0.012417701475,0.012281023419,0.000102255993,1.336626368253,1.336626368253,0.227722772277,,"{""name"": ""prime_gap_affinity"", ""null_model"": ""density_shuffle"", ""observed"": 0.012417701475, ""null_mean"": 0.012281023419, ""null_std"": 0.000102255993, ""z_score"": 1.336626368253, ""empirical_p"": 0.227722772277, ""null_samples"": 100}"
C:\github\5hr-conlang\riemann_analysis\rrlang\outputs\controls_paper_minimum_v0_3_nulls100\control_mesu_udhr_punctuation_noise_every5.json,controls_paper_minimum_v0_3_nulls100,,,,mesu,unknown,unknown,,,,,,,,,grapheme_class,891,,,punctuation,Positions classified as punctuation in the grapheme-class stream.,203,zeta_spectral_coherence,markov_1,0.000595636716,0.001199843046,0.000453798572,-1.331441672002,1.331441672002,0.188118811881,,"{""name"": ""zeta_spectral_coherence"", ""null_model"": ""markov_1"", ""observed"": 0.000595636716, ""null_mean"": 0.001199843046, ""null_std"": 0.000453798572, ""z_score"": -1.331441672002, ""empirical_p"": 0.188118811881, ""null_samples"": 100}"
C:\github\5hr-conlang\riemann_analysis\rrlang\outputs\controls_paper_minimum_v0_3_nulls100\control_mesu_udhr_punctuation_noise_every5.json,controls_paper_minimum_v0_3_nulls100,,,,mesu,unknown,unknown,,,,,,,,,grapheme_class,891,,,punctuation,Positions classified as punctuation in the grapheme-class stream.,203,run_entropy,gap_order_shuffle,2.172881910922,2.170896874211,0.001493397462,1.32920857396,1.32920857396,0.287128712871,,"{""name"": ""run_entropy"", ""null_model"": ""gap_order_shuffle"", ""observed"": 2.172881910922, ""null_mean"": 2.170896874211, ""null_std"": 0.001493397462, ""z_score"": 1.32920857396, ""empirical_p"": 0.287128712871, ""null_samples"": 100}"
C:\github\5hr-conlang\riemann_analysis\rrlang\outputs\controls_paper_minimum_v0_3_nulls100\control_mesu_udhr_punctuation_noise_every5.json,controls_paper_minimum_v0_3_nulls100,,,,mesu,unknown,unknown,,,,,,,,,frequency_class,267,,,high_frequency,Token positions in frequency class high_frequency.,215,zeta_spectral_coherence,markov_1,0.005658561315,0.00348508994,0.001641771923,1.32385707421,1.32385707421,0.168316831683,,"{""name"": ""zeta_spectral_coherence"", ""null_model"": ""markov_1"", ""observed"": 0.005658561315, ""null_mean"": 0.00348508994, ""null_std"": 0.001641771923, ""z_score"": 1.32385707421, ""empirical_p"": 0.168316831683, ""null_samples"": 100}"
C:\github\5hr-conlang\riemann_analysis\rrlang\outputs\controls_paper_minimum_v0_3_nulls100\control_mesu_udhr_punctuation_noise_every5.json,controls_paper_minimum_v0_3_nulls100,,,,mesu,unknown,unknown,,,,,,,,,grapheme_class,891,,,consonant,Positions classified as consonant in the grapheme-class stream.,243,zeta_spectral_coherence,gap_order_shuffle,0.000708928886,0.001168865971,0.000350119193,-1.31365858879,1.31365858879,0.178217821782,,"{""name"": ""zeta_spectral_coherence"", ""null_model"": ""gap_order_shuffle"", ""observed"": 0.000708928886, ""null_mean"": 0.001168865971, ""null_std"": 0.000350119193, ""z_score"": -1.31365858879, ""empirical_p"": 0.178217821782, ""null_samples"": 100}"
C:\github\5hr-conlang\riemann_analysis\rrlang\outputs\controls_paper_minimum_v0_3_nulls100\control_mesu_udhr_duplicated_x4.json,controls_paper_minimum_v0_3_nulls100,,,,mesu,unknown,unknown,,,,,,,,,grapheme,2795,,,consonant,Alphabetic non-vowel positions under the MVP classifier.,972,critical_line_symmetry,markov_2,0.822043838848,0.873429671443,0.03913979913,-1.312879313062,1.312879313062,0.168316831683,False,"{""name"": ""critical_line_symmetry"", ""null_model"": ""markov_2"", ""observed"": 0.822043838848, ""null_mean"": 0.873429671443, ""null_std"": 0.03913979913, ""z_score"": -1.312879313062, ""empirical_p"": 0.168316831683, ""null_samples"": 100}"
C:\github\5hr-conlang\riemann_analysis\rrlang\outputs\controls_paper_minimum_v0_3_nulls100\control_mesu_udhr_punctuation_noise_every5.json,controls_paper_minimum_v0_3_nulls100,,,,mesu,unknown,unknown,,,,,,,,,grapheme,891,,,punctuation,Punctuation positions under the declared punctuation/hyphen policies.,203,zeta_spectral_coherence,markov_1,0.000595636716,0.001116885311,0.000399908367,-1.303420075986,1.303420075986,0.178217821782,,"{""name"": ""zeta_spectral_coherence"", ""null_model"": ""markov_1"", ""observed"": 0.000595636716, ""null_mean"": 0.001116885311, ""null_std"": 0.000399908367, ""z_score"": -1.303420075986, ""empirical_p"": 0.178217821782, ""null_samples"": 100}"
C:\github\5hr-conlang\riemann_analysis\rrlang\outputs\controls_paper_minimum_v0_3_nulls100\control_mesu_udhr_punctuation_noise_every5.json,controls_paper_minimum_v0_3_nulls100,,,,mesu,unknown,unknown,,,,,,,,,frequency_class,267,,,mid_frequency,Token positions in frequency class mid_frequency.,45,zeta_spectral_coherence,markov_1,0.004761545689,0.002928341493,0.001410964896,1.299255708521,1.299255708521,0.168316831683,,"{""name"": ""zeta_spectral_coherence"", ""null_model"": ""markov_1"", ""observed"": 0.004761545689, ""null_mean"": 0.002928341493, ""null_std"": 0.001410964896, ""z_score"": 1.299255708521, ""empirical_p"": 0.168316831683, ""null_samples"": 100}"
C:\github\5hr-conlang\riemann_analysis\rrlang\outputs\controls_paper_minimum_v0_3_nulls100\control_mesu_udhr_punctuation_noise_every5.json,controls_paper_minimum_v0_3_nulls100,,,,mesu,unknown,unknown,,,,,,,,,word_boundary,891,,,word_boundary,Positions marked as word boundaries after declared whitespace preprocessing.,228,gap_entropy,gap_order_shuffle,2.349555336212,2.349555336212,0.0,-1.297123314072,1.297123314072,0.029702970297,,"{""name"": ""gap_entropy"", ""null_model"": ""gap_order_shuffle"", ""observed"": 2.349555336212, ""null_mean"": 2.349555336212, ""null_std"": 0.0, ""z_score"": -1.297123314072, ""empirical_p"": 0.029702970297, ""null_samples"": 100}"
C:\github\5hr-conlang\riemann_analysis\rrlang\outputs\controls_paper_minimum_v0_3_nulls100\control_mesu_udhr_duplicated_x4.json,controls_paper_minimum_v0_3_nulls100,,,,mesu,unknown,unknown,,,,,,,,,grapheme,2795,,,punctuation,Punctuation positions under the declared punctuation/hyphen policies.,372,zeta_spectral_coherence,gap_order_shuffle,0.000164532385,0.000260062073,7.4080334e-05,-1.289541813899,1.289541813899,0.237623762376,,"{""name"": ""zeta_spectral_coherence"", ""null_model"": ""gap_order_shuffle"", ""observed"": 0.000164532385, ""null_mean"": 0.000260062073, ""null_std"": 7.4080334e-05, ""z_score"": -1.289541813899, ""empirical_p"": 0.237623762376, ""null_samples"": 100}"
C:\github\5hr-conlang\riemann_analysis\rrlang\outputs\controls_paper_minimum_v0_3_nulls100\control_mesu_udhr_duplicated_x4.json,controls_paper_minimum_v0_3_nulls100,,,,mesu,unknown,unknown,,,,,,,,,grapheme,2795,,,consonant,Alphabetic non-vowel positions under the MVP classifier.,972,prime_index_occupancy_bias,markov_1,-0.03486232476,-0.001519007187,0.025927374298,-1.286027547187,1.286027547187,0.237623762376,,"{""name"": ""prime_index_occupancy_bias"", ""null_model"": ""markov_1"", ""observed"": -0.03486232476, ""null_mean"": -0.001519007187, ""null_std"": 0.025927374298, ""z_score"": -1.286027547187, ""empirical_p"": 0.237623762376, ""null_samples"": 100}"
C:\github\5hr-conlang\riemann_analysis\rrlang\outputs\controls_paper_minimum_v0_3_nulls100\control_random_bits_seed1337_len12000.json,controls_paper_minimum_v0_3_nulls100,,,,unknown,unknown,unknown,,,,,,,,,grapheme,12149,,,whitespace,Whitespace positions.,149,zeta_spectral_coherence,density_shuffle,5.26858e-07,8.135431e-06,5.977771e-06,-1.272811211191,1.272811211191,0.09900990099,,"{""name"": ""zeta_spectral_coherence"", ""null_model"": ""density_shuffle"", ""observed"": 5.26858e-07, ""null_mean"": 8.135431e-06, ""null_std"": 5.977771e-06, ""z_score"": -1.272811211191, ""empirical_p"": 0.09900990099, ""null_samples"": 100}"
C:\github\5hr-conlang\riemann_analysis\rrlang\outputs\controls_paper_minimum_v0_3_nulls100\control_mesu_udhr_punctuation_noise_every5.json,controls_paper_minimum_v0_3_nulls100,,,,mesu,unknown,unknown,,,,,,,,,grapheme,891,,,punctuation,Punctuation positions under the declared punctuation/hyphen policies.,203,critical_line_symmetry,markov_1,0.885800397088,0.83691890599,0.038579680933,1.26702683682,1.26702683682,0.237623762376,,"{""name"": ""critical_line_symmetry"", ""null_model"": ""markov_1"", ""observed"": 0.885800397088, ""null_mean"": 0.83691890599, ""null_std"": 0.038579680933, ""z_score"": 1.26702683682, ""empirical_p"": 0.237623762376, ""null_samples"": 100}"
C:\github\5hr-conlang\riemann_analysis\rrlang\outputs\controls_paper_minimum_v0_3_nulls100\control_mesu_udhr_punctuation_noise_every5.json,controls_paper_minimum_v0_3_nulls100,,,,mesu,unknown,unknown,,,,,,,,,grapheme,891,,,vowel,Basic Latin-vowel positions plus common accented vowels.,217,zeta_spectral_coherence,density_shuffle,0.000728160349,0.001457482828,0.00057875471,-1.260158174645,1.260158174645,0.217821782178,,"{""name"": ""zeta_spectral_coherence"", ""null_model"": ""density_shuffle"", ""observed"": 0.000728160349, ""null_mean"": 0.001457482828, ""null_std"": 0.00057875471, ""z_score"": -1.260158174645, ""empirical_p"": 0.217821782178, ""null_samples"": 100}"
C:\github\5hr-conlang\riemann_analysis\rrlang\outputs\controls_paper_minimum_v0_3_nulls100\control_random_bits_seed1337_len12000.json,controls_paper_minimum_v0_3_nulls100,,,,unknown,unknown,unknown,,,,,,,,,grapheme_class,12149,,,digit,Positions classified as digit in the grapheme-class stream.,12000,zeta_spectral_coherence,density_shuffle,5.26858e-07,8.800879e-06,6.593077e-06,-1.254955945629,1.254955945629,0.108910891089,,"{""name"": ""zeta_spectral_coherence"", ""null_model"": ""density_shuffle"", ""observed"": 5.26858e-07, ""null_mean"": 8.800879e-06, ""null_std"": 6.593077e-06, ""z_score"": -1.254955945629, ""empirical_p"": 0.108910891089, ""null_samples"": 100}"
C:\github\5hr-conlang\riemann_analysis\rrlang\outputs\controls_paper_minimum_v0_3_nulls100\control_mesu_udhr_punctuation_noise_every5.json,controls_paper_minimum_v0_3_nulls100,,,,mesu,unknown,unknown,,,,,,,,,grapheme,891,,,punctuation,Punctuation positions under the declared punctuation/hyphen policies.,203,critical_line_symmetry,density_shuffle,0.885800397088,0.832236834838,0.042913724827,1.248168562994,1.248168562994,0.19801980198,,"{""name"": ""critical_line_symmetry"", ""null_model"": ""density_shuffle"", ""observed"": 0.885800397088, ""null_mean"": 0.832236834838, ""null_std"": 0.042913724827, ""z_score"": 1.248168562994, ""empirical_p"": 0.19801980198, ""null_samples"": 100}"
C:\github\5hr-conlang\riemann_analysis\rrlang\outputs\controls_paper_minimum_v0_3_nulls100\control_random_bits_seed1337_len12000.json,controls_paper_minimum_v0_3_nulls100,,,,unknown,unknown,unknown,,,,,,,,,grapheme_class,12149,,,whitespace,Positions classified as whitespace in the grapheme-class stream.,149,zeta_spectral_coherence,markov_2,5.26858e-07,8.310501e-06,6.328521e-06,-1.229930836954,1.229930836954,0.089108910891,False,"{""name"": ""zeta_spectral_coherence"", ""null_model"": ""markov_2"", ""observed"": 5.26858e-07, ""null_mean"": 8.310501e-06, ""null_std"": 6.328521e-06, ""z_score"": -1.229930836954, ""empirical_p"": 0.089108910891, ""null_samples"": 100}"
C:\github\5hr-conlang\riemann_analysis\rrlang\outputs\controls_paper_minimum_v0_3_nulls100\control_random_bits_seed1337_len12000.json,controls_paper_minimum_v0_3_nulls100,,,,unknown,unknown,unknown,,,,,,,,,word_boundary,12149,,,word_boundary,Positions marked as word boundaries after declared whitespace preprocessing.,149,zeta_spectral_coherence,density_shuffle,5.26858e-07,8.411165e-06,6.45275e-06,-1.221852153746,1.221852153746,0.089108910891,,"{""name"": ""zeta_spectral_coherence"", ""null_model"": ""density_shuffle"", ""observed"": 5.26858e-07, ""null_mean"": 8.411165e-06, ""null_std"": 6.45275e-06, ""z_score"": -1.221852153746, ""empirical_p"": 0.089108910891, ""null_samples"": 100}"
C:\github\5hr-conlang\riemann_analysis\rrlang\outputs\controls_paper_minimum_v0_3_nulls100\control_random_bits_seed1337_len12000.json,controls_paper_minimum_v0_3_nulls100,,,,unknown,unknown,unknown,,,,,,,,,word_boundary,12149,,,word_boundary,Positions marked as word boundaries after declared whitespace preprocessing.,149,zeta_spectral_coherence,markov_2,5.26858e-07,8.150263e-06,6.245771e-06,-1.220570593965,1.220570593965,0.09900990099,False,"{""name"": ""zeta_spectral_coherence"", ""null_model"": ""markov_2"", ""observed"": 5.26858e-07, ""null_mean"": 8.150263e-06, ""null_std"": 6.245771e-06, ""z_score"": -1.220570593965, ""empirical_p"": 0.09900990099, ""null_samples"": 100}"
C:\github\5hr-conlang\riemann_analysis\rrlang\outputs\controls_paper_minimum_v0_3_nulls100\control_mesu_udhr_duplicated_x4.json,controls_paper_minimum_v0_3_nulls100,,,,mesu,unknown,unknown,,,,,,,,,grapheme_class,2795,,,consonant,Positions classified as consonant in the grapheme-class stream.,972,critical_line_symmetry,markov_2,0.822043838848,0.869582506486,0.039377114709,-1.207266403079,1.207266403079,0.217821782178,False,"{""name"": ""critical_line_symmetry"", ""null_model"": ""markov_2"", ""observed"": 0.822043838848, ""null_mean"": 0.869582506486, ""null_std"": 0.039377114709, ""z_score"": -1.207266403079, ""empirical_p"": 0.217821782178, ""null_samples"": 100}"
C:\github\5hr-conlang\riemann_analysis\rrlang\outputs\controls_paper_minimum_v0_3_nulls100\control_mesu_udhr_duplicated_x4.json,controls_paper_minimum_v0_3_nulls100,,,,mesu,unknown,unknown,,,,,,,,,grapheme_class,2795,,,consonant,Positions classified as consonant in the grapheme-class stream.,972,prime_index_occupancy_bias,density_shuffle,-0.03486232476,-0.0006889538,0.028344754854,-1.205632969327,1.205632969327,0.207920792079,,"{""name"": ""prime_index_occupancy_bias"", ""null_model"": ""density_shuffle"", ""observed"": -0.03486232476, ""null_mean"": -0.0006889538, ""null_std"": 0.028344754854, ""z_score"": -1.205632969327, ""empirical_p"": 0.207920792079, ""null_samples"": 100}"
C:\github\5hr-conlang\riemann_analysis\rrlang\outputs\controls_paper_minimum_v0_3_nulls100\control_mesu_udhr_duplicated_x4.json,controls_paper_minimum_v0_3_nulls100,,,,mesu,unknown,unknown,,,,,,,,,grapheme_class,2795,,,consonant,Positions classified as consonant in the grapheme-class stream.,972,prime_index_occupancy_bias,markov_2,-0.03486232476,-0.001615549009,0.027696378757,-1.200401541383,1.200401541383,0.217821782178,False,"{""name"": ""prime_index_occupancy_bias"", ""null_model"": ""markov_2"", ""observed"": -0.03486232476, ""null_mean"": -0.001615549009, ""null_std"": 0.027696378757, ""z_score"": -1.200401541383, ""empirical_p"": 0.217821782178, ""null_samples"": 100}"
C:\github\5hr-conlang\riemann_analysis\rrlang\outputs\controls_paper_minimum_v0_3_nulls100\control_mesu_udhr_duplicated_x4.json,controls_paper_minimum_v0_3_nulls100,,,,mesu,unknown,unknown,,,,,,,,,grapheme,2795,,,consonant,Alphabetic non-vowel positions under the MVP classifier.,972,prime_index_occupancy_bias,gap_order_shuffle,-0.03486232476,-0.001606183627,0.027739610427,-1.198868355433,1.198868355433,0.257425742574,,"{""name"": ""prime_index_occupancy_bias"", ""null_model"": ""gap_order_shuffle"", ""observed"": -0.03486232476, ""null_mean"": -0.001606183627, ""null_std"": 0.027739610427, ""z_score"": -1.198868355433, ""empirical_p"": 0.257425742574, ""null_samples"": 100}"
C:\github\5hr-conlang\riemann_analysis\rrlang\outputs\controls_paper_minimum_v0_3_nulls100\control_mesu_udhr_duplicated_x4.json,controls_paper_minimum_v0_3_nulls100,,,,mesu,unknown,unknown,,,,,,,,,grapheme_class,2795,,,punctuation,Positions classified as punctuation in the grapheme-class stream.,372,zeta_spectral_coherence,gap_order_shuffle,0.000164532385,0.000266782609,8.6290431e-05,-1.18495437428,1.18495437428,0.267326732673,,"{""name"": ""zeta_spectral_coherence"", ""null_model"": ""gap_order_shuffle"", ""observed"": 0.000164532385, ""null_mean"": 0.000266782609, ""null_std"": 8.6290431e-05, ""z_score"": -1.18495437428, ""empirical_p"": 0.267326732673, ""null_samples"": 100}"
C:\github\5hr-conlang\riemann_analysis\rrlang\outputs\controls_paper_minimum_v0_3_nulls100\control_mesu_udhr_duplicated_x4.json,controls_paper_minimum_v0_3_nulls100,,,,mesu,unknown,unknown,,,,,,,,,grapheme_class,2795,,,consonant,Positions classified as consonant in the grapheme-class stream.,972,prime_index_occupancy_bias,markov_1,-0.03486232476,-0.000406362684,0.029777402061,-1.157117803826,1.157117803826,0.247524752475,,"{""name"": ""prime_index_occupancy_bias"", ""null_model"": ""markov_1"", ""observed"": -0.03486232476, ""null_mean"": -0.000406362684, ""null_std"": 0.029777402061, ""z_score"": -1.157117803826, ""empirical_p"": 0.247524752475, ""null_samples"": 100}"
C:\github\5hr-conlang\riemann_analysis\rrlang\outputs\controls_paper_minimum_v0_3_nulls100\control_mesu_udhr_punctuation_noise_every5.json,controls_paper_minimum_v0_3_nulls100,,,,mesu,unknown,unknown,,,,,,,,,grapheme,891,,,punctuation,Punctuation positions under the declared punctuation/hyphen policies.,203,critical_line_symmetry,gap_order_shuffle,0.885800397088,0.843742801967,0.036946235391,1.138345887649,1.138345887649,0.267326732673,,"{""name"": ""critical_line_symmetry"", ""null_model"": ""gap_order_shuffle"", ""observed"": 0.885800397088, ""null_mean"": 0.843742801967, ""null_std"": 0.036946235391, ""z_score"": 1.138345887649, ""empirical_p"": 0.267326732673, ""null_samples"": 100}"
C:\github\5hr-conlang\riemann_analysis\rrlang\outputs\controls_paper_minimum_v0_3_nulls100\control_mesu_udhr_duplicated_x4.json,controls_paper_minimum_v0_3_nulls100,,,,mesu,unknown,unknown,,,,,,,,,grapheme,2795,,,consonant,Alphabetic non-vowel positions under the MVP classifier.,972,gap_entropy,markov_2,1.731321079846,1.773093514917,0.036896298321,-1.132157884984,1.132157884984,0.247524752475,False,"{""name"": ""gap_entropy"", ""null_model"": ""markov_2"", ""observed"": 1.731321079846, ""null_mean"": 1.773093514917, ""null_std"": 0.036896298321, ""z_score"": -1.132157884984, ""empirical_p"": 0.247524752475, ""null_samples"": 100}"
C:\github\5hr-conlang\riemann_analysis\rrlang\outputs\controls_paper_minimum_v0_3_nulls100\control_mesu_udhr_punctuation_noise_every5.json,controls_paper_minimum_v0_3_nulls100,,,,mesu,unknown,unknown,,,,,,,,,grapheme,891,,,punctuation,Punctuation positions under the declared punctuation/hyphen policies.,203,run_entropy,gap_order_shuffle,2.172881910922,2.17089609722,0.001771555636,1.120943459021,1.120943459021,0.306930693069,,"{""name"": ""run_entropy"", ""null_model"": ""gap_order_shuffle"", ""observed"": 2.172881910922, ""null_mean"": 2.17089609722, ""null_std"": 0.001771555636, ""z_score"": 1.120943459021, ""empirical_p"": 0.306930693069, ""null_samples"": 100}"
C:\github\5hr-conlang\riemann_analysis\rrlang\outputs\controls_paper_minimum_v0_3_nulls100\control_mesu_udhr_punctuation_noise_every5.json,controls_paper_minimum_v0_3_nulls100,,,,mesu,unknown,unknown,,,,,,,,,grapheme_class,891,,,vowel,Positions classified as vowel in the grapheme-class stream.,217,run_entropy,markov_1,1.924264566203,1.855322723776,0.061612363723,1.118961167231,1.118961167231,0.306930693069,,"{""name"": ""run_entropy"", ""null_model"": ""markov_1"", ""observed"": 1.924264566203, ""null_mean"": 1.855322723776, ""null_std"": 0.061612363723, ""z_score"": 1.118961167231, ""empirical_p"": 0.306930693069, ""null_samples"": 100}"
C:\github\5hr-conlang\riemann_analysis\rrlang\outputs\controls_paper_minimum_v0_3_nulls100\control_mesu_udhr_punctuation_noise_every5.json,controls_paper_minimum_v0_3_nulls100,,,,mesu,unknown,unknown,,,,,,,,,grapheme,891,,,punctuation,Punctuation positions under the declared punctuation/hyphen policies.,203,zeta_spectral_coherence,markov_2,0.000595636716,0.001071800605,0.000426272581,-1.117040856102,1.117040856102,0.247524752475,False,"{""name"": ""zeta_spectral_coherence"", ""null_model"": ""markov_2"", ""observed"": 0.000595636716, ""null_mean"": 0.001071800605, ""null_std"": 0.000426272581, ""z_score"": -1.117040856102, ""empirical_p"": 0.247524752475, ""null_samples"": 100}"
C:\github\5hr-conlang\riemann_analysis\rrlang\outputs\controls_paper_minimum_v0_3_nulls100\control_mesu_udhr_duplicated_x4.json,controls_paper_minimum_v0_3_nulls100,,,,mesu,unknown,unknown,,,,,,,,,grapheme,2795,,,consonant,Alphabetic non-vowel positions under the MVP classifier.,972,prime_index_occupancy_bias,density_shuffle,-0.03486232476,-0.00261139441,0.028872097586,-1.117027616488,1.117027616488,0.247524752475,,"{""name"": ""prime_index_occupancy_bias"", ""null_model"": ""density_shuffle"", ""observed"": -0.03486232476, ""null_mean"": -0.00261139441, ""null_std"": 0.028872097586, ""z_score"": -1.117027616488, ""empirical_p"": 0.247524752475, ""null_samples"": 100}"
C:\github\5hr-conlang\riemann_analysis\rrlang\outputs\controls_paper_minimum_v0_3_nulls100\control_random_bits_seed1337_len12000.json,controls_paper_minimum_v0_3_nulls100,,,,unknown,unknown,unknown,,,,,,,,,grapheme_class,12149,,,digit,Positions classified as digit in the grapheme-class stream.,12000,zeta_spectral_coherence,gap_order_shuffle,5.26858e-07,7.868483e-06,6.656268e-06,-1.102964137765,1.102964137765,0.069306930693,,"{""name"": ""zeta_spectral_coherence"", ""null_model"": ""gap_order_shuffle"", ""observed"": 5.26858e-07, ""null_mean"": 7.868483e-06, ""null_std"": 6.656268e-06, ""z_score"": -1.102964137765, ""empirical_p"": 0.069306930693, ""null_samples"": 100}"
C:\github\5hr-conlang\riemann_analysis\rrlang\outputs\controls_paper_minimum_v0_3_nulls100\control_mesu_udhr_duplicated_x4.json,controls_paper_minimum_v0_3_nulls100,,,,mesu,unknown,unknown,,,,,,,,,grapheme,2795,,,punctuation,Punctuation positions under the declared punctuation/hyphen policies.,372,zeta_spectral_coherence,density_shuffle,0.000164532385,0.000348855048,0.000167397672,-1.101106491098,1.101106491098,0.168316831683,,"{""name"": ""zeta_spectral_coherence"", ""null_model"": ""density_shuffle"", ""observed"": 0.000164532385, ""null_mean"": 0.000348855048, ""null_std"": 0.000167397672, ""z_score"": -1.101106491098, ""empirical_p"": 0.168316831683, ""null_samples"": 100}"
C:\github\5hr-conlang\riemann_analysis\rrlang\outputs\controls_paper_minimum_v0_3_nulls100\control_mesu_udhr_punctuation_noise_every5.json,controls_paper_minimum_v0_3_nulls100,,,,mesu,unknown,unknown,,,,,,,,,grapheme_class,891,,,whitespace,Positions classified as whitespace in the grapheme-class stream.,228,critical_line_symmetry,density_shuffle,0.790045878266,0.828365629274,0.034937073377,-1.096822008934,1.096822008934,0.277227722772,,"{""name"": ""critical_line_symmetry"", ""null_model"": ""density_shuffle"", ""observed"": 0.790045878266, ""null_mean"": 0.828365629274, ""null_std"": 0.034937073377, ""z_score"": -1.096822008934, ""empirical_p"": 0.277227722772, ""null_samples"": 100}"
C:\github\5hr-conlang\riemann_analysis\rrlang\outputs\controls_paper_minimum_v0_3_nulls100\control_mesu_udhr_punctuation_noise_every5.json,controls_paper_minimum_v0_3_nulls100,,,,mesu,unknown,unknown,,,,,,,,,frequency_class,267,,,mid_frequency,Token positions in frequency class mid_frequency.,45,zeta_spectral_coherence,gap_order_shuffle,0.004761545689,0.003550456876,0.001105607119,1.095406126606,1.095406126606,0.306930693069,,"{""name"": ""zeta_spectral_coherence"", ""null_model"": ""gap_order_shuffle"", ""observed"": 0.004761545689, ""null_mean"": 0.003550456876, ""null_std"": 0.001105607119, ""z_score"": 1.095406126606, ""empirical_p"": 0.306930693069, ""null_samples"": 100}"
C:\github\5hr-conlang\riemann_analysis\rrlang\outputs\controls_paper_minimum_v0_3_nulls100\control_mesu_udhr_punctuation_noise_every5.json,controls_paper_minimum_v0_3_nulls100,,,,mesu,unknown,unknown,,,,,,,,,word_boundary,891,,,word_boundary,Positions marked as word boundaries after declared whitespace preprocessing.,228,run_entropy,gap_order_shuffle,1.781379052788,1.781379052788,0.0,-1.092860904959,1.092860904959,0.277227722772,,"{""name"": ""run_entropy"", ""null_model"": ""gap_order_shuffle"", ""observed"": 1.781379052788, ""null_mean"": 1.781379052788, ""null_std"": 0.0, ""z_score"": -1.092860904959, ""empirical_p"": 0.277227722772, ""null_samples"": 100}"
C:\github\5hr-conlang\riemann_analysis\rrlang\outputs\controls_paper_minimum_v0_3_nulls100\control_mesu_udhr_punctuation_noise_every5.json,controls_paper_minimum_v0_3_nulls100,,,,mesu,unknown,unknown,,,,,,,,,grapheme_class,891,,,vowel,Positions classified as vowel in the grapheme-class stream.,217,gap_entropy,gap_order_shuffle,2.269483963627,2.269483963627,0.0,-1.090863559529,1.090863559529,0.455445544554,,"{""name"": ""gap_entropy"", ""null_model"": ""gap_order_shuffle"", ""observed"": 2.269483963627, ""null_mean"": 2.269483963627, ""null_std"": 0.0, ""z_score"": -1.090863559529, ""empirical_p"": 0.455445544554, ""null_samples"": 100}"
C:\github\5hr-conlang\riemann_analysis\rrlang\outputs\controls_paper_minimum_v0_3_nulls100\control_mesu_udhr_punctuation_noise_every5.json,controls_paper_minimum_v0_3_nulls100,,,,mesu,unknown,unknown,,,,,,,,,grapheme,891,,,vowel,Basic Latin-vowel positions plus common accented vowels.,217,gap_entropy,gap_order_shuffle,2.269483963627,2.269483963627,0.0,-1.088533296984,1.088533296984,0.386138613861,,"{""name"": ""gap_entropy"", ""null_model"": ""gap_order_shuffle"", ""observed"": 2.269483963627, ""null_mean"": 2.269483963627, ""null_std"": 0.0, ""z_score"": -1.088533296984, ""empirical_p"": 0.386138613861, ""null_samples"": 100}"
C:\github\5hr-conlang\riemann_analysis\rrlang\outputs\controls_paper_minimum_v0_3_nulls100\control_random_bits_seed1337_len12000.json,controls_paper_minimum_v0_3_nulls100,,,,unknown,unknown,unknown,,,,,,,,,grapheme,12149,,,digit,ASCII digit positions.,12000,gap_entropy,density_shuffle,0.09642541754,0.096564622231,0.000128551856,-1.082868003769,1.082868003769,0.227722772277,,"{""name"": ""gap_entropy"", ""null_model"": ""density_shuffle"", ""observed"": 0.09642541754, ""null_mean"": 0.096564622231, ""null_std"": 0.000128551856, ""z_score"": -1.082868003769, ""empirical_p"": 0.227722772277, ""null_samples"": 100}"
C:\github\5hr-conlang\riemann_analysis\rrlang\outputs\controls_paper_minimum_v0_3_nulls100\control_mesu_udhr_duplicated_x4.json,controls_paper_minimum_v0_3_nulls100,,,,mesu,unknown,unknown,,,,,,,,,grapheme_class,2795,,,consonant,Positions classified as consonant in the grapheme-class stream.,972,prime_index_occupancy_bias,gap_order_shuffle,-0.03486232476,-0.003104727249,0.029573755337,-1.073843925124,1.073843925124,0.316831683168,,"{""name"": ""prime_index_occupancy_bias"", ""null_model"": ""gap_order_shuffle"", ""observed"": -0.03486232476, ""null_mean"": -0.003104727249, ""null_std"": 0.029573755337, ""z_score"": -1.073843925124, ""empirical_p"": 0.316831683168, ""null_samples"": 100}"
C:\github\5hr-conlang\riemann_analysis\rrlang\outputs\controls_paper_minimum_v0_3_nulls100\control_mesu_udhr_punctuation_noise_every5.json,controls_paper_minimum_v0_3_nulls100,,,,mesu,unknown,unknown,,,,,,,,,frequency_class,267,,,hapax,Token positions in frequency class hapax.,7,critical_line_symmetry,density_shuffle,0.774143568737,0.831158354473,0.053590118917,-1.063904818426,1.063904818426,0.29702970297,,"{""name"": ""critical_line_symmetry"", ""null_model"": ""density_shuffle"", ""observed"": 0.774143568737, ""null_mean"": 0.831158354473, ""null_std"": 0.053590118917, ""z_score"": -1.063904818426, ""empirical_p"": 0.29702970297, ""null_samples"": 100}"
C:\github\5hr-conlang\riemann_analysis\rrlang\outputs\controls_paper_minimum_v0_3_nulls100\control_mesu_udhr_punctuation_noise_every5.json,controls_paper_minimum_v0_3_nulls100,,,,mesu,unknown,unknown,,,,,,,,,frequency_class,267,,,mid_frequency,Token positions in frequency class mid_frequency.,45,run_entropy,markov_1,2.311960996687,2.485806692577,0.163451551917,-1.063591589378,1.063591589378,0.316831683168,,"{""name"": ""run_entropy"", ""null_model"": ""markov_1"", ""observed"": 2.311960996687, ""null_mean"": 2.485806692577, ""null_std"": 0.163451551917, ""z_score"": -1.063591589378, ""empirical_p"": 0.316831683168, ""null_samples"": 100}"
C:\github\5hr-conlang\riemann_analysis\rrlang\outputs\controls_paper_minimum_v0_3_nulls100\control_mesu_udhr_punctuation_noise_every5.json,controls_paper_minimum_v0_3_nulls100,,,,mesu,unknown,unknown,,,,,,,,,grapheme,891,,,whitespace,Whitespace positions.,228,gap_entropy,gap_order_shuffle,2.349555336212,2.349555336212,0.0,-1.06066017178,1.06066017178,0.70297029703,,"{""name"": ""gap_entropy"", ""null_model"": ""gap_order_shuffle"", ""observed"": 2.349555336212, ""null_mean"": 2.349555336212, ""null_std"": 0.0, ""z_score"": -1.06066017178, ""empirical_p"": 0.70297029703, ""null_samples"": 100}"
C:\github\5hr-conlang\riemann_analysis\rrlang\outputs\controls_paper_minimum_v0_3_nulls100\control_mesu_udhr_punctuation_noise_every5.json,controls_paper_minimum_v0_3_nulls100,,,,mesu,unknown,unknown,,,,,,,,,grapheme_class,891,,,punctuation,Positions classified as punctuation in the grapheme-class stream.,203,zeta_spectral_coherence,markov_2,0.000595636716,0.000990141137,0.000372701422,-1.058499908319,1.058499908319,0.306930693069,False,"{""name"": ""zeta_spectral_coherence"", ""null_model"": ""markov_2"", ""observed"": 0.000595636716, ""null_mean"": 0.000990141137, ""null_std"": 0.000372701422, ""z_score"": -1.058499908319, ""empirical_p"": 0.306930693069, ""null_samples"": 100}"
C:\github\5hr-conlang\riemann_analysis\rrlang\outputs\controls_paper_minimum_v0_3_nulls100\control_mesu_udhr_duplicated_x4.json,controls_paper_minimum_v0_3_nulls100,,,,mesu,unknown,unknown,,,,,,,,,grapheme,2795,,,punctuation,Punctuation positions under the declared punctuation/hyphen policies.,372,zeta_spectral_coherence,markov_1,0.000164532385,0.000294449926,0.000122877715,-1.057291314273,1.057291314273,0.29702970297,,"{""name"": ""zeta_spectral_coherence"", ""null_model"": ""markov_1"", ""observed"": 0.000164532385, ""null_mean"": 0.000294449926, ""null_std"": 0.000122877715, ""z_score"": -1.057291314273, ""empirical_p"": 0.29702970297, ""null_samples"": 100}"
C:\github\5hr-conlang\riemann_analysis\rrlang\outputs\controls_paper_minimum_v0_3_nulls100\control_mesu_udhr_duplicated_x4.json,controls_paper_minimum_v0_3_nulls100,,,,mesu,unknown,unknown,,,,,,,,,grapheme_class,2795,,,punctuation,Positions classified as punctuation in the grapheme-class stream.,372,zeta_spectral_coherence,density_shuffle,0.000164532385,0.000332872696,0.000159474154,-1.055596196843,1.055596196843,0.267326732673,,"{""name"": ""zeta_spectral_coherence"", ""null_model"": ""density_shuffle"", ""observed"": 0.000164532385, ""null_mean"": 0.000332872696, ""null_std"": 0.000159474154, ""z_score"": -1.055596196843, ""empirical_p"": 0.267326732673, ""null_samples"": 100}"
C:\github\5hr-conlang\riemann_analysis\rrlang\outputs\controls_paper_minimum_v0_3_nulls100\control_mesu_udhr_duplicated_x4.json,controls_paper_minimum_v0_3_nulls100,,,,mesu,unknown,unknown,,,,,,,,,grapheme_class,2795,,,whitespace,Positions classified as whitespace in the grapheme-class stream.,583,gap_entropy,gap_order_shuffle,2.897553359589,2.897553359589,0.0,1.05321857978,1.05321857978,0.465346534653,,"{""name"": ""gap_entropy"", ""null_model"": ""gap_order_shuffle"", ""observed"": 2.897553359589, ""null_mean"": 2.897553359589, ""null_std"": 0.0, ""z_score"": 1.05321857978, ""empirical_p"": 0.465346534653, ""null_samples"": 100}"
C:\github\5hr-conlang\riemann_analysis\rrlang\outputs\controls_paper_minimum_v0_3_nulls100\control_mesu_udhr_duplicated_x4.json,controls_paper_minimum_v0_3_nulls100,,,,mesu,unknown,unknown,,,,,,,,,grapheme,2795,,,vowel,Basic Latin-vowel positions plus common accented vowels.,868,gap_entropy,gap_order_shuffle,1.404608334023,1.404608334023,0.0,-1.052060976435,1.052060976435,0.811881188119,,"{""name"": ""gap_entropy"", ""null_model"": ""gap_order_shuffle"", ""observed"": 1.404608334023, ""null_mean"": 1.404608334023, ""null_std"": 0.0, ""z_score"": -1.052060976435, ""empirical_p"": 0.811881188119, ""null_samples"": 100}"
C:\github\5hr-conlang\riemann_analysis\rrlang\outputs\controls_paper_minimum_v0_3_nulls100\control_mesu_udhr_punctuation_noise_every5.json,controls_paper_minimum_v0_3_nulls100,,,,mesu,unknown,unknown,,,,,,,,,grapheme_class,891,,,consonant,Positions classified as consonant in the grapheme-class stream.,243,gap_entropy,gap_order_shuffle,2.223025544296,2.223025544296,0.0,-1.049294745277,1.049294745277,0.673267326733,,"{""name"": ""gap_entropy"", ""null_model"": ""gap_order_shuffle"", ""observed"": 2.223025544296, ""null_mean"": 2.223025544296, ""null_std"": 0.0, ""z_score"": -1.049294745277, ""empirical_p"": 0.673267326733, ""null_samples"": 100}"
C:\github\5hr-conlang\riemann_analysis\rrlang\outputs\controls_paper_minimum_v0_3_nulls100\control_mesu_udhr_punctuation_noise_every5.json,controls_paper_minimum_v0_3_nulls100,,,,mesu,unknown,unknown,,,,,,,,,grapheme_class,891,,,punctuation,Positions classified as punctuation in the grapheme-class stream.,203,critical_line_symmetry,gap_order_shuffle,0.885800397088,0.83895599997,0.044643777619,1.049292860415,1.049292860415,0.237623762376,,"{""name"": ""critical_line_symmetry"", ""null_model"": ""gap_order_shuffle"", ""observed"": 0.885800397088, ""null_mean"": 0.83895599997, ""null_std"": 0.044643777619, ""z_score"": 1.049292860415, ""empirical_p"": 0.237623762376, ""null_samples"": 100}"
C:\github\5hr-conlang\riemann_analysis\rrlang\outputs\controls_paper_minimum_v0_3_nulls100\control_random_bits_seed1337_len12000.json,controls_paper_minimum_v0_3_nulls100,,,,unknown,unknown,unknown,,,,,,,,,word_boundary,12149,,,word_boundary,Positions marked as word boundaries after declared whitespace preprocessing.,149,zeta_spectral_coherence,markov_1,5.26858e-07,7.552478e-06,6.732475e-06,-1.043541923662,1.043541923662,0.069306930693,,"{""name"": ""zeta_spectral_coherence"", ""null_model"": ""markov_1"", ""observed"": 5.26858e-07, ""null_mean"": 7.552478e-06, ""null_std"": 6.732475e-06, ""z_score"": -1.043541923662, ""empirical_p"": 0.069306930693, ""null_samples"": 100}"
C:\github\5hr-conlang\riemann_analysis\rrlang\outputs\controls_paper_minimum_v0_3_nulls100\control_mesu_udhr_duplicated_x4.json,controls_paper_minimum_v0_3_nulls100,,,,mesu,unknown,unknown,,,,,,,,,grapheme,2795,,,whitespace,Whitespace positions.,583,critical_line_symmetry,markov_1,0.77879176948,0.824062724341,0.043515075771,-1.040351052087,1.040351052087,0.316831683168,,"{""name"": ""critical_line_symmetry"", ""null_model"": ""markov_1"", ""observed"": 0.77879176948, ""null_mean"": 0.824062724341, ""null_std"": 0.043515075771, ""z_score"": -1.040351052087, ""empirical_p"": 0.316831683168, ""null_samples"": 100}"
C:\github\5hr-conlang\riemann_analysis\rrlang\outputs\controls_paper_minimum_v0_3_nulls100\control_mesu_udhr_duplicated_x4.json,controls_paper_minimum_v0_3_nulls100,,,,mesu,unknown,unknown,,,,,,,,,grapheme_class,2795,,,vowel,Positions classified as vowel in the grapheme-class stream.,868,gap_entropy,gap_order_shuffle,1.404608334023,1.404608334023,0.0,-1.039230484541,1.039230484541,0.851485148515,,"{""name"": ""gap_entropy"", ""null_model"": ""gap_order_shuffle"", ""observed"": 1.404608334023, ""null_mean"": 1.404608334023, ""null_std"": 0.0, ""z_score"": -1.039230484541, ""empirical_p"": 0.851485148515, ""null_samples"": 100}"
C:\github\5hr-conlang\riemann_analysis\rrlang\outputs\controls_paper_minimum_v0_3_nulls100\control_mesu_udhr_punctuation_noise_every5.json,controls_paper_minimum_v0_3_nulls100,,,,mesu,unknown,unknown,,,,,,,,,grapheme_class,891,,,whitespace,Positions classified as whitespace in the grapheme-class stream.,228,gap_entropy,gap_order_shuffle,2.349555336212,2.349555336212,0.0,-1.031061224333,1.031061224333,0.742574257426,,"{""name"": ""gap_entropy"", ""null_model"": ""gap_order_shuffle"", ""observed"": 2.349555336212, ""null_mean"": 2.349555336212, ""null_std"": 0.0, ""z_score"": -1.031061224333, ""empirical_p"": 0.742574257426, ""null_samples"": 100}"
C:\github\5hr-conlang\riemann_analysis\rrlang\outputs\controls_paper_minimum_v0_3_nulls100\control_mesu_udhr_punctuation_noise_every5.json,controls_paper_minimum_v0_3_nulls100,,,,mesu,unknown,unknown,,,,,,,,,frequency_class,267,,,hapax,Token positions in frequency class hapax.,7,prime_gap_affinity,markov_2,0.5,0.298422743923,0.197026578212,1.023096771547,1.023096771547,0.366336633663,False,"{""name"": ""prime_gap_affinity"", ""null_model"": ""markov_2"", ""observed"": 0.5, ""null_mean"": 0.298422743923, ""null_std"": 0.197026578212, ""z_score"": 1.023096771547, ""empirical_p"": 0.366336633663, ""null_samples"": 100}"
C:\github\5hr-conlang\riemann_analysis\rrlang\outputs\controls_paper_minimum_v0_3_nulls100\control_mesu_udhr_punctuation_noise_every5.json,controls_paper_minimum_v0_3_nulls100,,,,mesu,unknown,unknown,,,,,,,,,frequency_class,267,,,hapax,Token positions in frequency class hapax.,7,critical_line_symmetry,markov_1,0.774143568737,0.824071156373,0.04888600273,-1.02130640363,1.02130640363,0.316831683168,,"{""name"": ""critical_line_symmetry"", ""null_model"": ""markov_1"", ""observed"": 0.774143568737, ""null_mean"": 0.824071156373, ""null_std"": 0.04888600273, ""z_score"": -1.02130640363, ""empirical_p"": 0.316831683168, ""null_samples"": 100}"
C:\github\5hr-conlang\riemann_analysis\rrlang\outputs\controls_paper_minimum_v0_3_nulls100\control_random_bits_seed1337_len12000.json,controls_paper_minimum_v0_3_nulls100,,,,unknown,unknown,unknown,,,,,,,,,grapheme,12149,,,digit,ASCII digit positions.,12000,zeta_spectral_coherence,markov_1,5.26858e-07,8.515483e-06,7.848097e-06,-1.017905946969,1.017905946969,0.059405940594,,"{""name"": ""zeta_spectral_coherence"", ""null_model"": ""markov_1"", ""observed"": 5.26858e-07, ""null_mean"": 8.515483e-06, ""null_std"": 7.848097e-06, ""z_score"": -1.017905946969, ""empirical_p"": 0.059405940594, ""null_samples"": 100}"
C:\github\5hr-conlang\riemann_analysis\rrlang\outputs\controls_paper_minimum_v0_3_nulls100\control_mesu_udhr_punctuation_noise_every5.json,controls_paper_minimum_v0_3_nulls100,,,,mesu,unknown,unknown,,,,,,,,,word_boundary,891,,,word_boundary,Positions marked as word boundaries after declared whitespace preprocessing.,228,critical_line_symmetry,density_shuffle,0.790045878266,0.832342042288,0.041640813432,-1.015738179341,1.015738179341,0.316831683168,,"{""name"": ""critical_line_symmetry"", ""null_model"": ""density_shuffle"", ""observed"": 0.790045878266, ""null_mean"": 0.832342042288, ""null_std"": 0.041640813432, ""z_score"": -1.015738179341, ""empirical_p"": 0.316831683168, ""null_samples"": 100}"
C:\github\5hr-conlang\riemann_analysis\rrlang\outputs\controls_paper_minimum_v0_3_nulls100\control_mesu_udhr_duplicated_x4.json,controls_paper_minimum_v0_3_nulls100,,,,mesu,unknown,unknown,,,,,,,,,word_boundary,2795,,,word_boundary,Positions marked as word boundaries after declared whitespace preprocessing.,583,critical_line_symmetry,markov_1,0.77879176948,0.820021940948,0.040666493431,-1.013860994378,1.013860994378,0.326732673267,,"{""name"": ""critical_line_symmetry"", ""null_model"": ""markov_1"", ""observed"": 0.77879176948, ""null_mean"": 0.820021940948, ""null_std"": 0.040666493431, ""z_score"": -1.013860994378, ""empirical_p"": 0.326732673267, ""null_samples"": 100}"
C:\github\5hr-conlang\riemann_analysis\rrlang\outputs\controls_paper_minimum_v0_3_nulls100\control_mesu_udhr_punctuation_noise_every5.json,controls_paper_minimum_v0_3_nulls100,,,,mesu,unknown,unknown,,,,,,,,,grapheme_class,891,,,consonant,Positions classified as consonant in the grapheme-class stream.,243,zeta_spectral_coherence,markov_1,0.000708928886,0.001141905679,0.00042944286,-1.008229110008,1.008229110008,0.306930693069,,"{""name"": ""zeta_spectral_coherence"", ""null_model"": ""markov_1"", ""observed"": 0.000708928886, ""null_mean"": 0.001141905679, ""null_std"": 0.00042944286, ""z_score"": -1.008229110008, ""empirical_p"": 0.306930693069, ""null_samples"": 100}"
C:\github\5hr-conlang\riemann_analysis\rrlang\outputs\controls_paper_minimum_v0_3_nulls100\control_mesu_udhr_punctuation_noise_every5.json,controls_paper_minimum_v0_3_nulls100,,,,mesu,unknown,unknown,,,,,,,,,grapheme,891,,,consonant,Alphabetic non-vowel positions under the MVP classifier.,243,zeta_spectral_coherence,markov_1,0.000708928886,0.00112934715,0.000417593199,-1.006765111702,1.006765111702,0.247524752475,,"{""name"": ""zeta_spectral_coherence"", ""null_model"": ""markov_1"", ""observed"": 0.000708928886, ""null_mean"": 0.00112934715, ""null_std"": 0.000417593199, ""z_score"": -1.006765111702, ""empirical_p"": 0.247524752475, ""null_samples"": 100}"
C:\github\5hr-conlang\riemann_analysis\rrlang\outputs\controls_paper_minimum_v0_3_nulls100\control_random_bits_seed1337_len12000.json,controls_paper_minimum_v0_3_nulls100,,,,unknown,unknown,unknown,,,,,,,,,grapheme,12149,,,digit,ASCII digit positions.,12000,zeta_spectral_coherence,gap_order_shuffle,5.26858e-07,9.322774e-06,8.750376e-06,-1.005204382889,1.005204382889,0.118811881188,,"{""name"": ""zeta_spectral_coherence"", ""null_model"": ""gap_order_shuffle"", ""observed"": 5.26858e-07, ""null_mean"": 9.322774e-06, ""null_std"": 8.750376e-06, ""z_score"": -1.005204382889, ""empirical_p"": 0.118811881188, ""null_samples"": 100}"
C:\github\5hr-conlang\riemann_analysis\rrlang\outputs\controls_paper_minimum_v0_3_nulls100\control_mesu_udhr_punctuation_noise_every5.json,controls_paper_minimum_v0_3_nulls100,,,,mesu,unknown,unknown,,,,,,,,,frequency_class,267,,,mid_frequency,Token positions in frequency class mid_frequency.,45,run_entropy,gap_order_shuffle,2.311960996687,2.324888179141,0.012871977621,-1.0042887608,1.0042887608,0.29702970297,,"{""name"": ""run_entropy"", ""null_model"": ""gap_order_shuffle"", ""observed"": 2.311960996687, ""null_mean"": 2.324888179141, ""null_std"": 0.012871977621, ""z_score"": -1.0042887608, ""empirical_p"": 0.29702970297, ""null_samples"": 100}"
C:\github\5hr-conlang\riemann_analysis\rrlang\outputs\controls_paper_minimum_v0_3_nulls100\control_mesu_udhr_punctuation_noise_every5.json,controls_paper_minimum_v0_3_nulls100,,,,mesu,unknown,unknown,,,,,,,,,grapheme,891,,,vowel,Basic Latin-vowel positions plus common accented vowels.,217,run_entropy,markov_1,1.924264566203,1.860661050188,0.06339719945,1.003254348241,1.003254348241,0.316831683168,,"{""name"": ""run_entropy"", ""null_model"": ""markov_1"", ""observed"": 1.924264566203, ""null_mean"": 1.860661050188, ""null_std"": 0.06339719945, ""z_score"": 1.003254348241, ""empirical_p"": 0.316831683168, ""null_samples"": 100}"
C:\github\5hr-conlang\riemann_analysis\rrlang\outputs\controls_paper_minimum_v0_3_nulls100\control_mesu_udhr_punctuation_noise_every5.json,controls_paper_minimum_v0_3_nulls100,,,,mesu,unknown,unknown,,,,,,,,,grapheme,891,,,consonant,Alphabetic non-vowel positions under the MVP classifier.,243,critical_line_symmetry,density_shuffle,0.871022109614,0.831203456437,0.039774006296,1.001122514022,1.001122514022,0.356435643564,,"{""name"": ""critical_line_symmetry"", ""null_model"": ""density_shuffle"", ""observed"": 0.871022109614, ""null_mean"": 0.831203456437, ""null_std"": 0.039774006296, ""z_score"": 1.001122514022, ""empirical_p"": 0.356435643564, ""null_samples"": 100}"
C:\github\5hr-conlang\riemann_analysis\rrlang\outputs\controls_paper_minimum_v0_3_nulls100\control_mesu_udhr_punctuation_noise_every5.json,controls_paper_minimum_v0_3_nulls100,,,,mesu,unknown,unknown,,,,,,,,,grapheme,891,,,punctuation,Punctuation positions under the declared punctuation/hyphen policies.,203,zeta_spectral_coherence,gap_order_shuffle,0.000595636716,0.000872495676,0.000278094451,-0.995557294052,0.995557294052,0.356435643564,,"{""name"": ""zeta_spectral_coherence"", ""null_model"": ""gap_order_shuffle"", ""observed"": 0.000595636716, ""null_mean"": 0.000872495676, ""null_std"": 0.000278094451, ""z_score"": -0.995557294052, ""empirical_p"": 0.356435643564, ""null_samples"": 100}"
C:\github\5hr-conlang\riemann_analysis\rrlang\outputs\controls_paper_minimum_v0_3_nulls100\control_mesu_udhr_duplicated_x4.json,controls_paper_minimum_v0_3_nulls100,,,,mesu,unknown,unknown,,,,,,,,,grapheme,2795,,,vowel,Basic Latin-vowel positions plus common accented vowels.,868,prime_gap_affinity,gap_order_shuffle,0.76124567474,0.76124567474,0.0,0.994987437107,0.994987437107,1.0,,"{""name"": ""prime_gap_affinity"", ""null_model"": ""gap_order_shuffle"", ""observed"": 0.76124567474, ""null_mean"": 0.76124567474, ""null_std"": 0.0, ""z_score"": 0.994987437107, ""empirical_p"": 1, ""null_samples"": 100}"
C:\github\5hr-conlang\riemann_analysis\rrlang\outputs\controls_paper_minimum_v0_3_nulls100\control_mesu_udhr_duplicated_x4.json,controls_paper_minimum_v0_3_nulls100,,,,mesu,unknown,unknown,,,,,,,,,grapheme,2795,,,consonant,Alphabetic non-vowel positions under the MVP classifier.,972,gap_entropy,gap_order_shuffle,1.731321079846,1.731321079846,0.0,-0.994987437107,0.994987437107,1.0,,"{""name"": ""gap_entropy"", ""null_model"": ""gap_order_shuffle"", ""observed"": 1.731321079846, ""null_mean"": 1.731321079846, ""null_std"": 0.0, ""z_score"": -0.994987437107, ""empirical_p"": 1, ""null_samples"": 100}"
C:\github\5hr-conlang\riemann_analysis\rrlang\outputs\controls_paper_minimum_v0_3_nulls100\control_mesu_udhr_duplicated_x4.json,controls_paper_minimum_v0_3_nulls100,,,,mesu,unknown,unknown,,,,,,,,,grapheme,2795,,,consonant,Alphabetic non-vowel positions under the MVP classifier.,972,run_entropy,gap_order_shuffle,1.247336396176,1.247336396176,0.0,-0.994987437107,0.994987437107,1.0,,"{""name"": ""run_entropy"", ""null_model"": ""gap_order_shuffle"", ""observed"": 1.247336396176, ""null_mean"": 1.247336396176, ""null_std"": 0.0, ""z_score"": -0.994987437107, ""empirical_p"": 1, ""null_samples"": 100}"
C:\github\5hr-conlang\riemann_analysis\rrlang\outputs\controls_paper_minimum_v0_3_nulls100\control_mesu_udhr_duplicated_x4.json,controls_paper_minimum_v0_3_nulls100,,,,mesu,unknown,unknown,,,,,,,,,grapheme,2795,,,consonant,Alphabetic non-vowel positions under the MVP classifier.,972,prime_gap_affinity,gap_order_shuffle,0.873326467559,0.873326467559,0.0,-0.994987437107,0.994987437107,1.0,,"{""name"": ""prime_gap_affinity"", ""null_model"": ""gap_order_shuffle"", ""observed"": 0.873326467559, ""null_mean"": 0.873326467559, ""null_std"": 0.0, ""z_score"": -0.994987437107, ""empirical_p"": 1, ""null_samples"": 100}"
C:\github\5hr-conlang\riemann_analysis\rrlang\outputs\controls_paper_minimum_v0_3_nulls100\control_mesu_udhr_duplicated_x4.json,controls_paper_minimum_v0_3_nulls100,,,,mesu,unknown,unknown,,,,,,,,,grapheme,2795,,,whitespace,Whitespace positions.,583,prime_gap_affinity,gap_order_shuffle,0.611683848797,0.611683848797,0.0,0.994987437107,0.994987437107,1.0,,"{""name"": ""prime_gap_affinity"", ""null_model"": ""gap_order_shuffle"", ""observed"": 0.611683848797, ""null_mean"": 0.611683848797, ""null_std"": 0.0, ""z_score"": 0.994987437107, ""empirical_p"": 1, ""null_samples"": 100}"
C:\github\5hr-conlang\riemann_analysis\rrlang\outputs\controls_paper_minimum_v0_3_nulls100\control_mesu_udhr_duplicated_x4.json,controls_paper_minimum_v0_3_nulls100,,,,mesu,unknown,unknown,,,,,,,,,grapheme,2795,,,punctuation,Punctuation positions under the declared punctuation/hyphen policies.,372,prime_gap_affinity,gap_order_shuffle,0.547169811321,0.547169811321,0.0,-0.994987437107,0.994987437107,1.0,,"{""name"": ""prime_gap_affinity"", ""null_model"": ""gap_order_shuffle"", ""observed"": 0.547169811321, ""null_mean"": 0.547169811321, ""null_std"": 0.0, ""z_score"": -0.994987437107, ""empirical_p"": 1, ""null_samples"": 100}"
C:\github\5hr-conlang\riemann_analysis\rrlang\outputs\controls_paper_minimum_v0_3_nulls100\control_mesu_udhr_duplicated_x4.json,controls_paper_minimum_v0_3_nulls100,,,,mesu,unknown,unknown,,,,,,,,,grapheme_class,2795,,,vowel,Positions classified as vowel in the grapheme-class stream.,868,prime_gap_affinity,gap_order_shuffle,0.76124567474,0.76124567474,0.0,0.994987437107,0.994987437107,1.0,,"{""name"": ""prime_gap_affinity"", ""null_model"": ""gap_order_shuffle"", ""observed"": 0.76124567474, ""null_mean"": 0.76124567474, ""null_std"": 0.0, ""z_score"": 0.994987437107, ""empirical_p"": 1, ""null_samples"": 100}"
C:\github\5hr-conlang\riemann_analysis\rrlang\outputs\controls_paper_minimum_v0_3_nulls100\control_mesu_udhr_duplicated_x4.json,controls_paper_minimum_v0_3_nulls100,,,,mesu,unknown,unknown,,,,,,,,,grapheme_class,2795,,,consonant,Positions classified as consonant in the grapheme-class stream.,972,gap_entropy,gap_order_shuffle,1.731321079846,1.731321079846,0.0,-0.994987437107,0.994987437107,1.0,,"{""name"": ""gap_entropy"", ""null_model"": ""gap_order_shuffle"", ""observed"": 1.731321079846, ""null_mean"": 1.731321079846, ""null_std"": 0.0, ""z_score"": -0.994987437107, ""empirical_p"": 1, ""null_samples"": 100}"
C:\github\5hr-conlang\riemann_analysis\rrlang\outputs\controls_paper_minimum_v0_3_nulls100\control_mesu_udhr_duplicated_x4.json,controls_paper_minimum_v0_3_nulls100,,,,mesu,unknown,unknown,,,,,,,,,grapheme_class,2795,,,consonant,Positions classified as consonant in the grapheme-class stream.,972,run_entropy,gap_order_shuffle,1.247336396176,1.247336396176,0.0,-0.994987437107,0.994987437107,1.0,,"{""name"": ""run_entropy"", ""null_model"": ""gap_order_shuffle"", ""observed"": 1.247336396176, ""null_mean"": 1.247336396176, ""null_std"": 0.0, ""z_score"": -0.994987437107, ""empirical_p"": 1, ""null_samples"": 100}"
C:\github\5hr-conlang\riemann_analysis\rrlang\outputs\controls_paper_minimum_v0_3_nulls100\control_mesu_udhr_duplicated_x4.json,controls_paper_minimum_v0_3_nulls100,,,,mesu,unknown,unknown,,,,,,,,,grapheme_class,2795,,,consonant,Positions classified as consonant in the grapheme-class stream.,972,prime_gap_affinity,gap_order_shuffle,0.873326467559,0.873326467559,0.0,-0.994987437107,0.994987437107,1.0,,"{""name"": ""prime_gap_affinity"", ""null_model"": ""gap_order_shuffle"", ""observed"": 0.873326467559, ""null_mean"": 0.873326467559, ""null_std"": 0.0, ""z_score"": -0.994987437107, ""empirical_p"": 1, ""null_samples"": 100}"
C:\github\5hr-conlang\riemann_analysis\rrlang\outputs\controls_paper_minimum_v0_3_nulls100\control_mesu_udhr_duplicated_x4.json,controls_paper_minimum_v0_3_nulls100,,,,mesu,unknown,unknown,,,,,,,,,grapheme_class,2795,,,whitespace,Positions classified as whitespace in the grapheme-class stream.,583,prime_gap_affinity,gap_order_shuffle,0.611683848797,0.611683848797,0.0,0.994987437107,0.994987437107,1.0,,"{""name"": ""prime_gap_affinity"", ""null_model"": ""gap_order_shuffle"", ""observed"": 0.611683848797, ""null_mean"": 0.611683848797, ""null_std"": 0.0, ""z_score"": 0.994987437107, ""empirical_p"": 1, ""null_samples"": 100}"
C:\github\5hr-conlang\riemann_analysis\rrlang\outputs\controls_paper_minimum_v0_3_nulls100\control_mesu_udhr_duplicated_x4.json,controls_paper_minimum_v0_3_nulls100,,,,mesu,unknown,unknown,,,,,,,,,grapheme_class,2795,,,punctuation,Positions classified as punctuation in the grapheme-class stream.,372,prime_gap_affinity,gap_order_shuffle,0.547169811321,0.547169811321,0.0,-0.994987437107,0.994987437107,1.0,,"{""name"": ""prime_gap_affinity"", ""null_model"": ""gap_order_shuffle"", ""observed"": 0.547169811321, ""null_mean"": 0.547169811321, ""null_std"": 0.0, ""z_score"": -0.994987437107, ""empirical_p"": 1, ""null_samples"": 100}"
C:\github\5hr-conlang\riemann_analysis\rrlang\outputs\controls_paper_minimum_v0_3_nulls100\control_mesu_udhr_duplicated_x4.json,controls_paper_minimum_v0_3_nulls100,,,,mesu,unknown,unknown,,,,,,,,,word_boundary,2795,,,word_boundary,Positions marked as word boundaries after declared whitespace preprocessing.,583,prime_gap_affinity,gap_order_shuffle,0.611683848797,0.611683848797,0.0,0.994987437107,0.994987437107,1.0,,"{""name"": ""prime_gap_affinity"", ""null_model"": ""gap_order_shuffle"", ""observed"": 0.611683848797, ""null_mean"": 0.611683848797, ""null_std"": 0.0, ""z_score"": 0.994987437107, ""empirical_p"": 1, ""null_samples"": 100}"
C:\github\5hr-conlang\riemann_analysis\rrlang\outputs\controls_paper_minimum_v0_3_nulls100\control_mesu_udhr_duplicated_x4.json,controls_paper_minimum_v0_3_nulls100,,,,mesu,unknown,unknown,,,,,,,,,frequency_class,868,,,mid_frequency,Token positions in frequency class mid_frequency.,12,gap_entropy,gap_order_shuffle,1.572623663895,1.572623663895,0.0,0.994987437107,0.994987437107,1.0,,"{""name"": ""gap_entropy"", ""null_model"": ""gap_order_shuffle"", ""observed"": 1.572623663895, ""null_mean"": 1.572623663895, ""null_std"": 0.0, ""z_score"": 0.994987437107, ""empirical_p"": 1, ""null_samples"": 100}"
C:\github\5hr-conlang\riemann_analysis\rrlang\outputs\controls_paper_minimum_v0_3_nulls100\control_mesu_udhr_duplicated_x4.json,controls_paper_minimum_v0_3_nulls100,,,,mesu,unknown,unknown,,,,,,,,,frequency_class,868,,,mid_frequency,Token positions in frequency class mid_frequency.,12,prime_gap_affinity,gap_order_shuffle,0.363636363636,0.363636363636,0.0,-0.994987437107,0.994987437107,1.0,,"{""name"": ""prime_gap_affinity"", ""null_model"": ""gap_order_shuffle"", ""observed"": 0.363636363636, ""null_mean"": 0.363636363636, ""null_std"": 0.0, ""z_score"": -0.994987437107, ""empirical_p"": 1, ""null_samples"": 100}"
C:\github\5hr-conlang\riemann_analysis\rrlang\outputs\controls_paper_minimum_v0_3_nulls100\control_mesu_udhr_duplicated_x4.json,controls_paper_minimum_v0_3_nulls100,,,,mesu,unknown,unknown,,,,,,,,,frequency_class,868,,,high_frequency,Token positions in frequency class high_frequency.,856,gap_entropy,gap_order_shuffle,0.106489000343,0.106489000343,0.0,0.994987437107,0.994987437107,1.0,,"{""name"": ""gap_entropy"", ""null_model"": ""gap_order_shuffle"", ""observed"": 0.106489000343, ""null_mean"": 0.106489000343, ""null_std"": 0.0, ""z_score"": 0.994987437107, ""empirical_p"": 1, ""null_samples"": 100}"
C:\github\5hr-conlang\riemann_analysis\rrlang\outputs\controls_paper_minimum_v0_3_nulls100\control_mesu_udhr_duplicated_x4.json,controls_paper_minimum_v0_3_nulls100,,,,mesu,unknown,unknown,,,,,,,,,frequency_class,868,,,high_frequency,Token positions in frequency class high_frequency.,856,prime_gap_affinity,gap_order_shuffle,0.014035087719,0.014035087719,0.0,-0.994987437107,0.994987437107,1.0,,"{""name"": ""prime_gap_affinity"", ""null_model"": ""gap_order_shuffle"", ""observed"": 0.014035087719, ""null_mean"": 0.014035087719, ""null_std"": 0.0, ""z_score"": -0.994987437107, ""empirical_p"": 1, ""null_samples"": 100}"
C:\github\5hr-conlang\riemann_analysis\rrlang\outputs\controls_paper_minimum_v0_3_nulls100\control_mesu_udhr_punctuation_noise_every5.json,controls_paper_minimum_v0_3_nulls100,,,,mesu,unknown,unknown,,,,,,,,,grapheme,891,,,vowel,Basic Latin-vowel positions plus common accented vowels.,217,prime_gap_affinity,gap_order_shuffle,0.699074074074,0.699074074074,0.0,-0.994987437107,0.994987437107,1.0,,"{""name"": ""prime_gap_affinity"", ""null_model"": ""gap_order_shuffle"", ""observed"": 0.699074074074, ""null_mean"": 0.699074074074, ""null_std"": 0.0, ""z_score"": -0.994987437107, ""empirical_p"": 1, ""null_samples"": 100}"
C:\github\5hr-conlang\riemann_analysis\rrlang\outputs\controls_paper_minimum_v0_3_nulls100\control_mesu_udhr_punctuation_noise_every5.json,controls_paper_minimum_v0_3_nulls100,,,,mesu,unknown,unknown,,,,,,,,,grapheme,891,,,consonant,Alphabetic non-vowel positions under the MVP classifier.,243,prime_gap_affinity,gap_order_shuffle,0.743801652893,0.743801652893,0.0,-0.994987437107,0.994987437107,1.0,,"{""name"": ""prime_gap_affinity"", ""null_model"": ""gap_order_shuffle"", ""observed"": 0.743801652893, ""null_mean"": 0.743801652893, ""null_std"": 0.0, ""z_score"": -0.994987437107, ""empirical_p"": 1, ""null_samples"": 100}"
C:\github\5hr-conlang\riemann_analysis\rrlang\outputs\controls_paper_minimum_v0_3_nulls100\control_mesu_udhr_punctuation_noise_every5.json,controls_paper_minimum_v0_3_nulls100,,,,mesu,unknown,unknown,,,,,,,,,grapheme,891,,,whitespace,Whitespace positions.,228,prime_gap_affinity,gap_order_shuffle,0.79295154185,0.79295154185,0.0,-0.994987437107,0.994987437107,1.0,,"{""name"": ""prime_gap_affinity"", ""null_model"": ""gap_order_shuffle"", ""observed"": 0.79295154185, ""null_mean"": 0.79295154185, ""null_std"": 0.0, ""z_score"": -0.994987437107, ""empirical_p"": 1, ""null_samples"": 100}"
C:\github\5hr-conlang\riemann_analysis\rrlang\outputs\controls_paper_minimum_v0_3_nulls100\control_mesu_udhr_punctuation_noise_every5.json,controls_paper_minimum_v0_3_nulls100,,,,mesu,unknown,unknown,,,,,,,,,grapheme,891,,,punctuation,Punctuation positions under the declared punctuation/hyphen policies.,203,prime_gap_affinity,gap_order_shuffle,0.475247524752,0.475247524752,0.0,-0.994987437107,0.994987437107,1.0,,"{""name"": ""prime_gap_affinity"", ""null_model"": ""gap_order_shuffle"", ""observed"": 0.475247524752, ""null_mean"": 0.475247524752, ""null_std"": 0.0, ""z_score"": -0.994987437107, ""empirical_p"": 1, ""null_samples"": 100}"
C:\github\5hr-conlang\riemann_analysis\rrlang\outputs\controls_paper_minimum_v0_3_nulls100\control_mesu_udhr_punctuation_noise_every5.json,controls_paper_minimum_v0_3_nulls100,,,,mesu,unknown,unknown,,,,,,,,,grapheme_class,891,,,vowel,Positions classified as vowel in the grapheme-class stream.,217,prime_gap_affinity,gap_order_shuffle,0.699074074074,0.699074074074,0.0,-0.994987437107,0.994987437107,1.0,,"{""name"": ""prime_gap_affinity"", ""null_model"": ""gap_order_shuffle"", ""observed"": 0.699074074074, ""null_mean"": 0.699074074074, ""null_std"": 0.0, ""z_score"": -0.994987437107, ""empirical_p"": 1, ""null_samples"": 100}"
C:\github\5hr-conlang\riemann_analysis\rrlang\outputs\controls_paper_minimum_v0_3_nulls100\control_mesu_udhr_punctuation_noise_every5.json,controls_paper_minimum_v0_3_nulls100,,,,mesu,unknown,unknown,,,,,,,,,grapheme_class,891,,,consonant,Positions classified as consonant in the grapheme-class stream.,243,prime_gap_affinity,gap_order_shuffle,0.743801652893,0.743801652893,0.0,-0.994987437107,0.994987437107,1.0,,"{""name"": ""prime_gap_affinity"", ""null_model"": ""gap_order_shuffle"", ""observed"": 0.743801652893, ""null_mean"": 0.743801652893, ""null_std"": 0.0, ""z_score"": -0.994987437107, ""empirical_p"": 1, ""null_samples"": 100}"
C:\github\5hr-conlang\riemann_analysis\rrlang\outputs\controls_paper_minimum_v0_3_nulls100\control_mesu_udhr_punctuation_noise_every5.json,controls_paper_minimum_v0_3_nulls100,,,,mesu,unknown,unknown,,,,,,,,,grapheme_class,891,,,whitespace,Positions classified as whitespace in the grapheme-class stream.,228,prime_gap_affinity,gap_order_shuffle,0.79295154185,0.79295154185,0.0,-0.994987437107,0.994987437107,1.0,,"{""name"": ""prime_gap_affinity"", ""null_model"": ""gap_order_shuffle"", ""observed"": 0.79295154185, ""null_mean"": 0.79295154185, ""null_std"": 0.0, ""z_score"": -0.994987437107, ""empirical_p"": 1, ""null_samples"": 100}"
C:\github\5hr-conlang\riemann_analysis\rrlang\outputs\controls_paper_minimum_v0_3_nulls100\control_mesu_udhr_punctuation_noise_every5.json,controls_paper_minimum_v0_3_nulls100,,,,mesu,unknown,unknown,,,,,,,,,grapheme_class,891,,,punctuation,Positions classified as punctuation in the grapheme-class stream.,203,prime_gap_affinity,gap_order_shuffle,0.475247524752,0.475247524752,0.0,-0.994987437107,0.994987437107,1.0,,"{""name"": ""prime_gap_affinity"", ""null_model"": ""gap_order_shuffle"", ""observed"": 0.475247524752, ""null_mean"": 0.475247524752, ""null_std"": 0.0, ""z_score"": -0.994987437107, ""empirical_p"": 1, ""null_samples"": 100}"
C:\github\5hr-conlang\riemann_analysis\rrlang\outputs\controls_paper_minimum_v0_3_nulls100\control_mesu_udhr_punctuation_noise_every5.json,controls_paper_minimum_v0_3_nulls100,,,,mesu,unknown,unknown,,,,,,,,,word_boundary,891,,,word_boundary,Positions marked as word boundaries after declared whitespace preprocessing.,228,prime_gap_affinity,gap_order_shuffle,0.79295154185,0.79295154185,0.0,-0.994987437107,0.994987437107,1.0,,"{""name"": ""prime_gap_affinity"", ""null_model"": ""gap_order_shuffle"", ""observed"": 0.79295154185, ""null_mean"": 0.79295154185, ""null_std"": 0.0, ""z_score"": -0.994987437107, ""empirical_p"": 1, ""null_samples"": 100}"
C:\github\5hr-conlang\riemann_analysis\rrlang\outputs\controls_paper_minimum_v0_3_nulls100\control_mesu_udhr_punctuation_noise_every5.json,controls_paper_minimum_v0_3_nulls100,,,,mesu,unknown,unknown,,,,,,,,,frequency_class,267,,,hapax,Token positions in frequency class hapax.,7,gap_entropy,gap_order_shuffle,2.584962500721,2.584962500721,0.0,-0.994987437107,0.994987437107,1.0,,"{""name"": ""gap_entropy"", ""null_model"": ""gap_order_shuffle"", ""observed"": 2.584962500721, ""null_mean"": 2.584962500721, ""null_std"": 0.0, ""z_score"": -0.994987437107, ""empirical_p"": 1, ""null_samples"": 100}"
C:\github\5hr-conlang\riemann_analysis\rrlang\outputs\controls_paper_minimum_v0_3_nulls100\control_mesu_udhr_punctuation_noise_every5.json,controls_paper_minimum_v0_3_nulls100,,,,mesu,unknown,unknown,,,,,,,,,frequency_class,267,,,mid_frequency,Token positions in frequency class mid_frequency.,45,prime_gap_affinity,gap_order_shuffle,0.522727272727,0.522727272727,0.0,-0.994987437107,0.994987437107,1.0,,"{""name"": ""prime_gap_affinity"", ""null_model"": ""gap_order_shuffle"", ""observed"": 0.522727272727, ""null_mean"": 0.522727272727, ""null_std"": 0.0, ""z_score"": -0.994987437107, ""empirical_p"": 1, ""null_samples"": 100}"
C:\github\5hr-conlang\riemann_analysis\rrlang\outputs\controls_paper_minimum_v0_3_nulls100\control_mesu_udhr_punctuation_noise_every5.json,controls_paper_minimum_v0_3_nulls100,,,,mesu,unknown,unknown,,,,,,,,,frequency_class,267,,,high_frequency,Token positions in frequency class high_frequency.,215,gap_entropy,gap_order_shuffle,0.880814086533,0.880814086533,0.0,0.994987437107,0.994987437107,1.0,,"{""name"": ""gap_entropy"", ""null_model"": ""gap_order_shuffle"", ""observed"": 0.880814086533, ""null_mean"": 0.880814086533, ""null_std"": 0.0, ""z_score"": 0.994987437107, ""empirical_p"": 1, ""null_samples"": 100}"
C:\github\5hr-conlang\riemann_analysis\rrlang\outputs\controls_paper_minimum_v0_3_nulls100\control_mesu_udhr_punctuation_noise_every5.json,controls_paper_minimum_v0_3_nulls100,,,,mesu,unknown,unknown,,,,,,,,,frequency_class,267,,,high_frequency,Token positions in frequency class high_frequency.,215,prime_gap_affinity,gap_order_shuffle,0.191588785047,0.191588785047,0.0,-0.994987437107,0.994987437107,1.0,,"{""name"": ""prime_gap_affinity"", ""null_model"": ""gap_order_shuffle"", ""observed"": 0.191588785047, ""null_mean"": 0.191588785047, ""null_std"": 0.0, ""z_score"": -0.994987437107, ""empirical_p"": 1, ""null_samples"": 100}"
C:\github\5hr-conlang\riemann_analysis\rrlang\outputs\controls_paper_minimum_v0_3_nulls100\control_random_bits_seed1337_len12000.json,controls_paper_minimum_v0_3_nulls100,,,,unknown,unknown,unknown,,,,,,,,,grapheme,12149,,,whitespace,Whitespace positions.,149,run_entropy,gap_order_shuffle,0.999991931311,0.999991931311,0.0,-0.994987437107,0.994987437107,1.0,,"{""name"": ""run_entropy"", ""null_model"": ""gap_order_shuffle"", ""observed"": 0.999991931311, ""null_mean"": 0.999991931311, ""null_std"": 0.0, ""z_score"": -0.994987437107, ""empirical_p"": 1, ""null_samples"": 100}"
C:\github\5hr-conlang\riemann_analysis\rrlang\outputs\controls_paper_minimum_v0_3_nulls100\control_random_bits_seed1337_len12000.json,controls_paper_minimum_v0_3_nulls100,,,,unknown,unknown,unknown,,,,,,,,,grapheme,12149,,,whitespace,Whitespace positions.,149,prime_index_occupancy_bias,gap_order_shuffle,-0.013933046568,-0.013933046568,0.0,0.994987437107,0.994987437107,1.0,,"{""name"": ""prime_index_occupancy_bias"", ""null_model"": ""gap_order_shuffle"", ""observed"": -0.013933046568, ""null_mean"": -0.013933046568, ""null_std"": 0.0, ""z_score"": 0.994987437107, ""empirical_p"": 1, ""null_samples"": 100}"
C:\github\5hr-conlang\riemann_analysis\rrlang\outputs\controls_paper_minimum_v0_3_nulls100\control_random_bits_seed1337_len12000.json,controls_paper_minimum_v0_3_nulls100,,,,unknown,unknown,unknown,,,,,,,,,grapheme,12149,,,whitespace,Whitespace positions.,149,zeta_spectral_coherence,gap_order_shuffle,5.26858e-07,5.26858e-07,0.0,0.994987437107,0.994987437107,1.0,,"{""name"": ""zeta_spectral_coherence"", ""null_model"": ""gap_order_shuffle"", ""observed"": 5.26858e-07, ""null_mean"": 5.26858e-07, ""null_std"": 0.0, ""z_score"": 0.994987437107, ""empirical_p"": 1, ""null_samples"": 100}"
C:\github\5hr-conlang\riemann_analysis\rrlang\outputs\controls_paper_minimum_v0_3_nulls100\control_random_bits_seed1337_len12000.json,controls_paper_minimum_v0_3_nulls100,,,,unknown,unknown,unknown,,,,,,,,,grapheme,12149,,,whitespace,Whitespace positions.,149,critical_line_symmetry,gap_order_shuffle,0.741116090611,0.741116090611,0.0,-0.994987437107,0.994987437107,1.0,,"{""name"": ""critical_line_symmetry"", ""null_model"": ""gap_order_shuffle"", ""observed"": 0.741116090611, ""null_mean"": 0.741116090611, ""null_std"": 0.0, ""z_score"": -0.994987437107, ""empirical_p"": 1, ""null_samples"": 100}"
C:\github\5hr-conlang\riemann_analysis\rrlang\outputs\controls_paper_minimum_v0_3_nulls100\control_random_bits_seed1337_len12000.json,controls_paper_minimum_v0_3_nulls100,,,,unknown,unknown,unknown,,,,,,,,,grapheme,12149,,,digit,ASCII digit positions.,12000,gap_entropy,gap_order_shuffle,0.09642541754,0.09642541754,0.0,0.994987437107,0.994987437107,1.0,,"{""name"": ""gap_entropy"", ""null_model"": ""gap_order_shuffle"", ""observed"": 0.09642541754, ""null_mean"": 0.09642541754, ""null_std"": 0.0, ""z_score"": 0.994987437107, ""empirical_p"": 1, ""null_samples"": 100}"
C:\github\5hr-conlang\riemann_analysis\rrlang\outputs\controls_paper_minimum_v0_3_nulls100\control_random_bits_seed1337_len12000.json,controls_paper_minimum_v0_3_nulls100,,,,unknown,unknown,unknown,,,,,,,,,grapheme,12149,,,digit,ASCII digit positions.,12000,prime_gap_affinity,gap_order_shuffle,0.012417701475,0.012417701475,0.0,-0.994987437107,0.994987437107,1.0,,"{""name"": ""prime_gap_affinity"", ""null_model"": ""gap_order_shuffle"", ""observed"": 0.012417701475, ""null_mean"": 0.012417701475, ""null_std"": 0.0, ""z_score"": -0.994987437107, ""empirical_p"": 1, ""null_samples"": 100}"
C:\github\5hr-conlang\riemann_analysis\rrlang\outputs\controls_paper_minimum_v0_3_nulls100\control_random_bits_seed1337_len12000.json,controls_paper_minimum_v0_3_nulls100,,,,unknown,unknown,unknown,,,,,,,,,grapheme_class,12149,,,digit,Positions classified as digit in the grapheme-class stream.,12000,gap_entropy,gap_order_shuffle,0.09642541754,0.09642541754,0.0,0.994987437107,0.994987437107,1.0,,"{""name"": ""gap_entropy"", ""null_model"": ""gap_order_shuffle"", ""observed"": 0.09642541754, ""null_mean"": 0.09642541754, ""null_std"": 0.0, ""z_score"": 0.994987437107, ""empirical_p"": 1, ""null_samples"": 100}"
C:\github\5hr-conlang\riemann_analysis\rrlang\outputs\controls_paper_minimum_v0_3_nulls100\control_random_bits_seed1337_len12000.json,controls_paper_minimum_v0_3_nulls100,,,,unknown,unknown,unknown,,,,,,,,,grapheme_class,12149,,,digit,Positions classified as digit in the grapheme-class stream.,12000,prime_gap_affinity,gap_order_shuffle,0.012417701475,0.012417701475,0.0,-0.994987437107,0.994987437107,1.0,,"{""name"": ""prime_gap_affinity"", ""null_model"": ""gap_order_shuffle"", ""observed"": 0.012417701475, ""null_mean"": 0.012417701475, ""null_std"": 0.0, ""z_score"": -0.994987437107, ""empirical_p"": 1, ""null_samples"": 100}"
C:\github\5hr-conlang\riemann_analysis\rrlang\outputs\controls_paper_minimum_v0_3_nulls100\control_random_bits_seed1337_len12000.json,controls_paper_minimum_v0_3_nulls100,,,,unknown,unknown,unknown,,,,,,,,,grapheme_class,12149,,,whitespace,Positions classified as whitespace in the grapheme-class stream.,149,run_entropy,gap_order_shuffle,0.999991931311,0.999991931311,0.0,-0.994987437107,0.994987437107,1.0,,"{""name"": ""run_entropy"", ""null_model"": ""gap_order_shuffle"", ""observed"": 0.999991931311, ""null_mean"": 0.999991931311, ""null_std"": 0.0, ""z_score"": -0.994987437107, ""empirical_p"": 1, ""null_samples"": 100}"
C:\github\5hr-conlang\riemann_analysis\rrlang\outputs\controls_paper_minimum_v0_3_nulls100\control_random_bits_seed1337_len12000.json,controls_paper_minimum_v0_3_nulls100,,,,unknown,unknown,unknown,,,,,,,,,grapheme_class,12149,,,whitespace,Positions classified as whitespace in the grapheme-class stream.,149,prime_index_occupancy_bias,gap_order_shuffle,-0.013933046568,-0.013933046568,0.0,0.994987437107,0.994987437107,1.0,,"{""name"": ""prime_index_occupancy_bias"", ""null_model"": ""gap_order_shuffle"", ""observed"": -0.013933046568, ""null_mean"": -0.013933046568, ""null_std"": 0.0, ""z_score"": 0.994987437107, ""empirical_p"": 1, ""null_samples"": 100}"
C:\github\5hr-conlang\riemann_analysis\rrlang\outputs\controls_paper_minimum_v0_3_nulls100\control_random_bits_seed1337_len12000.json,controls_paper_minimum_v0_3_nulls100,,,,unknown,unknown,unknown,,,,,,,,,grapheme_class,12149,,,whitespace,Positions classified as whitespace in the grapheme-class stream.,149,zeta_spectral_coherence,gap_order_shuffle,5.26858e-07,5.26858e-07,0.0,0.994987437107,0.994987437107,1.0,,"{""name"": ""zeta_spectral_coherence"", ""null_model"": ""gap_order_shuffle"", ""observed"": 5.26858e-07, ""null_mean"": 5.26858e-07, ""null_std"": 0.0, ""z_score"": 0.994987437107, ""empirical_p"": 1, ""null_samples"": 100}"
C:\github\5hr-conlang\riemann_analysis\rrlang\outputs\controls_paper_minimum_v0_3_nulls100\control_random_bits_seed1337_len12000.json,controls_paper_minimum_v0_3_nulls100,,,,unknown,unknown,unknown,,,,,,,,,grapheme_class,12149,,,whitespace,Positions classified as whitespace in the grapheme-class stream.,149,critical_line_symmetry,gap_order_shuffle,0.741116090611,0.741116090611,0.0,-0.994987437107,0.994987437107,1.0,,"{""name"": ""critical_line_symmetry"", ""null_model"": ""gap_order_shuffle"", ""observed"": 0.741116090611, ""null_mean"": 0.741116090611, ""null_std"": 0.0, ""z_score"": -0.994987437107, ""empirical_p"": 1, ""null_samples"": 100}"
C:\github\5hr-conlang\riemann_analysis\rrlang\outputs\controls_paper_minimum_v0_3_nulls100\control_random_bits_seed1337_len12000.json,controls_paper_minimum_v0_3_nulls100,,,,unknown,unknown,unknown,,,,,,,,,word_boundary,12149,,,word_boundary,Positions marked as word boundaries after declared whitespace preprocessing.,149,run_entropy,gap_order_shuffle,0.999991931311,0.999991931311,0.0,-0.994987437107,0.994987437107,1.0,,"{""name"": ""run_entropy"", ""null_model"": ""gap_order_shuffle"", ""observed"": 0.999991931311, ""null_mean"": 0.999991931311, ""null_std"": 0.0, ""z_score"": -0.994987437107, ""empirical_p"": 1, ""null_samples"": 100}"
C:\github\5hr-conlang\riemann_analysis\rrlang\outputs\controls_paper_minimum_v0_3_nulls100\control_random_bits_seed1337_len12000.json,controls_paper_minimum_v0_3_nulls100,,,,unknown,unknown,unknown,,,,,,,,,word_boundary,12149,,,word_boundary,Positions marked as word boundaries after declared whitespace preprocessing.,149,prime_index_occupancy_bias,gap_order_shuffle,-0.013933046568,-0.013933046568,0.0,0.994987437107,0.994987437107,1.0,,"{""name"": ""prime_index_occupancy_bias"", ""null_model"": ""gap_order_shuffle"", ""observed"": -0.013933046568, ""null_mean"": -0.013933046568, ""null_std"": 0.0, ""z_score"": 0.994987437107, ""empirical_p"": 1, ""null_samples"": 100}"
C:\github\5hr-conlang\riemann_analysis\rrlang\outputs\controls_paper_minimum_v0_3_nulls100\control_random_bits_seed1337_len12000.json,controls_paper_minimum_v0_3_nulls100,,,,unknown,unknown,unknown,,,,,,,,,word_boundary,12149,,,word_boundary,Positions marked as word boundaries after declared whitespace preprocessing.,149,zeta_spectral_coherence,gap_order_shuffle,5.26858e-07,5.26858e-07,0.0,0.994987437107,0.994987437107,1.0,,"{""name"": ""zeta_spectral_coherence"", ""null_model"": ""gap_order_shuffle"", ""observed"": 5.26858e-07, ""null_mean"": 5.26858e-07, ""null_std"": 0.0, ""z_score"": 0.994987437107, ""empirical_p"": 1, ""null_samples"": 100}"
C:\github\5hr-conlang\riemann_analysis\rrlang\outputs\controls_paper_minimum_v0_3_nulls100\control_random_bits_seed1337_len12000.json,controls_paper_minimum_v0_3_nulls100,,,,unknown,unknown,unknown,,,,,,,,,word_boundary,12149,,,word_boundary,Positions marked as word boundaries after declared whitespace preprocessing.,149,critical_line_symmetry,gap_order_shuffle,0.741116090611,0.741116090611,0.0,-0.994987437107,0.994987437107,1.0,,"{""name"": ""critical_line_symmetry"", ""null_model"": ""gap_order_shuffle"", ""observed"": 0.741116090611, ""null_mean"": 0.741116090611, ""null_std"": 0.0, ""z_score"": -0.994987437107, ""empirical_p"": 1, ""null_samples"": 100}"
C:\github\5hr-conlang\riemann_analysis\rrlang\outputs\controls_paper_minimum_v0_3_nulls100\control_mesu_udhr_punctuation_noise_every5.json,controls_paper_minimum_v0_3_nulls100,,,,mesu,unknown,unknown,,,,,,,,,grapheme_class,891,,,punctuation,Positions classified as punctuation in the grapheme-class stream.,203,gap_entropy,gap_order_shuffle,2.965515780171,2.965515780171,0.0,0.993027834147,0.993027834147,0.841584158416,,"{""name"": ""gap_entropy"", ""null_model"": ""gap_order_shuffle"", ""observed"": 2.965515780171, ""null_mean"": 2.965515780171, ""null_std"": 0.0, ""z_score"": 0.993027834147, ""empirical_p"": 0.841584158416, ""null_samples"": 100}"
C:\github\5hr-conlang\riemann_analysis\rrlang\outputs\controls_paper_minimum_v0_3_nulls100\control_mesu_udhr_punctuation_noise_every5.json,controls_paper_minimum_v0_3_nulls100,,,,mesu,unknown,unknown,,,,,,,,,grapheme,891,,,consonant,Alphabetic non-vowel positions under the MVP classifier.,243,run_entropy,gap_order_shuffle,1.6452479702,1.6452479702,0.0,0.992783696999,0.992783696999,0.910891089109,,"{""name"": ""run_entropy"", ""null_model"": ""gap_order_shuffle"", ""observed"": 1.6452479702, ""null_mean"": 1.6452479702, ""null_std"": 0.0, ""z_score"": 0.992783696999, ""empirical_p"": 0.910891089109, ""null_samples"": 100}"
C:\github\5hr-conlang\riemann_analysis\rrlang\outputs\controls_paper_minimum_v0_3_nulls100\control_mesu_udhr_punctuation_noise_every5.json,controls_paper_minimum_v0_3_nulls100,,,,mesu,unknown,unknown,,,,,,,,,grapheme,891,,,punctuation,Punctuation positions under the declared punctuation/hyphen policies.,203,gap_entropy,gap_order_shuffle,2.965515780171,2.965515780171,0.0,0.990958389889,0.990958389889,0.861386138614,,"{""name"": ""gap_entropy"", ""null_model"": ""gap_order_shuffle"", ""observed"": 2.965515780171, ""null_mean"": 2.965515780171, ""null_std"": 0.0, ""z_score"": 0.990958389889, ""empirical_p"": 0.861386138614, ""null_samples"": 100}"
C:\github\5hr-conlang\riemann_analysis\rrlang\outputs\controls_paper_minimum_v0_3_nulls100\control_mesu_udhr_punctuation_noise_every5.json,controls_paper_minimum_v0_3_nulls100,,,,mesu,unknown,unknown,,,,,,,,,grapheme,891,,,vowel,Basic Latin-vowel positions plus common accented vowels.,217,critical_line_symmetry,markov_2,0.915976656599,0.880129675463,0.036219701759,0.98970945081,0.98970945081,0.316831683168,False,"{""name"": ""critical_line_symmetry"", ""null_model"": ""markov_2"", ""observed"": 0.915976656599, ""null_mean"": 0.880129675463, ""null_std"": 0.036219701759, ""z_score"": 0.98970945081, ""empirical_p"": 0.316831683168, ""null_samples"": 100}"
C:\github\5hr-conlang\riemann_analysis\rrlang\outputs\controls_paper_minimum_v0_3_nulls100\control_mesu_udhr_duplicated_x4.json,controls_paper_minimum_v0_3_nulls100,,,,mesu,unknown,unknown,,,,,,,,,grapheme_class,2795,,,whitespace,Positions classified as whitespace in the grapheme-class stream.,583,critical_line_symmetry,markov_1,0.77879176948,0.828830788464,0.050649670828,-0.987943616724,0.987943616724,0.346534653465,,"{""name"": ""critical_line_symmetry"", ""null_model"": ""markov_1"", ""observed"": 0.77879176948, ""null_mean"": 0.828830788464, ""null_std"": 0.050649670828, ""z_score"": -0.987943616724, ""empirical_p"": 0.346534653465, ""null_samples"": 100}"
C:\github\5hr-conlang\riemann_analysis\rrlang\outputs\controls_paper_minimum_v0_3_nulls100\control_mesu_udhr_punctuation_noise_every5.json,controls_paper_minimum_v0_3_nulls100,,,,mesu,unknown,unknown,,,,,,,,,frequency_class,267,,,hapax,Token positions in frequency class hapax.,7,run_entropy,gap_order_shuffle,2.596791631982,2.596791631982,0.0,0.97576119603,0.97576119603,1.0,,"{""name"": ""run_entropy"", ""null_model"": ""gap_order_shuffle"", ""observed"": 2.596791631982, ""null_mean"": 2.596791631982, ""null_std"": 0.0, ""z_score"": 0.97576119603, ""empirical_p"": 1, ""null_samples"": 100}"
C:\github\5hr-conlang\riemann_analysis\rrlang\outputs\controls_paper_minimum_v0_3_nulls100\control_mesu_udhr_punctuation_noise_every5.json,controls_paper_minimum_v0_3_nulls100,,,,mesu,unknown,unknown,,,,,,,,,grapheme_class,891,,,punctuation,Positions classified as punctuation in the grapheme-class stream.,203,critical_line_symmetry,markov_1,0.885800397088,0.843209172575,0.043727271281,0.974019719635,0.974019719635,0.29702970297,,"{""name"": ""critical_line_symmetry"", ""null_model"": ""markov_1"", ""observed"": 0.885800397088, ""null_mean"": 0.843209172575, ""null_std"": 0.043727271281, ""z_score"": 0.974019719635, ""empirical_p"": 0.29702970297, ""null_samples"": 100}"
C:\github\5hr-conlang\riemann_analysis\rrlang\outputs\controls_paper_minimum_v0_3_nulls100\control_mesu_udhr_punctuation_noise_every5.json,controls_paper_minimum_v0_3_nulls100,,,,mesu,unknown,unknown,,,,,,,,,frequency_class,267,,,hapax,Token positions in frequency class hapax.,7,prime_index_occupancy_bias,gap_order_shuffle,0.011904761905,-0.011392857143,0.02394098807,0.97312688095,0.97312688095,0.277227722772,,"{""name"": ""prime_index_occupancy_bias"", ""null_model"": ""gap_order_shuffle"", ""observed"": 0.011904761905, ""null_mean"": -0.011392857143, ""null_std"": 0.02394098807, ""z_score"": 0.97312688095, ""empirical_p"": 0.277227722772, ""null_samples"": 100}"
C:\github\5hr-conlang\riemann_analysis\rrlang\outputs\controls_paper_minimum_v0_3_nulls100\control_mesu_udhr_punctuation_noise_every5.json,controls_paper_minimum_v0_3_nulls100,,,,mesu,unknown,unknown,,,,,,,,,grapheme_class,891,,,punctuation,Positions classified as punctuation in the grapheme-class stream.,203,zeta_spectral_coherence,gap_order_shuffle,0.000595636716,0.000846814607,0.000258330375,-0.972312644501,0.972312644501,0.287128712871,,"{""name"": ""zeta_spectral_coherence"", ""null_model"": ""gap_order_shuffle"", ""observed"": 0.000595636716, ""null_mean"": 0.000846814607, ""null_std"": 0.000258330375, ""z_score"": -0.972312644501, ""empirical_p"": 0.287128712871, ""null_samples"": 100}"
C:\github\5hr-conlang\riemann_analysis\rrlang\outputs\controls_paper_minimum_v0_3_nulls100\control_mesu_udhr_punctuation_noise_every5.json,controls_paper_minimum_v0_3_nulls100,,,,mesu,unknown,unknown,,,,,,,,,grapheme,891,,,whitespace,Whitespace positions.,228,run_entropy,gap_order_shuffle,1.781379052788,1.781379052788,0.0,-0.967255609285,0.967255609285,1.0,,"{""name"": ""run_entropy"", ""null_model"": ""gap_order_shuffle"", ""observed"": 1.781379052788, ""null_mean"": 1.781379052788, ""null_std"": 0.0, ""z_score"": -0.967255609285, ""empirical_p"": 1, ""null_samples"": 100}"
C:\github\5hr-conlang\riemann_analysis\rrlang\outputs\controls_paper_minimum_v0_3_nulls100\control_random_bits_seed1337_len12000.json,controls_paper_minimum_v0_3_nulls100,,,,unknown,unknown,unknown,,,,,,,,,grapheme_class,12149,,,digit,Positions classified as digit in the grapheme-class stream.,12000,zeta_spectral_coherence,markov_1,5.26858e-07,9.031463e-06,8.80343e-06,-0.966055869632,0.966055869632,0.09900990099,,"{""name"": ""zeta_spectral_coherence"", ""null_model"": ""markov_1"", ""observed"": 5.26858e-07, ""null_mean"": 9.031463e-06, ""null_std"": 8.80343e-06, ""z_score"": -0.966055869632, ""empirical_p"": 0.09900990099, ""null_samples"": 100}"
C:\github\5hr-conlang\riemann_analysis\rrlang\outputs\controls_paper_minimum_v0_3_nulls100\control_mesu_udhr_punctuation_noise_every5.json,controls_paper_minimum_v0_3_nulls100,,,,mesu,unknown,unknown,,,,,,,,,grapheme_class,891,,,whitespace,Positions classified as whitespace in the grapheme-class stream.,228,run_entropy,gap_order_shuffle,1.781379052788,1.781379052788,0.0,-0.960335017589,0.960335017589,1.0,,"{""name"": ""run_entropy"", ""null_model"": ""gap_order_shuffle"", ""observed"": 1.781379052788, ""null_mean"": 1.781379052788, ""null_std"": 0.0, ""z_score"": -0.960335017589, ""empirical_p"": 1, ""null_samples"": 100}"
C:\github\5hr-conlang\riemann_analysis\rrlang\outputs\controls_paper_minimum_v0_3_nulls100\control_mesu_udhr_duplicated_x4.json,controls_paper_minimum_v0_3_nulls100,,,,mesu,unknown,unknown,,,,,,,,,grapheme,2795,,,consonant,Alphabetic non-vowel positions under the MVP classifier.,972,run_entropy,markov_1,1.247336396176,1.216104125979,0.032546102559,0.959631652983,0.959631652983,0.405940594059,,"{""name"": ""run_entropy"", ""null_model"": ""markov_1"", ""observed"": 1.247336396176, ""null_mean"": 1.216104125979, ""null_std"": 0.032546102559, ""z_score"": 0.959631652983, ""empirical_p"": 0.405940594059, ""null_samples"": 100}"
C:\github\5hr-conlang\riemann_analysis\rrlang\outputs\controls_paper_minimum_v0_3_nulls100\control_mesu_udhr_punctuation_noise_every5.json,controls_paper_minimum_v0_3_nulls100,,,,mesu,unknown,unknown,,,,,,,,,frequency_class,267,,,high_frequency,Token positions in frequency class high_frequency.,215,gap_entropy,density_shuffle,0.880814086533,0.869165656129,0.012149434854,0.95876314768,0.95876314768,0.356435643564,,"{""name"": ""gap_entropy"", ""null_model"": ""density_shuffle"", ""observed"": 0.880814086533, ""null_mean"": 0.869165656129, ""null_std"": 0.012149434854, ""z_score"": 0.95876314768, ""empirical_p"": 0.356435643564, ""null_samples"": 100}"
C:\github\5hr-conlang\riemann_analysis\rrlang\outputs\controls_paper_minimum_v0_3_nulls100\control_mesu_udhr_duplicated_x4.json,controls_paper_minimum_v0_3_nulls100,,,,mesu,unknown,unknown,,,,,,,,,grapheme,2795,,,whitespace,Whitespace positions.,583,gap_entropy,gap_order_shuffle,2.897553359589,2.897553359589,0.0,0.954119923063,0.954119923063,0.950495049505,,"{""name"": ""gap_entropy"", ""null_model"": ""gap_order_shuffle"", ""observed"": 2.897553359589, ""null_mean"": 2.897553359589, ""null_std"": 0.0, ""z_score"": 0.954119923063, ""empirical_p"": 0.950495049505, ""null_samples"": 100}"
C:\github\5hr-conlang\riemann_analysis\rrlang\outputs\controls_paper_minimum_v0_3_nulls100\control_mesu_udhr_duplicated_x4.json,controls_paper_minimum_v0_3_nulls100,,,,mesu,unknown,unknown,,,,,,,,,grapheme_class,2795,,,consonant,Positions classified as consonant in the grapheme-class stream.,972,run_entropy,markov_2,1.247336396176,1.27109574668,0.024976127416,-0.951282402931,0.951282402931,0.356435643564,False,"{""name"": ""run_entropy"", ""null_model"": ""markov_2"", ""observed"": 1.247336396176, ""null_mean"": 1.27109574668, ""null_std"": 0.024976127416, ""z_score"": -0.951282402931, ""empirical_p"": 0.356435643564, ""null_samples"": 100}"
C:\github\5hr-conlang\riemann_analysis\rrlang\outputs\controls_paper_minimum_v0_3_nulls100\control_mesu_udhr_punctuation_noise_every5.json,controls_paper_minimum_v0_3_nulls100,,,,mesu,unknown,unknown,,,,,,,,,frequency_class,267,,,hapax,Token positions in frequency class hapax.,7,prime_gap_affinity,density_shuffle,0.5,0.316666666667,0.193177691908,0.949039878893,0.949039878893,0.425742574257,,"{""name"": ""prime_gap_affinity"", ""null_model"": ""density_shuffle"", ""observed"": 0.5, ""null_mean"": 0.316666666667, ""null_std"": 0.193177691908, ""z_score"": 0.949039878893, ""empirical_p"": 0.425742574257, ""null_samples"": 100}"
C:\github\5hr-conlang\riemann_analysis\rrlang\outputs\controls_paper_minimum_v0_3_nulls100\control_mesu_udhr_punctuation_noise_every5.json,controls_paper_minimum_v0_3_nulls100,,,,mesu,unknown,unknown,,,,,,,,,grapheme_class,891,,,consonant,Positions classified as consonant in the grapheme-class stream.,243,run_entropy,gap_order_shuffle,1.6452479702,1.6452479702,0.0,0.94345635305,0.94345635305,0.950495049505,,"{""name"": ""run_entropy"", ""null_model"": ""gap_order_shuffle"", ""observed"": 1.6452479702, ""null_mean"": 1.6452479702, ""null_std"": 0.0, ""z_score"": 0.94345635305, ""empirical_p"": 0.950495049505, ""null_samples"": 100}"
C:\github\5hr-conlang\riemann_analysis\rrlang\outputs\controls_paper_minimum_v0_3_nulls100\control_mesu_udhr_punctuation_noise_every5.json,controls_paper_minimum_v0_3_nulls100,,,,mesu,unknown,unknown,,,,,,,,,frequency_class,267,,,high_frequency,Token positions in frequency class high_frequency.,215,zeta_spectral_coherence,markov_2,0.005658561315,0.004091750589,0.001662164831,0.942632581961,0.942632581961,0.306930693069,False,"{""name"": ""zeta_spectral_coherence"", ""null_model"": ""markov_2"", ""observed"": 0.005658561315, ""null_mean"": 0.004091750589, ""null_std"": 0.001662164831, ""z_score"": 0.942632581961, ""empirical_p"": 0.306930693069, ""null_samples"": 100}"
C:\github\5hr-conlang\riemann_analysis\rrlang\outputs\controls_paper_minimum_v0_3_nulls100\control_random_bits_seed1337_len12000.json,controls_paper_minimum_v0_3_nulls100,,,,unknown,unknown,unknown,,,,,,,,,grapheme_class,12149,,,digit,Positions classified as digit in the grapheme-class stream.,12000,gap_entropy,density_shuffle,0.09642541754,0.09654637806,0.000128712114,-0.93977572376,0.93977572376,0.277227722772,,"{""name"": ""gap_entropy"", ""null_model"": ""density_shuffle"", ""observed"": 0.09642541754, ""null_mean"": 0.09654637806, ""null_std"": 0.000128712114, ""z_score"": -0.93977572376, ""empirical_p"": 0.277227722772, ""null_samples"": 100}"
C:\github\5hr-conlang\riemann_analysis\rrlang\outputs\controls_paper_minimum_v0_3_nulls100\control_mesu_udhr_duplicated_x4.json,controls_paper_minimum_v0_3_nulls100,,,,mesu,unknown,unknown,,,,,,,,,word_boundary,2795,,,word_boundary,Positions marked as word boundaries after declared whitespace preprocessing.,583,prime_index_occupancy_bias,gap_order_shuffle,0.015225965625,-0.005782463219,0.022372346984,0.939035536098,0.939035536098,0.376237623762,,"{""name"": ""prime_index_occupancy_bias"", ""null_model"": ""gap_order_shuffle"", ""observed"": 0.015225965625, ""null_mean"": -0.005782463219, ""null_std"": 0.022372346984, ""z_score"": 0.939035536098, ""empirical_p"": 0.376237623762, ""null_samples"": 100}"
C:\github\5hr-conlang\riemann_analysis\rrlang\outputs\controls_paper_minimum_v0_3_nulls100\control_mesu_udhr_punctuation_noise_every5.json,controls_paper_minimum_v0_3_nulls100,,,,mesu,unknown,unknown,,,,,,,,,frequency_class,267,,,mid_frequency,Token positions in frequency class mid_frequency.,45,zeta_spectral_coherence,density_shuffle,0.004761545689,0.003302413921,0.001559101438,0.935879944415,0.935879944415,0.326732673267,,"{""name"": ""zeta_spectral_coherence"", ""null_model"": ""density_shuffle"", ""observed"": 0.004761545689, ""null_mean"": 0.003302413921, ""null_std"": 0.001559101438, ""z_score"": 0.935879944415, ""empirical_p"": 0.326732673267, ""null_samples"": 100}"
C:\github\5hr-conlang\riemann_analysis\rrlang\outputs\controls_paper_minimum_v0_3_nulls100\control_mesu_udhr_punctuation_noise_every5.json,controls_paper_minimum_v0_3_nulls100,,,,mesu,unknown,unknown,,,,,,,,,frequency_class,267,,,mid_frequency,Token positions in frequency class mid_frequency.,45,gap_entropy,gap_order_shuffle,3.456273312105,3.456273312105,0.0,0.932194022567,0.932194022567,0.950495049505,,"{""name"": ""gap_entropy"", ""null_model"": ""gap_order_shuffle"", ""observed"": 3.456273312105, ""null_mean"": 3.456273312105, ""null_std"": 0.0, ""z_score"": 0.932194022567, ""empirical_p"": 0.950495049505, ""null_samples"": 100}"
C:\github\5hr-conlang\riemann_analysis\rrlang\outputs\controls_paper_minimum_v0_3_nulls100\control_mesu_udhr_punctuation_noise_every5.json,controls_paper_minimum_v0_3_nulls100,,,,mesu,unknown,unknown,,,,,,,,,frequency_class,267,,,hapax,Token positions in frequency class hapax.,7,zeta_spectral_coherence,gap_order_shuffle,0.000177784841,0.000154733223,2.4757851e-05,0.931083146431,0.931083146431,0.386138613861,,"{""name"": ""zeta_spectral_coherence"", ""null_model"": ""gap_order_shuffle"", ""observed"": 0.000177784841, ""null_mean"": 0.000154733223, ""null_std"": 2.4757851e-05, ""z_score"": 0.931083146431, ""empirical_p"": 0.386138613861, ""null_samples"": 100}"
C:\github\5hr-conlang\riemann_analysis\rrlang\outputs\controls_paper_minimum_v0_3_nulls100\control_mesu_udhr_punctuation_noise_every5.json,controls_paper_minimum_v0_3_nulls100,,,,mesu,unknown,unknown,,,,,,,,,grapheme,891,,,consonant,Alphabetic non-vowel positions under the MVP classifier.,243,zeta_spectral_coherence,markov_2,0.000708928886,0.001014015973,0.000331222248,-0.921094791994,0.921094791994,0.435643564356,False,"{""name"": ""zeta_spectral_coherence"", ""null_model"": ""markov_2"", ""observed"": 0.000708928886, ""null_mean"": 0.001014015973, ""null_std"": 0.000331222248, ""z_score"": -0.921094791994, ""empirical_p"": 0.435643564356, ""null_samples"": 100}"
C:\github\5hr-conlang\riemann_analysis\rrlang\outputs\controls_paper_minimum_v0_3_nulls100\control_mesu_udhr_punctuation_noise_every5.json,controls_paper_minimum_v0_3_nulls100,,,,mesu,unknown,unknown,,,,,,,,,frequency_class,267,,,hapax,Token positions in frequency class hapax.,7,critical_line_symmetry,markov_2,0.774143568737,0.82380002045,0.05437101114,-0.913289097827,0.913289097827,0.386138613861,False,"{""name"": ""critical_line_symmetry"", ""null_model"": ""markov_2"", ""observed"": 0.774143568737, ""null_mean"": 0.82380002045, ""null_std"": 0.05437101114, ""z_score"": -0.913289097827, ""empirical_p"": 0.386138613861, ""null_samples"": 100}"
C:\github\5hr-conlang\riemann_analysis\rrlang\outputs\controls_paper_minimum_v0_3_nulls100\control_random_bits_seed1337_len12000.json,controls_paper_minimum_v0_3_nulls100,,,,unknown,unknown,unknown,,,,,,,,,grapheme_class,12149,,,digit,Positions classified as digit in the grapheme-class stream.,12000,zeta_spectral_coherence,markov_2,5.26858e-07,9.663428e-06,1.0041953e-05,-0.909839993916,0.909839993916,0.089108910891,False,"{""name"": ""zeta_spectral_coherence"", ""null_model"": ""markov_2"", ""observed"": 5.26858e-07, ""null_mean"": 9.663428e-06, ""null_std"": 1.0041953e-05, ""z_score"": -0.909839993916, ""empirical_p"": 0.089108910891, ""null_samples"": 100}"
C:\github\5hr-conlang\riemann_analysis\rrlang\outputs\controls_paper_minimum_v0_3_nulls100\control_mesu_udhr_duplicated_x4.json,controls_paper_minimum_v0_3_nulls100,,,,mesu,unknown,unknown,,,,,,,,,grapheme,2795,,,vowel,Basic Latin-vowel positions plus common accented vowels.,868,run_entropy,gap_order_shuffle,1.473108636452,1.473108636452,0.0,-0.903601043249,0.903601043249,1.0,,"{""name"": ""run_entropy"", ""null_model"": ""gap_order_shuffle"", ""observed"": 1.473108636452, ""null_mean"": 1.473108636452, ""null_std"": 0.0, ""z_score"": -0.903601043249, ""empirical_p"": 1, ""null_samples"": 100}"
C:\github\5hr-conlang\riemann_analysis\rrlang\outputs\controls_paper_minimum_v0_3_nulls100\control_mesu_udhr_duplicated_x4.json,controls_paper_minimum_v0_3_nulls100,,,,mesu,unknown,unknown,,,,,,,,,word_boundary,2795,,,word_boundary,Positions marked as word boundaries after declared whitespace preprocessing.,583,run_entropy,gap_order_shuffle,1.995922948618,1.995922948618,0.0,0.899591187805,0.899591187805,0.970297029703,,"{""name"": ""run_entropy"", ""null_model"": ""gap_order_shuffle"", ""observed"": 1.995922948618, ""null_mean"": 1.995922948618, ""null_std"": 0.0, ""z_score"": 0.899591187805, ""empirical_p"": 0.970297029703, ""null_samples"": 100}"
C:\github\5hr-conlang\riemann_analysis\rrlang\outputs\controls_paper_minimum_v0_3_nulls100\control_mesu_udhr_duplicated_x4.json,controls_paper_minimum_v0_3_nulls100,,,,mesu,unknown,unknown,,,,,,,,,word_boundary,2795,,,word_boundary,Positions marked as word boundaries after declared whitespace preprocessing.,583,critical_line_symmetry,markov_2,0.77879176948,0.82064340845,0.046828265074,-0.893726020034,0.893726020034,0.346534653465,False,"{""name"": ""critical_line_symmetry"", ""null_model"": ""markov_2"", ""observed"": 0.77879176948, ""null_mean"": 0.82064340845, ""null_std"": 0.046828265074, ""z_score"": -0.893726020034, ""empirical_p"": 0.346534653465, ""null_samples"": 100}"
C:\github\5hr-conlang\riemann_analysis\rrlang\outputs\controls_paper_minimum_v0_3_nulls100\control_mesu_udhr_punctuation_noise_every5.json,controls_paper_minimum_v0_3_nulls100,,,,mesu,unknown,unknown,,,,,,,,,frequency_class,267,,,mid_frequency,Token positions in frequency class mid_frequency.,45,zeta_spectral_coherence,markov_2,0.004761545689,0.003336076285,0.001605043868,0.888118656753,0.888118656753,0.405940594059,False,"{""name"": ""zeta_spectral_coherence"", ""null_model"": ""markov_2"", ""observed"": 0.004761545689, ""null_mean"": 0.003336076285, ""null_std"": 0.001605043868, ""z_score"": 0.888118656753, ""empirical_p"": 0.405940594059, ""null_samples"": 100}"
C:\github\5hr-conlang\riemann_analysis\rrlang\outputs\controls_paper_minimum_v0_3_nulls100\control_mesu_udhr_duplicated_x4.json,controls_paper_minimum_v0_3_nulls100,,,,mesu,unknown,unknown,,,,,,,,,grapheme_class,2795,,,whitespace,Positions classified as whitespace in the grapheme-class stream.,583,prime_index_occupancy_bias,density_shuffle,0.015225965625,-0.002940544265,0.020536857321,0.884580810275,0.884580810275,0.386138613861,,"{""name"": ""prime_index_occupancy_bias"", ""null_model"": ""density_shuffle"", ""observed"": 0.015225965625, ""null_mean"": -0.002940544265, ""null_std"": 0.020536857321, ""z_score"": 0.884580810275, ""empirical_p"": 0.386138613861, ""null_samples"": 100}"
C:\github\5hr-conlang\riemann_analysis\rrlang\outputs\controls_paper_minimum_v0_3_nulls100\control_mesu_udhr_duplicated_x4.json,controls_paper_minimum_v0_3_nulls100,,,,mesu,unknown,unknown,,,,,,,,,grapheme_class,2795,,,consonant,Positions classified as consonant in the grapheme-class stream.,972,run_entropy,markov_1,1.247336396176,1.220622460114,0.030228472244,0.883734243863,0.883734243863,0.425742574257,,"{""name"": ""run_entropy"", ""null_model"": ""markov_1"", ""observed"": 1.247336396176, ""null_mean"": 1.220622460114, ""null_std"": 0.030228472244, ""z_score"": 0.883734243863, ""empirical_p"": 0.425742574257, ""null_samples"": 100}"
C:\github\5hr-conlang\riemann_analysis\rrlang\outputs\controls_paper_minimum_v0_3_nulls100\control_mesu_udhr_punctuation_noise_every5.json,controls_paper_minimum_v0_3_nulls100,,,,mesu,unknown,unknown,,,,,,,,,grapheme,891,,,vowel,Basic Latin-vowel positions plus common accented vowels.,217,prime_index_occupancy_bias,gap_order_shuffle,-0.027862083569,0.006609083851,0.039028643472,-0.883227403084,0.883227403084,0.445544554455,,"{""name"": ""prime_index_occupancy_bias"", ""null_model"": ""gap_order_shuffle"", ""observed"": -0.027862083569, ""null_mean"": 0.006609083851, ""null_std"": 0.039028643472, ""z_score"": -0.883227403084, ""empirical_p"": 0.445544554455, ""null_samples"": 100}"
C:\github\5hr-conlang\riemann_analysis\rrlang\outputs\controls_paper_minimum_v0_3_nulls100\control_mesu_udhr_punctuation_noise_every5.json,controls_paper_minimum_v0_3_nulls100,,,,mesu,unknown,unknown,,,,,,,,,grapheme_class,891,,,consonant,Positions classified as consonant in the grapheme-class stream.,243,critical_line_symmetry,density_shuffle,0.871022109614,0.834448169602,0.041603055109,0.879116687833,0.879116687833,0.346534653465,,"{""name"": ""critical_line_symmetry"", ""null_model"": ""density_shuffle"", ""observed"": 0.871022109614, ""null_mean"": 0.834448169602, ""null_std"": 0.041603055109, ""z_score"": 0.879116687833, ""empirical_p"": 0.346534653465, ""null_samples"": 100}"
C:\github\5hr-conlang\riemann_analysis\rrlang\outputs\controls_paper_minimum_v0_3_nulls100\control_mesu_udhr_punctuation_noise_every5.json,controls_paper_minimum_v0_3_nulls100,,,,mesu,unknown,unknown,,,,,,,,,frequency_class,267,,,mid_frequency,Token positions in frequency class mid_frequency.,45,prime_gap_affinity,density_shuffle,0.522727272727,0.455227272727,0.077085808064,0.875647563353,0.875647563353,0.49504950495,,"{""name"": ""prime_gap_affinity"", ""null_model"": ""density_shuffle"", ""observed"": 0.522727272727, ""null_mean"": 0.455227272727, ""null_std"": 0.077085808064, ""z_score"": 0.875647563353, ""empirical_p"": 0.49504950495, ""null_samples"": 100}"
C:\github\5hr-conlang\riemann_analysis\rrlang\outputs\controls_paper_minimum_v0_3_nulls100\control_mesu_udhr_duplicated_x4.json,controls_paper_minimum_v0_3_nulls100,,,,mesu,unknown,unknown,,,,,,,,,grapheme,2795,,,whitespace,Whitespace positions.,583,run_entropy,gap_order_shuffle,1.995922948618,1.995922948618,0.0,0.874532370443,0.874532370443,0.980198019802,,"{""name"": ""run_entropy"", ""null_model"": ""gap_order_shuffle"", ""observed"": 1.995922948618, ""null_mean"": 1.995922948618, ""null_std"": 0.0, ""z_score"": 0.874532370443, ""empirical_p"": 0.980198019802, ""null_samples"": 100}"
C:\github\5hr-conlang\riemann_analysis\rrlang\outputs\controls_paper_minimum_v0_3_nulls100\control_mesu_udhr_duplicated_x4.json,controls_paper_minimum_v0_3_nulls100,,,,mesu,unknown,unknown,,,,,,,,,grapheme,2795,,,vowel,Basic Latin-vowel positions plus common accented vowels.,868,run_entropy,markov_2,1.473108636452,1.491254905468,0.020776584033,-0.873400025085,0.873400025085,0.376237623762,False,"{""name"": ""run_entropy"", ""null_model"": ""markov_2"", ""observed"": 1.473108636452, ""null_mean"": 1.491254905468, ""null_std"": 0.020776584033, ""z_score"": -0.873400025085, ""empirical_p"": 0.376237623762, ""null_samples"": 100}"
C:\github\5hr-conlang\riemann_analysis\rrlang\outputs\controls_paper_minimum_v0_3_nulls100\control_mesu_udhr_duplicated_x4.json,controls_paper_minimum_v0_3_nulls100,,,,mesu,unknown,unknown,,,,,,,,,grapheme_class,2795,,,vowel,Positions classified as vowel in the grapheme-class stream.,868,run_entropy,gap_order_shuffle,1.473108636452,1.473108636452,0.0,-0.872661710824,0.872661710824,1.0,,"{""name"": ""run_entropy"", ""null_model"": ""gap_order_shuffle"", ""observed"": 1.473108636452, ""null_mean"": 1.473108636452, ""null_std"": 0.0, ""z_score"": -0.872661710824, ""empirical_p"": 1, ""null_samples"": 100}"
C:\github\5hr-conlang\riemann_analysis\rrlang\outputs\controls_paper_minimum_v0_3_nulls100\control_mesu_udhr_duplicated_x4.json,controls_paper_minimum_v0_3_nulls100,,,,mesu,unknown,unknown,,,,,,,,,grapheme_class,2795,,,whitespace,Positions classified as whitespace in the grapheme-class stream.,583,critical_line_symmetry,markov_2,0.77879176948,0.820678761902,0.048044011744,-0.871846269727,0.871846269727,0.346534653465,False,"{""name"": ""critical_line_symmetry"", ""null_model"": ""markov_2"", ""observed"": 0.77879176948, ""null_mean"": 0.820678761902, ""null_std"": 0.048044011744, ""z_score"": -0.871846269727, ""empirical_p"": 0.346534653465, ""null_samples"": 100}"
C:\github\5hr-conlang\riemann_analysis\rrlang\outputs\controls_paper_minimum_v0_3_nulls100\control_mesu_udhr_duplicated_x4.json,controls_paper_minimum_v0_3_nulls100,,,,mesu,unknown,unknown,,,,,,,,,word_boundary,2795,,,word_boundary,Positions marked as word boundaries after declared whitespace preprocessing.,583,gap_entropy,gap_order_shuffle,2.897553359589,2.897553359589,0.0,0.85646633173,0.85646633173,1.0,,"{""name"": ""gap_entropy"", ""null_model"": ""gap_order_shuffle"", ""observed"": 2.897553359589, ""null_mean"": 2.897553359589, ""null_std"": 0.0, ""z_score"": 0.85646633173, ""empirical_p"": 1, ""null_samples"": 100}"
C:\github\5hr-conlang\riemann_analysis\rrlang\outputs\controls_paper_minimum_v0_3_nulls100\control_mesu_udhr_punctuation_noise_every5.json,controls_paper_minimum_v0_3_nulls100,,,,mesu,unknown,unknown,,,,,,,,,grapheme,891,,,consonant,Alphabetic non-vowel positions under the MVP classifier.,243,gap_entropy,gap_order_shuffle,2.223025544296,2.223025544296,0.0,-0.851568243586,0.851568243586,1.0,,"{""name"": ""gap_entropy"", ""null_model"": ""gap_order_shuffle"", ""observed"": 2.223025544296, ""null_mean"": 2.223025544296, ""null_std"": 0.0, ""z_score"": -0.851568243586, ""empirical_p"": 1, ""null_samples"": 100}"
C:\github\5hr-conlang\riemann_analysis\rrlang\outputs\controls_paper_minimum_v0_3_nulls100\control_mesu_udhr_duplicated_x4.json,controls_paper_minimum_v0_3_nulls100,,,,mesu,unknown,unknown,,,,,,,,,word_boundary,2795,,,word_boundary,Positions marked as word boundaries after declared whitespace preprocessing.,583,prime_index_occupancy_bias,markov_2,0.015225965625,-0.003715890619,0.022282920307,0.850061660781,0.850061660781,0.425742574257,False,"{""name"": ""prime_index_occupancy_bias"", ""null_model"": ""markov_2"", ""observed"": 0.015225965625, ""null_mean"": -0.003715890619, ""null_std"": 0.022282920307, ""z_score"": 0.850061660781, ""empirical_p"": 0.425742574257, ""null_samples"": 100}"
C:\github\5hr-conlang\riemann_analysis\rrlang\outputs\controls_paper_minimum_v0_3_nulls100\control_mesu_udhr_duplicated_x4.json,controls_paper_minimum_v0_3_nulls100,,,,mesu,unknown,unknown,,,,,,,,,grapheme_class,2795,,,vowel,Positions classified as vowel in the grapheme-class stream.,868,run_entropy,markov_2,1.473108636452,1.491230281142,0.021748654965,-0.833230593741,0.833230593741,0.39603960396,False,"{""name"": ""run_entropy"", ""null_model"": ""markov_2"", ""observed"": 1.473108636452, ""null_mean"": 1.491230281142, ""null_std"": 0.021748654965, ""z_score"": -0.833230593741, ""empirical_p"": 0.39603960396, ""null_samples"": 100}"
C:\github\5hr-conlang\riemann_analysis\rrlang\outputs\controls_paper_minimum_v0_3_nulls100\control_mesu_udhr_duplicated_x4.json,controls_paper_minimum_v0_3_nulls100,,,,mesu,unknown,unknown,,,,,,,,,grapheme_class,2795,,,punctuation,Positions classified as punctuation in the grapheme-class stream.,372,zeta_spectral_coherence,markov_1,0.000164532385,0.000279714226,0.000138546836,-0.831356705866,0.831356705866,0.445544554455,,"{""name"": ""zeta_spectral_coherence"", ""null_model"": ""markov_1"", ""observed"": 0.000164532385, ""null_mean"": 0.000279714226, ""null_std"": 0.000138546836, ""z_score"": -0.831356705866, ""empirical_p"": 0.445544554455, ""null_samples"": 100}"
C:\github\5hr-conlang\riemann_analysis\rrlang\outputs\controls_paper_minimum_v0_3_nulls100\control_random_bits_seed1337_len12000.json,controls_paper_minimum_v0_3_nulls100,,,,unknown,unknown,unknown,,,,,,,,,grapheme,12149,,,digit,ASCII digit positions.,12000,zeta_spectral_coherence,markov_2,5.26858e-07,7.881771e-06,8.892597e-06,-0.827082758443,0.827082758443,0.089108910891,False,"{""name"": ""zeta_spectral_coherence"", ""null_model"": ""markov_2"", ""observed"": 5.26858e-07, ""null_mean"": 7.881771e-06, ""null_std"": 8.892597e-06, ""z_score"": -0.827082758443, ""empirical_p"": 0.089108910891, ""null_samples"": 100}"
C:\github\5hr-conlang\riemann_analysis\rrlang\outputs\controls_paper_minimum_v0_3_nulls100\control_mesu_udhr_duplicated_x4.json,controls_paper_minimum_v0_3_nulls100,,,,mesu,unknown,unknown,,,,,,,,,grapheme_class,2795,,,whitespace,Positions classified as whitespace in the grapheme-class stream.,583,prime_index_occupancy_bias,markov_2,0.015225965625,-0.0032783375,0.022415804987,0.825502503074,0.825502503074,0.435643564356,False,"{""name"": ""prime_index_occupancy_bias"", ""null_model"": ""markov_2"", ""observed"": 0.015225965625, ""null_mean"": -0.0032783375, ""null_std"": 0.022415804987, ""z_score"": 0.825502503074, ""empirical_p"": 0.435643564356, ""null_samples"": 100}"
C:\github\5hr-conlang\riemann_analysis\rrlang\outputs\controls_paper_minimum_v0_3_nulls100\control_mesu_udhr_duplicated_x4.json,controls_paper_minimum_v0_3_nulls100,,,,mesu,unknown,unknown,,,,,,,,,grapheme,2795,,,consonant,Alphabetic non-vowel positions under the MVP classifier.,972,critical_line_symmetry,markov_1,0.822043838848,0.853390295537,0.037998051557,-0.824949054084,0.824949054084,0.445544554455,,"{""name"": ""critical_line_symmetry"", ""null_model"": ""markov_1"", ""observed"": 0.822043838848, ""null_mean"": 0.853390295537, ""null_std"": 0.037998051557, ""z_score"": -0.824949054084, ""empirical_p"": 0.445544554455, ""null_samples"": 100}"
C:\github\5hr-conlang\riemann_analysis\rrlang\outputs\controls_paper_minimum_v0_3_nulls100\control_random_bits_seed1337_len12000.json,controls_paper_minimum_v0_3_nulls100,,,,unknown,unknown,unknown,,,,,,,,,grapheme,12149,,,whitespace,Whitespace positions.,149,zeta_spectral_coherence,markov_2,5.26858e-07,7.776709e-06,8.788762e-06,-0.824900165736,0.824900165736,0.09900990099,False,"{""name"": ""zeta_spectral_coherence"", ""null_model"": ""markov_2"", ""observed"": 5.26858e-07, ""null_mean"": 7.776709e-06, ""null_std"": 8.788762e-06, ""z_score"": -0.824900165736, ""empirical_p"": 0.09900990099, ""null_samples"": 100}"
C:\github\5hr-conlang\riemann_analysis\rrlang\outputs\controls_paper_minimum_v0_3_nulls100\control_mesu_udhr_duplicated_x4.json,controls_paper_minimum_v0_3_nulls100,,,,mesu,unknown,unknown,,,,,,,,,frequency_class,868,,,mid_frequency,Token positions in frequency class mid_frequency.,12,prime_index_occupancy_bias,gap_order_shuffle,0.007447698745,-0.000694281729,0.009889393219,0.823304351809,0.823304351809,0.465346534653,,"{""name"": ""prime_index_occupancy_bias"", ""null_model"": ""gap_order_shuffle"", ""observed"": 0.007447698745, ""null_mean"": -0.000694281729, ""null_std"": 0.009889393219, ""z_score"": 0.823304351809, ""empirical_p"": 0.465346534653, ""null_samples"": 100}"
C:\github\5hr-conlang\riemann_analysis\rrlang\outputs\controls_paper_minimum_v0_3_nulls100\control_mesu_udhr_duplicated_x4.json,controls_paper_minimum_v0_3_nulls100,,,,mesu,unknown,unknown,,,,,,,,,frequency_class,868,,,high_frequency,Token positions in frequency class high_frequency.,856,prime_index_occupancy_bias,density_shuffle,-0.007447698745,0.000557880056,0.009758660006,-0.820356359977,0.820356359977,0.742574257426,,"{""name"": ""prime_index_occupancy_bias"", ""null_model"": ""density_shuffle"", ""observed"": -0.007447698745, ""null_mean"": 0.000557880056, ""null_std"": 0.009758660006, ""z_score"": -0.820356359977, ""empirical_p"": 0.742574257426, ""null_samples"": 100}"
C:\github\5hr-conlang\riemann_analysis\rrlang\outputs\controls_paper_minimum_v0_3_nulls100\control_mesu_udhr_duplicated_x4.json,controls_paper_minimum_v0_3_nulls100,,,,mesu,unknown,unknown,,,,,,,,,grapheme,2795,,,vowel,Basic Latin-vowel positions plus common accented vowels.,868,run_entropy,markov_1,1.473108636452,1.447231464958,0.031718342226,0.815842496109,0.815842496109,0.425742574257,,"{""name"": ""run_entropy"", ""null_model"": ""markov_1"", ""observed"": 1.473108636452, ""null_mean"": 1.447231464958, ""null_std"": 0.031718342226, ""z_score"": 0.815842496109, ""empirical_p"": 0.425742574257, ""null_samples"": 100}"
C:\github\5hr-conlang\riemann_analysis\rrlang\outputs\controls_paper_minimum_v0_3_nulls100\control_mesu_udhr_duplicated_x4.json,controls_paper_minimum_v0_3_nulls100,,,,mesu,unknown,unknown,,,,,,,,,grapheme_class,2795,,,vowel,Positions classified as vowel in the grapheme-class stream.,868,gap_entropy,markov_2,1.404608334023,1.440995379506,0.044736810237,-0.813358066659,0.813358066659,0.465346534653,False,"{""name"": ""gap_entropy"", ""null_model"": ""markov_2"", ""observed"": 1.404608334023, ""null_mean"": 1.440995379506, ""null_std"": 0.044736810237, ""z_score"": -0.813358066659, ""empirical_p"": 0.465346534653, ""null_samples"": 100}"
C:\github\5hr-conlang\riemann_analysis\rrlang\outputs\controls_paper_minimum_v0_3_nulls100\control_mesu_udhr_duplicated_x4.json,controls_paper_minimum_v0_3_nulls100,,,,mesu,unknown,unknown,,,,,,,,,frequency_class,868,,,mid_frequency,Token positions in frequency class mid_frequency.,12,run_entropy,gap_order_shuffle,2.092878689342,2.092878689342,0.0,0.802435317658,0.802435317658,1.0,,"{""name"": ""run_entropy"", ""null_model"": ""gap_order_shuffle"", ""observed"": 2.092878689342, ""null_mean"": 2.092878689342, ""null_std"": 0.0, ""z_score"": 0.802435317658, ""empirical_p"": 1, ""null_samples"": 100}"
C:\github\5hr-conlang\riemann_analysis\rrlang\outputs\controls_paper_minimum_v0_3_nulls100\control_mesu_udhr_duplicated_x4.json,controls_paper_minimum_v0_3_nulls100,,,,mesu,unknown,unknown,,,,,,,,,grapheme_class,2795,,,vowel,Positions classified as vowel in the grapheme-class stream.,868,prime_index_occupancy_bias,density_shuffle,0.016915447517,-0.003411928279,0.025395671779,0.800426780277,0.800426780277,0.435643564356,,"{""name"": ""prime_index_occupancy_bias"", ""null_model"": ""density_shuffle"", ""observed"": 0.016915447517, ""null_mean"": -0.003411928279, ""null_std"": 0.025395671779, ""z_score"": 0.800426780277, ""empirical_p"": 0.435643564356, ""null_samples"": 100}"
C:\github\5hr-conlang\riemann_analysis\rrlang\outputs\controls_paper_minimum_v0_3_nulls100\control_mesu_udhr_duplicated_x4.json,controls_paper_minimum_v0_3_nulls100,,,,mesu,unknown,unknown,,,,,,,,,grapheme,2795,,,whitespace,Whitespace positions.,583,critical_line_symmetry,markov_2,0.77879176948,0.815747120851,0.046641359326,-0.792330067247,0.792330067247,0.415841584158,False,"{""name"": ""critical_line_symmetry"", ""null_model"": ""markov_2"", ""observed"": 0.77879176948, ""null_mean"": 0.815747120851, ""null_std"": 0.046641359326, ""z_score"": -0.792330067247, ""empirical_p"": 0.415841584158, ""null_samples"": 100}"
C:\github\5hr-conlang\riemann_analysis\rrlang\outputs\controls_paper_minimum_v0_3_nulls100\control_random_bits_seed1337_len12000.json,controls_paper_minimum_v0_3_nulls100,,,,unknown,unknown,unknown,,,,,,,,,grapheme_class,12149,,,whitespace,Positions classified as whitespace in the grapheme-class stream.,149,zeta_spectral_coherence,density_shuffle,5.26858e-07,9.726644e-06,1.1802351e-05,-0.779487561076,0.779487561076,0.108910891089,,"{""name"": ""zeta_spectral_coherence"", ""null_model"": ""density_shuffle"", ""observed"": 5.26858e-07, ""null_mean"": 9.726644e-06, ""null_std"": 1.1802351e-05, ""z_score"": -0.779487561076, ""empirical_p"": 0.108910891089, ""null_samples"": 100}"
C:\github\5hr-conlang\riemann_analysis\rrlang\outputs\controls_paper_minimum_v0_3_nulls100\control_mesu_udhr_duplicated_x4.json,controls_paper_minimum_v0_3_nulls100,,,,mesu,unknown,unknown,,,,,,,,,frequency_class,868,,,mid_frequency,Token positions in frequency class mid_frequency.,12,prime_index_occupancy_bias,markov_1,0.007447698745,-0.000883403068,0.010766809195,0.773776302898,0.773776302898,0.485148514851,,"{""name"": ""prime_index_occupancy_bias"", ""null_model"": ""markov_1"", ""observed"": 0.007447698745, ""null_mean"": -0.000883403068, ""null_std"": 0.010766809195, ""z_score"": 0.773776302898, ""empirical_p"": 0.485148514851, ""null_samples"": 100}"
C:\github\5hr-conlang\riemann_analysis\rrlang\outputs\controls_paper_minimum_v0_3_nulls100\control_mesu_udhr_punctuation_noise_every5.json,controls_paper_minimum_v0_3_nulls100,,,,mesu,unknown,unknown,,,,,,,,,frequency_class,267,,,mid_frequency,Token positions in frequency class mid_frequency.,45,gap_entropy,markov_2,3.456273312105,3.303682324198,0.198700005866,0.767946569715,0.767946569715,0.514851485149,False,"{""name"": ""gap_entropy"", ""null_model"": ""markov_2"", ""observed"": 3.456273312105, ""null_mean"": 3.303682324198, ""null_std"": 0.198700005866, ""z_score"": 0.767946569715, ""empirical_p"": 0.514851485149, ""null_samples"": 100}"
C:\github\5hr-conlang\riemann_analysis\rrlang\outputs\controls_paper_minimum_v0_3_nulls100\control_mesu_udhr_punctuation_noise_every5.json,controls_paper_minimum_v0_3_nulls100,,,,mesu,unknown,unknown,,,,,,,,,grapheme_class,891,,,vowel,Positions classified as vowel in the grapheme-class stream.,217,critical_line_symmetry,markov_2,0.915976656599,0.888403638271,0.036042206293,0.7650202683,0.7650202683,0.425742574257,False,"{""name"": ""critical_line_symmetry"", ""null_model"": ""markov_2"", ""observed"": 0.915976656599, ""null_mean"": 0.888403638271, ""null_std"": 0.036042206293, ""z_score"": 0.7650202683, ""empirical_p"": 0.425742574257, ""null_samples"": 100}"
C:\github\5hr-conlang\riemann_analysis\rrlang\outputs\controls_paper_minimum_v0_3_nulls100\control_mesu_udhr_duplicated_x4.json,controls_paper_minimum_v0_3_nulls100,,,,mesu,unknown,unknown,,,,,,,,,word_boundary,2795,,,word_boundary,Positions marked as word boundaries after declared whitespace preprocessing.,583,prime_index_occupancy_bias,density_shuffle,0.015225965625,0.000723547953,0.019055964141,0.761043501335,0.761043501335,0.445544554455,,"{""name"": ""prime_index_occupancy_bias"", ""null_model"": ""density_shuffle"", ""observed"": 0.015225965625, ""null_mean"": 0.000723547953, ""null_std"": 0.019055964141, ""z_score"": 0.761043501335, ""empirical_p"": 0.445544554455, ""null_samples"": 100}"
C:\github\5hr-conlang\riemann_analysis\rrlang\outputs\controls_paper_minimum_v0_3_nulls100\control_mesu_udhr_duplicated_x4.json,controls_paper_minimum_v0_3_nulls100,,,,mesu,unknown,unknown,,,,,,,,,grapheme,2795,,,vowel,Basic Latin-vowel positions plus common accented vowels.,868,gap_entropy,markov_2,1.404608334023,1.4367916061,0.042681703525,-0.754029699376,0.754029699376,0.455445544554,False,"{""name"": ""gap_entropy"", ""null_model"": ""markov_2"", ""observed"": 1.404608334023, ""null_mean"": 1.4367916061, ""null_std"": 0.042681703525, ""z_score"": -0.754029699376, ""empirical_p"": 0.455445544554, ""null_samples"": 100}"
C:\github\5hr-conlang\riemann_analysis\rrlang\outputs\controls_paper_minimum_v0_3_nulls100\control_mesu_udhr_punctuation_noise_every5.json,controls_paper_minimum_v0_3_nulls100,,,,mesu,unknown,unknown,,,,,,,,,grapheme_class,891,,,punctuation,Positions classified as punctuation in the grapheme-class stream.,203,critical_line_symmetry,markov_2,0.885800397088,0.854261716154,0.041931396776,0.752149543262,0.752149543262,0.425742574257,False,"{""name"": ""critical_line_symmetry"", ""null_model"": ""markov_2"", ""observed"": 0.885800397088, ""null_mean"": 0.854261716154, ""null_std"": 0.041931396776, ""z_score"": 0.752149543262, ""empirical_p"": 0.425742574257, ""null_samples"": 100}"
C:\github\5hr-conlang\riemann_analysis\rrlang\outputs\controls_paper_minimum_v0_3_nulls100\control_mesu_udhr_duplicated_x4.json,controls_paper_minimum_v0_3_nulls100,,,,mesu,unknown,unknown,,,,,,,,,grapheme_class,2795,,,whitespace,Positions classified as whitespace in the grapheme-class stream.,583,prime_index_occupancy_bias,gap_order_shuffle,0.015225965625,-0.001632650114,0.022633593881,0.744849263783,0.744849263783,0.534653465347,,"{""name"": ""prime_index_occupancy_bias"", ""null_model"": ""gap_order_shuffle"", ""observed"": 0.015225965625, ""null_mean"": -0.001632650114, ""null_std"": 0.022633593881, ""z_score"": 0.744849263783, ""empirical_p"": 0.534653465347, ""null_samples"": 100}"
C:\github\5hr-conlang\riemann_analysis\rrlang\outputs\controls_paper_minimum_v0_3_nulls100\control_random_bits_seed1337_len12000.json,controls_paper_minimum_v0_3_nulls100,,,,unknown,unknown,unknown,,,,,,,,,grapheme,12149,,,digit,ASCII digit positions.,12000,zeta_spectral_coherence,density_shuffle,5.26858e-07,9.227534e-06,1.172601e-05,-0.74199800928,0.74199800928,0.089108910891,,"{""name"": ""zeta_spectral_coherence"", ""null_model"": ""density_shuffle"", ""observed"": 5.26858e-07, ""null_mean"": 9.227534e-06, ""null_std"": 1.172601e-05, ""z_score"": -0.74199800928, ""empirical_p"": 0.089108910891, ""null_samples"": 100}"
C:\github\5hr-conlang\riemann_analysis\rrlang\outputs\controls_paper_minimum_v0_3_nulls100\control_mesu_udhr_punctuation_noise_every5.json,controls_paper_minimum_v0_3_nulls100,,,,mesu,unknown,unknown,,,,,,,,,grapheme,891,,,whitespace,Whitespace positions.,228,critical_line_symmetry,density_shuffle,0.790045878266,0.821970222097,0.043040811165,-0.741722634082,0.741722634082,0.455445544554,,"{""name"": ""critical_line_symmetry"", ""null_model"": ""density_shuffle"", ""observed"": 0.790045878266, ""null_mean"": 0.821970222097, ""null_std"": 0.043040811165, ""z_score"": -0.741722634082, ""empirical_p"": 0.455445544554, ""null_samples"": 100}"
C:\github\5hr-conlang\riemann_analysis\rrlang\outputs\controls_paper_minimum_v0_3_nulls100\control_mesu_udhr_punctuation_noise_every5.json,controls_paper_minimum_v0_3_nulls100,,,,mesu,unknown,unknown,,,,,,,,,frequency_class,267,,,hapax,Token positions in frequency class hapax.,7,prime_gap_affinity,markov_1,0.5,0.324733710734,0.236684549241,0.740505832882,0.740505832882,0.554455445545,,"{""name"": ""prime_gap_affinity"", ""null_model"": ""markov_1"", ""observed"": 0.5, ""null_mean"": 0.324733710734, ""null_std"": 0.236684549241, ""z_score"": 0.740505832882, ""empirical_p"": 0.554455445545, ""null_samples"": 100}"
C:\github\5hr-conlang\riemann_analysis\rrlang\outputs\controls_paper_minimum_v0_3_nulls100\control_mesu_udhr_duplicated_x4.json,controls_paper_minimum_v0_3_nulls100,,,,mesu,unknown,unknown,,,,,,,,,grapheme,2795,,,vowel,Basic Latin-vowel positions plus common accented vowels.,868,prime_index_occupancy_bias,density_shuffle,0.016915447517,-0.000279125513,0.023453369509,0.733138708397,0.733138708397,0.49504950495,,"{""name"": ""prime_index_occupancy_bias"", ""null_model"": ""density_shuffle"", ""observed"": 0.016915447517, ""null_mean"": -0.000279125513, ""null_std"": 0.023453369509, ""z_score"": 0.733138708397, ""empirical_p"": 0.49504950495, ""null_samples"": 100}"
C:\github\5hr-conlang\riemann_analysis\rrlang\outputs\controls_paper_minimum_v0_3_nulls100\control_mesu_udhr_punctuation_noise_every5.json,controls_paper_minimum_v0_3_nulls100,,,,mesu,unknown,unknown,,,,,,,,,grapheme_class,891,,,vowel,Positions classified as vowel in the grapheme-class stream.,217,prime_index_occupancy_bias,gap_order_shuffle,-0.027862083569,0.001348108413,0.03986830968,-0.732666928102,0.732666928102,0.475247524752,,"{""name"": ""prime_index_occupancy_bias"", ""null_model"": ""gap_order_shuffle"", ""observed"": -0.027862083569, ""null_mean"": 0.001348108413, ""null_std"": 0.03986830968, ""z_score"": -0.732666928102, ""empirical_p"": 0.475247524752, ""null_samples"": 100}"
C:\github\5hr-conlang\riemann_analysis\rrlang\outputs\controls_paper_minimum_v0_3_nulls100\control_mesu_udhr_punctuation_noise_every5.json,controls_paper_minimum_v0_3_nulls100,,,,mesu,unknown,unknown,,,,,,,,,grapheme_class,891,,,consonant,Positions classified as consonant in the grapheme-class stream.,243,prime_gap_affinity,markov_2,0.743801652893,0.723111210563,0.028295186518,0.731235410534,0.731235410534,0.475247524752,False,"{""name"": ""prime_gap_affinity"", ""null_model"": ""markov_2"", ""observed"": 0.743801652893, ""null_mean"": 0.723111210563, ""null_std"": 0.028295186518, ""z_score"": 0.731235410534, ""empirical_p"": 0.475247524752, ""null_samples"": 100}"
C:\github\5hr-conlang\riemann_analysis\rrlang\outputs\controls_paper_minimum_v0_3_nulls100\control_mesu_udhr_punctuation_noise_every5.json,controls_paper_minimum_v0_3_nulls100,,,,mesu,unknown,unknown,,,,,,,,,grapheme,891,,,vowel,Basic Latin-vowel positions plus common accented vowels.,217,zeta_spectral_coherence,markov_1,0.000728160349,0.001053751268,0.000447610444,-0.727397949019,0.727397949019,0.425742574257,,"{""name"": ""zeta_spectral_coherence"", ""null_model"": ""markov_1"", ""observed"": 0.000728160349, ""null_mean"": 0.001053751268, ""null_std"": 0.000447610444, ""z_score"": -0.727397949019, ""empirical_p"": 0.425742574257, ""null_samples"": 100}"
C:\github\5hr-conlang\riemann_analysis\rrlang\outputs\controls_paper_minimum_v0_3_nulls100\control_mesu_udhr_punctuation_noise_every5.json,controls_paper_minimum_v0_3_nulls100,,,,mesu,unknown,unknown,,,,,,,,,grapheme,891,,,vowel,Basic Latin-vowel positions plus common accented vowels.,217,prime_index_occupancy_bias,markov_2,-0.027862083569,0.000761928289,0.039637688992,-0.722141289916,0.722141289916,0.534653465347,False,"{""name"": ""prime_index_occupancy_bias"", ""null_model"": ""markov_2"", ""observed"": -0.027862083569, ""null_mean"": 0.000761928289, ""null_std"": 0.039637688992, ""z_score"": -0.722141289916, ""empirical_p"": 0.534653465347, ""null_samples"": 100}"
C:\github\5hr-conlang\riemann_analysis\rrlang\outputs\controls_paper_minimum_v0_3_nulls100\control_mesu_udhr_punctuation_noise_every5.json,controls_paper_minimum_v0_3_nulls100,,,,mesu,unknown,unknown,,,,,,,,,grapheme_class,891,,,whitespace,Positions classified as whitespace in the grapheme-class stream.,228,prime_index_occupancy_bias,markov_1,0.020009881423,-0.00585015528,0.036145746499,0.715437892627,0.715437892627,0.475247524752,,"{""name"": ""prime_index_occupancy_bias"", ""null_model"": ""markov_1"", ""observed"": 0.020009881423, ""null_mean"": -0.00585015528, ""null_std"": 0.036145746499, ""z_score"": 0.715437892627, ""empirical_p"": 0.475247524752, ""null_samples"": 100}"
C:\github\5hr-conlang\riemann_analysis\rrlang\outputs\controls_paper_minimum_v0_3_nulls100\control_mesu_udhr_duplicated_x4.json,controls_paper_minimum_v0_3_nulls100,,,,mesu,unknown,unknown,,,,,,,,,frequency_class,868,,,mid_frequency,Token positions in frequency class mid_frequency.,12,zeta_spectral_coherence,markov_2,2.7721165e-05,8.8508887e-05,8.5024161e-05,-0.714946448615,0.714946448615,0.306930693069,False,"{""name"": ""zeta_spectral_coherence"", ""null_model"": ""markov_2"", ""observed"": 2.7721165e-05, ""null_mean"": 8.8508887e-05, ""null_std"": 8.5024161e-05, ""z_score"": -0.714946448615, ""empirical_p"": 0.306930693069, ""null_samples"": 100}"
C:\github\5hr-conlang\riemann_analysis\rrlang\outputs\controls_paper_minimum_v0_3_nulls100\control_mesu_udhr_punctuation_noise_every5.json,controls_paper_minimum_v0_3_nulls100,,,,mesu,unknown,unknown,,,,,,,,,frequency_class,267,,,mid_frequency,Token positions in frequency class mid_frequency.,45,critical_line_symmetry,density_shuffle,0.877205298337,0.847533445556,0.041687507645,0.711768451924,0.711768451924,0.49504950495,,"{""name"": ""critical_line_symmetry"", ""null_model"": ""density_shuffle"", ""observed"": 0.877205298337, ""null_mean"": 0.847533445556, ""null_std"": 0.041687507645, ""z_score"": 0.711768451924, ""empirical_p"": 0.49504950495, ""null_samples"": 100}"
C:\github\5hr-conlang\riemann_analysis\rrlang\outputs\controls_paper_minimum_v0_3_nulls100\control_mesu_udhr_punctuation_noise_every5.json,controls_paper_minimum_v0_3_nulls100,,,,mesu,unknown,unknown,,,,,,,,,grapheme_class,891,,,vowel,Positions classified as vowel in the grapheme-class stream.,217,zeta_spectral_coherence,markov_1,0.000728160349,0.001067675843,0.000477357129,-0.711240020302,0.711240020302,0.50495049505,,"{""name"": ""zeta_spectral_coherence"", ""null_model"": ""markov_1"", ""observed"": 0.000728160349, ""null_mean"": 0.001067675843, ""null_std"": 0.000477357129, ""z_score"": -0.711240020302, ""empirical_p"": 0.50495049505, ""null_samples"": 100}"
C:\github\5hr-conlang\riemann_analysis\rrlang\outputs\controls_paper_minimum_v0_3_nulls100\control_mesu_udhr_duplicated_x4.json,controls_paper_minimum_v0_3_nulls100,,,,mesu,unknown,unknown,,,,,,,,,grapheme_class,2795,,,vowel,Positions classified as vowel in the grapheme-class stream.,868,run_entropy,markov_1,1.473108636452,1.448813101087,0.034236932639,0.709629440869,0.709629440869,0.49504950495,,"{""name"": ""run_entropy"", ""null_model"": ""markov_1"", ""observed"": 1.473108636452, ""null_mean"": 1.448813101087, ""null_std"": 0.034236932639, ""z_score"": 0.709629440869, ""empirical_p"": 0.49504950495, ""null_samples"": 100}"
C:\github\5hr-conlang\riemann_analysis\rrlang\outputs\controls_paper_minimum_v0_3_nulls100\control_mesu_udhr_duplicated_x4.json,controls_paper_minimum_v0_3_nulls100,,,,mesu,unknown,unknown,,,,,,,,,word_boundary,2795,,,word_boundary,Positions marked as word boundaries after declared whitespace preprocessing.,583,critical_line_symmetry,gap_order_shuffle,0.77879176948,0.803786974054,0.035245828288,-0.70916774518,0.70916774518,0.544554455446,,"{""name"": ""critical_line_symmetry"", ""null_model"": ""gap_order_shuffle"", ""observed"": 0.77879176948, ""null_mean"": 0.803786974054, ""null_std"": 0.035245828288, ""z_score"": -0.70916774518, ""empirical_p"": 0.544554455446, ""null_samples"": 100}"
C:\github\5hr-conlang\riemann_analysis\rrlang\outputs\controls_paper_minimum_v0_3_nulls100\control_mesu_udhr_duplicated_x4.json,controls_paper_minimum_v0_3_nulls100,,,,mesu,unknown,unknown,,,,,,,,,grapheme,2795,,,consonant,Alphabetic non-vowel positions under the MVP classifier.,972,run_entropy,markov_2,1.247336396176,1.266842955339,0.02754797134,-0.7080942158,0.7080942158,0.425742574257,False,"{""name"": ""run_entropy"", ""null_model"": ""markov_2"", ""observed"": 1.247336396176, ""null_mean"": 1.266842955339, ""null_std"": 0.02754797134, ""z_score"": -0.7080942158, ""empirical_p"": 0.425742574257, ""null_samples"": 100}"
C:\github\5hr-conlang\riemann_analysis\rrlang\outputs\controls_paper_minimum_v0_3_nulls100\control_mesu_udhr_duplicated_x4.json,controls_paper_minimum_v0_3_nulls100,,,,mesu,unknown,unknown,,,,,,,,,frequency_class,868,,,mid_frequency,Token positions in frequency class mid_frequency.,12,prime_gap_affinity,markov_2,0.363636363636,0.263836346144,0.14271176635,0.699311766958,0.699311766958,0.475247524752,False,"{""name"": ""prime_gap_affinity"", ""null_model"": ""markov_2"", ""observed"": 0.363636363636, ""null_mean"": 0.263836346144, ""null_std"": 0.14271176635, ""z_score"": 0.699311766958, ""empirical_p"": 0.475247524752, ""null_samples"": 100}"
C:\github\5hr-conlang\riemann_analysis\rrlang\outputs\controls_paper_minimum_v0_3_nulls100\control_mesu_udhr_duplicated_x4.json,controls_paper_minimum_v0_3_nulls100,,,,mesu,unknown,unknown,,,,,,,,,grapheme,2795,,,vowel,Basic Latin-vowel positions plus common accented vowels.,868,prime_index_occupancy_bias,markov_1,0.016915447517,-0.002667339159,0.028089804411,0.69714927127,0.69714927127,0.455445544554,,"{""name"": ""prime_index_occupancy_bias"", ""null_model"": ""markov_1"", ""observed"": 0.016915447517, ""null_mean"": -0.002667339159, ""null_std"": 0.028089804411, ""z_score"": 0.69714927127, ""empirical_p"": 0.455445544554, ""null_samples"": 100}"
C:\github\5hr-conlang\riemann_analysis\rrlang\outputs\controls_paper_minimum_v0_3_nulls100\control_mesu_udhr_duplicated_x4.json,controls_paper_minimum_v0_3_nulls100,,,,mesu,unknown,unknown,,,,,,,,,grapheme,2795,,,whitespace,Whitespace positions.,583,prime_index_occupancy_bias,markov_2,0.015225965625,-0.001129374293,0.023478653547,0.696604679022,0.696604679022,0.50495049505,False,"{""name"": ""prime_index_occupancy_bias"", ""null_model"": ""markov_2"", ""observed"": 0.015225965625, ""null_mean"": -0.001129374293, ""null_std"": 0.023478653547, ""z_score"": 0.696604679022, ""empirical_p"": 0.50495049505, ""null_samples"": 100}"
C:\github\5hr-conlang\riemann_analysis\rrlang\outputs\controls_paper_minimum_v0_3_nulls100\control_mesu_udhr_duplicated_x4.json,controls_paper_minimum_v0_3_nulls100,,,,mesu,unknown,unknown,,,,,,,,,frequency_class,868,,,mid_frequency,Token positions in frequency class mid_frequency.,12,prime_index_occupancy_bias,density_shuffle,0.007447698745,0.000514923291,0.010120665153,0.68501183946,0.68501183946,0.70297029703,,"{""name"": ""prime_index_occupancy_bias"", ""null_model"": ""density_shuffle"", ""observed"": 0.007447698745, ""null_mean"": 0.000514923291, ""null_std"": 0.010120665153, ""z_score"": 0.68501183946, ""empirical_p"": 0.70297029703, ""null_samples"": 100}"
C:\github\5hr-conlang\riemann_analysis\rrlang\outputs\controls_paper_minimum_v0_3_nulls100\control_mesu_udhr_duplicated_x4.json,controls_paper_minimum_v0_3_nulls100,,,,mesu,unknown,unknown,,,,,,,,,frequency_class,868,,,mid_frequency,Token positions in frequency class mid_frequency.,12,critical_line_symmetry,gap_order_shuffle,0.795948626284,0.783967392597,0.017677447839,0.677769426674,0.677769426674,0.435643564356,,"{""name"": ""critical_line_symmetry"", ""null_model"": ""gap_order_shuffle"", ""observed"": 0.795948626284, ""null_mean"": 0.783967392597, ""null_std"": 0.017677447839, ""z_score"": 0.677769426674, ""empirical_p"": 0.435643564356, ""null_samples"": 100}"
C:\github\5hr-conlang\riemann_analysis\rrlang\outputs\controls_paper_minimum_v0_3_nulls100\control_mesu_udhr_duplicated_x4.json,controls_paper_minimum_v0_3_nulls100,,,,mesu,unknown,unknown,,,,,,,,,grapheme,2795,,,whitespace,Whitespace positions.,583,prime_index_occupancy_bias,gap_order_shuffle,0.015225965625,-0.000249379079,0.022921888845,0.675133921487,0.675133921487,0.574257425743,,"{""name"": ""prime_index_occupancy_bias"", ""null_model"": ""gap_order_shuffle"", ""observed"": 0.015225965625, ""null_mean"": -0.000249379079, ""null_std"": 0.022921888845, ""z_score"": 0.675133921487, ""empirical_p"": 0.574257425743, ""null_samples"": 100}"
C:\github\5hr-conlang\riemann_analysis\rrlang\outputs\controls_paper_minimum_v0_3_nulls100\control_mesu_udhr_duplicated_x4.json,controls_paper_minimum_v0_3_nulls100,,,,mesu,unknown,unknown,,,,,,,,,grapheme_class,2795,,,consonant,Positions classified as consonant in the grapheme-class stream.,972,critical_line_symmetry,markov_1,0.822043838848,0.848238465739,0.039316093418,-0.666257112889,0.666257112889,0.485148514851,,"{""name"": ""critical_line_symmetry"", ""null_model"": ""markov_1"", ""observed"": 0.822043838848, ""null_mean"": 0.848238465739, ""null_std"": 0.039316093418, ""z_score"": -0.666257112889, ""empirical_p"": 0.485148514851, ""null_samples"": 100}"
C:\github\5hr-conlang\riemann_analysis\rrlang\outputs\controls_paper_minimum_v0_3_nulls100\control_mesu_udhr_duplicated_x4.json,controls_paper_minimum_v0_3_nulls100,,,,mesu,unknown,unknown,,,,,,,,,frequency_class,868,,,high_frequency,Token positions in frequency class high_frequency.,856,prime_index_occupancy_bias,gap_order_shuffle,-0.007447698745,-0.000434309623,0.010542227653,-0.665266331947,0.665266331947,0.653465346535,,"{""name"": ""prime_index_occupancy_bias"", ""null_model"": ""gap_order_shuffle"", ""observed"": -0.007447698745, ""null_mean"": -0.000434309623, ""null_std"": 0.010542227653, ""z_score"": -0.665266331947, ""empirical_p"": 0.653465346535, ""null_samples"": 100}"
C:\github\5hr-conlang\riemann_analysis\rrlang\outputs\controls_paper_minimum_v0_3_nulls100\control_mesu_udhr_duplicated_x4.json,controls_paper_minimum_v0_3_nulls100,,,,mesu,unknown,unknown,,,,,,,,,word_boundary,2795,,,word_boundary,Positions marked as word boundaries after declared whitespace preprocessing.,583,prime_index_occupancy_bias,markov_1,0.015225965625,0.002033422449,0.019874460169,0.663793786787,0.663793786787,0.50495049505,,"{""name"": ""prime_index_occupancy_bias"", ""null_model"": ""markov_1"", ""observed"": 0.015225965625, ""null_mean"": 0.002033422449, ""null_std"": 0.019874460169, ""z_score"": 0.663793786787, ""empirical_p"": 0.50495049505, ""null_samples"": 100}"
C:\github\5hr-conlang\riemann_analysis\rrlang\outputs\controls_paper_minimum_v0_3_nulls100\control_mesu_udhr_duplicated_x4.json,controls_paper_minimum_v0_3_nulls100,,,,mesu,unknown,unknown,,,,,,,,,frequency_class,868,,,mid_frequency,Token positions in frequency class mid_frequency.,12,zeta_spectral_coherence,density_shuffle,2.7721165e-05,8.5279717e-05,8.6915675e-05,-0.662234426829,0.662234426829,0.257425742574,,"{""name"": ""zeta_spectral_coherence"", ""null_model"": ""density_shuffle"", ""observed"": 2.7721165e-05, ""null_mean"": 8.5279717e-05, ""null_std"": 8.6915675e-05, ""z_score"": -0.662234426829, ""empirical_p"": 0.257425742574, ""null_samples"": 100}"
C:\github\5hr-conlang\riemann_analysis\rrlang\outputs\controls_paper_minimum_v0_3_nulls100\control_mesu_udhr_duplicated_x4.json,controls_paper_minimum_v0_3_nulls100,,,,mesu,unknown,unknown,,,,,,,,,grapheme_class,2795,,,punctuation,Positions classified as punctuation in the grapheme-class stream.,372,zeta_spectral_coherence,markov_2,0.000164532385,0.000251203445,0.000131524648,-0.658971999512,0.658971999512,0.485148514851,False,"{""name"": ""zeta_spectral_coherence"", ""null_model"": ""markov_2"", ""observed"": 0.000164532385, ""null_mean"": 0.000251203445, ""null_std"": 0.000131524648, ""z_score"": -0.658971999512, ""empirical_p"": 0.485148514851, ""null_samples"": 100}"
C:\github\5hr-conlang\riemann_analysis\rrlang\outputs\controls_paper_minimum_v0_3_nulls100\control_mesu_udhr_punctuation_noise_every5.json,controls_paper_minimum_v0_3_nulls100,,,,mesu,unknown,unknown,,,,,,,,,frequency_class,267,,,hapax,Token positions in frequency class hapax.,7,zeta_spectral_coherence,density_shuffle,0.000177784841,0.000523441428,0.000525020271,-0.658368079561,0.658368079561,0.336633663366,,"{""name"": ""zeta_spectral_coherence"", ""null_model"": ""density_shuffle"", ""observed"": 0.000177784841, ""null_mean"": 0.000523441428, ""null_std"": 0.000525020271, ""z_score"": -0.658368079561, ""empirical_p"": 0.336633663366, ""null_samples"": 100}"
C:\github\5hr-conlang\riemann_analysis\rrlang\outputs\controls_paper_minimum_v0_3_nulls100\control_mesu_udhr_punctuation_noise_every5.json,controls_paper_minimum_v0_3_nulls100,,,,mesu,unknown,unknown,,,,,,,,,grapheme,891,,,vowel,Basic Latin-vowel positions plus common accented vowels.,217,prime_index_occupancy_bias,density_shuffle,-0.027862083569,-0.001006140599,0.040937632153,-0.656020916633,0.656020916633,0.524752475248,,"{""name"": ""prime_index_occupancy_bias"", ""null_model"": ""density_shuffle"", ""observed"": -0.027862083569, ""null_mean"": -0.001006140599, ""null_std"": 0.040937632153, ""z_score"": -0.656020916633, ""empirical_p"": 0.524752475248, ""null_samples"": 100}"
C:\github\5hr-conlang\riemann_analysis\rrlang\outputs\controls_paper_minimum_v0_3_nulls100\control_random_bits_seed1337_len12000.json,controls_paper_minimum_v0_3_nulls100,,,,unknown,unknown,unknown,,,,,,,,,grapheme_class,12149,,,whitespace,Positions classified as whitespace in the grapheme-class stream.,149,zeta_spectral_coherence,markov_1,5.26858e-07,1.2449909e-05,1.8265835e-05,-0.652751512076,0.652751512076,0.069306930693,,"{""name"": ""zeta_spectral_coherence"", ""null_model"": ""markov_1"", ""observed"": 5.26858e-07, ""null_mean"": 1.2449909e-05, ""null_std"": 1.8265835e-05, ""z_score"": -0.652751512076, ""empirical_p"": 0.069306930693, ""null_samples"": 100}"
C:\github\5hr-conlang\riemann_analysis\rrlang\outputs\controls_paper_minimum_v0_3_nulls100\control_mesu_udhr_duplicated_x4.json,controls_paper_minimum_v0_3_nulls100,,,,mesu,unknown,unknown,,,,,,,,,grapheme,2795,,,whitespace,Whitespace positions.,583,prime_index_occupancy_bias,density_shuffle,0.015225965625,0.001522575934,0.021095833123,0.649578028543,0.649578028543,0.524752475248,,"{""name"": ""prime_index_occupancy_bias"", ""null_model"": ""density_shuffle"", ""observed"": 0.015225965625, ""null_mean"": 0.001522575934, ""null_std"": 0.021095833123, ""z_score"": 0.649578028543, ""empirical_p"": 0.524752475248, ""null_samples"": 100}"
C:\github\5hr-conlang\riemann_analysis\rrlang\outputs\controls_paper_minimum_v0_3_nulls100\control_random_bits_seed1337_len12000.json,controls_paper_minimum_v0_3_nulls100,,,,unknown,unknown,unknown,,,,,,,,,grapheme,12149,,,whitespace,Whitespace positions.,149,zeta_spectral_coherence,markov_1,5.26858e-07,1.0400858e-05,1.5233643e-05,-0.648170627355,0.648170627355,0.079207920792,,"{""name"": ""zeta_spectral_coherence"", ""null_model"": ""markov_1"", ""observed"": 5.26858e-07, ""null_mean"": 1.0400858e-05, ""null_std"": 1.5233643e-05, ""z_score"": -0.648170627355, ""empirical_p"": 0.079207920792, ""null_samples"": 100}"
C:\github\5hr-conlang\riemann_analysis\rrlang\outputs\controls_paper_minimum_v0_3_nulls100\control_mesu_udhr_punctuation_noise_every5.json,controls_paper_minimum_v0_3_nulls100,,,,mesu,unknown,unknown,,,,,,,,,grapheme,891,,,punctuation,Punctuation positions under the declared punctuation/hyphen policies.,203,critical_line_symmetry,markov_2,0.885800397088,0.860912145305,0.038656355402,0.643833375496,0.643833375496,0.554455445545,False,"{""name"": ""critical_line_symmetry"", ""null_model"": ""markov_2"", ""observed"": 0.885800397088, ""null_mean"": 0.860912145305, ""null_std"": 0.038656355402, ""z_score"": 0.643833375496, ""empirical_p"": 0.554455445545, ""null_samples"": 100}"
C:\github\5hr-conlang\riemann_analysis\rrlang\outputs\controls_paper_minimum_v0_3_nulls100\control_mesu_udhr_punctuation_noise_every5.json,controls_paper_minimum_v0_3_nulls100,,,,mesu,unknown,unknown,,,,,,,,,grapheme_class,891,,,vowel,Positions classified as vowel in the grapheme-class stream.,217,prime_index_occupancy_bias,density_shuffle,-0.027862083569,-0.005744635799,0.03480494301,-0.635468581676,0.635468581676,0.524752475248,,"{""name"": ""prime_index_occupancy_bias"", ""null_model"": ""density_shuffle"", ""observed"": -0.027862083569, ""null_mean"": -0.005744635799, ""null_std"": 0.03480494301, ""z_score"": -0.635468581676, ""empirical_p"": 0.524752475248, ""null_samples"": 100}"
C:\github\5hr-conlang\riemann_analysis\rrlang\outputs\controls_paper_minimum_v0_3_nulls100\control_mesu_udhr_duplicated_x4.json,controls_paper_minimum_v0_3_nulls100,,,,mesu,unknown,unknown,,,,,,,,,frequency_class,868,,,high_frequency,Token positions in frequency class high_frequency.,856,prime_index_occupancy_bias,markov_2,-0.007447698745,-0.00030292887,0.011315648045,-0.631406159501,0.631406159501,0.534653465347,False,"{""name"": ""prime_index_occupancy_bias"", ""null_model"": ""markov_2"", ""observed"": -0.007447698745, ""null_mean"": -0.00030292887, ""null_std"": 0.011315648045, ""z_score"": -0.631406159501, ""empirical_p"": 0.534653465347, ""null_samples"": 100}"
C:\github\5hr-conlang\riemann_analysis\rrlang\outputs\controls_paper_minimum_v0_3_nulls100\control_mesu_udhr_duplicated_x4.json,controls_paper_minimum_v0_3_nulls100,,,,mesu,unknown,unknown,,,,,,,,,frequency_class,868,,,mid_frequency,Token positions in frequency class mid_frequency.,12,prime_gap_affinity,markov_1,0.363636363636,0.26388142121,0.158518773755,0.629294184298,0.629294184298,0.524752475248,,"{""name"": ""prime_gap_affinity"", ""null_model"": ""markov_1"", ""observed"": 0.363636363636, ""null_mean"": 0.26388142121, ""null_std"": 0.158518773755, ""z_score"": 0.629294184298, ""empirical_p"": 0.524752475248, ""null_samples"": 100}"
C:\github\5hr-conlang\riemann_analysis\rrlang\outputs\controls_paper_minimum_v0_3_nulls100\control_mesu_udhr_duplicated_x4.json,controls_paper_minimum_v0_3_nulls100,,,,mesu,unknown,unknown,,,,,,,,,grapheme,2795,,,punctuation,Punctuation positions under the declared punctuation/hyphen policies.,372,zeta_spectral_coherence,markov_2,0.000164532385,0.000227311968,9.9856583e-05,-0.628697495174,0.628697495174,0.50495049505,False,"{""name"": ""zeta_spectral_coherence"", ""null_model"": ""markov_2"", ""observed"": 0.000164532385, ""null_mean"": 0.000227311968, ""null_std"": 9.9856583e-05, ""z_score"": -0.628697495174, ""empirical_p"": 0.50495049505, ""null_samples"": 100}"
C:\github\5hr-conlang\riemann_analysis\rrlang\outputs\controls_paper_minimum_v0_3_nulls100\control_mesu_udhr_duplicated_x4.json,controls_paper_minimum_v0_3_nulls100,,,,mesu,unknown,unknown,,,,,,,,,frequency_class,868,,,high_frequency,Token positions in frequency class high_frequency.,856,zeta_spectral_coherence,gap_order_shuffle,2.7721165e-05,9.7560555e-05,0.000111136411,-0.628411425374,0.628411425374,0.227722772277,,"{""name"": ""zeta_spectral_coherence"", ""null_model"": ""gap_order_shuffle"", ""observed"": 2.7721165e-05, ""null_mean"": 9.7560555e-05, ""null_std"": 0.000111136411, ""z_score"": -0.628411425374, ""empirical_p"": 0.227722772277, ""null_samples"": 100}"
C:\github\5hr-conlang\riemann_analysis\rrlang\outputs\controls_paper_minimum_v0_3_nulls100\control_mesu_udhr_duplicated_x4.json,controls_paper_minimum_v0_3_nulls100,,,,mesu,unknown,unknown,,,,,,,,,grapheme_class,2795,,,whitespace,Positions classified as whitespace in the grapheme-class stream.,583,critical_line_symmetry,gap_order_shuffle,0.77879176948,0.800436092407,0.034683343277,-0.624055263454,0.624055263454,0.50495049505,,"{""name"": ""critical_line_symmetry"", ""null_model"": ""gap_order_shuffle"", ""observed"": 0.77879176948, ""null_mean"": 0.800436092407, ""null_std"": 0.034683343277, ""z_score"": -0.624055263454, ""empirical_p"": 0.50495049505, ""null_samples"": 100}"
C:\github\5hr-conlang\riemann_analysis\rrlang\outputs\controls_paper_minimum_v0_3_nulls100\control_mesu_udhr_duplicated_x4.json,controls_paper_minimum_v0_3_nulls100,,,,mesu,unknown,unknown,,,,,,,,,frequency_class,868,,,mid_frequency,Token positions in frequency class mid_frequency.,12,prime_index_occupancy_bias,markov_2,0.007447698745,0.000388005579,0.011339324345,0.622584992822,0.622584992822,0.584158415842,False,"{""name"": ""prime_index_occupancy_bias"", ""null_model"": ""markov_2"", ""observed"": 0.007447698745, ""null_mean"": 0.000388005579, ""null_std"": 0.011339324345, ""z_score"": 0.622584992822, ""empirical_p"": 0.584158415842, ""null_samples"": 100}"
C:\github\5hr-conlang\riemann_analysis\rrlang\outputs\controls_paper_minimum_v0_3_nulls100\control_mesu_udhr_duplicated_x4.json,controls_paper_minimum_v0_3_nulls100,,,,mesu,unknown,unknown,,,,,,,,,grapheme_class,2795,,,vowel,Positions classified as vowel in the grapheme-class stream.,868,prime_index_occupancy_bias,markov_2,0.016915447517,6.5702074e-05,0.027470354626,0.613379247286,0.613379247286,0.534653465347,False,"{""name"": ""prime_index_occupancy_bias"", ""null_model"": ""markov_2"", ""observed"": 0.016915447517, ""null_mean"": 6.5702074e-05, ""null_std"": 0.027470354626, ""z_score"": 0.613379247286, ""empirical_p"": 0.534653465347, ""null_samples"": 100}"
C:\github\5hr-conlang\riemann_analysis\rrlang\outputs\controls_paper_minimum_v0_3_nulls100\control_mesu_udhr_punctuation_noise_every5.json,controls_paper_minimum_v0_3_nulls100,,,,mesu,unknown,unknown,,,,,,,,,grapheme,891,,,vowel,Basic Latin-vowel positions plus common accented vowels.,217,prime_index_occupancy_bias,markov_1,-0.027862083569,-0.000683229814,0.044832644523,-0.606229100343,0.606229100343,0.554455445545,,"{""name"": ""prime_index_occupancy_bias"", ""null_model"": ""markov_1"", ""observed"": -0.027862083569, ""null_mean"": -0.000683229814, ""null_std"": 0.044832644523, ""z_score"": -0.606229100343, ""empirical_p"": 0.554455445545, ""null_samples"": 100}"
C:\github\5hr-conlang\riemann_analysis\rrlang\outputs\controls_paper_minimum_v0_3_nulls100\control_mesu_udhr_duplicated_x4.json,controls_paper_minimum_v0_3_nulls100,,,,mesu,unknown,unknown,,,,,,,,,frequency_class,868,,,mid_frequency,Token positions in frequency class mid_frequency.,12,prime_gap_affinity,density_shuffle,0.363636363636,0.277272727273,0.143521940685,0.601745182314,0.601745182314,0.732673267327,,"{""name"": ""prime_gap_affinity"", ""null_model"": ""density_shuffle"", ""observed"": 0.363636363636, ""null_mean"": 0.277272727273, ""null_std"": 0.143521940685, ""z_score"": 0.601745182314, ""empirical_p"": 0.732673267327, ""null_samples"": 100}"
C:\github\5hr-conlang\riemann_analysis\rrlang\outputs\controls_paper_minimum_v0_3_nulls100\control_mesu_udhr_punctuation_noise_every5.json,controls_paper_minimum_v0_3_nulls100,,,,mesu,unknown,unknown,,,,,,,,,grapheme,891,,,whitespace,Whitespace positions.,228,prime_index_occupancy_bias,markov_1,0.020009881423,-0.005668231225,0.043251810248,0.593688738142,0.593688738142,0.554455445545,,"{""name"": ""prime_index_occupancy_bias"", ""null_model"": ""markov_1"", ""observed"": 0.020009881423, ""null_mean"": -0.005668231225, ""null_std"": 0.043251810248, ""z_score"": 0.593688738142, ""empirical_p"": 0.554455445545, ""null_samples"": 100}"
C:\github\5hr-conlang\riemann_analysis\rrlang\outputs\controls_paper_minimum_v0_3_nulls100\control_mesu_udhr_punctuation_noise_every5.json,controls_paper_minimum_v0_3_nulls100,,,,mesu,unknown,unknown,,,,,,,,,frequency_class,267,,,hapax,Token positions in frequency class hapax.,7,run_entropy,markov_1,2.596791631982,2.476305988343,0.204056885022,0.590451253954,0.590451253954,0.554455445545,,"{""name"": ""run_entropy"", ""null_model"": ""markov_1"", ""observed"": 2.596791631982, ""null_mean"": 2.476305988343, ""null_std"": 0.204056885022, ""z_score"": 0.590451253954, ""empirical_p"": 0.554455445545, ""null_samples"": 100}"
C:\github\5hr-conlang\riemann_analysis\rrlang\outputs\controls_paper_minimum_v0_3_nulls100\control_mesu_udhr_duplicated_x4.json,controls_paper_minimum_v0_3_nulls100,,,,mesu,unknown,unknown,,,,,,,,,frequency_class,868,,,high_frequency,Token positions in frequency class high_frequency.,856,prime_index_occupancy_bias,markov_1,-0.007447698745,-0.000584658298,0.011684209234,-0.587377400458,0.587377400458,0.584158415842,,"{""name"": ""prime_index_occupancy_bias"", ""null_model"": ""markov_1"", ""observed"": -0.007447698745, ""null_mean"": -0.000584658298, ""null_std"": 0.011684209234, ""z_score"": -0.587377400458, ""empirical_p"": 0.584158415842, ""null_samples"": 100}"
C:\github\5hr-conlang\riemann_analysis\rrlang\outputs\controls_paper_minimum_v0_3_nulls100\control_mesu_udhr_punctuation_noise_every5.json,controls_paper_minimum_v0_3_nulls100,,,,mesu,unknown,unknown,,,,,,,,,word_boundary,891,,,word_boundary,Positions marked as word boundaries after declared whitespace preprocessing.,228,prime_index_occupancy_bias,gap_order_shuffle,0.020009881423,-0.003232636928,0.03978762161,0.584164556978,0.584164556978,0.594059405941,,"{""name"": ""prime_index_occupancy_bias"", ""null_model"": ""gap_order_shuffle"", ""observed"": 0.020009881423, ""null_mean"": -0.003232636928, ""null_std"": 0.03978762161, ""z_score"": 0.584164556978, ""empirical_p"": 0.594059405941, ""null_samples"": 100}"
