report_file,report_group,experiment,status,language_reported,language_guess,corpus_family,source,input,input_bytes,input_chars,cleaned_chars,null_samples,seed,tool_version,hyphen_policy,encoding,encoding_sequence_len,encoding_unique_symbols,encoding_symbol_entropy_bits,event,event_description,event_count,metric,null_model,observed,null_mean,null_std,z,abs_z,p_emp,survives_markov_2,raw_metric_json
outputs\corpus_batch_curated\testdata_datasets_controls_duplicated_udhr_mesu.json,corpus_batch_curated,,,,mesu,controls,controls,,,,,,,,,utf8_bits,16768,,,bit_one,Positions where the bitstream contains 1.,7655,gap_entropy,markov_2,2.047690955921,2.144400670056,0.014272408976,-6.77599095536,6.77599095536,0.038461538462,True,"{""name"": ""gap_entropy"", ""null_model"": ""markov_2"", ""observed"": 2.047690955921, ""null_mean"": 2.144400670056, ""null_std"": 0.014272408976, ""z_score"": -6.77599095536, ""empirical_p"": 0.038461538462, ""null_samples"": 25}"
outputs\corpus_batch_curated\testdata_datasets_controls_duplicated_udhr_mesu.json,corpus_batch_curated,,,,mesu,controls,controls,,,,,,,,,utf8_bits,16768,,,bit_one,Positions where the bitstream contains 1.,7655,run_entropy,markov_2,1.795398203265,1.870467804777,0.016899304263,-4.442171129916,4.442171129916,0.038461538462,True,"{""name"": ""run_entropy"", ""null_model"": ""markov_2"", ""observed"": 1.795398203265, ""null_mean"": 1.870467804777, ""null_std"": 0.016899304263, ""z_score"": -4.442171129916, ""empirical_p"": 0.038461538462, ""null_samples"": 25}"
outputs\corpus_batch_curated\testdata_datasets_controls_duplicated_udhr_mesu.json,corpus_batch_curated,,,,mesu,controls,controls,,,,,,,,,utf8_bits,16768,,,bit_one,Positions where the bitstream contains 1.,7655,prime_gap_affinity,markov_2,0.530572249804,0.482608530016,0.005418245939,8.852259629066,8.852259629066,0.038461538462,True,"{""name"": ""prime_gap_affinity"", ""null_model"": ""markov_2"", ""observed"": 0.530572249804, ""null_mean"": 0.482608530016, ""null_std"": 0.005418245939, ""z_score"": 8.852259629066, ""empirical_p"": 0.038461538462, ""null_samples"": 25}"
outputs\corpus_batch_curated\testdata_datasets_controls_duplicated_udhr_mesu.json,corpus_batch_curated,,,,mesu,controls,controls,,,,,,,,,utf8_bits,16768,,,bit_transition,Positions where the bitstream changes from the previous bit.,8896,gap_entropy,markov_2,1.795588719526,1.87501315896,0.012025637482,-6.604592858359,6.604592858359,0.038461538462,True,"{""name"": ""gap_entropy"", ""null_model"": ""markov_2"", ""observed"": 1.795588719526, ""null_mean"": 1.87501315896, ""null_std"": 0.012025637482, ""z_score"": -6.604592858359, ""empirical_p"": 0.038461538462, ""null_samples"": 25}"
outputs\corpus_batch_curated\testdata_datasets_controls_duplicated_udhr_mesu.json,corpus_batch_curated,,,,mesu,controls,controls,,,,,,,,,utf8_bits,16768,,,bit_transition,Positions where the bitstream changes from the previous bit.,8896,prime_index_occupancy_bias,markov_2,-0.051480165945,0.000230303478,0.011712060451,-4.415147073294,4.415147073294,0.038461538462,True,"{""name"": ""prime_index_occupancy_bias"", ""null_model"": ""markov_2"", ""observed"": -0.051480165945, ""null_mean"": 0.000230303478, ""null_std"": 0.011712060451, ""z_score"": -4.415147073294, ""empirical_p"": 0.038461538462, ""null_samples"": 25}"
outputs\corpus_batch_curated\testdata_datasets_controls_duplicated_udhr_mesu.json,corpus_batch_curated,,,,mesu,controls,controls,,,,,,,,,utf8_bits,16768,,,bit_transition,Positions where the bitstream changes from the previous bit.,8896,prime_gap_affinity,markov_2,0.392467678471,0.413171678842,0.004351784235,-4.757588899738,4.757588899738,0.038461538462,True,"{""name"": ""prime_gap_affinity"", ""null_model"": ""markov_2"", ""observed"": 0.392467678471, ""null_mean"": 0.413171678842, ""null_std"": 0.004351784235, ""z_score"": -4.757588899738, ""empirical_p"": 0.038461538462, ""null_samples"": 25}"
outputs\corpus_batch_curated\testdata_datasets_controls_duplicated_udhr_mesu.json,corpus_batch_curated,,,,mesu,controls,controls,,,,,,,,,grapheme,2096,,,punctuation,Punctuation positions under the declared punctuation/hyphen policies.,279,gap_entropy,markov_2,3.300139438354,3.674832947746,0.074276321406,-5.044588938992,5.044588938992,0.038461538462,True,"{""name"": ""gap_entropy"", ""null_model"": ""markov_2"", ""observed"": 3.300139438354, ""null_mean"": 3.674832947746, ""null_std"": 0.074276321406, ""z_score"": -5.044588938992, ""empirical_p"": 0.038461538462, ""null_samples"": 25}"
outputs\corpus_batch_curated\testdata_datasets_controls_duplicated_udhr_mesu.json,corpus_batch_curated,,,,mesu,controls,controls,,,,,,,,,grapheme,2096,,,punctuation,Punctuation positions under the declared punctuation/hyphen policies.,279,run_entropy,markov_2,2.649409528977,2.838342917029,0.036123124096,-5.230261578381,5.230261578381,0.038461538462,True,"{""name"": ""run_entropy"", ""null_model"": ""markov_2"", ""observed"": 2.649409528977, ""null_mean"": 2.838342917029, ""null_std"": 0.036123124096, ""z_score"": -5.230261578381, ""empirical_p"": 0.038461538462, ""null_samples"": 25}"
outputs\corpus_batch_curated\testdata_datasets_controls_duplicated_udhr_mesu.json,corpus_batch_curated,,,,mesu,controls,controls,,,,,,,,,grapheme_class,2096,,,vowel,Positions classified as vowel in the grapheme-class stream.,651,prime_gap_affinity,markov_2,0.761538461538,0.815436326878,0.015667283605,-3.440153806955,3.440153806955,0.038461538462,True,"{""name"": ""prime_gap_affinity"", ""null_model"": ""markov_2"", ""observed"": 0.761538461538, ""null_mean"": 0.815436326878, ""null_std"": 0.015667283605, ""z_score"": -3.440153806955, ""empirical_p"": 0.038461538462, ""null_samples"": 25}"
outputs\corpus_batch_curated\testdata_datasets_controls_duplicated_udhr_mesu.json,corpus_batch_curated,,,,mesu,controls,controls,,,,,,,,,grapheme_class,2096,,,whitespace,Positions classified as whitespace in the grapheme-class stream.,437,gap_entropy,markov_2,2.896741885045,3.121854416983,0.071601979278,-3.143942865939,3.143942865939,0.038461538462,True,"{""name"": ""gap_entropy"", ""null_model"": ""markov_2"", ""observed"": 2.896741885045, ""null_mean"": 3.121854416983, ""null_std"": 0.071601979278, ""z_score"": -3.143942865939, ""empirical_p"": 0.038461538462, ""null_samples"": 25}"
outputs\corpus_batch_curated\testdata_datasets_controls_duplicated_udhr_mesu.json,corpus_batch_curated,,,,mesu,controls,controls,,,,,,,,,grapheme_class,2096,,,punctuation,Positions classified as punctuation in the grapheme-class stream.,279,gap_entropy,markov_2,3.300139438354,3.671835747103,0.070551291651,-5.268455049515,5.268455049515,0.038461538462,True,"{""name"": ""gap_entropy"", ""null_model"": ""markov_2"", ""observed"": 3.300139438354, ""null_mean"": 3.671835747103, ""null_std"": 0.070551291651, ""z_score"": -5.268455049515, ""empirical_p"": 0.038461538462, ""null_samples"": 25}"
outputs\corpus_batch_curated\testdata_datasets_controls_duplicated_udhr_mesu.json,corpus_batch_curated,,,,mesu,controls,controls,,,,,,,,,grapheme_class,2096,,,punctuation,Positions classified as punctuation in the grapheme-class stream.,279,run_entropy,markov_2,2.649409528977,2.837341113873,0.034975171824,-5.373285536475,5.373285536475,0.038461538462,True,"{""name"": ""run_entropy"", ""null_model"": ""markov_2"", ""observed"": 2.649409528977, ""null_mean"": 2.837341113873, ""null_std"": 0.034975171824, ""z_score"": -5.373285536475, ""empirical_p"": 0.038461538462, ""null_samples"": 25}"
outputs\corpus_batch_curated\testdata_datasets_controls_duplicated_udhr_mesu.json,corpus_batch_curated,,,,mesu,controls,controls,,,,,,,,,word_boundary,2096,,,word_boundary,Positions marked as word boundaries after declared whitespace preprocessing.,437,gap_entropy,markov_2,2.896741885045,3.132731649549,0.056427502431,-4.182176320726,4.182176320726,0.038461538462,True,"{""name"": ""gap_entropy"", ""null_model"": ""markov_2"", ""observed"": 2.896741885045, ""null_mean"": 3.132731649549, ""null_std"": 0.056427502431, ""z_score"": -4.182176320726, ""empirical_p"": 0.038461538462, ""null_samples"": 25}"
outputs\corpus_batch_curated\testdata_datasets_controls_punctuation_noise_udhr_mesu.json,corpus_batch_curated,,,,mesu,controls,controls,,,,,,,,,utf8_bits,10512,,,bit_one,Positions where the bitstream contains 1.,3953,gap_entropy,markov_2,2.361902228302,2.527531096349,0.022595966338,-7.330019241842,7.330019241842,0.038461538462,True,"{""name"": ""gap_entropy"", ""null_model"": ""markov_2"", ""observed"": 2.361902228302, ""null_mean"": 2.527531096349, ""null_std"": 0.022595966338, ""z_score"": -7.330019241842, ""empirical_p"": 0.038461538462, ""null_samples"": 25}"
outputs\corpus_batch_curated\testdata_datasets_controls_punctuation_noise_udhr_mesu.json,corpus_batch_curated,,,,mesu,controls,controls,,,,,,,,,utf8_bits,10512,,,bit_one,Positions where the bitstream contains 1.,3953,run_entropy,markov_2,1.983587583953,2.110333723468,0.01864563254,-6.797631522653,6.797631522653,0.038461538462,True,"{""name"": ""run_entropy"", ""null_model"": ""markov_2"", ""observed"": 1.983587583953, ""null_mean"": 2.110333723468, ""null_std"": 0.01864563254, ""z_score"": -6.797631522653, ""empirical_p"": 0.038461538462, ""null_samples"": 25}"
outputs\corpus_batch_curated\testdata_datasets_controls_punctuation_noise_udhr_mesu.json,corpus_batch_curated,,,,mesu,controls,controls,,,,,,,,,utf8_bits,10512,,,bit_one,Positions where the bitstream contains 1.,3953,prime_gap_affinity,markov_2,0.555414979757,0.464044141741,0.007119867312,12.83322202599,12.83322202599,0.038461538462,True,"{""name"": ""prime_gap_affinity"", ""null_model"": ""markov_2"", ""observed"": 0.555414979757, ""null_mean"": 0.464044141741, ""null_std"": 0.007119867312, ""z_score"": 12.83322202599, ""empirical_p"": 0.038461538462, ""null_samples"": 25}"
outputs\corpus_batch_curated\testdata_datasets_controls_punctuation_noise_udhr_mesu.json,corpus_batch_curated,,,,mesu,controls,controls,,,,,,,,,utf8_bits,10512,,,bit_one,Positions where the bitstream contains 1.,3953,zeta_spectral_coherence,markov_2,0.000527965674,0.000218475262,8.1560207e-05,3.7946251656,3.7946251656,0.038461538462,True,"{""name"": ""zeta_spectral_coherence"", ""null_model"": ""markov_2"", ""observed"": 0.000527965674, ""null_mean"": 0.000218475262, ""null_std"": 8.1560207e-05, ""z_score"": 3.7946251656, ""empirical_p"": 0.038461538462, ""null_samples"": 25}"
outputs\corpus_batch_curated\testdata_datasets_controls_punctuation_noise_udhr_mesu.json,corpus_batch_curated,,,,mesu,controls,controls,,,,,,,,,utf8_bits,10512,,,bit_transition,Positions where the bitstream changes from the previous bit.,4957,gap_entropy,markov_2,1.983286218151,2.098330478656,0.020688685684,-5.560733159391,5.560733159391,0.038461538462,True,"{""name"": ""gap_entropy"", ""null_model"": ""markov_2"", ""observed"": 1.983286218151, ""null_mean"": 2.098330478656, ""null_std"": 0.020688685684, ""z_score"": -5.560733159391, ""empirical_p"": 0.038461538462, ""null_samples"": 25}"
outputs\corpus_batch_curated\testdata_datasets_controls_punctuation_noise_udhr_mesu.json,corpus_batch_curated,,,,mesu,controls,controls,,,,,,,,,utf8_bits,10512,,,bit_transition,Positions where the bitstream changes from the previous bit.,4957,prime_gap_affinity,markov_2,0.358958837772,0.406931661232,0.005384973948,-8.908645412428,8.908645412428,0.038461538462,True,"{""name"": ""prime_gap_affinity"", ""null_model"": ""markov_2"", ""observed"": 0.358958837772, ""null_mean"": 0.406931661232, ""null_std"": 0.005384973948, ""z_score"": -8.908645412428, ""empirical_p"": 0.038461538462, ""null_samples"": 25}"
outputs\corpus_batch_curated\testdata_datasets_controls_punctuation_noise_udhr_mesu.json,corpus_batch_curated,,,,mesu,controls,controls,,,,,,,,,grapheme,1314,,,vowel,Basic Latin-vowel positions plus common accented vowels.,217,gap_entropy,markov_2,2.386845005385,3.204503669596,0.086360498746,-9.467970612505,9.467970612505,0.038461538462,True,"{""name"": ""gap_entropy"", ""null_model"": ""markov_2"", ""observed"": 2.386845005385, ""null_mean"": 3.204503669596, ""null_std"": 0.086360498746, ""z_score"": -9.467970612505, ""empirical_p"": 0.038461538462, ""null_samples"": 25}"
outputs\corpus_batch_curated\testdata_datasets_controls_punctuation_noise_udhr_mesu.json,corpus_batch_curated,,,,mesu,controls,controls,,,,,,,,,grapheme,1314,,,vowel,Basic Latin-vowel positions plus common accented vowels.,217,run_entropy,markov_2,2.193006151458,2.60092344686,0.044092929779,-9.251308485268,9.251308485268,0.038461538462,True,"{""name"": ""run_entropy"", ""null_model"": ""markov_2"", ""observed"": 2.193006151458, ""null_mean"": 2.60092344686, ""null_std"": 0.044092929779, ""z_score"": -9.251308485268, ""empirical_p"": 0.038461538462, ""null_samples"": 25}"
outputs\corpus_batch_curated\testdata_datasets_controls_punctuation_noise_udhr_mesu.json,corpus_batch_curated,,,,mesu,controls,controls,,,,,,,,,grapheme,1314,,,vowel,Basic Latin-vowel positions plus common accented vowels.,217,prime_gap_affinity,markov_2,0.648148148148,0.51986918356,0.031424010975,4.082195767123,4.082195767123,0.038461538462,True,"{""name"": ""prime_gap_affinity"", ""null_model"": ""markov_2"", ""observed"": 0.648148148148, ""null_mean"": 0.51986918356, ""null_std"": 0.031424010975, ""z_score"": 4.082195767123, ""empirical_p"": 0.038461538462, ""null_samples"": 25}"
outputs\corpus_batch_curated\testdata_datasets_controls_punctuation_noise_udhr_mesu.json,corpus_batch_curated,,,,mesu,controls,controls,,,,,,,,,grapheme,1314,,,consonant,Alphabetic non-vowel positions under the MVP classifier.,243,gap_entropy,markov_2,2.575126828764,3.280651155375,0.104095818694,-6.777643285409,6.777643285409,0.038461538462,True,"{""name"": ""gap_entropy"", ""null_model"": ""markov_2"", ""observed"": 2.575126828764, ""null_mean"": 3.280651155375, ""null_std"": 0.104095818694, ""z_score"": -6.777643285409, ""empirical_p"": 0.038461538462, ""null_samples"": 25}"
outputs\corpus_batch_curated\testdata_datasets_controls_punctuation_noise_udhr_mesu.json,corpus_batch_curated,,,,mesu,controls,controls,,,,,,,,,grapheme,1314,,,consonant,Alphabetic non-vowel positions under the MVP classifier.,243,run_entropy,markov_2,1.743015155844,2.109711633784,0.082805238218,-4.428421266963,4.428421266963,0.038461538462,True,"{""name"": ""run_entropy"", ""null_model"": ""markov_2"", ""observed"": 1.743015155844, ""null_mean"": 2.109711633784, ""null_std"": 0.082805238218, ""z_score"": -4.428421266963, ""empirical_p"": 0.038461538462, ""null_samples"": 25}"
outputs\corpus_batch_curated\testdata_datasets_controls_punctuation_noise_udhr_mesu.json,corpus_batch_curated,,,,mesu,controls,controls,,,,,,,,,grapheme,1314,,,consonant,Alphabetic non-vowel positions under the MVP classifier.,243,prime_gap_affinity,markov_2,0.797520661157,0.64020360891,0.027531388766,5.714097955,5.714097955,0.038461538462,True,"{""name"": ""prime_gap_affinity"", ""null_model"": ""markov_2"", ""observed"": 0.797520661157, ""null_mean"": 0.64020360891, ""null_std"": 0.027531388766, ""z_score"": 5.714097955, ""empirical_p"": 0.038461538462, ""null_samples"": 25}"
outputs\corpus_batch_curated\testdata_datasets_controls_punctuation_noise_udhr_mesu.json,corpus_batch_curated,,,,mesu,controls,controls,,,,,,,,,grapheme,1314,,,whitespace,Whitespace positions.,299,gap_entropy,markov_2,2.109175019449,2.749511069837,0.087241547753,-7.339806168993,7.339806168993,0.038461538462,True,"{""name"": ""gap_entropy"", ""null_model"": ""markov_2"", ""observed"": 2.109175019449, ""null_mean"": 2.749511069837, ""null_std"": 0.087241547753, ""z_score"": -7.339806168993, ""empirical_p"": 0.038461538462, ""null_samples"": 25}"
outputs\corpus_batch_curated\testdata_datasets_controls_punctuation_noise_udhr_mesu.json,corpus_batch_curated,,,,mesu,controls,controls,,,,,,,,,grapheme,1314,,,whitespace,Whitespace positions.,299,run_entropy,markov_2,1.777282280019,2.089928743611,0.05673966481,-5.5101922903,5.5101922903,0.038461538462,True,"{""name"": ""run_entropy"", ""null_model"": ""markov_2"", ""observed"": 1.777282280019, ""null_mean"": 2.089928743611, ""null_std"": 0.05673966481, ""z_score"": -5.5101922903, ""empirical_p"": 0.038461538462, ""null_samples"": 25}"
outputs\corpus_batch_curated\testdata_datasets_controls_punctuation_noise_udhr_mesu.json,corpus_batch_curated,,,,mesu,controls,controls,,,,,,,,,grapheme,1314,,,whitespace,Whitespace positions.,299,prime_gap_affinity,markov_2,0.298657718121,0.63202829914,0.027015532597,-12.339959607289,12.339959607289,0.038461538462,True,"{""name"": ""prime_gap_affinity"", ""null_model"": ""markov_2"", ""observed"": 0.298657718121, ""null_mean"": 0.63202829914, ""null_std"": 0.027015532597, ""z_score"": -12.339959607289, ""empirical_p"": 0.038461538462, ""null_samples"": 25}"
outputs\corpus_batch_curated\testdata_datasets_controls_punctuation_noise_udhr_mesu.json,corpus_batch_curated,,,,mesu,controls,controls,,,,,,,,,grapheme,1314,,,punctuation,Punctuation positions under the declared punctuation/hyphen policies.,555,run_entropy,markov_2,1.840036883423,2.430372301631,0.054681940098,-10.795802364602,10.795802364602,0.038461538462,True,"{""name"": ""run_entropy"", ""null_model"": ""markov_2"", ""observed"": 1.840036883423, ""null_mean"": 2.430372301631, ""null_std"": 0.054681940098, ""z_score"": -10.795802364602, ""empirical_p"": 0.038461538462, ""null_samples"": 25}"
outputs\corpus_batch_curated\testdata_datasets_controls_punctuation_noise_udhr_mesu.json,corpus_batch_curated,,,,mesu,controls,controls,,,,,,,,,grapheme_class,1314,,,vowel,Positions classified as vowel in the grapheme-class stream.,217,gap_entropy,markov_2,2.386845005385,3.163801493692,0.094091830766,-8.257427685112,8.257427685112,0.038461538462,True,"{""name"": ""gap_entropy"", ""null_model"": ""markov_2"", ""observed"": 2.386845005385, ""null_mean"": 3.163801493692, ""null_std"": 0.094091830766, ""z_score"": -8.257427685112, ""empirical_p"": 0.038461538462, ""null_samples"": 25}"
outputs\corpus_batch_curated\testdata_datasets_controls_punctuation_noise_udhr_mesu.json,corpus_batch_curated,,,,mesu,controls,controls,,,,,,,,,grapheme_class,1314,,,vowel,Positions classified as vowel in the grapheme-class stream.,217,run_entropy,markov_2,2.193006151458,2.58261919076,0.047012287099,-8.287472559731,8.287472559731,0.038461538462,True,"{""name"": ""run_entropy"", ""null_model"": ""markov_2"", ""observed"": 2.193006151458, ""null_mean"": 2.58261919076, ""null_std"": 0.047012287099, ""z_score"": -8.287472559731, ""empirical_p"": 0.038461538462, ""null_samples"": 25}"
outputs\corpus_batch_curated\testdata_datasets_controls_punctuation_noise_udhr_mesu.json,corpus_batch_curated,,,,mesu,controls,controls,,,,,,,,,grapheme_class,1314,,,vowel,Positions classified as vowel in the grapheme-class stream.,217,prime_gap_affinity,markov_2,0.648148148148,0.521521734719,0.034583102382,3.661511105317,3.661511105317,0.038461538462,True,"{""name"": ""prime_gap_affinity"", ""null_model"": ""markov_2"", ""observed"": 0.648148148148, ""null_mean"": 0.521521734719, ""null_std"": 0.034583102382, ""z_score"": 3.661511105317, ""empirical_p"": 0.038461538462, ""null_samples"": 25}"
outputs\corpus_batch_curated\testdata_datasets_controls_punctuation_noise_udhr_mesu.json,corpus_batch_curated,,,,mesu,controls,controls,,,,,,,,,grapheme_class,1314,,,consonant,Positions classified as consonant in the grapheme-class stream.,243,gap_entropy,markov_2,2.575126828764,3.23857873131,0.094124194441,-7.048686116136,7.048686116136,0.038461538462,True,"{""name"": ""gap_entropy"", ""null_model"": ""markov_2"", ""observed"": 2.575126828764, ""null_mean"": 3.23857873131, ""null_std"": 0.094124194441, ""z_score"": -7.048686116136, ""empirical_p"": 0.038461538462, ""null_samples"": 25}"
outputs\corpus_batch_curated\testdata_datasets_controls_punctuation_noise_udhr_mesu.json,corpus_batch_curated,,,,mesu,controls,controls,,,,,,,,,grapheme_class,1314,,,consonant,Positions classified as consonant in the grapheme-class stream.,243,run_entropy,markov_2,1.743015155844,2.08159686916,0.07621768148,-4.442298778181,4.442298778181,0.038461538462,True,"{""name"": ""run_entropy"", ""null_model"": ""markov_2"", ""observed"": 1.743015155844, ""null_mean"": 2.08159686916, ""null_std"": 0.07621768148, ""z_score"": -4.442298778181, ""empirical_p"": 0.038461538462, ""null_samples"": 25}"
outputs\corpus_batch_curated\testdata_datasets_controls_punctuation_noise_udhr_mesu.json,corpus_batch_curated,,,,mesu,controls,controls,,,,,,,,,grapheme_class,1314,,,consonant,Positions classified as consonant in the grapheme-class stream.,243,prime_gap_affinity,markov_2,0.797520661157,0.654266192423,0.024949525902,5.741771178244,5.741771178244,0.038461538462,True,"{""name"": ""prime_gap_affinity"", ""null_model"": ""markov_2"", ""observed"": 0.797520661157, ""null_mean"": 0.654266192423, ""null_std"": 0.024949525902, ""z_score"": 5.741771178244, ""empirical_p"": 0.038461538462, ""null_samples"": 25}"
outputs\corpus_batch_curated\testdata_datasets_controls_punctuation_noise_udhr_mesu.json,corpus_batch_curated,,,,mesu,controls,controls,,,,,,,,,grapheme_class,1314,,,whitespace,Positions classified as whitespace in the grapheme-class stream.,299,gap_entropy,markov_2,2.109175019449,2.769632496735,0.065030311563,-10.15614813177,10.15614813177,0.038461538462,True,"{""name"": ""gap_entropy"", ""null_model"": ""markov_2"", ""observed"": 2.109175019449, ""null_mean"": 2.769632496735, ""null_std"": 0.065030311563, ""z_score"": -10.15614813177, ""empirical_p"": 0.038461538462, ""null_samples"": 25}"
outputs\corpus_batch_curated\testdata_datasets_controls_punctuation_noise_udhr_mesu.json,corpus_batch_curated,,,,mesu,controls,controls,,,,,,,,,grapheme_class,1314,,,whitespace,Positions classified as whitespace in the grapheme-class stream.,299,run_entropy,markov_2,1.777282280019,2.106363676988,0.034162409251,-9.632850966338,9.632850966338,0.038461538462,True,"{""name"": ""run_entropy"", ""null_model"": ""markov_2"", ""observed"": 1.777282280019, ""null_mean"": 2.106363676988, ""null_std"": 0.034162409251, ""z_score"": -9.632850966338, ""empirical_p"": 0.038461538462, ""null_samples"": 25}"
outputs\corpus_batch_curated\testdata_datasets_controls_punctuation_noise_udhr_mesu.json,corpus_batch_curated,,,,mesu,controls,controls,,,,,,,,,grapheme_class,1314,,,whitespace,Positions classified as whitespace in the grapheme-class stream.,299,prime_gap_affinity,markov_2,0.298657718121,0.624140530549,0.024780552744,-13.134606632338,13.134606632338,0.038461538462,True,"{""name"": ""prime_gap_affinity"", ""null_model"": ""markov_2"", ""observed"": 0.298657718121, ""null_mean"": 0.624140530549, ""null_std"": 0.024780552744, ""z_score"": -13.134606632338, ""empirical_p"": 0.038461538462, ""null_samples"": 25}"
outputs\corpus_batch_curated\testdata_datasets_controls_punctuation_noise_udhr_mesu.json,corpus_batch_curated,,,,mesu,controls,controls,,,,,,,,,grapheme_class,1314,,,punctuation,Positions classified as punctuation in the grapheme-class stream.,555,run_entropy,markov_2,1.840036883423,2.434727136408,0.068550900466,-8.67516325742,8.67516325742,0.038461538462,True,"{""name"": ""run_entropy"", ""null_model"": ""markov_2"", ""observed"": 1.840036883423, ""null_mean"": 2.434727136408, ""null_std"": 0.068550900466, ""z_score"": -8.67516325742, ""empirical_p"": 0.038461538462, ""null_samples"": 25}"
outputs\corpus_batch_curated\testdata_datasets_controls_punctuation_noise_udhr_mesu.json,corpus_batch_curated,,,,mesu,controls,controls,,,,,,,,,word_boundary,1314,,,word_boundary,Positions marked as word boundaries after declared whitespace preprocessing.,299,gap_entropy,markov_2,2.109175019449,2.779287090396,0.059117379288,-11.335280403515,11.335280403515,0.038461538462,True,"{""name"": ""gap_entropy"", ""null_model"": ""markov_2"", ""observed"": 2.109175019449, ""null_mean"": 2.779287090396, ""null_std"": 0.059117379288, ""z_score"": -11.335280403515, ""empirical_p"": 0.038461538462, ""null_samples"": 25}"
outputs\corpus_batch_curated\testdata_datasets_controls_punctuation_noise_udhr_mesu.json,corpus_batch_curated,,,,mesu,controls,controls,,,,,,,,,word_boundary,1314,,,word_boundary,Positions marked as word boundaries after declared whitespace preprocessing.,299,run_entropy,markov_2,1.777282280019,2.11313898824,0.045844535462,-7.325992178486,7.325992178486,0.038461538462,True,"{""name"": ""run_entropy"", ""null_model"": ""markov_2"", ""observed"": 1.777282280019, ""null_mean"": 2.11313898824, ""null_std"": 0.045844535462, ""z_score"": -7.325992178486, ""empirical_p"": 0.038461538462, ""null_samples"": 25}"
outputs\corpus_batch_curated\testdata_datasets_controls_punctuation_noise_udhr_mesu.json,corpus_batch_curated,,,,mesu,controls,controls,,,,,,,,,word_boundary,1314,,,word_boundary,Positions marked as word boundaries after declared whitespace preprocessing.,299,prime_gap_affinity,markov_2,0.298657718121,0.624889730851,0.021727147357,-15.014949149469,15.014949149469,0.038461538462,True,"{""name"": ""prime_gap_affinity"", ""null_model"": ""markov_2"", ""observed"": 0.298657718121, ""null_mean"": 0.624889730851, ""null_std"": 0.021727147357, ""z_score"": -15.014949149469, ""empirical_p"": 0.038461538462, ""null_samples"": 25}"
outputs\corpus_batch_curated\testdata_datasets_controls_random_bits_10k.json,corpus_batch_curated,,,,unknown,controls,controls,,,,,,,,,utf8_bits,80024,,,bit_one,Positions where the bitstream contains 1.,24970,gap_entropy,markov_2,1.922667007377,2.502905936594,0.008007881457,-72.458481350114,72.458481350114,0.038461538462,True,"{""name"": ""gap_entropy"", ""null_model"": ""markov_2"", ""observed"": 1.922667007377, ""null_mean"": 2.502905936594, ""null_std"": 0.008007881457, ""z_score"": -72.458481350114, ""empirical_p"": 0.038461538462, ""null_samples"": 25}"
outputs\corpus_batch_curated\testdata_datasets_controls_random_bits_10k.json,corpus_batch_curated,,,,unknown,controls,controls,,,,,,,,,utf8_bits,80024,,,bit_one,Positions where the bitstream contains 1.,24970,run_entropy,markov_2,1.79314799993,2.245339421039,0.00899234464,-50.286264505474,50.286264505474,0.038461538462,True,"{""name"": ""run_entropy"", ""null_model"": ""markov_2"", ""observed"": 1.79314799993, ""null_mean"": 2.245339421039, ""null_std"": 0.00899234464, ""z_score"": -50.286264505474, ""empirical_p"": 0.038461538462, ""null_samples"": 25}"
outputs\corpus_batch_curated\testdata_datasets_controls_random_bits_10k.json,corpus_batch_curated,,,,unknown,controls,controls,,,,,,,,,utf8_bits,80024,,,bit_one,Positions where the bitstream contains 1.,24970,prime_index_occupancy_bias,markov_2,-0.067979456828,-0.000348819217,0.00338810432,-19.961202848135,19.961202848135,0.038461538462,True,"{""name"": ""prime_index_occupancy_bias"", ""null_model"": ""markov_2"", ""observed"": -0.067979456828, ""null_mean"": -0.000348819217, ""null_std"": 0.00338810432, ""z_score"": -19.961202848135, ""empirical_p"": 0.038461538462, ""null_samples"": 25}"
outputs\corpus_batch_curated\testdata_datasets_controls_random_bits_10k.json,corpus_batch_curated,,,,unknown,controls,controls,,,,,,,,,utf8_bits,80024,,,bit_one,Positions where the bitstream contains 1.,24970,prime_gap_affinity,markov_2,0.40065681445,0.353406869452,0.002611091384,18.095860332686,18.095860332686,0.038461538462,True,"{""name"": ""prime_gap_affinity"", ""null_model"": ""markov_2"", ""observed"": 0.40065681445, ""null_mean"": 0.353406869452, ""null_std"": 0.002611091384, ""z_score"": 18.095860332686, ""empirical_p"": 0.038461538462, ""null_samples"": 25}"
outputs\corpus_batch_curated\testdata_datasets_controls_random_bits_10k.json,corpus_batch_curated,,,,unknown,controls,controls,,,,,,,,,utf8_bits,80024,,,bit_transition,Positions where the bitstream changes from the previous bit.,29908,gap_entropy,markov_2,1.793094433278,2.273427985277,0.008633755876,-55.634368045259,55.634368045259,0.038461538462,True,"{""name"": ""gap_entropy"", ""null_model"": ""markov_2"", ""observed"": 1.793094433278, ""null_mean"": 2.273427985277, ""null_std"": 0.008633755876, ""z_score"": -55.634368045259, ""empirical_p"": 0.038461538462, ""null_samples"": 25}"
outputs\corpus_batch_curated\testdata_datasets_controls_random_bits_10k.json,corpus_batch_curated,,,,unknown,controls,controls,,,,,,,,,utf8_bits,80024,,,bit_transition,Positions where the bitstream changes from the previous bit.,29908,run_entropy,markov_2,1.158009720562,1.465796722354,0.00652407406,-47.177116471943,47.177116471943,0.038461538462,True,"{""name"": ""run_entropy"", ""null_model"": ""markov_2"", ""observed"": 1.158009720562, ""null_mean"": 1.465796722354, ""null_std"": 0.00652407406, ""z_score"": -47.177116471943, ""empirical_p"": 0.038461538462, ""null_samples"": 25}"
outputs\corpus_batch_curated\testdata_datasets_controls_random_bits_10k.json,corpus_batch_curated,,,,unknown,controls,controls,,,,,,,,,utf8_bits,80024,,,bit_transition,Positions where the bitstream changes from the previous bit.,29908,prime_index_occupancy_bias,markov_2,0.277584817709,-0.000525255245,0.006460294667,43.049131237416,43.049131237416,0.038461538462,True,"{""name"": ""prime_index_occupancy_bias"", ""null_model"": ""markov_2"", ""observed"": 0.277584817709, ""null_mean"": -0.000525255245, ""null_std"": 0.006460294667, ""z_score"": 43.049131237416, ""empirical_p"": 0.038461538462, ""null_samples"": 25}"
outputs\corpus_batch_curated\testdata_datasets_controls_random_bits_10k.json,corpus_batch_curated,,,,unknown,controls,controls,,,,,,,,,utf8_bits,80024,,,bit_transition,Positions where the bitstream changes from the previous bit.,29908,prime_gap_affinity,markov_2,0.665496372087,0.702332097094,0.001933400869,-19.052295666744,19.052295666744,0.038461538462,True,"{""name"": ""prime_gap_affinity"", ""null_model"": ""markov_2"", ""observed"": 0.665496372087, ""null_mean"": 0.702332097094, ""null_std"": 0.001933400869, ""z_score"": -19.052295666744, ""empirical_p"": 0.038461538462, ""null_samples"": 25}"
outputs\corpus_batch_curated\testdata_datasets_parallel_udhr_ar_udhr_ar.json,corpus_batch_curated,,,,ar,parallel_udhr,udhr,,,,,,,,,utf8_bits,110584,,,bit_one,Positions where the bitstream contains 1.,53311,gap_entropy,markov_2,1.858827899645,2.044768801358,0.005520026207,-33.684786036559,33.684786036559,0.038461538462,True,"{""name"": ""gap_entropy"", ""null_model"": ""markov_2"", ""observed"": 1.858827899645, ""null_mean"": 2.044768801358, ""null_std"": 0.005520026207, ""z_score"": -33.684786036559, ""empirical_p"": 0.038461538462, ""null_samples"": 25}"
outputs\corpus_batch_curated\testdata_datasets_parallel_udhr_ar_udhr_ar.json,corpus_batch_curated,,,,ar,parallel_udhr,udhr,,,,,,,,,utf8_bits,110584,,,bit_one,Positions where the bitstream contains 1.,53311,run_entropy,markov_2,2.12982814374,2.279591046217,0.005066419669,-29.55990862749,29.55990862749,0.038461538462,True,"{""name"": ""run_entropy"", ""null_model"": ""markov_2"", ""observed"": 2.12982814374, ""null_mean"": 2.279591046217, ""null_std"": 0.005066419669, ""z_score"": -29.55990862749, ""empirical_p"": 0.038461538462, ""null_samples"": 25}"
outputs\corpus_batch_curated\testdata_datasets_parallel_udhr_ar_udhr_ar.json,corpus_batch_curated,,,,ar,parallel_udhr,udhr,,,,,,,,,utf8_bits,110584,,,bit_one,Positions where the bitstream contains 1.,53311,prime_index_occupancy_bias,markov_2,0.104206864249,-0.000169388616,0.003921692105,26.615106453707,26.615106453707,0.038461538462,True,"{""name"": ""prime_index_occupancy_bias"", ""null_model"": ""markov_2"", ""observed"": 0.104206864249, ""null_mean"": -0.000169388616, ""null_std"": 0.003921692105, ""z_score"": 26.615106453707, ""empirical_p"": 0.038461538462, ""null_samples"": 25}"
outputs\corpus_batch_curated\testdata_datasets_parallel_udhr_ar_udhr_ar.json,corpus_batch_curated,,,,ar,parallel_udhr,udhr,,,,,,,,,utf8_bits,110584,,,bit_one,Positions where the bitstream contains 1.,53311,prime_gap_affinity,markov_2,0.398330519602,0.348939134812,0.001699466018,29.062884618626,29.062884618626,0.038461538462,True,"{""name"": ""prime_gap_affinity"", ""null_model"": ""markov_2"", ""observed"": 0.398330519602, ""null_mean"": 0.348939134812, ""null_std"": 0.001699466018, ""z_score"": 29.062884618626, ""empirical_p"": 0.038461538462, ""null_samples"": 25}"
outputs\corpus_batch_curated\testdata_datasets_parallel_udhr_ar_udhr_ar.json,corpus_batch_curated,,,,ar,parallel_udhr,udhr,,,,,,,,,utf8_bits,110584,,,bit_transition,Positions where the bitstream changes from the previous bit.,47783,gap_entropy,markov_2,2.129836454133,2.187545557952,0.004633661002,-12.454321495439,12.454321495439,0.038461538462,True,"{""name"": ""gap_entropy"", ""null_model"": ""markov_2"", ""observed"": 2.129836454133, ""null_mean"": 2.187545557952, ""null_std"": 0.004633661002, ""z_score"": -12.454321495439, ""empirical_p"": 0.038461538462, ""null_samples"": 25}"
outputs\corpus_batch_curated\testdata_datasets_parallel_udhr_ar_udhr_ar.json,corpus_batch_curated,,,,ar,parallel_udhr,udhr,,,,,,,,,utf8_bits,110584,,,bit_transition,Positions where the bitstream changes from the previous bit.,47783,run_entropy,markov_2,1.863374675283,1.919266762167,0.004741472806,-11.787916786348,11.787916786348,0.038461538462,True,"{""name"": ""run_entropy"", ""null_model"": ""markov_2"", ""observed"": 1.863374675283, ""null_mean"": 1.919266762167, ""null_std"": 0.004741472806, ""z_score"": -11.787916786348, ""empirical_p"": 0.038461538462, ""null_samples"": 25}"
outputs\corpus_batch_curated\testdata_datasets_parallel_udhr_ar_udhr_ar.json,corpus_batch_curated,,,,ar,parallel_udhr,udhr,,,,,,,,,utf8_bits,110584,,,bit_transition,Positions where the bitstream changes from the previous bit.,47783,prime_index_occupancy_bias,markov_2,0.098491479423,0.000692037525,0.003889520199,25.144346064389,25.144346064389,0.038461538462,True,"{""name"": ""prime_index_occupancy_bias"", ""null_model"": ""markov_2"", ""observed"": 0.098491479423, ""null_mean"": 0.000692037525, ""null_std"": 0.003889520199, ""z_score"": 25.144346064389, ""empirical_p"": 0.038461538462, ""null_samples"": 25}"
outputs\corpus_batch_curated\testdata_datasets_parallel_udhr_ar_udhr_ar.json,corpus_batch_curated,,,,ar,parallel_udhr,udhr,,,,,,,,,utf8_bits,110584,,,bit_transition,Positions where the bitstream changes from the previous bit.,47783,prime_gap_affinity,markov_2,0.425411242727,0.473569882787,0.002102209622,-22.908581309801,22.908581309801,0.038461538462,True,"{""name"": ""prime_gap_affinity"", ""null_model"": ""markov_2"", ""observed"": 0.425411242727, ""null_mean"": 0.473569882787, ""null_std"": 0.002102209622, ""z_score"": -22.908581309801, ""empirical_p"": 0.038461538462, ""null_samples"": 25}"
outputs\corpus_batch_curated\testdata_datasets_parallel_udhr_ar_udhr_ar.json,corpus_batch_curated,,,,ar,parallel_udhr,udhr,,,,,,,,,grapheme,7656,,,whitespace,Whitespace positions.,1350,gap_entropy,markov_2,2.941187947255,3.14107349898,0.039319149222,-5.083669298034,5.083669298034,0.038461538462,True,"{""name"": ""gap_entropy"", ""null_model"": ""markov_2"", ""observed"": 2.941187947255, ""null_mean"": 3.14107349898, ""null_std"": 0.039319149222, ""z_score"": -5.083669298034, ""empirical_p"": 0.038461538462, ""null_samples"": 25}"
outputs\corpus_batch_curated\testdata_datasets_parallel_udhr_ar_udhr_ar.json,corpus_batch_curated,,,,ar,parallel_udhr,udhr,,,,,,,,,grapheme,7656,,,whitespace,Whitespace positions.,1350,run_entropy,markov_2,2.439546041259,2.539638507356,0.019958968327,-5.014911815866,5.014911815866,0.038461538462,True,"{""name"": ""run_entropy"", ""null_model"": ""markov_2"", ""observed"": 2.439546041259, ""null_mean"": 2.539638507356, ""null_std"": 0.019958968327, ""z_score"": -5.014911815866, ""empirical_p"": 0.038461538462, ""null_samples"": 25}"
outputs\corpus_batch_curated\testdata_datasets_parallel_udhr_ar_udhr_ar.json,corpus_batch_curated,,,,ar,parallel_udhr,udhr,,,,,,,,,grapheme,7656,,,whitespace,Whitespace positions.,1350,prime_gap_affinity,markov_2,0.484803558191,0.529620010688,0.011478870744,-3.904256219492,3.904256219492,0.038461538462,True,"{""name"": ""prime_gap_affinity"", ""null_model"": ""markov_2"", ""observed"": 0.484803558191, ""null_mean"": 0.529620010688, ""null_std"": 0.011478870744, ""z_score"": -3.904256219492, ""empirical_p"": 0.038461538462, ""null_samples"": 25}"
outputs\corpus_batch_curated\testdata_datasets_parallel_udhr_ar_udhr_ar.json,corpus_batch_curated,,,,ar,parallel_udhr,udhr,,,,,,,,,grapheme_class,7656,,,whitespace,Positions classified as whitespace in the grapheme-class stream.,1350,gap_entropy,markov_2,2.941187947255,3.13053012223,0.040842256293,-4.635938171855,4.635938171855,0.038461538462,True,"{""name"": ""gap_entropy"", ""null_model"": ""markov_2"", ""observed"": 2.941187947255, ""null_mean"": 3.13053012223, ""null_std"": 0.040842256293, ""z_score"": -4.635938171855, ""empirical_p"": 0.038461538462, ""null_samples"": 25}"
outputs\corpus_batch_curated\testdata_datasets_parallel_udhr_ar_udhr_ar.json,corpus_batch_curated,,,,ar,parallel_udhr,udhr,,,,,,,,,grapheme_class,7656,,,whitespace,Positions classified as whitespace in the grapheme-class stream.,1350,run_entropy,markov_2,2.439546041259,2.533385461448,0.020130539186,-4.661545292963,4.661545292963,0.038461538462,True,"{""name"": ""run_entropy"", ""null_model"": ""markov_2"", ""observed"": 2.439546041259, ""null_mean"": 2.533385461448, ""null_std"": 0.020130539186, ""z_score"": -4.661545292963, ""empirical_p"": 0.038461538462, ""null_samples"": 25}"
outputs\corpus_batch_curated\testdata_datasets_parallel_udhr_ar_udhr_ar.json,corpus_batch_curated,,,,ar,parallel_udhr,udhr,,,,,,,,,grapheme_class,7656,,,whitespace,Positions classified as whitespace in the grapheme-class stream.,1350,prime_gap_affinity,markov_2,0.484803558191,0.535832173765,0.014457033474,-3.529674027814,3.529674027814,0.038461538462,True,"{""name"": ""prime_gap_affinity"", ""null_model"": ""markov_2"", ""observed"": 0.484803558191, ""null_mean"": 0.535832173765, ""null_std"": 0.014457033474, ""z_score"": -3.529674027814, ""empirical_p"": 0.038461538462, ""null_samples"": 25}"
outputs\corpus_batch_curated\testdata_datasets_parallel_udhr_ar_udhr_ar.json,corpus_batch_curated,,,,ar,parallel_udhr,udhr,,,,,,,,,word_boundary,7656,,,word_boundary,Positions marked as word boundaries after declared whitespace preprocessing.,1350,gap_entropy,markov_2,2.941187947255,3.155675001145,0.03762606401,-5.700491388945,5.700491388945,0.038461538462,True,"{""name"": ""gap_entropy"", ""null_model"": ""markov_2"", ""observed"": 2.941187947255, ""null_mean"": 3.155675001145, ""null_std"": 0.03762606401, ""z_score"": -5.700491388945, ""empirical_p"": 0.038461538462, ""null_samples"": 25}"
outputs\corpus_batch_curated\testdata_datasets_parallel_udhr_ar_udhr_ar.json,corpus_batch_curated,,,,ar,parallel_udhr,udhr,,,,,,,,,word_boundary,7656,,,word_boundary,Positions marked as word boundaries after declared whitespace preprocessing.,1350,run_entropy,markov_2,2.439546041259,2.546258007016,0.018764680677,-5.686852208793,5.686852208793,0.038461538462,True,"{""name"": ""run_entropy"", ""null_model"": ""markov_2"", ""observed"": 2.439546041259, ""null_mean"": 2.546258007016, ""null_std"": 0.018764680677, ""z_score"": -5.686852208793, ""empirical_p"": 0.038461538462, ""null_samples"": 25}"
outputs\corpus_batch_curated\testdata_datasets_parallel_udhr_ar_udhr_ar.json,corpus_batch_curated,,,,ar,parallel_udhr,udhr,,,,,,,,,word_boundary,7656,,,word_boundary,Positions marked as word boundaries after declared whitespace preprocessing.,1350,prime_gap_affinity,markov_2,0.484803558191,0.531876566154,0.012391548734,-3.798799405506,3.798799405506,0.038461538462,True,"{""name"": ""prime_gap_affinity"", ""null_model"": ""markov_2"", ""observed"": 0.484803558191, ""null_mean"": 0.531876566154, ""null_std"": 0.012391548734, ""z_score"": -3.798799405506, ""empirical_p"": 0.038461538462, ""null_samples"": 25}"
outputs\corpus_batch_curated\testdata_datasets_parallel_udhr_cy_udhr_cy.json,corpus_batch_curated,,,,cy,parallel_udhr,udhr,,,,,,,,,utf8_bits,80000,,,bit_one,Positions where the bitstream contains 1.,35977,gap_entropy,markov_2,2.129102363158,2.204181052017,0.007022620232,-10.690979488288,10.690979488288,0.038461538462,True,"{""name"": ""gap_entropy"", ""null_model"": ""markov_2"", ""observed"": 2.129102363158, ""null_mean"": 2.204181052017, ""null_std"": 0.007022620232, ""z_score"": -10.690979488288, ""empirical_p"": 0.038461538462, ""null_samples"": 25}"
outputs\corpus_batch_curated\testdata_datasets_parallel_udhr_cy_udhr_cy.json,corpus_batch_curated,,,,cy,parallel_udhr,udhr,,,,,,,,,utf8_bits,80000,,,bit_one,Positions where the bitstream contains 1.,35977,run_entropy,markov_2,1.93253633875,1.996515238314,0.007802926296,-8.199346903263,8.199346903263,0.038461538462,True,"{""name"": ""run_entropy"", ""null_model"": ""markov_2"", ""observed"": 1.93253633875, ""null_mean"": 1.996515238314, ""null_std"": 0.007802926296, ""z_score"": -8.199346903263, ""empirical_p"": 0.038461538462, ""null_samples"": 25}"
outputs\corpus_batch_curated\testdata_datasets_parallel_udhr_cy_udhr_cy.json,corpus_batch_curated,,,,cy,parallel_udhr,udhr,,,,,,,,,utf8_bits,80000,,,bit_one,Positions where the bitstream contains 1.,35977,prime_index_occupancy_bias,markov_2,-0.037407165948,-0.00268506447,0.006766494107,-5.131475906032,5.131475906032,0.038461538462,True,"{""name"": ""prime_index_occupancy_bias"", ""null_model"": ""markov_2"", ""observed"": -0.037407165948, ""null_mean"": -0.00268506447, ""null_std"": 0.006766494107, ""z_score"": -5.131475906032, ""empirical_p"": 0.038461538462, ""null_samples"": 25}"
outputs\corpus_batch_curated\testdata_datasets_parallel_udhr_cy_udhr_cy.json,corpus_batch_curated,,,,cy,parallel_udhr,udhr,,,,,,,,,utf8_bits,80000,,,bit_one,Positions where the bitstream contains 1.,35977,prime_gap_affinity,markov_2,0.488436735602,0.436971097838,0.002284809852,22.525129487598,22.525129487598,0.038461538462,True,"{""name"": ""prime_gap_affinity"", ""null_model"": ""markov_2"", ""observed"": 0.488436735602, ""null_mean"": 0.436971097838, ""null_std"": 0.002284809852, ""z_score"": 22.525129487598, ""empirical_p"": 0.038461538462, ""null_samples"": 25}"
outputs\corpus_batch_curated\testdata_datasets_parallel_udhr_cy_udhr_cy.json,corpus_batch_curated,,,,cy,parallel_udhr,udhr,,,,,,,,,utf8_bits,80000,,,bit_transition,Positions where the bitstream changes from the previous bit.,39571,gap_entropy,markov_2,1.932572643404,1.999140571218,0.005667872823,-11.74478148968,11.74478148968,0.038461538462,True,"{""name"": ""gap_entropy"", ""null_model"": ""markov_2"", ""observed"": 1.932572643404, ""null_mean"": 1.999140571218, ""null_std"": 0.005667872823, ""z_score"": -11.74478148968, ""empirical_p"": 0.038461538462, ""null_samples"": 25}"
outputs\corpus_batch_curated\testdata_datasets_parallel_udhr_cy_udhr_cy.json,corpus_batch_curated,,,,cy,parallel_udhr,udhr,,,,,,,,,utf8_bits,80000,,,bit_transition,Positions where the bitstream changes from the previous bit.,39571,run_entropy,markov_2,1.676626684308,1.751595180583,0.005745756412,-13.047628701487,13.047628701487,0.038461538462,True,"{""name"": ""run_entropy"", ""null_model"": ""markov_2"", ""observed"": 1.676626684308, ""null_mean"": 1.751595180583, ""null_std"": 0.005745756412, ""z_score"": -13.047628701487, ""empirical_p"": 0.038461538462, ""null_samples"": 25}"
outputs\corpus_batch_curated\testdata_datasets_parallel_udhr_cy_udhr_cy.json,corpus_batch_curated,,,,cy,parallel_udhr,udhr,,,,,,,,,utf8_bits,80000,,,bit_transition,Positions where the bitstream changes from the previous bit.,39571,prime_index_occupancy_bias,markov_2,-0.141672931281,0.001366411559,0.005827069196,-24.547390467998,24.547390467998,0.038461538462,True,"{""name"": ""prime_index_occupancy_bias"", ""null_model"": ""markov_2"", ""observed"": -0.141672931281, ""null_mean"": 0.001366411559, ""null_std"": 0.005827069196, ""z_score"": -24.547390467998, ""empirical_p"": 0.038461538462, ""null_samples"": 25}"
outputs\corpus_batch_curated\testdata_datasets_parallel_udhr_cy_udhr_cy.json,corpus_batch_curated,,,,cy,parallel_udhr,udhr,,,,,,,,,utf8_bits,80000,,,bit_transition,Positions where the bitstream changes from the previous bit.,39571,prime_gap_affinity,markov_2,0.455850391711,0.491202175742,0.001926711039,-18.348254257245,18.348254257245,0.038461538462,True,"{""name"": ""prime_gap_affinity"", ""null_model"": ""markov_2"", ""observed"": 0.455850391711, ""null_mean"": 0.491202175742, ""null_std"": 0.001926711039, ""z_score"": -18.348254257245, ""empirical_p"": 0.038461538462, ""null_samples"": 25}"
outputs\corpus_batch_curated\testdata_datasets_parallel_udhr_de_udhr_de.json,corpus_batch_curated,,,,de,parallel_udhr,udhr,,,,,,,,,utf8_bits,80504,,,bit_one,Positions where the bitstream contains 1.,37508,gap_entropy,markov_2,2.070150030636,2.131117966948,0.005947099712,-10.251709112461,10.251709112461,0.038461538462,True,"{""name"": ""gap_entropy"", ""null_model"": ""markov_2"", ""observed"": 2.070150030636, ""null_mean"": 2.131117966948, ""null_std"": 0.005947099712, ""z_score"": -10.251709112461, ""empirical_p"": 0.038461538462, ""null_samples"": 25}"
outputs\corpus_batch_curated\testdata_datasets_parallel_udhr_de_udhr_de.json,corpus_batch_curated,,,,de,parallel_udhr,udhr,,,,,,,,,utf8_bits,80504,,,bit_one,Positions where the bitstream contains 1.,37508,run_entropy,markov_2,1.803185481599,1.852547682014,0.006054615324,-8.152821900641,8.152821900641,0.038461538462,True,"{""name"": ""run_entropy"", ""null_model"": ""markov_2"", ""observed"": 1.803185481599, ""null_mean"": 1.852547682014, ""null_std"": 0.006054615324, ""z_score"": -8.152821900641, ""empirical_p"": 0.038461538462, ""null_samples"": 25}"
outputs\corpus_batch_curated\testdata_datasets_parallel_udhr_de_udhr_de.json,corpus_batch_curated,,,,de,parallel_udhr,udhr,,,,,,,,,utf8_bits,80504,,,bit_one,Positions where the bitstream contains 1.,37508,prime_index_occupancy_bias,markov_2,-0.050927780546,-0.000842947519,0.006004824237,-8.340765866386,8.340765866386,0.038461538462,True,"{""name"": ""prime_index_occupancy_bias"", ""null_model"": ""markov_2"", ""observed"": -0.050927780546, ""null_mean"": -0.000842947519, ""null_std"": 0.006004824237, ""z_score"": -8.340765866386, ""empirical_p"": 0.038461538462, ""null_samples"": 25}"
outputs\corpus_batch_curated\testdata_datasets_parallel_udhr_de_udhr_de.json,corpus_batch_curated,,,,de,parallel_udhr,udhr,,,,,,,,,utf8_bits,80504,,,bit_one,Positions where the bitstream contains 1.,37508,prime_gap_affinity,markov_2,0.511211240568,0.470276513854,0.001969520367,20.784109370595,20.784109370595,0.038461538462,True,"{""name"": ""prime_gap_affinity"", ""null_model"": ""markov_2"", ""observed"": 0.511211240568, ""null_mean"": 0.470276513854, ""null_std"": 0.001969520367, ""z_score"": 20.784109370595, ""empirical_p"": 0.038461538462, ""null_samples"": 25}"
outputs\corpus_batch_curated\testdata_datasets_parallel_udhr_de_udhr_de.json,corpus_batch_curated,,,,de,parallel_udhr,udhr,,,,,,,,,utf8_bits,80504,,,bit_transition,Positions where the bitstream changes from the previous bit.,42704,gap_entropy,markov_2,1.803218207756,1.854860715195,0.005220073315,-9.893061710744,9.893061710744,0.038461538462,True,"{""name"": ""gap_entropy"", ""null_model"": ""markov_2"", ""observed"": 1.803218207756, ""null_mean"": 1.854860715195, ""null_std"": 0.005220073315, ""z_score"": -9.893061710744, ""empirical_p"": 0.038461538462, ""null_samples"": 25}"
outputs\corpus_batch_curated\testdata_datasets_parallel_udhr_de_udhr_de.json,corpus_batch_curated,,,,de,parallel_udhr,udhr,,,,,,,,,utf8_bits,80504,,,bit_transition,Positions where the bitstream changes from the previous bit.,42704,run_entropy,markov_2,1.669024496621,1.737401139916,0.005437669993,-12.574621738188,12.574621738188,0.038461538462,True,"{""name"": ""run_entropy"", ""null_model"": ""markov_2"", ""observed"": 1.669024496621, ""null_mean"": 1.737401139916, ""null_std"": 0.005437669993, ""z_score"": -12.574621738188, ""empirical_p"": 0.038461538462, ""null_samples"": 25}"
outputs\corpus_batch_curated\testdata_datasets_parallel_udhr_de_udhr_de.json,corpus_batch_curated,,,,de,parallel_udhr,udhr,,,,,,,,,utf8_bits,80504,,,bit_transition,Positions where the bitstream changes from the previous bit.,42704,prime_index_occupancy_bias,markov_2,-0.125288160965,0.001978198088,0.00546172849,-23.30148034437,23.30148034437,0.038461538462,True,"{""name"": ""prime_index_occupancy_bias"", ""null_model"": ""markov_2"", ""observed"": -0.125288160965, ""null_mean"": 0.001978198088, ""null_std"": 0.00546172849, ""z_score"": -23.30148034437, ""empirical_p"": 0.038461538462, ""null_samples"": 25}"
outputs\corpus_batch_curated\testdata_datasets_parallel_udhr_de_udhr_de.json,corpus_batch_curated,,,,de,parallel_udhr,udhr,,,,,,,,,utf8_bits,80504,,,bit_transition,Positions where the bitstream changes from the previous bit.,42704,prime_gap_affinity,markov_2,0.464018921387,0.474479489174,0.001868578515,-5.598141959159,5.598141959159,0.038461538462,True,"{""name"": ""prime_gap_affinity"", ""null_model"": ""markov_2"", ""observed"": 0.464018921387, ""null_mean"": 0.474479489174, ""null_std"": 0.001868578515, ""z_score"": -5.598141959159, ""empirical_p"": 0.038461538462, ""null_samples"": 25}"
outputs\corpus_batch_curated\testdata_datasets_parallel_udhr_de_udhr_de.json,corpus_batch_curated,,,,de,parallel_udhr,udhr,,,,,,,,,grapheme,9922,,,vowel,Basic Latin-vowel positions plus common accented vowels.,3182,prime_gap_affinity,markov_2,0.607984910406,0.650044574856,0.007745204611,-5.43041359974,5.43041359974,0.038461538462,True,"{""name"": ""prime_gap_affinity"", ""null_model"": ""markov_2"", ""observed"": 0.607984910406, ""null_mean"": 0.650044574856, ""null_std"": 0.007745204611, ""z_score"": -5.43041359974, ""empirical_p"": 0.038461538462, ""null_samples"": 25}"
outputs\corpus_batch_curated\testdata_datasets_parallel_udhr_de_udhr_de.json,corpus_batch_curated,,,,de,parallel_udhr,udhr,,,,,,,,,grapheme,9922,,,consonant,Alphabetic non-vowel positions under the MVP classifier.,5167,zeta_spectral_coherence,markov_2,0.000234536312,0.000118644075,3.3674737e-05,3.441518721864,3.441518721864,0.038461538462,True,"{""name"": ""zeta_spectral_coherence"", ""null_model"": ""markov_2"", ""observed"": 0.000234536312, ""null_mean"": 0.000118644075, ""null_std"": 3.3674737e-05, ""z_score"": 3.441518721864, ""empirical_p"": 0.038461538462, ""null_samples"": 25}"
outputs\corpus_batch_curated\testdata_datasets_parallel_udhr_de_udhr_de.json,corpus_batch_curated,,,,de,parallel_udhr,udhr,,,,,,,,,grapheme,9922,,,whitespace,Whitespace positions.,1356,gap_entropy,markov_2,3.579061742714,3.73173287332,0.042684870285,-3.576703632567,3.576703632567,0.038461538462,True,"{""name"": ""gap_entropy"", ""null_model"": ""markov_2"", ""observed"": 3.579061742714, ""null_mean"": 3.73173287332, ""null_std"": 0.042684870285, ""z_score"": -3.576703632567, ""empirical_p"": 0.038461538462, ""null_samples"": 25}"
outputs\corpus_batch_curated\testdata_datasets_parallel_udhr_de_udhr_de.json,corpus_batch_curated,,,,de,parallel_udhr,udhr,,,,,,,,,grapheme,9922,,,whitespace,Whitespace positions.,1356,run_entropy,markov_2,2.757975719899,2.833209497711,0.02064517217,-3.644134192371,3.644134192371,0.038461538462,True,"{""name"": ""run_entropy"", ""null_model"": ""markov_2"", ""observed"": 2.757975719899, ""null_mean"": 2.833209497711, ""null_std"": 0.02064517217, ""z_score"": -3.644134192371, ""empirical_p"": 0.038461538462, ""null_samples"": 25}"
outputs\corpus_batch_curated\testdata_datasets_parallel_udhr_de_udhr_de.json,corpus_batch_curated,,,,de,parallel_udhr,udhr,,,,,,,,,grapheme,9922,,,whitespace,Whitespace positions.,1356,prime_gap_affinity,markov_2,0.326199261993,0.47234578113,0.014215139664,-10.281047010092,10.281047010092,0.038461538462,True,"{""name"": ""prime_gap_affinity"", ""null_model"": ""markov_2"", ""observed"": 0.326199261993, ""null_mean"": 0.47234578113, ""null_std"": 0.014215139664, ""z_score"": -10.281047010092, ""empirical_p"": 0.038461538462, ""null_samples"": 25}"
outputs\corpus_batch_curated\testdata_datasets_parallel_udhr_de_udhr_de.json,corpus_batch_curated,,,,de,parallel_udhr,udhr,,,,,,,,,grapheme,9922,,,digit,ASCII digit positions.,54,zeta_spectral_coherence,markov_2,0.000101855121,1.2435762e-05,1.8475837e-05,4.83980011554,4.83980011554,0.038461538462,True,"{""name"": ""zeta_spectral_coherence"", ""null_model"": ""markov_2"", ""observed"": 0.000101855121, ""null_mean"": 1.2435762e-05, ""null_std"": 1.8475837e-05, ""z_score"": 4.83980011554, ""empirical_p"": 0.038461538462, ""null_samples"": 25}"
outputs\corpus_batch_curated\testdata_datasets_parallel_udhr_de_udhr_de.json,corpus_batch_curated,,,,de,parallel_udhr,udhr,,,,,,,,,grapheme_class,9922,,,vowel,Positions classified as vowel in the grapheme-class stream.,3182,prime_gap_affinity,markov_2,0.607984910406,0.648792622367,0.008803962966,-4.635152614421,4.635152614421,0.038461538462,True,"{""name"": ""prime_gap_affinity"", ""null_model"": ""markov_2"", ""observed"": 0.607984910406, ""null_mean"": 0.648792622367, ""null_std"": 0.008803962966, ""z_score"": -4.635152614421, ""empirical_p"": 0.038461538462, ""null_samples"": 25}"
outputs\corpus_batch_curated\testdata_datasets_parallel_udhr_de_udhr_de.json,corpus_batch_curated,,,,de,parallel_udhr,udhr,,,,,,,,,grapheme_class,9922,,,digit,Positions classified as digit in the grapheme-class stream.,54,zeta_spectral_coherence,markov_2,0.000101855121,1.200911e-05,1.8554383e-05,4.842306616094,4.842306616094,0.038461538462,True,"{""name"": ""zeta_spectral_coherence"", ""null_model"": ""markov_2"", ""observed"": 0.000101855121, ""null_mean"": 1.200911e-05, ""null_std"": 1.8554383e-05, ""z_score"": 4.842306616094, ""empirical_p"": 0.038461538462, ""null_samples"": 25}"
outputs\corpus_batch_curated\testdata_datasets_parallel_udhr_de_udhr_de.json,corpus_batch_curated,,,,de,parallel_udhr,udhr,,,,,,,,,grapheme_class,9922,,,whitespace,Positions classified as whitespace in the grapheme-class stream.,1356,gap_entropy,markov_2,3.579061742714,3.730077431708,0.039258784525,-3.846672555528,3.846672555528,0.038461538462,True,"{""name"": ""gap_entropy"", ""null_model"": ""markov_2"", ""observed"": 3.579061742714, ""null_mean"": 3.730077431708, ""null_std"": 0.039258784525, ""z_score"": -3.846672555528, ""empirical_p"": 0.038461538462, ""null_samples"": 25}"
outputs\corpus_batch_curated\testdata_datasets_parallel_udhr_de_udhr_de.json,corpus_batch_curated,,,,de,parallel_udhr,udhr,,,,,,,,,grapheme_class,9922,,,whitespace,Positions classified as whitespace in the grapheme-class stream.,1356,run_entropy,markov_2,2.757975719899,2.833581413106,0.022418211356,-3.372512285044,3.372512285044,0.038461538462,True,"{""name"": ""run_entropy"", ""null_model"": ""markov_2"", ""observed"": 2.757975719899, ""null_mean"": 2.833581413106, ""null_std"": 0.022418211356, ""z_score"": -3.372512285044, ""empirical_p"": 0.038461538462, ""null_samples"": 25}"
outputs\corpus_batch_curated\testdata_datasets_parallel_udhr_de_udhr_de.json,corpus_batch_curated,,,,de,parallel_udhr,udhr,,,,,,,,,grapheme_class,9922,,,whitespace,Positions classified as whitespace in the grapheme-class stream.,1356,prime_gap_affinity,markov_2,0.326199261993,0.477113750584,0.0115815254,-13.030622769773,13.030622769773,0.038461538462,True,"{""name"": ""prime_gap_affinity"", ""null_model"": ""markov_2"", ""observed"": 0.326199261993, ""null_mean"": 0.477113750584, ""null_std"": 0.0115815254, ""z_score"": -13.030622769773, ""empirical_p"": 0.038461538462, ""null_samples"": 25}"
outputs\corpus_batch_curated\testdata_datasets_parallel_udhr_de_udhr_de.json,corpus_batch_curated,,,,de,parallel_udhr,udhr,,,,,,,,,word_boundary,9922,,,word_boundary,Positions marked as word boundaries after declared whitespace preprocessing.,1356,gap_entropy,markov_2,3.579061742714,3.749938138134,0.03605779349,-4.73895873492,4.73895873492,0.038461538462,True,"{""name"": ""gap_entropy"", ""null_model"": ""markov_2"", ""observed"": 3.579061742714, ""null_mean"": 3.749938138134, ""null_std"": 0.03605779349, ""z_score"": -4.73895873492, ""empirical_p"": 0.038461538462, ""null_samples"": 25}"
outputs\corpus_batch_curated\testdata_datasets_parallel_udhr_de_udhr_de.json,corpus_batch_curated,,,,de,parallel_udhr,udhr,,,,,,,,,word_boundary,9922,,,word_boundary,Positions marked as word boundaries after declared whitespace preprocessing.,1356,run_entropy,markov_2,2.757975719899,2.844116653481,0.021073111456,-4.087717837156,4.087717837156,0.038461538462,True,"{""name"": ""run_entropy"", ""null_model"": ""markov_2"", ""observed"": 2.757975719899, ""null_mean"": 2.844116653481, ""null_std"": 0.021073111456, ""z_score"": -4.087717837156, ""empirical_p"": 0.038461538462, ""null_samples"": 25}"
outputs\corpus_batch_curated\testdata_datasets_parallel_udhr_de_udhr_de.json,corpus_batch_curated,,,,de,parallel_udhr,udhr,,,,,,,,,word_boundary,9922,,,word_boundary,Positions marked as word boundaries after declared whitespace preprocessing.,1356,prime_gap_affinity,markov_2,0.326199261993,0.474966007968,0.014029140374,-10.604124130714,10.604124130714,0.038461538462,True,"{""name"": ""prime_gap_affinity"", ""null_model"": ""markov_2"", ""observed"": 0.326199261993, ""null_mean"": 0.474966007968, ""null_std"": 0.014029140374, ""z_score"": -10.604124130714, ""empirical_p"": 0.038461538462, ""null_samples"": 25}"
outputs\corpus_batch_curated\testdata_datasets_parallel_udhr_de_udhr_de_text_only.json,corpus_batch_curated,,,,de,parallel_udhr,udhr,,,,,,,,,utf8_bits,96872,,,bit_one,Positions where the bitstream contains 1.,45143,gap_entropy,markov_2,2.069357745762,2.131410889334,0.005181599507,-11.975673435425,11.975673435425,0.038461538462,True,"{""name"": ""gap_entropy"", ""null_model"": ""markov_2"", ""observed"": 2.069357745762, ""null_mean"": 2.131410889334, ""null_std"": 0.005181599507, ""z_score"": -11.975673435425, ""empirical_p"": 0.038461538462, ""null_samples"": 25}"
outputs\corpus_batch_curated\testdata_datasets_parallel_udhr_de_udhr_de_text_only.json,corpus_batch_curated,,,,de,parallel_udhr,udhr,,,,,,,,,utf8_bits,96872,,,bit_one,Positions where the bitstream contains 1.,45143,run_entropy,markov_2,1.802994499798,1.853283834592,0.005687525923,-8.842040541542,8.842040541542,0.038461538462,True,"{""name"": ""run_entropy"", ""null_model"": ""markov_2"", ""observed"": 1.802994499798, ""null_mean"": 1.853283834592, ""null_std"": 0.005687525923, ""z_score"": -8.842040541542, ""empirical_p"": 0.038461538462, ""null_samples"": 25}"
outputs\corpus_batch_curated\testdata_datasets_parallel_udhr_de_udhr_de_text_only.json,corpus_batch_curated,,,,de,parallel_udhr,udhr,,,,,,,,,utf8_bits,96872,,,bit_one,Positions where the bitstream contains 1.,45143,prime_index_occupancy_bias,markov_2,-0.050773451678,0.000501244598,0.004560298556,-11.243714778957,11.243714778957,0.038461538462,True,"{""name"": ""prime_index_occupancy_bias"", ""null_model"": ""markov_2"", ""observed"": -0.050773451678, ""null_mean"": 0.000501244598, ""null_std"": 0.004560298556, ""z_score"": -11.243714778957, ""empirical_p"": 0.038461538462, ""null_samples"": 25}"
outputs\corpus_batch_curated\testdata_datasets_parallel_udhr_de_udhr_de_text_only.json,corpus_batch_curated,,,,de,parallel_udhr,udhr,,,,,,,,,utf8_bits,96872,,,bit_one,Positions where the bitstream contains 1.,45143,prime_gap_affinity,markov_2,0.510500199371,0.470191584685,0.001799559245,22.399159574046,22.399159574046,0.038461538462,True,"{""name"": ""prime_gap_affinity"", ""null_model"": ""markov_2"", ""observed"": 0.510500199371, ""null_mean"": 0.470191584685, ""null_std"": 0.001799559245, ""z_score"": 22.399159574046, ""empirical_p"": 0.038461538462, ""null_samples"": 25}"
outputs\corpus_batch_curated\testdata_datasets_parallel_udhr_de_udhr_de_text_only.json,corpus_batch_curated,,,,de,parallel_udhr,udhr,,,,,,,,,utf8_bits,96872,,,bit_transition,Positions where the bitstream changes from the previous bit.,51371,gap_entropy,markov_2,1.80298688877,1.855602631227,0.00493615543,-10.659255608709,10.659255608709,0.038461538462,True,"{""name"": ""gap_entropy"", ""null_model"": ""markov_2"", ""observed"": 1.80298688877, ""null_mean"": 1.855602631227, ""null_std"": 0.00493615543, ""z_score"": -10.659255608709, ""empirical_p"": 0.038461538462, ""null_samples"": 25}"
outputs\corpus_batch_curated\testdata_datasets_parallel_udhr_de_udhr_de_text_only.json,corpus_batch_curated,,,,de,parallel_udhr,udhr,,,,,,,,,utf8_bits,96872,,,bit_transition,Positions where the bitstream changes from the previous bit.,51371,run_entropy,markov_2,1.668429659131,1.738666787747,0.004705466698,-14.926708255867,14.926708255867,0.038461538462,True,"{""name"": ""run_entropy"", ""null_model"": ""markov_2"", ""observed"": 1.668429659131, ""null_mean"": 1.738666787747, ""null_std"": 0.004705466698, ""z_score"": -14.926708255867, ""empirical_p"": 0.038461538462, ""null_samples"": 25}"
outputs\corpus_batch_curated\testdata_datasets_parallel_udhr_de_udhr_de_text_only.json,corpus_batch_curated,,,,de,parallel_udhr,udhr,,,,,,,,,utf8_bits,96872,,,bit_transition,Positions where the bitstream changes from the previous bit.,51371,prime_index_occupancy_bias,markov_2,-0.122755979288,2.2405878e-05,0.004993609149,-24.587103538028,24.587103538028,0.038461538462,True,"{""name"": ""prime_index_occupancy_bias"", ""null_model"": ""markov_2"", ""observed"": -0.122755979288, ""null_mean"": 2.2405878e-05, ""null_std"": 0.004993609149, ""z_score"": -24.587103538028, ""empirical_p"": 0.038461538462, ""null_samples"": 25}"
outputs\corpus_batch_curated\testdata_datasets_parallel_udhr_de_udhr_de_text_only.json,corpus_batch_curated,,,,de,parallel_udhr,udhr,,,,,,,,,utf8_bits,96872,,,bit_transition,Positions where the bitstream changes from the previous bit.,51371,prime_gap_affinity,markov_2,0.464220362079,0.474335123063,0.001765013556,-5.73069875096,5.73069875096,0.038461538462,True,"{""name"": ""prime_gap_affinity"", ""null_model"": ""markov_2"", ""observed"": 0.464220362079, ""null_mean"": 0.474335123063, ""null_std"": 0.001765013556, ""z_score"": -5.73069875096, ""empirical_p"": 0.038461538462, ""null_samples"": 25}"
outputs\corpus_batch_curated\testdata_datasets_parallel_udhr_de_udhr_de_text_only.json,corpus_batch_curated,,,,de,parallel_udhr,udhr,,,,,,,,,grapheme,11932,,,vowel,Basic Latin-vowel positions plus common accented vowels.,3830,prime_gap_affinity,markov_2,0.604596500392,0.648312531364,0.00742053659,-5.891222345544,5.891222345544,0.038461538462,True,"{""name"": ""prime_gap_affinity"", ""null_model"": ""markov_2"", ""observed"": 0.604596500392, ""null_mean"": 0.648312531364, ""null_std"": 0.00742053659, ""z_score"": -5.891222345544, ""empirical_p"": 0.038461538462, ""null_samples"": 25}"
outputs\corpus_batch_curated\testdata_datasets_parallel_udhr_de_udhr_de_text_only.json,corpus_batch_curated,,,,de,parallel_udhr,udhr,,,,,,,,,grapheme,11932,,,consonant,Alphabetic non-vowel positions under the MVP classifier.,6205,zeta_spectral_coherence,markov_2,0.000214744993,0.000117234228,3.2488416e-05,3.001401040476,3.001401040476,0.038461538462,True,"{""name"": ""zeta_spectral_coherence"", ""null_model"": ""markov_2"", ""observed"": 0.000214744993, ""null_mean"": 0.000117234228, ""null_std"": 3.2488416e-05, ""z_score"": 3.001401040476, ""empirical_p"": 0.038461538462, ""null_samples"": 25}"
outputs\corpus_batch_curated\testdata_datasets_parallel_udhr_de_udhr_de_text_only.json,corpus_batch_curated,,,,de,parallel_udhr,udhr,,,,,,,,,grapheme,11932,,,whitespace,Whitespace positions.,1641,gap_entropy,markov_2,3.551874814698,3.711229075838,0.032402798442,-4.91791662457,4.91791662457,0.038461538462,True,"{""name"": ""gap_entropy"", ""null_model"": ""markov_2"", ""observed"": 3.551874814698, ""null_mean"": 3.711229075838, ""null_std"": 0.032402798442, ""z_score"": -4.91791662457, ""empirical_p"": 0.038461538462, ""null_samples"": 25}"
outputs\corpus_batch_curated\testdata_datasets_parallel_udhr_de_udhr_de_text_only.json,corpus_batch_curated,,,,de,parallel_udhr,udhr,,,,,,,,,grapheme,11932,,,whitespace,Whitespace positions.,1641,run_entropy,markov_2,2.749784455725,2.827788507493,0.015818056022,-4.931329846144,4.931329846144,0.038461538462,True,"{""name"": ""run_entropy"", ""null_model"": ""markov_2"", ""observed"": 2.749784455725, ""null_mean"": 2.827788507493, ""null_std"": 0.015818056022, ""z_score"": -4.931329846144, ""empirical_p"": 0.038461538462, ""null_samples"": 25}"
outputs\corpus_batch_curated\testdata_datasets_parallel_udhr_de_udhr_de_text_only.json,corpus_batch_curated,,,,de,parallel_udhr,udhr,,,,,,,,,grapheme,11932,,,whitespace,Whitespace positions.,1641,prime_gap_affinity,markov_2,0.324390243902,0.473315837543,0.014951352555,-9.960677008205,9.960677008205,0.038461538462,True,"{""name"": ""prime_gap_affinity"", ""null_model"": ""markov_2"", ""observed"": 0.324390243902, ""null_mean"": 0.473315837543, ""null_std"": 0.014951352555, ""z_score"": -9.960677008205, ""empirical_p"": 0.038461538462, ""null_samples"": 25}"
outputs\corpus_batch_curated\testdata_datasets_parallel_udhr_de_udhr_de_text_only.json,corpus_batch_curated,,,,de,parallel_udhr,udhr,,,,,,,,,grapheme,11932,,,digit,ASCII digit positions.,62,zeta_spectral_coherence,markov_2,8.4536418e-05,1.2712785e-05,1.4001286e-05,5.129788206091,5.129788206091,0.038461538462,True,"{""name"": ""zeta_spectral_coherence"", ""null_model"": ""markov_2"", ""observed"": 8.4536418e-05, ""null_mean"": 1.2712785e-05, ""null_std"": 1.4001286e-05, ""z_score"": 5.129788206091, ""empirical_p"": 0.038461538462, ""null_samples"": 25}"
outputs\corpus_batch_curated\testdata_datasets_parallel_udhr_de_udhr_de_text_only.json,corpus_batch_curated,,,,de,parallel_udhr,udhr,,,,,,,,,grapheme_class,11932,,,vowel,Positions classified as vowel in the grapheme-class stream.,3830,gap_entropy,markov_2,2.484328284486,2.540224259342,0.013608073747,-4.107559665905,4.107559665905,0.038461538462,True,"{""name"": ""gap_entropy"", ""null_model"": ""markov_2"", ""observed"": 2.484328284486, ""null_mean"": 2.540224259342, ""null_std"": 0.013608073747, ""z_score"": -4.107559665905, ""empirical_p"": 0.038461538462, ""null_samples"": 25}"
outputs\corpus_batch_curated\testdata_datasets_parallel_udhr_de_udhr_de_text_only.json,corpus_batch_curated,,,,de,parallel_udhr,udhr,,,,,,,,,grapheme_class,11932,,,vowel,Positions classified as vowel in the grapheme-class stream.,3830,prime_gap_affinity,markov_2,0.604596500392,0.647020396614,0.007797532417,-5.440682250678,5.440682250678,0.038461538462,True,"{""name"": ""prime_gap_affinity"", ""null_model"": ""markov_2"", ""observed"": 0.604596500392, ""null_mean"": 0.647020396614, ""null_std"": 0.007797532417, ""z_score"": -5.440682250678, ""empirical_p"": 0.038461538462, ""null_samples"": 25}"
outputs\corpus_batch_curated\testdata_datasets_parallel_udhr_de_udhr_de_text_only.json,corpus_batch_curated,,,,de,parallel_udhr,udhr,,,,,,,,,grapheme_class,11932,,,digit,Positions classified as digit in the grapheme-class stream.,62,zeta_spectral_coherence,markov_2,8.4536418e-05,6.079112e-06,4.905515e-06,15.993694521987,15.993694521987,0.038461538462,True,"{""name"": ""zeta_spectral_coherence"", ""null_model"": ""markov_2"", ""observed"": 8.4536418e-05, ""null_mean"": 6.079112e-06, ""null_std"": 4.905515e-06, ""z_score"": 15.993694521987, ""empirical_p"": 0.038461538462, ""null_samples"": 25}"
outputs\corpus_batch_curated\testdata_datasets_parallel_udhr_de_udhr_de_text_only.json,corpus_batch_curated,,,,de,parallel_udhr,udhr,,,,,,,,,grapheme_class,11932,,,whitespace,Positions classified as whitespace in the grapheme-class stream.,1641,gap_entropy,markov_2,3.551874814698,3.71336827729,0.033059766608,-4.884894213179,4.884894213179,0.038461538462,True,"{""name"": ""gap_entropy"", ""null_model"": ""markov_2"", ""observed"": 3.551874814698, ""null_mean"": 3.71336827729, ""null_std"": 0.033059766608, ""z_score"": -4.884894213179, ""empirical_p"": 0.038461538462, ""null_samples"": 25}"
outputs\corpus_batch_curated\testdata_datasets_parallel_udhr_de_udhr_de_text_only.json,corpus_batch_curated,,,,de,parallel_udhr,udhr,,,,,,,,,grapheme_class,11932,,,whitespace,Positions classified as whitespace in the grapheme-class stream.,1641,run_entropy,markov_2,2.749784455725,2.830415453109,0.016591976522,-4.859637866296,4.859637866296,0.038461538462,True,"{""name"": ""run_entropy"", ""null_model"": ""markov_2"", ""observed"": 2.749784455725, ""null_mean"": 2.830415453109, ""null_std"": 0.016591976522, ""z_score"": -4.859637866296, ""empirical_p"": 0.038461538462, ""null_samples"": 25}"
outputs\corpus_batch_curated\testdata_datasets_parallel_udhr_de_udhr_de_text_only.json,corpus_batch_curated,,,,de,parallel_udhr,udhr,,,,,,,,,grapheme_class,11932,,,whitespace,Positions classified as whitespace in the grapheme-class stream.,1641,prime_gap_affinity,markov_2,0.324390243902,0.478272379488,0.011277125388,-13.64551073848,13.64551073848,0.038461538462,True,"{""name"": ""prime_gap_affinity"", ""null_model"": ""markov_2"", ""observed"": 0.324390243902, ""null_mean"": 0.478272379488, ""null_std"": 0.011277125388, ""z_score"": -13.64551073848, ""empirical_p"": 0.038461538462, ""null_samples"": 25}"
outputs\corpus_batch_curated\testdata_datasets_parallel_udhr_de_udhr_de_text_only.json,corpus_batch_curated,,,,de,parallel_udhr,udhr,,,,,,,,,word_boundary,11932,,,word_boundary,Positions marked as word boundaries after declared whitespace preprocessing.,1641,gap_entropy,markov_2,3.551874814698,3.733666165786,0.030571382887,-5.946454949768,5.946454949768,0.038461538462,True,"{""name"": ""gap_entropy"", ""null_model"": ""markov_2"", ""observed"": 3.551874814698, ""null_mean"": 3.733666165786, ""null_std"": 0.030571382887, ""z_score"": -5.946454949768, ""empirical_p"": 0.038461538462, ""null_samples"": 25}"
outputs\corpus_batch_curated\testdata_datasets_parallel_udhr_de_udhr_de_text_only.json,corpus_batch_curated,,,,de,parallel_udhr,udhr,,,,,,,,,word_boundary,11932,,,word_boundary,Positions marked as word boundaries after declared whitespace preprocessing.,1641,run_entropy,markov_2,2.749784455725,2.83990337749,0.015818061982,-5.697216376319,5.697216376319,0.038461538462,True,"{""name"": ""run_entropy"", ""null_model"": ""markov_2"", ""observed"": 2.749784455725, ""null_mean"": 2.83990337749, ""null_std"": 0.015818061982, ""z_score"": -5.697216376319, ""empirical_p"": 0.038461538462, ""null_samples"": 25}"
outputs\corpus_batch_curated\testdata_datasets_parallel_udhr_de_udhr_de_text_only.json,corpus_batch_curated,,,,de,parallel_udhr,udhr,,,,,,,,,word_boundary,11932,,,word_boundary,Positions marked as word boundaries after declared whitespace preprocessing.,1641,prime_gap_affinity,markov_2,0.324390243902,0.474061260129,0.011492801317,-13.023023029658,13.023023029658,0.038461538462,True,"{""name"": ""prime_gap_affinity"", ""null_model"": ""markov_2"", ""observed"": 0.324390243902, ""null_mean"": 0.474061260129, ""null_std"": 0.011492801317, ""z_score"": -13.023023029658, ""empirical_p"": 0.038461538462, ""null_samples"": 25}"
outputs\corpus_batch_curated\testdata_datasets_parallel_udhr_el_udhr_el.json,corpus_batch_curated,,,,el,parallel_udhr,udhr,,,,,,,,,utf8_bits,79984,,,bit_one,Positions where the bitstream contains 1.,44646,gap_entropy,markov_2,1.727415081518,1.761907724189,0.005803411895,-5.943511040708,5.943511040708,0.038461538462,True,"{""name"": ""gap_entropy"", ""null_model"": ""markov_2"", ""observed"": 1.727415081518, ""null_mean"": 1.761907724189, ""null_std"": 0.005803411895, ""z_score"": -5.943511040708, ""empirical_p"": 0.038461538462, ""null_samples"": 25}"
outputs\corpus_batch_curated\testdata_datasets_parallel_udhr_el_udhr_el.json,corpus_batch_curated,,,,el,parallel_udhr,udhr,,,,,,,,,utf8_bits,79984,,,bit_one,Positions where the bitstream contains 1.,44646,run_entropy,markov_2,2.107516538415,2.164553041169,0.006478941385,-8.803367613414,8.803367613414,0.038461538462,True,"{""name"": ""run_entropy"", ""null_model"": ""markov_2"", ""observed"": 2.107516538415, ""null_mean"": 2.164553041169, ""null_std"": 0.006478941385, ""z_score"": -8.803367613414, ""empirical_p"": 0.038461538462, ""null_samples"": 25}"
outputs\corpus_batch_curated\testdata_datasets_parallel_udhr_el_udhr_el.json,corpus_batch_curated,,,,el,parallel_udhr,udhr,,,,,,,,,utf8_bits,79984,,,bit_one,Positions where the bitstream contains 1.,44646,prime_index_occupancy_bias,markov_2,0.11026504369,-5.722775e-06,0.006226414239,17.710155833955,17.710155833955,0.038461538462,True,"{""name"": ""prime_index_occupancy_bias"", ""null_model"": ""markov_2"", ""observed"": 0.11026504369, ""null_mean"": -5.722775e-06, ""null_std"": 0.006226414239, ""z_score"": 17.710155833955, ""empirical_p"": 0.038461538462, ""null_samples"": 25}"
outputs\corpus_batch_curated\testdata_datasets_parallel_udhr_el_udhr_el.json,corpus_batch_curated,,,,el,parallel_udhr,udhr,,,,,,,,,utf8_bits,79984,,,bit_one,Positions where the bitstream contains 1.,44646,prime_gap_affinity,markov_2,0.355112554597,0.342577693626,0.001855489693,6.755554083173,6.755554083173,0.038461538462,True,"{""name"": ""prime_gap_affinity"", ""null_model"": ""markov_2"", ""observed"": 0.355112554597, ""null_mean"": 0.342577693626, ""null_std"": 0.001855489693, ""z_score"": 6.755554083173, ""empirical_p"": 0.038461538462, ""null_samples"": 25}"
outputs\corpus_batch_curated\testdata_datasets_parallel_udhr_el_udhr_el.json,corpus_batch_curated,,,,el,parallel_udhr,udhr,,,,,,,,,utf8_bits,79984,,,bit_transition,Positions where the bitstream changes from the previous bit.,36517,gap_entropy,markov_2,2.107513926113,2.161868933977,0.007215593104,-7.532992378966,7.532992378966,0.038461538462,True,"{""name"": ""gap_entropy"", ""null_model"": ""markov_2"", ""observed"": 2.107513926113, ""null_mean"": 2.161868933977, ""null_std"": 0.007215593104, ""z_score"": -7.532992378966, ""empirical_p"": 0.038461538462, ""null_samples"": 25}"
outputs\corpus_batch_curated\testdata_datasets_parallel_udhr_el_udhr_el.json,corpus_batch_curated,,,,el,parallel_udhr,udhr,,,,,,,,,utf8_bits,79984,,,bit_transition,Positions where the bitstream changes from the previous bit.,36517,run_entropy,markov_2,1.697932353141,1.821323311635,0.007783529942,-15.852827626827,15.852827626827,0.038461538462,True,"{""name"": ""run_entropy"", ""null_model"": ""markov_2"", ""observed"": 1.697932353141, ""null_mean"": 1.821323311635, ""null_std"": 0.007783529942, ""z_score"": -15.852827626827, ""empirical_p"": 0.038461538462, ""null_samples"": 25}"
outputs\corpus_batch_curated\testdata_datasets_parallel_udhr_el_udhr_el.json,corpus_batch_curated,,,,el,parallel_udhr,udhr,,,,,,,,,utf8_bits,79984,,,bit_transition,Positions where the bitstream changes from the previous bit.,36517,prime_index_occupancy_bias,markov_2,0.133345653477,-0.00024871968,0.006773847711,19.722080987104,19.722080987104,0.038461538462,True,"{""name"": ""prime_index_occupancy_bias"", ""null_model"": ""markov_2"", ""observed"": 0.133345653477, ""null_mean"": -0.00024871968, ""null_std"": 0.006773847711, ""z_score"": 19.722080987104, ""empirical_p"": 0.038461538462, ""null_samples"": 25}"
outputs\corpus_batch_curated\testdata_datasets_parallel_udhr_el_udhr_el.json,corpus_batch_curated,,,,el,parallel_udhr,udhr,,,,,,,,,utf8_bits,79984,,,bit_transition,Positions where the bitstream changes from the previous bit.,36517,prime_gap_affinity,markov_2,0.539106145251,0.491663604215,0.003628461941,13.075110557566,13.075110557566,0.038461538462,True,"{""name"": ""prime_gap_affinity"", ""null_model"": ""markov_2"", ""observed"": 0.539106145251, ""null_mean"": 0.491663604215, ""null_std"": 0.003628461941, ""z_score"": 13.075110557566, ""empirical_p"": 0.038461538462, ""null_samples"": 25}"
outputs\corpus_batch_curated\testdata_datasets_parallel_udhr_el_udhr_el.json,corpus_batch_curated,,,,el,parallel_udhr,udhr,,,,,,,,,grapheme,5470,,,whitespace,Whitespace positions.,827,prime_gap_affinity,markov_2,0.418886198547,0.507718926162,0.016888902918,-5.259828186897,5.259828186897,0.038461538462,True,"{""name"": ""prime_gap_affinity"", ""null_model"": ""markov_2"", ""observed"": 0.418886198547, ""null_mean"": 0.507718926162, ""null_std"": 0.016888902918, ""z_score"": -5.259828186897, ""empirical_p"": 0.038461538462, ""null_samples"": 25}"
outputs\corpus_batch_curated\testdata_datasets_parallel_udhr_el_udhr_el.json,corpus_batch_curated,,,,el,parallel_udhr,udhr,,,,,,,,,grapheme,5470,,,digit,ASCII digit positions.,23,zeta_spectral_coherence,markov_2,7.2185678e-05,6.587429e-06,8.927057e-06,7.348250255235,7.348250255235,0.038461538462,True,"{""name"": ""zeta_spectral_coherence"", ""null_model"": ""markov_2"", ""observed"": 7.2185678e-05, ""null_mean"": 6.587429e-06, ""null_std"": 8.927057e-06, ""z_score"": 7.348250255235, ""empirical_p"": 0.038461538462, ""null_samples"": 25}"
outputs\corpus_batch_curated\testdata_datasets_parallel_udhr_el_udhr_el.json,corpus_batch_curated,,,,el,parallel_udhr,udhr,,,,,,,,,grapheme_class,5470,,,whitespace,Positions classified as whitespace in the grapheme-class stream.,827,prime_gap_affinity,markov_2,0.418886198547,0.513550346729,0.014755765504,-6.415400688819,6.415400688819,0.038461538462,True,"{""name"": ""prime_gap_affinity"", ""null_model"": ""markov_2"", ""observed"": 0.418886198547, ""null_mean"": 0.513550346729, ""null_std"": 0.014755765504, ""z_score"": -6.415400688819, ""empirical_p"": 0.038461538462, ""null_samples"": 25}"
outputs\corpus_batch_curated\testdata_datasets_parallel_udhr_el_udhr_el.json,corpus_batch_curated,,,,el,parallel_udhr,udhr,,,,,,,,,word_boundary,5470,,,word_boundary,Positions marked as word boundaries after declared whitespace preprocessing.,827,gap_entropy,markov_2,3.479224871707,3.661353095189,0.028721443437,-6.341193257944,6.341193257944,0.038461538462,True,"{""name"": ""gap_entropy"", ""null_model"": ""markov_2"", ""observed"": 3.479224871707, ""null_mean"": 3.661353095189, ""null_std"": 0.028721443437, ""z_score"": -6.341193257944, ""empirical_p"": 0.038461538462, ""null_samples"": 25}"
outputs\corpus_batch_curated\testdata_datasets_parallel_udhr_el_udhr_el.json,corpus_batch_curated,,,,el,parallel_udhr,udhr,,,,,,,,,word_boundary,5470,,,word_boundary,Positions marked as word boundaries after declared whitespace preprocessing.,827,run_entropy,markov_2,2.59562226623,2.685197782132,0.019911975836,-4.498574960169,4.498574960169,0.038461538462,True,"{""name"": ""run_entropy"", ""null_model"": ""markov_2"", ""observed"": 2.59562226623, ""null_mean"": 2.685197782132, ""null_std"": 0.019911975836, ""z_score"": -4.498574960169, ""empirical_p"": 0.038461538462, ""null_samples"": 25}"
outputs\corpus_batch_curated\testdata_datasets_parallel_udhr_el_udhr_el.json,corpus_batch_curated,,,,el,parallel_udhr,udhr,,,,,,,,,word_boundary,5470,,,word_boundary,Positions marked as word boundaries after declared whitespace preprocessing.,827,prime_gap_affinity,markov_2,0.418886198547,0.510208246683,0.020765841703,-4.397705108313,4.397705108313,0.038461538462,True,"{""name"": ""prime_gap_affinity"", ""null_model"": ""markov_2"", ""observed"": 0.418886198547, ""null_mean"": 0.510208246683, ""null_std"": 0.020765841703, ""z_score"": -4.397705108313, ""empirical_p"": 0.038461538462, ""null_samples"": 25}"
outputs\corpus_batch_curated\testdata_datasets_parallel_udhr_en_udhr_en.json,corpus_batch_curated,,,,en,parallel_udhr,udhr,,,,,,,,,utf8_bits,79104,,,bit_one,Positions where the bitstream contains 1.,36284,gap_entropy,markov_2,2.093382057232,2.167230752882,0.005481994331,-13.471136815827,13.471136815827,0.038461538462,True,"{""name"": ""gap_entropy"", ""null_model"": ""markov_2"", ""observed"": 2.093382057232, ""null_mean"": 2.167230752882, ""null_std"": 0.005481994331, ""z_score"": -13.471136815827, ""empirical_p"": 0.038461538462, ""null_samples"": 25}"
outputs\corpus_batch_curated\testdata_datasets_parallel_udhr_en_udhr_en.json,corpus_batch_curated,,,,en,parallel_udhr,udhr,,,,,,,,,utf8_bits,79104,,,bit_one,Positions where the bitstream contains 1.,36284,run_entropy,markov_2,1.888812720335,1.948727360367,0.006757189382,-8.8667989967,8.8667989967,0.038461538462,True,"{""name"": ""run_entropy"", ""null_model"": ""markov_2"", ""observed"": 1.888812720335, ""null_mean"": 1.948727360367, ""null_std"": 0.006757189382, ""z_score"": -8.8667989967, ""empirical_p"": 0.038461538462, ""null_samples"": 25}"
outputs\corpus_batch_curated\testdata_datasets_parallel_udhr_en_udhr_en.json,corpus_batch_curated,,,,en,parallel_udhr,udhr,,,,,,,,,utf8_bits,79104,,,bit_one,Positions where the bitstream contains 1.,36284,prime_index_occupancy_bias,markov_2,-0.048737645543,-0.000298244905,0.007794348646,-6.214682308918,6.214682308918,0.038461538462,True,"{""name"": ""prime_index_occupancy_bias"", ""null_model"": ""markov_2"", ""observed"": -0.048737645543, ""null_mean"": -0.000298244905, ""null_std"": 0.007794348646, ""z_score"": -6.214682308918, ""empirical_p"": 0.038461538462, ""null_samples"": 25}"
outputs\corpus_batch_curated\testdata_datasets_parallel_udhr_en_udhr_en.json,corpus_batch_curated,,,,en,parallel_udhr,udhr,,,,,,,,,utf8_bits,79104,,,bit_one,Positions where the bitstream contains 1.,36284,prime_gap_affinity,markov_2,0.496596202078,0.446943620102,0.002054804654,24.164137398875,24.164137398875,0.038461538462,True,"{""name"": ""prime_gap_affinity"", ""null_model"": ""markov_2"", ""observed"": 0.496596202078, ""null_mean"": 0.446943620102, ""null_std"": 0.002054804654, ""z_score"": 24.164137398875, ""empirical_p"": 0.038461538462, ""null_samples"": 25}"
outputs\corpus_batch_curated\testdata_datasets_parallel_udhr_en_udhr_en.json,corpus_batch_curated,,,,en,parallel_udhr,udhr,,,,,,,,,utf8_bits,79104,,,bit_transition,Positions where the bitstream changes from the previous bit.,40108,gap_entropy,markov_2,1.888803251893,1.950631192844,0.005167422687,-11.964947459504,11.964947459504,0.038461538462,True,"{""name"": ""gap_entropy"", ""null_model"": ""markov_2"", ""observed"": 1.888803251893, ""null_mean"": 1.950631192844, ""null_std"": 0.005167422687, ""z_score"": -11.964947459504, ""empirical_p"": 0.038461538462, ""null_samples"": 25}"
outputs\corpus_batch_curated\testdata_datasets_parallel_udhr_en_udhr_en.json,corpus_batch_curated,,,,en,parallel_udhr,udhr,,,,,,,,,utf8_bits,79104,,,bit_transition,Positions where the bitstream changes from the previous bit.,40108,run_entropy,markov_2,1.703377602648,1.759324562865,0.005291555464,-10.57287608424,10.57287608424,0.038461538462,True,"{""name"": ""run_entropy"", ""null_model"": ""markov_2"", ""observed"": 1.703377602648, ""null_mean"": 1.759324562865, ""null_std"": 0.005291555464, ""z_score"": -10.57287608424, ""empirical_p"": 0.038461538462, ""null_samples"": 25}"
outputs\corpus_batch_curated\testdata_datasets_parallel_udhr_en_udhr_en.json,corpus_batch_curated,,,,en,parallel_udhr,udhr,,,,,,,,,utf8_bits,79104,,,bit_transition,Positions where the bitstream changes from the previous bit.,40108,prime_index_occupancy_bias,markov_2,-0.115489154194,0.000767599816,0.005841825386,-19.900758123389,19.900758123389,0.038461538462,True,"{""name"": ""prime_index_occupancy_bias"", ""null_model"": ""markov_2"", ""observed"": -0.115489154194, ""null_mean"": 0.000767599816, ""null_std"": 0.005841825386, ""z_score"": -19.900758123389, ""empirical_p"": 0.038461538462, ""null_samples"": 25}"
outputs\corpus_batch_curated\testdata_datasets_parallel_udhr_en_udhr_en.json,corpus_batch_curated,,,,en,parallel_udhr,udhr,,,,,,,,,utf8_bits,79104,,,bit_transition,Positions where the bitstream changes from the previous bit.,40108,prime_gap_affinity,markov_2,0.454883187474,0.481519368992,0.002076329655,-12.828493517796,12.828493517796,0.038461538462,True,"{""name"": ""prime_gap_affinity"", ""null_model"": ""markov_2"", ""observed"": 0.454883187474, ""null_mean"": 0.481519368992, ""null_std"": 0.002076329655, ""z_score"": -12.828493517796, ""empirical_p"": 0.038461538462, ""null_samples"": 25}"
outputs\corpus_batch_curated\testdata_datasets_parallel_udhr_en_udhr_en.json,corpus_batch_curated,,,,en,parallel_udhr,udhr,,,,,,,,,grapheme,9888,,,whitespace,Whitespace positions.,1617,prime_gap_affinity,markov_2,0.415841584158,0.513857095341,0.013006874409,-7.535669839115,7.535669839115,0.038461538462,True,"{""name"": ""prime_gap_affinity"", ""null_model"": ""markov_2"", ""observed"": 0.415841584158, ""null_mean"": 0.513857095341, ""null_std"": 0.013006874409, ""z_score"": -7.535669839115, ""empirical_p"": 0.038461538462, ""null_samples"": 25}"
outputs\corpus_batch_curated\testdata_datasets_parallel_udhr_en_udhr_en.json,corpus_batch_curated,,,,en,parallel_udhr,udhr,,,,,,,,,grapheme_class,9888,,,whitespace,Positions classified as whitespace in the grapheme-class stream.,1617,prime_gap_affinity,markov_2,0.415841584158,0.521782265012,0.008956931342,-11.827787532705,11.827787532705,0.038461538462,True,"{""name"": ""prime_gap_affinity"", ""null_model"": ""markov_2"", ""observed"": 0.415841584158, ""null_mean"": 0.521782265012, ""null_std"": 0.008956931342, ""z_score"": -11.827787532705, ""empirical_p"": 0.038461538462, ""null_samples"": 25}"
outputs\corpus_batch_curated\testdata_datasets_parallel_udhr_en_udhr_en.json,corpus_batch_curated,,,,en,parallel_udhr,udhr,,,,,,,,,word_boundary,9888,,,word_boundary,Positions marked as word boundaries after declared whitespace preprocessing.,1617,prime_gap_affinity,markov_2,0.415841584158,0.51712206549,0.01333861055,-7.593030844653,7.593030844653,0.038461538462,True,"{""name"": ""prime_gap_affinity"", ""null_model"": ""markov_2"", ""observed"": 0.415841584158, ""null_mean"": 0.51712206549, ""null_std"": 0.01333861055, ""z_score"": -7.593030844653, ""empirical_p"": 0.038461538462, ""null_samples"": 25}"
outputs\corpus_batch_curated\testdata_datasets_parallel_udhr_en_udhr_en_text_only.json,corpus_batch_curated,,,,en,parallel_udhr,udhr,,,,,,,,,utf8_bits,85120,,,bit_one,Positions where the bitstream contains 1.,39046,gap_entropy,markov_2,2.092713276217,2.167526280572,0.005350923479,-13.981325774244,13.981325774244,0.038461538462,True,"{""name"": ""gap_entropy"", ""null_model"": ""markov_2"", ""observed"": 2.092713276217, ""null_mean"": 2.167526280572, ""null_std"": 0.005350923479, ""z_score"": -13.981325774244, ""empirical_p"": 0.038461538462, ""null_samples"": 25}"
outputs\corpus_batch_curated\testdata_datasets_parallel_udhr_en_udhr_en_text_only.json,corpus_batch_curated,,,,en,parallel_udhr,udhr,,,,,,,,,utf8_bits,85120,,,bit_one,Positions where the bitstream contains 1.,39046,run_entropy,markov_2,1.88906146177,1.94913855062,0.006733280785,-8.92240956096,8.92240956096,0.038461538462,True,"{""name"": ""run_entropy"", ""null_model"": ""markov_2"", ""observed"": 1.88906146177, ""null_mean"": 1.94913855062, ""null_std"": 0.006733280785, ""z_score"": -8.92240956096, ""empirical_p"": 0.038461538462, ""null_samples"": 25}"
outputs\corpus_batch_curated\testdata_datasets_parallel_udhr_en_udhr_en_text_only.json,corpus_batch_curated,,,,en,parallel_udhr,udhr,,,,,,,,,utf8_bits,85120,,,bit_one,Positions where the bitstream contains 1.,39046,prime_index_occupancy_bias,markov_2,-0.046145724854,0.000620881661,0.005507337052,-8.491691369712,8.491691369712,0.038461538462,True,"{""name"": ""prime_index_occupancy_bias"", ""null_model"": ""markov_2"", ""observed"": -0.046145724854, ""null_mean"": 0.000620881661, ""null_std"": 0.005507337052, ""z_score"": -8.491691369712, ""empirical_p"": 0.038461538462, ""null_samples"": 25}"
outputs\corpus_batch_curated\testdata_datasets_parallel_udhr_en_udhr_en_text_only.json,corpus_batch_curated,,,,en,parallel_udhr,udhr,,,,,,,,,utf8_bits,85120,,,bit_one,Positions where the bitstream contains 1.,39046,prime_gap_affinity,markov_2,0.496555256755,0.446717896694,0.002268552573,21.968792191256,21.968792191256,0.038461538462,True,"{""name"": ""prime_gap_affinity"", ""null_model"": ""markov_2"", ""observed"": 0.496555256755, ""null_mean"": 0.446717896694, ""null_std"": 0.002268552573, ""z_score"": 21.968792191256, ""empirical_p"": 0.038461538462, ""null_samples"": 25}"
outputs\corpus_batch_curated\testdata_datasets_parallel_udhr_en_udhr_en_text_only.json,corpus_batch_curated,,,,en,parallel_udhr,udhr,,,,,,,,,utf8_bits,85120,,,bit_transition,Positions where the bitstream changes from the previous bit.,43141,gap_entropy,markov_2,1.889052589892,1.95085635745,0.006018276994,-10.269345798347,10.269345798347,0.038461538462,True,"{""name"": ""gap_entropy"", ""null_model"": ""markov_2"", ""observed"": 1.889052589892, ""null_mean"": 1.95085635745, ""null_std"": 0.006018276994, ""z_score"": -10.269345798347, ""empirical_p"": 0.038461538462, ""null_samples"": 25}"
outputs\corpus_batch_curated\testdata_datasets_parallel_udhr_en_udhr_en_text_only.json,corpus_batch_curated,,,,en,parallel_udhr,udhr,,,,,,,,,utf8_bits,85120,,,bit_transition,Positions where the bitstream changes from the previous bit.,43141,run_entropy,markov_2,1.702107290665,1.758163519952,0.00520666016,-10.766254673726,10.766254673726,0.038461538462,True,"{""name"": ""run_entropy"", ""null_model"": ""markov_2"", ""observed"": 1.702107290665, ""null_mean"": 1.758163519952, ""null_std"": 0.00520666016, ""z_score"": -10.766254673726, ""empirical_p"": 0.038461538462, ""null_samples"": 25}"
outputs\corpus_batch_curated\testdata_datasets_parallel_udhr_en_udhr_en_text_only.json,corpus_batch_curated,,,,en,parallel_udhr,udhr,,,,,,,,,utf8_bits,85120,,,bit_transition,Positions where the bitstream changes from the previous bit.,43141,prime_index_occupancy_bias,markov_2,-0.104670877966,-0.000327638295,0.006981914393,-14.944789322897,14.944789322897,0.038461538462,True,"{""name"": ""prime_index_occupancy_bias"", ""null_model"": ""markov_2"", ""observed"": -0.104670877966, ""null_mean"": -0.000327638295, ""null_std"": 0.006981914393, ""z_score"": -14.944789322897, ""empirical_p"": 0.038461538462, ""null_samples"": 25}"
outputs\corpus_batch_curated\testdata_datasets_parallel_udhr_en_udhr_en_text_only.json,corpus_batch_curated,,,,en,parallel_udhr,udhr,,,,,,,,,utf8_bits,85120,,,bit_transition,Positions where the bitstream changes from the previous bit.,43141,prime_gap_affinity,markov_2,0.455679184052,0.482012910495,0.00184678753,-14.259207414086,14.259207414086,0.038461538462,True,"{""name"": ""prime_gap_affinity"", ""null_model"": ""markov_2"", ""observed"": 0.455679184052, ""null_mean"": 0.482012910495, ""null_std"": 0.00184678753, ""z_score"": -14.259207414086, ""empirical_p"": 0.038461538462, ""null_samples"": 25}"
outputs\corpus_batch_curated\testdata_datasets_parallel_udhr_en_udhr_en_text_only.json,corpus_batch_curated,,,,en,parallel_udhr,udhr,,,,,,,,,grapheme,10638,,,whitespace,Whitespace positions.,1746,prime_gap_affinity,markov_2,0.416045845272,0.515191706869,0.011766130707,-8.4263777165,8.4263777165,0.038461538462,True,"{""name"": ""prime_gap_affinity"", ""null_model"": ""markov_2"", ""observed"": 0.416045845272, ""null_mean"": 0.515191706869, ""null_std"": 0.011766130707, ""z_score"": -8.4263777165, ""empirical_p"": 0.038461538462, ""null_samples"": 25}"
outputs\corpus_batch_curated\testdata_datasets_parallel_udhr_en_udhr_en_text_only.json,corpus_batch_curated,,,,en,parallel_udhr,udhr,,,,,,,,,grapheme_class,10638,,,whitespace,Positions classified as whitespace in the grapheme-class stream.,1746,prime_gap_affinity,markov_2,0.416045845272,0.52254807894,0.008437993135,-12.621749267446,12.621749267446,0.038461538462,True,"{""name"": ""prime_gap_affinity"", ""null_model"": ""markov_2"", ""observed"": 0.416045845272, ""null_mean"": 0.52254807894, ""null_std"": 0.008437993135, ""z_score"": -12.621749267446, ""empirical_p"": 0.038461538462, ""null_samples"": 25}"
outputs\corpus_batch_curated\testdata_datasets_parallel_udhr_en_udhr_en_text_only.json,corpus_batch_curated,,,,en,parallel_udhr,udhr,,,,,,,,,word_boundary,10638,,,word_boundary,Positions marked as word boundaries after declared whitespace preprocessing.,1746,run_entropy,markov_2,2.573497925415,2.628696923972,0.015951934628,-3.460332545533,3.460332545533,0.038461538462,True,"{""name"": ""run_entropy"", ""null_model"": ""markov_2"", ""observed"": 2.573497925415, ""null_mean"": 2.628696923972, ""null_std"": 0.015951934628, ""z_score"": -3.460332545533, ""empirical_p"": 0.038461538462, ""null_samples"": 25}"
outputs\corpus_batch_curated\testdata_datasets_parallel_udhr_en_udhr_en_text_only.json,corpus_batch_curated,,,,en,parallel_udhr,udhr,,,,,,,,,word_boundary,10638,,,word_boundary,Positions marked as word boundaries after declared whitespace preprocessing.,1746,prime_gap_affinity,markov_2,0.416045845272,0.517078961921,0.012094013795,-8.353977294763,8.353977294763,0.038461538462,True,"{""name"": ""prime_gap_affinity"", ""null_model"": ""markov_2"", ""observed"": 0.416045845272, ""null_mean"": 0.517078961921, ""null_std"": 0.012094013795, ""z_score"": -8.353977294763, ""empirical_p"": 0.038461538462, ""null_samples"": 25}"
outputs\corpus_batch_curated\testdata_datasets_parallel_udhr_es_udhr_es.json,corpus_batch_curated,,,,es,parallel_udhr,udhr,,,,,,,,,utf8_bits,80544,,,bit_one,Positions where the bitstream contains 1.,36899,gap_entropy,markov_2,2.100469207726,2.168750391761,0.006181296025,-11.046418705802,11.046418705802,0.038461538462,True,"{""name"": ""gap_entropy"", ""null_model"": ""markov_2"", ""observed"": 2.100469207726, ""null_mean"": 2.168750391761, ""null_std"": 0.006181296025, ""z_score"": -11.046418705802, ""empirical_p"": 0.038461538462, ""null_samples"": 25}"
outputs\corpus_batch_curated\testdata_datasets_parallel_udhr_es_udhr_es.json,corpus_batch_curated,,,,es,parallel_udhr,udhr,,,,,,,,,utf8_bits,80544,,,bit_one,Positions where the bitstream contains 1.,36899,run_entropy,markov_2,1.877721635629,1.934891637361,0.006113855019,-9.35089261203,9.35089261203,0.038461538462,True,"{""name"": ""run_entropy"", ""null_model"": ""markov_2"", ""observed"": 1.877721635629, ""null_mean"": 1.934891637361, ""null_std"": 0.006113855019, ""z_score"": -9.35089261203, ""empirical_p"": 0.038461538462, ""null_samples"": 25}"
outputs\corpus_batch_curated\testdata_datasets_parallel_udhr_es_udhr_es.json,corpus_batch_curated,,,,es,parallel_udhr,udhr,,,,,,,,,utf8_bits,80544,,,bit_one,Positions where the bitstream contains 1.,36899,prime_index_occupancy_bias,markov_2,-0.047669904882,-0.000303621003,0.003988136979,-11.876794634313,11.876794634313,0.038461538462,True,"{""name"": ""prime_index_occupancy_bias"", ""null_model"": ""markov_2"", ""observed"": -0.047669904882, ""null_mean"": -0.000303621003, ""null_std"": 0.003988136979, ""z_score"": -11.876794634313, ""empirical_p"": 0.038461538462, ""null_samples"": 25}"
outputs\corpus_batch_curated\testdata_datasets_parallel_udhr_es_udhr_es.json,corpus_batch_curated,,,,es,parallel_udhr,udhr,,,,,,,,,utf8_bits,80544,,,bit_one,Positions where the bitstream contains 1.,36899,prime_gap_affinity,markov_2,0.494362838094,0.448798460437,0.001916863645,23.770275875352,23.770275875352,0.038461538462,True,"{""name"": ""prime_gap_affinity"", ""null_model"": ""markov_2"", ""observed"": 0.494362838094, ""null_mean"": 0.448798460437, ""null_std"": 0.001916863645, ""z_score"": 23.770275875352, ""empirical_p"": 0.038461538462, ""null_samples"": 25}"
outputs\corpus_batch_curated\testdata_datasets_parallel_udhr_es_udhr_es.json,corpus_batch_curated,,,,es,parallel_udhr,udhr,,,,,,,,,utf8_bits,80544,,,bit_transition,Positions where the bitstream changes from the previous bit.,40968,gap_entropy,markov_2,1.877746198456,1.93572111867,0.005465089823,-10.608228244468,10.608228244468,0.038461538462,True,"{""name"": ""gap_entropy"", ""null_model"": ""markov_2"", ""observed"": 1.877746198456, ""null_mean"": 1.93572111867, ""null_std"": 0.005465089823, ""z_score"": -10.608228244468, ""empirical_p"": 0.038461538462, ""null_samples"": 25}"
outputs\corpus_batch_curated\testdata_datasets_parallel_udhr_es_udhr_es.json,corpus_batch_curated,,,,es,parallel_udhr,udhr,,,,,,,,,utf8_bits,80544,,,bit_transition,Positions where the bitstream changes from the previous bit.,40968,run_entropy,markov_2,1.668451584617,1.722771860246,0.005041331693,-10.774985447377,10.774985447377,0.038461538462,True,"{""name"": ""run_entropy"", ""null_model"": ""markov_2"", ""observed"": 1.668451584617, ""null_mean"": 1.722771860246, ""null_std"": 0.005041331693, ""z_score"": -10.774985447377, ""empirical_p"": 0.038461538462, ""null_samples"": 25}"
outputs\corpus_batch_curated\testdata_datasets_parallel_udhr_es_udhr_es.json,corpus_batch_curated,,,,es,parallel_udhr,udhr,,,,,,,,,utf8_bits,80544,,,bit_transition,Positions where the bitstream changes from the previous bit.,40968,prime_index_occupancy_bias,markov_2,-0.079340021095,0.000262245169,0.006448142223,-12.344992326486,12.344992326486,0.038461538462,True,"{""name"": ""prime_index_occupancy_bias"", ""null_model"": ""markov_2"", ""observed"": -0.079340021095, ""null_mean"": 0.000262245169, ""null_std"": 0.006448142223, ""z_score"": -12.344992326486, ""empirical_p"": 0.038461538462, ""null_samples"": 25}"
outputs\corpus_batch_curated\testdata_datasets_parallel_udhr_es_udhr_es.json,corpus_batch_curated,,,,es,parallel_udhr,udhr,,,,,,,,,utf8_bits,80544,,,bit_transition,Positions where the bitstream changes from the previous bit.,40968,prime_gap_affinity,markov_2,0.468181707228,0.491974681101,0.001866443979,-12.747756773004,12.747756773004,0.038461538462,True,"{""name"": ""prime_gap_affinity"", ""null_model"": ""markov_2"", ""observed"": 0.468181707228, ""null_mean"": 0.491974681101, ""null_std"": 0.001866443979, ""z_score"": -12.747756773004, ""empirical_p"": 0.038461538462, ""null_samples"": 25}"
outputs\corpus_batch_curated\testdata_datasets_parallel_udhr_es_udhr_es.json,corpus_batch_curated,,,,es,parallel_udhr,udhr,,,,,,,,,grapheme,9896,,,vowel,Basic Latin-vowel positions plus common accented vowels.,3728,prime_gap_affinity,markov_2,0.744298363295,0.768356994732,0.007495995841,-3.209531054491,3.209531054491,0.038461538462,True,"{""name"": ""prime_gap_affinity"", ""null_model"": ""markov_2"", ""observed"": 0.744298363295, ""null_mean"": 0.768356994732, ""null_std"": 0.007495995841, ""z_score"": -3.209531054491, ""empirical_p"": 0.038461538462, ""null_samples"": 25}"
outputs\corpus_batch_curated\testdata_datasets_parallel_udhr_es_udhr_es.json,corpus_batch_curated,,,,es,parallel_udhr,udhr,,,,,,,,,grapheme,9896,,,whitespace,Whitespace positions.,1587,gap_entropy,markov_2,3.45457200311,3.624541433183,0.034663494607,-4.903412999801,4.903412999801,0.038461538462,True,"{""name"": ""gap_entropy"", ""null_model"": ""markov_2"", ""observed"": 3.45457200311, ""null_mean"": 3.624541433183, ""null_std"": 0.034663494607, ""z_score"": -4.903412999801, ""empirical_p"": 0.038461538462, ""null_samples"": 25}"
outputs\corpus_batch_curated\testdata_datasets_parallel_udhr_es_udhr_es.json,corpus_batch_curated,,,,es,parallel_udhr,udhr,,,,,,,,,grapheme,9896,,,whitespace,Whitespace positions.,1587,run_entropy,markov_2,2.462980396734,2.545344553352,0.022443991123,-3.669764266316,3.669764266316,0.038461538462,True,"{""name"": ""run_entropy"", ""null_model"": ""markov_2"", ""observed"": 2.462980396734, ""null_mean"": 2.545344553352, ""null_std"": 0.022443991123, ""z_score"": -3.669764266316, ""empirical_p"": 0.038461538462, ""null_samples"": 25}"
outputs\corpus_batch_curated\testdata_datasets_parallel_udhr_es_udhr_es.json,corpus_batch_curated,,,,es,parallel_udhr,udhr,,,,,,,,,grapheme_class,9896,,,vowel,Positions classified as vowel in the grapheme-class stream.,3728,prime_gap_affinity,markov_2,0.744298363295,0.770363026208,0.007876529797,-3.309155628874,3.309155628874,0.038461538462,True,"{""name"": ""prime_gap_affinity"", ""null_model"": ""markov_2"", ""observed"": 0.744298363295, ""null_mean"": 0.770363026208, ""null_std"": 0.007876529797, ""z_score"": -3.309155628874, ""empirical_p"": 0.038461538462, ""null_samples"": 25}"
outputs\corpus_batch_curated\testdata_datasets_parallel_udhr_es_udhr_es.json,corpus_batch_curated,,,,es,parallel_udhr,udhr,,,,,,,,,grapheme_class,9896,,,digit,Positions classified as digit in the grapheme-class stream.,52,zeta_spectral_coherence,markov_2,3.4327455e-05,9.080897e-06,7.852764e-06,3.214990113848,3.214990113848,0.038461538462,True,"{""name"": ""zeta_spectral_coherence"", ""null_model"": ""markov_2"", ""observed"": 3.4327455e-05, ""null_mean"": 9.080897e-06, ""null_std"": 7.852764e-06, ""z_score"": 3.214990113848, ""empirical_p"": 0.038461538462, ""null_samples"": 25}"
outputs\corpus_batch_curated\testdata_datasets_parallel_udhr_es_udhr_es.json,corpus_batch_curated,,,,es,parallel_udhr,udhr,,,,,,,,,grapheme_class,9896,,,whitespace,Positions classified as whitespace in the grapheme-class stream.,1587,gap_entropy,markov_2,3.45457200311,3.620433278714,0.039451801898,-4.204149560338,4.204149560338,0.038461538462,True,"{""name"": ""gap_entropy"", ""null_model"": ""markov_2"", ""observed"": 3.45457200311, ""null_mean"": 3.620433278714, ""null_std"": 0.039451801898, ""z_score"": -4.204149560338, ""empirical_p"": 0.038461538462, ""null_samples"": 25}"
outputs\corpus_batch_curated\testdata_datasets_parallel_udhr_es_udhr_es.json,corpus_batch_curated,,,,es,parallel_udhr,udhr,,,,,,,,,grapheme_class,9896,,,whitespace,Positions classified as whitespace in the grapheme-class stream.,1587,run_entropy,markov_2,2.462980396734,2.54475588142,0.026704401198,-3.062247458027,3.062247458027,0.038461538462,True,"{""name"": ""run_entropy"", ""null_model"": ""markov_2"", ""observed"": 2.462980396734, ""null_mean"": 2.54475588142, ""null_std"": 0.026704401198, ""z_score"": -3.062247458027, ""empirical_p"": 0.038461538462, ""null_samples"": 25}"
outputs\corpus_batch_curated\testdata_datasets_parallel_udhr_es_udhr_es.json,corpus_batch_curated,,,,es,parallel_udhr,udhr,,,,,,,,,word_boundary,9896,,,word_boundary,Positions marked as word boundaries after declared whitespace preprocessing.,1587,gap_entropy,markov_2,3.45457200311,3.641930388102,0.028443284753,-6.587086780485,6.587086780485,0.038461538462,True,"{""name"": ""gap_entropy"", ""null_model"": ""markov_2"", ""observed"": 3.45457200311, ""null_mean"": 3.641930388102, ""null_std"": 0.028443284753, ""z_score"": -6.587086780485, ""empirical_p"": 0.038461538462, ""null_samples"": 25}"
outputs\corpus_batch_curated\testdata_datasets_parallel_udhr_es_udhr_es.json,corpus_batch_curated,,,,es,parallel_udhr,udhr,,,,,,,,,word_boundary,9896,,,word_boundary,Positions marked as word boundaries after declared whitespace preprocessing.,1587,run_entropy,markov_2,2.462980396734,2.553107253034,0.023749487759,-3.794896850621,3.794896850621,0.038461538462,True,"{""name"": ""run_entropy"", ""null_model"": ""markov_2"", ""observed"": 2.462980396734, ""null_mean"": 2.553107253034, ""null_std"": 0.023749487759, ""z_score"": -3.794896850621, ""empirical_p"": 0.038461538462, ""null_samples"": 25}"
outputs\corpus_batch_curated\testdata_datasets_parallel_udhr_es_udhr_es.json,corpus_batch_curated,,,,es,parallel_udhr,udhr,,,,,,,,,frequency_class,1588,,,mid_frequency,Token positions in frequency class mid_frequency.,307,zeta_spectral_coherence,markov_2,0.002150329872,0.000704448914,0.000347891698,4.156123780959,4.156123780959,0.038461538462,True,"{""name"": ""zeta_spectral_coherence"", ""null_model"": ""markov_2"", ""observed"": 0.002150329872, ""null_mean"": 0.000704448914, ""null_std"": 0.000347891698, ""z_score"": 4.156123780959, ""empirical_p"": 0.038461538462, ""null_samples"": 25}"
outputs\corpus_batch_curated\testdata_datasets_parallel_udhr_es_udhr_es_text_only.json,corpus_batch_curated,,,,es,parallel_udhr,udhr,,,,,,,,,utf8_bits,97400,,,bit_one,Positions where the bitstream contains 1.,44602,gap_entropy,markov_2,2.101401724349,2.170522482789,0.005068146188,-13.638272433805,13.638272433805,0.038461538462,True,"{""name"": ""gap_entropy"", ""null_model"": ""markov_2"", ""observed"": 2.101401724349, ""null_mean"": 2.170522482789, ""null_std"": 0.005068146188, ""z_score"": -13.638272433805, ""empirical_p"": 0.038461538462, ""null_samples"": 25}"
outputs\corpus_batch_curated\testdata_datasets_parallel_udhr_es_udhr_es_text_only.json,corpus_batch_curated,,,,es,parallel_udhr,udhr,,,,,,,,,utf8_bits,97400,,,bit_one,Positions where the bitstream contains 1.,44602,run_entropy,markov_2,1.880490925352,1.936980583083,0.004559000174,-12.390799642283,12.390799642283,0.038461538462,True,"{""name"": ""run_entropy"", ""null_model"": ""markov_2"", ""observed"": 1.880490925352, ""null_mean"": 1.936980583083, ""null_std"": 0.004559000174, ""z_score"": -12.390799642283, ""empirical_p"": 0.038461538462, ""null_samples"": 25}"
outputs\corpus_batch_curated\testdata_datasets_parallel_udhr_es_udhr_es_text_only.json,corpus_batch_curated,,,,es,parallel_udhr,udhr,,,,,,,,,utf8_bits,97400,,,bit_one,Positions where the bitstream contains 1.,44602,prime_index_occupancy_bias,markov_2,-0.046510069462,0.000125826046,0.005531317866,-8.431244892297,8.431244892297,0.038461538462,True,"{""name"": ""prime_index_occupancy_bias"", ""null_model"": ""markov_2"", ""observed"": -0.046510069462, ""null_mean"": 0.000125826046, ""null_std"": 0.005531317866, ""z_score"": -8.431244892297, ""empirical_p"": 0.038461538462, ""null_samples"": 25}"
outputs\corpus_batch_curated\testdata_datasets_parallel_udhr_es_udhr_es_text_only.json,corpus_batch_curated,,,,es,parallel_udhr,udhr,,,,,,,,,utf8_bits,97400,,,bit_one,Positions where the bitstream contains 1.,44602,prime_gap_affinity,markov_2,0.493262482904,0.448281996481,0.001730162673,25.997836570178,25.997836570178,0.038461538462,True,"{""name"": ""prime_gap_affinity"", ""null_model"": ""markov_2"", ""observed"": 0.493262482904, ""null_mean"": 0.448281996481, ""null_std"": 0.001730162673, ""z_score"": 25.997836570178, ""empirical_p"": 0.038461538462, ""null_samples"": 25}"
outputs\corpus_batch_curated\testdata_datasets_parallel_udhr_es_udhr_es_text_only.json,corpus_batch_curated,,,,es,parallel_udhr,udhr,,,,,,,,,utf8_bits,97400,,,bit_transition,Positions where the bitstream changes from the previous bit.,49471,gap_entropy,markov_2,1.880482027634,1.938208288031,0.005025938048,-11.485668914073,11.485668914073,0.038461538462,True,"{""name"": ""gap_entropy"", ""null_model"": ""markov_2"", ""observed"": 1.880482027634, ""null_mean"": 1.938208288031, ""null_std"": 0.005025938048, ""z_score"": -11.485668914073, ""empirical_p"": 0.038461538462, ""null_samples"": 25}"
outputs\corpus_batch_curated\testdata_datasets_parallel_udhr_es_udhr_es_text_only.json,corpus_batch_curated,,,,es,parallel_udhr,udhr,,,,,,,,,utf8_bits,97400,,,bit_transition,Positions where the bitstream changes from the previous bit.,49471,run_entropy,markov_2,1.665324648102,1.72127935784,0.0048286499,-11.588065173087,11.588065173087,0.038461538462,True,"{""name"": ""run_entropy"", ""null_model"": ""markov_2"", ""observed"": 1.665324648102, ""null_mean"": 1.72127935784, ""null_std"": 0.0048286499, ""z_score"": -11.588065173087, ""empirical_p"": 0.038461538462, ""null_samples"": 25}"
outputs\corpus_batch_curated\testdata_datasets_parallel_udhr_es_udhr_es_text_only.json,corpus_batch_curated,,,,es,parallel_udhr,udhr,,,,,,,,,utf8_bits,97400,,,bit_transition,Positions where the bitstream changes from the previous bit.,49471,prime_index_occupancy_bias,markov_2,-0.08187157543,-0.000431711566,0.004879272443,-16.690985146289,16.690985146289,0.038461538462,True,"{""name"": ""prime_index_occupancy_bias"", ""null_model"": ""markov_2"", ""observed"": -0.08187157543, ""null_mean"": -0.000431711566, ""null_std"": 0.004879272443, ""z_score"": -16.690985146289, ""empirical_p"": 0.038461538462, ""null_samples"": 25}"
outputs\corpus_batch_curated\testdata_datasets_parallel_udhr_es_udhr_es_text_only.json,corpus_batch_curated,,,,es,parallel_udhr,udhr,,,,,,,,,utf8_bits,97400,,,bit_transition,Positions where the bitstream changes from the previous bit.,49471,prime_gap_affinity,markov_2,0.469799878714,0.492989848403,0.001731509667,-13.392919557227,13.392919557227,0.038461538462,True,"{""name"": ""prime_gap_affinity"", ""null_model"": ""markov_2"", ""observed"": 0.469799878714, ""null_mean"": 0.492989848403, ""null_std"": 0.001731509667, ""z_score"": -13.392919557227, ""empirical_p"": 0.038461538462, ""null_samples"": 25}"
outputs\corpus_batch_curated\testdata_datasets_parallel_udhr_es_udhr_es_text_only.json,corpus_batch_curated,,,,es,parallel_udhr,udhr,,,,,,,,,grapheme,11965,,,vowel,Basic Latin-vowel positions plus common accented vowels.,4482,prime_gap_affinity,markov_2,0.750055791118,0.772805059696,0.006711470863,-3.389609974127,3.389609974127,0.038461538462,True,"{""name"": ""prime_gap_affinity"", ""null_model"": ""markov_2"", ""observed"": 0.750055791118, ""null_mean"": 0.772805059696, ""null_std"": 0.006711470863, ""z_score"": -3.389609974127, ""empirical_p"": 0.038461538462, ""null_samples"": 25}"
outputs\corpus_batch_curated\testdata_datasets_parallel_udhr_es_udhr_es_text_only.json,corpus_batch_curated,,,,es,parallel_udhr,udhr,,,,,,,,,grapheme,11965,,,consonant,Alphabetic non-vowel positions under the MVP classifier.,5298,zeta_spectral_coherence,markov_2,0.000235655185,8.9720934e-05,2.5763054e-05,5.664478003462,5.664478003462,0.038461538462,True,"{""name"": ""zeta_spectral_coherence"", ""null_model"": ""markov_2"", ""observed"": 0.000235655185, ""null_mean"": 8.9720934e-05, ""null_std"": 2.5763054e-05, ""z_score"": 5.664478003462, ""empirical_p"": 0.038461538462, ""null_samples"": 25}"
outputs\corpus_batch_curated\testdata_datasets_parallel_udhr_es_udhr_es_text_only.json,corpus_batch_curated,,,,es,parallel_udhr,udhr,,,,,,,,,grapheme,11965,,,whitespace,Whitespace positions.,1926,gap_entropy,markov_2,3.452659044359,3.617919505618,0.026475975729,-6.241902581891,6.241902581891,0.038461538462,True,"{""name"": ""gap_entropy"", ""null_model"": ""markov_2"", ""observed"": 3.452659044359, ""null_mean"": 3.617919505618, ""null_std"": 0.026475975729, ""z_score"": -6.241902581891, ""empirical_p"": 0.038461538462, ""null_samples"": 25}"
outputs\corpus_batch_curated\testdata_datasets_parallel_udhr_es_udhr_es_text_only.json,corpus_batch_curated,,,,es,parallel_udhr,udhr,,,,,,,,,grapheme,11965,,,whitespace,Whitespace positions.,1926,run_entropy,markov_2,2.462135547476,2.539038823711,0.017130573425,-4.489241213809,4.489241213809,0.038461538462,True,"{""name"": ""run_entropy"", ""null_model"": ""markov_2"", ""observed"": 2.462135547476, ""null_mean"": 2.539038823711, ""null_std"": 0.017130573425, ""z_score"": -4.489241213809, ""empirical_p"": 0.038461538462, ""null_samples"": 25}"
outputs\corpus_batch_curated\testdata_datasets_parallel_udhr_es_udhr_es_text_only.json,corpus_batch_curated,,,,es,parallel_udhr,udhr,,,,,,,,,grapheme,11965,,,digit,ASCII digit positions.,60,zeta_spectral_coherence,markov_2,2.8292142e-05,7.534789e-06,6.533006e-06,3.177305075189,3.177305075189,0.038461538462,True,"{""name"": ""zeta_spectral_coherence"", ""null_model"": ""markov_2"", ""observed"": 2.8292142e-05, ""null_mean"": 7.534789e-06, ""null_std"": 6.533006e-06, ""z_score"": 3.177305075189, ""empirical_p"": 0.038461538462, ""null_samples"": 25}"
outputs\corpus_batch_curated\testdata_datasets_parallel_udhr_es_udhr_es_text_only.json,corpus_batch_curated,,,,es,parallel_udhr,udhr,,,,,,,,,grapheme_class,11965,,,vowel,Positions classified as vowel in the grapheme-class stream.,4482,prime_gap_affinity,markov_2,0.750055791118,0.774349673627,0.007605979961,-3.194050290964,3.194050290964,0.038461538462,True,"{""name"": ""prime_gap_affinity"", ""null_model"": ""markov_2"", ""observed"": 0.750055791118, ""null_mean"": 0.774349673627, ""null_std"": 0.007605979961, ""z_score"": -3.194050290964, ""empirical_p"": 0.038461538462, ""null_samples"": 25}"
outputs\corpus_batch_curated\testdata_datasets_parallel_udhr_es_udhr_es_text_only.json,corpus_batch_curated,,,,es,parallel_udhr,udhr,,,,,,,,,grapheme_class,11965,,,consonant,Positions classified as consonant in the grapheme-class stream.,5298,zeta_spectral_coherence,markov_2,0.000235655185,0.000107786427,3.614858e-05,3.53731072095,3.53731072095,0.038461538462,True,"{""name"": ""zeta_spectral_coherence"", ""null_model"": ""markov_2"", ""observed"": 0.000235655185, ""null_mean"": 0.000107786427, ""null_std"": 3.614858e-05, ""z_score"": 3.53731072095, ""empirical_p"": 0.038461538462, ""null_samples"": 25}"
outputs\corpus_batch_curated\testdata_datasets_parallel_udhr_es_udhr_es_text_only.json,corpus_batch_curated,,,,es,parallel_udhr,udhr,,,,,,,,,grapheme_class,11965,,,whitespace,Positions classified as whitespace in the grapheme-class stream.,1926,gap_entropy,markov_2,3.452659044359,3.61730776037,0.036373399231,-4.526624387362,4.526624387362,0.038461538462,True,"{""name"": ""gap_entropy"", ""null_model"": ""markov_2"", ""observed"": 3.452659044359, ""null_mean"": 3.61730776037, ""null_std"": 0.036373399231, ""z_score"": -4.526624387362, ""empirical_p"": 0.038461538462, ""null_samples"": 25}"
outputs\corpus_batch_curated\testdata_datasets_parallel_udhr_es_udhr_es_text_only.json,corpus_batch_curated,,,,es,parallel_udhr,udhr,,,,,,,,,grapheme_class,11965,,,whitespace,Positions classified as whitespace in the grapheme-class stream.,1926,run_entropy,markov_2,2.462135547476,2.542802930188,0.024126867895,-3.343466838022,3.343466838022,0.038461538462,True,"{""name"": ""run_entropy"", ""null_model"": ""markov_2"", ""observed"": 2.462135547476, ""null_mean"": 2.542802930188, ""null_std"": 0.024126867895, ""z_score"": -3.343466838022, ""empirical_p"": 0.038461538462, ""null_samples"": 25}"
outputs\corpus_batch_curated\testdata_datasets_parallel_udhr_es_udhr_es_text_only.json,corpus_batch_curated,,,,es,parallel_udhr,udhr,,,,,,,,,word_boundary,11965,,,word_boundary,Positions marked as word boundaries after declared whitespace preprocessing.,1926,gap_entropy,markov_2,3.452659044359,3.637674802233,0.025809814742,-7.168426419394,7.168426419394,0.038461538462,True,"{""name"": ""gap_entropy"", ""null_model"": ""markov_2"", ""observed"": 3.452659044359, ""null_mean"": 3.637674802233, ""null_std"": 0.025809814742, ""z_score"": -7.168426419394, ""empirical_p"": 0.038461538462, ""null_samples"": 25}"
outputs\corpus_batch_curated\testdata_datasets_parallel_udhr_es_udhr_es_text_only.json,corpus_batch_curated,,,,es,parallel_udhr,udhr,,,,,,,,,word_boundary,11965,,,word_boundary,Positions marked as word boundaries after declared whitespace preprocessing.,1926,run_entropy,markov_2,2.462135547476,2.551413570371,0.019647667953,-4.543950107003,4.543950107003,0.038461538462,True,"{""name"": ""run_entropy"", ""null_model"": ""markov_2"", ""observed"": 2.462135547476, ""null_mean"": 2.551413570371, ""null_std"": 0.019647667953, ""z_score"": -4.543950107003, ""empirical_p"": 0.038461538462, ""null_samples"": 25}"
outputs\corpus_batch_curated\testdata_datasets_parallel_udhr_fr_udhr_fr.json,corpus_batch_curated,,,,fr,parallel_udhr,udhr,,,,,,,,,utf8_bits,81624,,,bit_one,Positions where the bitstream contains 1.,37521,gap_entropy,markov_2,2.10052225514,2.162095605109,0.004718921876,-13.04818167837,13.04818167837,0.038461538462,True,"{""name"": ""gap_entropy"", ""null_model"": ""markov_2"", ""observed"": 2.10052225514, ""null_mean"": 2.162095605109, ""null_std"": 0.004718921876, ""z_score"": -13.04818167837, ""empirical_p"": 0.038461538462, ""null_samples"": 25}"
outputs\corpus_batch_curated\testdata_datasets_parallel_udhr_fr_udhr_fr.json,corpus_batch_curated,,,,fr,parallel_udhr,udhr,,,,,,,,,utf8_bits,81624,,,bit_one,Positions where the bitstream contains 1.,37521,run_entropy,markov_2,1.873275591373,1.918372973723,0.006785522971,-6.646117409453,6.646117409453,0.038461538462,True,"{""name"": ""run_entropy"", ""null_model"": ""markov_2"", ""observed"": 1.873275591373, ""null_mean"": 1.918372973723, ""null_std"": 0.006785522971, ""z_score"": -6.646117409453, ""empirical_p"": 0.038461538462, ""null_samples"": 25}"
outputs\corpus_batch_curated\testdata_datasets_parallel_udhr_fr_udhr_fr.json,corpus_batch_curated,,,,fr,parallel_udhr,udhr,,,,,,,,,utf8_bits,81624,,,bit_one,Positions where the bitstream contains 1.,37521,prime_index_occupancy_bias,markov_2,-0.057102326325,0.00155844206,0.006359609496,-9.223957606849,9.223957606849,0.038461538462,True,"{""name"": ""prime_index_occupancy_bias"", ""null_model"": ""markov_2"", ""observed"": -0.057102326325, ""null_mean"": 0.00155844206, ""null_std"": 0.006359609496, ""z_score"": -9.223957606849, ""empirical_p"": 0.038461538462, ""null_samples"": 25}"
outputs\corpus_batch_curated\testdata_datasets_parallel_udhr_fr_udhr_fr.json,corpus_batch_curated,,,,fr,parallel_udhr,udhr,,,,,,,,,utf8_bits,81624,,,bit_one,Positions where the bitstream contains 1.,37521,prime_gap_affinity,markov_2,0.50434434968,0.457459533111,0.002020334529,23.206462049419,23.206462049419,0.038461538462,True,"{""name"": ""prime_gap_affinity"", ""null_model"": ""markov_2"", ""observed"": 0.50434434968, ""null_mean"": 0.457459533111, ""null_std"": 0.002020334529, ""z_score"": 23.206462049419, ""empirical_p"": 0.038461538462, ""null_samples"": 25}"
outputs\corpus_batch_curated\testdata_datasets_parallel_udhr_fr_udhr_fr.json,corpus_batch_curated,,,,fr,parallel_udhr,udhr,,,,,,,,,utf8_bits,81624,,,bit_transition,Positions where the bitstream changes from the previous bit.,42129,gap_entropy,markov_2,1.873298490718,1.920070329543,0.00526124253,-8.889884577927,8.889884577927,0.038461538462,True,"{""name"": ""gap_entropy"", ""null_model"": ""markov_2"", ""observed"": 1.873298490718, ""null_mean"": 1.920070329543, ""null_std"": 0.00526124253, ""z_score"": -8.889884577927, ""empirical_p"": 0.038461538462, ""null_samples"": 25}"
outputs\corpus_batch_curated\testdata_datasets_parallel_udhr_fr_udhr_fr.json,corpus_batch_curated,,,,fr,parallel_udhr,udhr,,,,,,,,,utf8_bits,81624,,,bit_transition,Positions where the bitstream changes from the previous bit.,42129,run_entropy,markov_2,1.740832699232,1.786820744326,0.00575019231,-7.997653402489,7.997653402489,0.038461538462,True,"{""name"": ""run_entropy"", ""null_model"": ""markov_2"", ""observed"": 1.740832699232, ""null_mean"": 1.786820744326, ""null_std"": 0.00575019231, ""z_score"": -7.997653402489, ""empirical_p"": 0.038461538462, ""null_samples"": 25}"
outputs\corpus_batch_curated\testdata_datasets_parallel_udhr_fr_udhr_fr.json,corpus_batch_curated,,,,fr,parallel_udhr,udhr,,,,,,,,,utf8_bits,81624,,,bit_transition,Positions where the bitstream changes from the previous bit.,42129,prime_index_occupancy_bias,markov_2,-0.085099706507,3.6549558e-05,0.00525270511,-16.208078368193,16.208078368193,0.038461538462,True,"{""name"": ""prime_index_occupancy_bias"", ""null_model"": ""markov_2"", ""observed"": -0.085099706507, ""null_mean"": 3.6549558e-05, ""null_std"": 0.00525270511, ""z_score"": -16.208078368193, ""empirical_p"": 0.038461538462, ""null_samples"": 25}"
outputs\corpus_batch_curated\testdata_datasets_parallel_udhr_fr_udhr_fr.json,corpus_batch_curated,,,,fr,parallel_udhr,udhr,,,,,,,,,utf8_bits,81624,,,bit_transition,Positions where the bitstream changes from the previous bit.,42129,prime_gap_affinity,markov_2,0.454068552981,0.468034914271,0.001956667669,-7.137830052488,7.137830052488,0.038461538462,True,"{""name"": ""prime_gap_affinity"", ""null_model"": ""markov_2"", ""observed"": 0.454068552981, ""null_mean"": 0.468034914271, ""null_std"": 0.001956667669, ""z_score"": -7.137830052488, ""empirical_p"": 0.038461538462, ""null_samples"": 25}"
outputs\corpus_batch_curated\testdata_datasets_parallel_udhr_fr_udhr_fr.json,corpus_batch_curated,,,,fr,parallel_udhr,udhr,,,,,,,,,grapheme,9899,,,vowel,Basic Latin-vowel positions plus common accented vowels.,3610,prime_gap_affinity,markov_2,0.663895816016,0.685594552983,0.004659077855,-4.657302934814,4.657302934814,0.038461538462,True,"{""name"": ""prime_gap_affinity"", ""null_model"": ""markov_2"", ""observed"": 0.663895816016, ""null_mean"": 0.685594552983, ""null_std"": 0.004659077855, ""z_score"": -4.657302934814, ""empirical_p"": 0.038461538462, ""null_samples"": 25}"
outputs\corpus_batch_curated\testdata_datasets_parallel_udhr_fr_udhr_fr.json,corpus_batch_curated,,,,fr,parallel_udhr,udhr,,,,,,,,,grapheme_class,9899,,,vowel,Positions classified as vowel in the grapheme-class stream.,3610,prime_gap_affinity,markov_2,0.663895816016,0.687374869268,0.007549477293,-3.110023693066,3.110023693066,0.038461538462,True,"{""name"": ""prime_gap_affinity"", ""null_model"": ""markov_2"", ""observed"": 0.663895816016, ""null_mean"": 0.687374869268, ""null_std"": 0.007549477293, ""z_score"": -3.110023693066, ""empirical_p"": 0.038461538462, ""null_samples"": 25}"
outputs\corpus_batch_curated\testdata_datasets_parallel_udhr_fr_udhr_fr_text_only.json,corpus_batch_curated,,,,fr,parallel_udhr,udhr,,,,,,,,,utf8_bits,99648,,,bit_one,Positions where the bitstream contains 1.,45563,gap_entropy,markov_2,2.114296805749,2.173061084891,0.004361713686,-13.472750248788,13.472750248788,0.038461538462,True,"{""name"": ""gap_entropy"", ""null_model"": ""markov_2"", ""observed"": 2.114296805749, ""null_mean"": 2.173061084891, ""null_std"": 0.004361713686, ""z_score"": -13.472750248788, ""empirical_p"": 0.038461538462, ""null_samples"": 25}"
outputs\corpus_batch_curated\testdata_datasets_parallel_udhr_fr_udhr_fr_text_only.json,corpus_batch_curated,,,,fr,parallel_udhr,udhr,,,,,,,,,utf8_bits,99648,,,bit_one,Positions where the bitstream contains 1.,45563,run_entropy,markov_2,1.878739234399,1.921867160132,0.005258771622,-8.201140652196,8.201140652196,0.038461538462,True,"{""name"": ""run_entropy"", ""null_model"": ""markov_2"", ""observed"": 1.878739234399, ""null_mean"": 1.921867160132, ""null_std"": 0.005258771622, ""z_score"": -8.201140652196, ""empirical_p"": 0.038461538462, ""null_samples"": 25}"
outputs\corpus_batch_curated\testdata_datasets_parallel_udhr_fr_udhr_fr_text_only.json,corpus_batch_curated,,,,fr,parallel_udhr,udhr,,,,,,,,,utf8_bits,99648,,,bit_one,Positions where the bitstream contains 1.,45563,prime_index_occupancy_bias,markov_2,-0.050580373421,0.000119334063,0.005078589664,-9.983028919176,9.983028919176,0.038461538462,True,"{""name"": ""prime_index_occupancy_bias"", ""null_model"": ""markov_2"", ""observed"": -0.050580373421, ""null_mean"": 0.000119334063, ""null_std"": 0.005078589664, ""z_score"": -9.983028919176, ""empirical_p"": 0.038461538462, ""null_samples"": 25}"
outputs\corpus_batch_curated\testdata_datasets_parallel_udhr_fr_udhr_fr_text_only.json,corpus_batch_curated,,,,fr,parallel_udhr,udhr,,,,,,,,,utf8_bits,99648,,,bit_one,Positions where the bitstream contains 1.,45563,prime_gap_affinity,markov_2,0.502326500154,0.458536049961,0.002002916782,21.863339794372,21.863339794372,0.038461538462,True,"{""name"": ""prime_gap_affinity"", ""null_model"": ""markov_2"", ""observed"": 0.502326500154, ""null_mean"": 0.458536049961, ""null_std"": 0.002002916782, ""z_score"": 21.863339794372, ""empirical_p"": 0.038461538462, ""null_samples"": 25}"
outputs\corpus_batch_curated\testdata_datasets_parallel_udhr_fr_udhr_fr_text_only.json,corpus_batch_curated,,,,fr,parallel_udhr,udhr,,,,,,,,,utf8_bits,99648,,,bit_transition,Positions where the bitstream changes from the previous bit.,51361,gap_entropy,markov_2,1.878733836052,1.924006029593,0.004235871121,-10.687811844131,10.687811844131,0.038461538462,True,"{""name"": ""gap_entropy"", ""null_model"": ""markov_2"", ""observed"": 1.878733836052, ""null_mean"": 1.924006029593, ""null_std"": 0.004235871121, ""z_score"": -10.687811844131, ""empirical_p"": 0.038461538462, ""null_samples"": 25}"
outputs\corpus_batch_curated\testdata_datasets_parallel_udhr_fr_udhr_fr_text_only.json,corpus_batch_curated,,,,fr,parallel_udhr,udhr,,,,,,,,,utf8_bits,99648,,,bit_transition,Positions where the bitstream changes from the previous bit.,51361,run_entropy,markov_2,1.74997159771,1.794180342186,0.004100506343,-10.78128913357,10.78128913357,0.038461538462,True,"{""name"": ""run_entropy"", ""null_model"": ""markov_2"", ""observed"": 1.74997159771, ""null_mean"": 1.794180342186, ""null_std"": 0.004100506343, ""z_score"": -10.78128913357, ""empirical_p"": 0.038461538462, ""null_samples"": 25}"
outputs\corpus_batch_curated\testdata_datasets_parallel_udhr_fr_udhr_fr_text_only.json,corpus_batch_curated,,,,fr,parallel_udhr,udhr,,,,,,,,,utf8_bits,99648,,,bit_transition,Positions where the bitstream changes from the previous bit.,51361,prime_index_occupancy_bias,markov_2,-0.076191012797,-0.001162184598,0.005052784952,-14.849004839299,14.849004839299,0.038461538462,True,"{""name"": ""prime_index_occupancy_bias"", ""null_model"": ""markov_2"", ""observed"": -0.076191012797, ""null_mean"": -0.001162184598, ""null_std"": 0.005052784952, ""z_score"": -14.849004839299, ""empirical_p"": 0.038461538462, ""null_samples"": 25}"
outputs\corpus_batch_curated\testdata_datasets_parallel_udhr_fr_udhr_fr_text_only.json,corpus_batch_curated,,,,fr,parallel_udhr,udhr,,,,,,,,,utf8_bits,99648,,,bit_transition,Positions where the bitstream changes from the previous bit.,51361,prime_gap_affinity,markov_2,0.4558605919,0.466343666786,0.001513336235,-6.92712871253,6.92712871253,0.038461538462,True,"{""name"": ""prime_gap_affinity"", ""null_model"": ""markov_2"", ""observed"": 0.4558605919, ""null_mean"": 0.466343666786, ""null_std"": 0.001513336235, ""z_score"": -6.92712871253, ""empirical_p"": 0.038461538462, ""null_samples"": 25}"
outputs\corpus_batch_curated\testdata_datasets_parallel_udhr_fr_udhr_fr_text_only.json,corpus_batch_curated,,,,fr,parallel_udhr,udhr,,,,,,,,,grapheme,11902,,,vowel,Basic Latin-vowel positions plus common accented vowels.,4330,prime_gap_affinity,markov_2,0.657426657427,0.681395260899,0.005697793153,-4.206646824262,4.206646824262,0.038461538462,True,"{""name"": ""prime_gap_affinity"", ""null_model"": ""markov_2"", ""observed"": 0.657426657427, ""null_mean"": 0.681395260899, ""null_std"": 0.005697793153, ""z_score"": -4.206646824262, ""empirical_p"": 0.038461538462, ""null_samples"": 25}"
outputs\corpus_batch_curated\testdata_datasets_parallel_udhr_fr_udhr_fr_text_only.json,corpus_batch_curated,,,,fr,parallel_udhr,udhr,,,,,,,,,grapheme_class,11902,,,vowel,Positions classified as vowel in the grapheme-class stream.,4330,prime_gap_affinity,markov_2,0.657426657427,0.682785690228,0.007492589125,-3.384548702695,3.384548702695,0.038461538462,True,"{""name"": ""prime_gap_affinity"", ""null_model"": ""markov_2"", ""observed"": 0.657426657427, ""null_mean"": 0.682785690228, ""null_std"": 0.007492589125, ""z_score"": -3.384548702695, ""empirical_p"": 0.038461538462, ""null_samples"": 25}"
outputs\corpus_batch_curated\testdata_datasets_parallel_udhr_fr_udhr_fr_text_only.json,corpus_batch_curated,,,,fr,parallel_udhr,udhr,,,,,,,,,word_boundary,11902,,,word_boundary,Positions marked as word boundaries after declared whitespace preprocessing.,1948,gap_entropy,markov_2,3.41106256247,3.504773334056,0.024743125333,-3.78734579098,3.78734579098,0.038461538462,True,"{""name"": ""gap_entropy"", ""null_model"": ""markov_2"", ""observed"": 3.41106256247, ""null_mean"": 3.504773334056, ""null_std"": 0.024743125333, ""z_score"": -3.78734579098, ""empirical_p"": 0.038461538462, ""null_samples"": 25}"
outputs\corpus_batch_curated\testdata_datasets_parallel_udhr_fr_udhr_fr_text_only.json,corpus_batch_curated,,,,fr,parallel_udhr,udhr,,,,,,,,,word_boundary,11902,,,word_boundary,Positions marked as word boundaries after declared whitespace preprocessing.,1948,run_entropy,markov_2,2.546697196471,2.593937897611,0.014644163655,-3.225906391967,3.225906391967,0.038461538462,True,"{""name"": ""run_entropy"", ""null_model"": ""markov_2"", ""observed"": 2.546697196471, ""null_mean"": 2.593937897611, ""null_std"": 0.014644163655, ""z_score"": -3.225906391967, ""empirical_p"": 0.038461538462, ""null_samples"": 25}"
outputs\corpus_batch_curated\testdata_datasets_parallel_udhr_he_udhr_he.json,corpus_batch_curated,,,,he,parallel_udhr,udhr,,,,,,,,,utf8_bits,79656,,,bit_one,Positions where the bitstream contains 1.,44215,gap_entropy,markov_2,1.733626655912,1.770370644292,0.00523658116,-7.016789630427,7.016789630427,0.038461538462,True,"{""name"": ""gap_entropy"", ""null_model"": ""markov_2"", ""observed"": 1.733626655912, ""null_mean"": 1.770370644292, ""null_std"": 0.00523658116, ""z_score"": -7.016789630427, ""empirical_p"": 0.038461538462, ""null_samples"": 25}"
outputs\corpus_batch_curated\testdata_datasets_parallel_udhr_he_udhr_he.json,corpus_batch_curated,,,,he,parallel_udhr,udhr,,,,,,,,,utf8_bits,79656,,,bit_one,Positions where the bitstream contains 1.,44215,run_entropy,markov_2,1.735094435873,1.83041249884,0.006189875936,-15.399026401432,15.399026401432,0.038461538462,True,"{""name"": ""run_entropy"", ""null_model"": ""markov_2"", ""observed"": 1.735094435873, ""null_mean"": 1.83041249884, ""null_std"": 0.006189875936, ""z_score"": -15.399026401432, ""empirical_p"": 0.038461538462, ""null_samples"": 25}"
outputs\corpus_batch_curated\testdata_datasets_parallel_udhr_he_udhr_he.json,corpus_batch_curated,,,,he,parallel_udhr,udhr,,,,,,,,,utf8_bits,79656,,,bit_one,Positions where the bitstream contains 1.,44215,prime_index_occupancy_bias,markov_2,-0.084136017798,-8.8359751e-05,0.004767910716,-17.627775151073,17.627775151073,0.038461538462,True,"{""name"": ""prime_index_occupancy_bias"", ""null_model"": ""markov_2"", ""observed"": -0.084136017798, ""null_mean"": -8.8359751e-05, ""null_std"": 0.004767910716, ""z_score"": -17.627775151073, ""empirical_p"": 0.038461538462, ""null_samples"": 25}"
outputs\corpus_batch_curated\testdata_datasets_parallel_udhr_he_udhr_he.json,corpus_batch_curated,,,,he,parallel_udhr,udhr,,,,,,,,,utf8_bits,79656,,,bit_one,Positions where the bitstream contains 1.,44215,prime_gap_affinity,markov_2,0.442733070973,0.433819270339,0.001831942103,4.865765472206,4.865765472206,0.038461538462,True,"{""name"": ""prime_gap_affinity"", ""null_model"": ""markov_2"", ""observed"": 0.442733070973, ""null_mean"": 0.433819270339, ""null_std"": 0.001831942103, ""z_score"": 4.865765472206, ""empirical_p"": 0.038461538462, ""null_samples"": 25}"
outputs\corpus_batch_curated\testdata_datasets_parallel_udhr_he_udhr_he.json,corpus_batch_curated,,,,he,parallel_udhr,udhr,,,,,,,,,utf8_bits,79656,,,bit_transition,Positions where the bitstream changes from the previous bit.,43170,gap_entropy,markov_2,1.735063536535,1.832858527105,0.007487285831,-13.061474180648,13.061474180648,0.038461538462,True,"{""name"": ""gap_entropy"", ""null_model"": ""markov_2"", ""observed"": 1.735063536535, ""null_mean"": 1.832858527105, ""null_std"": 0.007487285831, ""z_score"": -13.061474180648, ""empirical_p"": 0.038461538462, ""null_samples"": 25}"
outputs\corpus_batch_curated\testdata_datasets_parallel_udhr_he_udhr_he.json,corpus_batch_curated,,,,he,parallel_udhr,udhr,,,,,,,,,utf8_bits,79656,,,bit_transition,Positions where the bitstream changes from the previous bit.,43170,run_entropy,markov_2,1.98247310219,2.129805938898,0.008067605018,-18.262276892682,18.262276892682,0.038461538462,True,"{""name"": ""run_entropy"", ""null_model"": ""markov_2"", ""observed"": 1.98247310219, ""null_mean"": 2.129805938898, ""null_std"": 0.008067605018, ""z_score"": -18.262276892682, ""empirical_p"": 0.038461538462, ""null_samples"": 25}"
outputs\corpus_batch_curated\testdata_datasets_parallel_udhr_he_udhr_he.json,corpus_batch_curated,,,,he,parallel_udhr,udhr,,,,,,,,,utf8_bits,79656,,,bit_transition,Positions where the bitstream changes from the previous bit.,43170,prime_index_occupancy_bias,markov_2,-0.064491510805,0.003610334653,0.00554405026,-12.283771298412,12.283771298412,0.038461538462,True,"{""name"": ""prime_index_occupancy_bias"", ""null_model"": ""markov_2"", ""observed"": -0.064491510805, ""null_mean"": 0.003610334653, ""null_std"": 0.00554405026, ""z_score"": -12.283771298412, ""empirical_p"": 0.038461538462, ""null_samples"": 25}"
outputs\corpus_batch_curated\testdata_datasets_parallel_udhr_he_udhr_he.json,corpus_batch_curated,,,,he,parallel_udhr,udhr,,,,,,,,,utf8_bits,79656,,,bit_transition,Positions where the bitstream changes from the previous bit.,43170,prime_gap_affinity,markov_2,0.304107113901,0.359786121992,0.002515827483,-22.131488933959,22.131488933959,0.038461538462,True,"{""name"": ""prime_gap_affinity"", ""null_model"": ""markov_2"", ""observed"": 0.304107113901, ""null_mean"": 0.359786121992, ""null_std"": 0.002515827483, ""z_score"": -22.131488933959, ""empirical_p"": 0.038461538462, ""null_samples"": 25}"
outputs\corpus_batch_curated\testdata_datasets_parallel_udhr_he_udhr_he.json,corpus_batch_curated,,,,he,parallel_udhr,udhr,,,,,,,,,grapheme,5572,,,consonant,Alphabetic non-vowel positions under the MVP classifier.,4383,run_entropy,markov_2,2.498481615744,2.605735939665,0.025263396813,-4.245443505342,4.245443505342,0.038461538462,True,"{""name"": ""run_entropy"", ""null_model"": ""markov_2"", ""observed"": 2.498481615744, ""null_mean"": 2.605735939665, ""null_std"": 0.025263396813, ""z_score"": -4.245443505342, ""empirical_p"": 0.038461538462, ""null_samples"": 25}"
outputs\corpus_batch_curated\testdata_datasets_parallel_udhr_he_udhr_he.json,corpus_batch_curated,,,,he,parallel_udhr,udhr,,,,,,,,,grapheme,5572,,,whitespace,Whitespace positions.,1004,gap_entropy,markov_2,2.874069889037,3.103067453835,0.059679261953,-3.83713801586,3.83713801586,0.038461538462,True,"{""name"": ""gap_entropy"", ""null_model"": ""markov_2"", ""observed"": 2.874069889037, ""null_mean"": 3.103067453835, ""null_std"": 0.059679261953, ""z_score"": -3.83713801586, ""empirical_p"": 0.038461538462, ""null_samples"": 25}"
outputs\corpus_batch_curated\testdata_datasets_parallel_udhr_he_udhr_he.json,corpus_batch_curated,,,,he,parallel_udhr,udhr,,,,,,,,,grapheme,5572,,,whitespace,Whitespace positions.,1004,run_entropy,markov_2,2.386781515828,2.503204153714,0.030258261029,-3.847631487312,3.847631487312,0.038461538462,True,"{""name"": ""run_entropy"", ""null_model"": ""markov_2"", ""observed"": 2.386781515828, ""null_mean"": 2.503204153714, ""null_std"": 0.030258261029, ""z_score"": -3.847631487312, ""empirical_p"": 0.038461538462, ""null_samples"": 25}"
outputs\corpus_batch_curated\testdata_datasets_parallel_udhr_he_udhr_he.json,corpus_batch_curated,,,,he,parallel_udhr,udhr,,,,,,,,,grapheme_class,5572,,,consonant,Positions classified as consonant in the grapheme-class stream.,4383,run_entropy,markov_2,2.498481615744,2.615214030878,0.026381655087,-4.42475708021,4.42475708021,0.038461538462,True,"{""name"": ""run_entropy"", ""null_model"": ""markov_2"", ""observed"": 2.498481615744, ""null_mean"": 2.615214030878, ""null_std"": 0.026381655087, ""z_score"": -4.42475708021, ""empirical_p"": 0.038461538462, ""null_samples"": 25}"
outputs\corpus_batch_curated\testdata_datasets_parallel_udhr_he_udhr_he.json,corpus_batch_curated,,,,he,parallel_udhr,udhr,,,,,,,,,grapheme_class,5572,,,whitespace,Positions classified as whitespace in the grapheme-class stream.,1004,gap_entropy,markov_2,2.874069889037,3.095565366029,0.048658430252,-4.552047319362,4.552047319362,0.038461538462,True,"{""name"": ""gap_entropy"", ""null_model"": ""markov_2"", ""observed"": 2.874069889037, ""null_mean"": 3.095565366029, ""null_std"": 0.048658430252, ""z_score"": -4.552047319362, ""empirical_p"": 0.038461538462, ""null_samples"": 25}"
outputs\corpus_batch_curated\testdata_datasets_parallel_udhr_he_udhr_he.json,corpus_batch_curated,,,,he,parallel_udhr,udhr,,,,,,,,,grapheme_class,5572,,,whitespace,Positions classified as whitespace in the grapheme-class stream.,1004,run_entropy,markov_2,2.386781515828,2.499188692063,0.024705068233,-4.549964208837,4.549964208837,0.038461538462,True,"{""name"": ""run_entropy"", ""null_model"": ""markov_2"", ""observed"": 2.386781515828, ""null_mean"": 2.499188692063, ""null_std"": 0.024705068233, ""z_score"": -4.549964208837, ""empirical_p"": 0.038461538462, ""null_samples"": 25}"
outputs\corpus_batch_curated\testdata_datasets_parallel_udhr_he_udhr_he.json,corpus_batch_curated,,,,he,parallel_udhr,udhr,,,,,,,,,word_boundary,5572,,,word_boundary,Positions marked as word boundaries after declared whitespace preprocessing.,1004,gap_entropy,markov_2,2.874069889037,3.123837122764,0.037005361809,-6.749487682724,6.749487682724,0.038461538462,True,"{""name"": ""gap_entropy"", ""null_model"": ""markov_2"", ""observed"": 2.874069889037, ""null_mean"": 3.123837122764, ""null_std"": 0.037005361809, ""z_score"": -6.749487682724, ""empirical_p"": 0.038461538462, ""null_samples"": 25}"
outputs\corpus_batch_curated\testdata_datasets_parallel_udhr_he_udhr_he.json,corpus_batch_curated,,,,he,parallel_udhr,udhr,,,,,,,,,word_boundary,5572,,,word_boundary,Positions marked as word boundaries after declared whitespace preprocessing.,1004,run_entropy,markov_2,2.386781515828,2.512540885285,0.01833696679,-6.85824274532,6.85824274532,0.038461538462,True,"{""name"": ""run_entropy"", ""null_model"": ""markov_2"", ""observed"": 2.386781515828, ""null_mean"": 2.512540885285, ""null_std"": 0.01833696679, ""z_score"": -6.85824274532, ""empirical_p"": 0.038461538462, ""null_samples"": 25}"
outputs\corpus_batch_curated\testdata_datasets_parallel_udhr_is_udhr_is.json,corpus_batch_curated,,,,is,parallel_udhr,udhr,,,,,,,,,utf8_bits,87624,,,bit_one,Positions where the bitstream contains 1.,40837,gap_entropy,markov_2,2.073987384592,2.138510079988,0.005227870897,-12.342059830991,12.342059830991,0.038461538462,True,"{""name"": ""gap_entropy"", ""null_model"": ""markov_2"", ""observed"": 2.073987384592, ""null_mean"": 2.138510079988, ""null_std"": 0.005227870897, ""z_score"": -12.342059830991, ""empirical_p"": 0.038461538462, ""null_samples"": 25}"
outputs\corpus_batch_curated\testdata_datasets_parallel_udhr_is_udhr_is.json,corpus_batch_curated,,,,is,parallel_udhr,udhr,,,,,,,,,utf8_bits,87624,,,bit_one,Positions where the bitstream contains 1.,40837,run_entropy,markov_2,1.941489825984,1.973062391664,0.006722150389,-4.696795497626,4.696795497626,0.038461538462,True,"{""name"": ""run_entropy"", ""null_model"": ""markov_2"", ""observed"": 1.941489825984, ""null_mean"": 1.973062391664, ""null_std"": 0.006722150389, ""z_score"": -4.696795497626, ""empirical_p"": 0.038461538462, ""null_samples"": 25}"
outputs\corpus_batch_curated\testdata_datasets_parallel_udhr_is_udhr_is.json,corpus_batch_curated,,,,is,parallel_udhr,udhr,,,,,,,,,utf8_bits,87624,,,bit_one,Positions where the bitstream contains 1.,40837,prime_gap_affinity,markov_2,0.48949456362,0.433755062614,0.002144066975,25.997089481877,25.997089481877,0.038461538462,True,"{""name"": ""prime_gap_affinity"", ""null_model"": ""markov_2"", ""observed"": 0.48949456362, ""null_mean"": 0.433755062614, ""null_std"": 0.002144066975, ""z_score"": 25.997089481877, ""empirical_p"": 0.038461538462, ""null_samples"": 25}"
outputs\corpus_batch_curated\testdata_datasets_parallel_udhr_is_udhr_is.json,corpus_batch_curated,,,,is,parallel_udhr,udhr,,,,,,,,,utf8_bits,87624,,,bit_transition,Positions where the bitstream changes from the previous bit.,43781,gap_entropy,markov_2,1.941485352588,1.975822569905,0.005988448893,-5.733908383894,5.733908383894,0.038461538462,True,"{""name"": ""gap_entropy"", ""null_model"": ""markov_2"", ""observed"": 1.941485352588, ""null_mean"": 1.975822569905, ""null_std"": 0.005988448893, ""z_score"": -5.733908383894, ""empirical_p"": 0.038461538462, ""null_samples"": 25}"
outputs\corpus_batch_curated\testdata_datasets_parallel_udhr_is_udhr_is.json,corpus_batch_curated,,,,is,parallel_udhr,udhr,,,,,,,,,utf8_bits,87624,,,bit_transition,Positions where the bitstream changes from the previous bit.,43781,run_entropy,markov_2,1.702754339987,1.73693117265,0.005888635509,-5.80386281566,5.80386281566,0.038461538462,True,"{""name"": ""run_entropy"", ""null_model"": ""markov_2"", ""observed"": 1.702754339987, ""null_mean"": 1.73693117265, ""null_std"": 0.005888635509, ""z_score"": -5.80386281566, ""empirical_p"": 0.038461538462, ""null_samples"": 25}"
outputs\corpus_batch_curated\testdata_datasets_parallel_udhr_is_udhr_is.json,corpus_batch_curated,,,,is,parallel_udhr,udhr,,,,,,,,,utf8_bits,87624,,,bit_transition,Positions where the bitstream changes from the previous bit.,43781,prime_index_occupancy_bias,markov_2,-0.053578212399,-0.000521601952,0.0058639158,-9.047982996185,9.047982996185,0.038461538462,True,"{""name"": ""prime_index_occupancy_bias"", ""null_model"": ""markov_2"", ""observed"": -0.053578212399, ""null_mean"": -0.000521601952, ""null_std"": 0.0058639158, ""z_score"": -9.047982996185, ""empirical_p"": 0.038461538462, ""null_samples"": 25}"
outputs\corpus_batch_curated\testdata_datasets_parallel_udhr_is_udhr_is.json,corpus_batch_curated,,,,is,parallel_udhr,udhr,,,,,,,,,utf8_bits,87624,,,bit_transition,Positions where the bitstream changes from the previous bit.,43781,prime_gap_affinity,markov_2,0.476244860667,0.493187250279,0.001960559949,-8.641607528035,8.641607528035,0.038461538462,True,"{""name"": ""prime_gap_affinity"", ""null_model"": ""markov_2"", ""observed"": 0.476244860667, ""null_mean"": 0.493187250279, ""null_std"": 0.001960559949, ""z_score"": -8.641607528035, ""empirical_p"": 0.038461538462, ""null_samples"": 25}"
outputs\corpus_batch_curated\testdata_datasets_parallel_udhr_is_udhr_is.json,corpus_batch_curated,,,,is,parallel_udhr,udhr,,,,,,,,,grapheme,9967,,,vowel,Basic Latin-vowel positions plus common accented vowels.,2987,prime_gap_affinity,markov_2,0.678834561286,0.713965552059,0.006962397934,-5.045817706287,5.045817706287,0.038461538462,True,"{""name"": ""prime_gap_affinity"", ""null_model"": ""markov_2"", ""observed"": 0.678834561286, ""null_mean"": 0.713965552059, ""null_std"": 0.006962397934, ""z_score"": -5.045817706287, ""empirical_p"": 0.038461538462, ""null_samples"": 25}"
outputs\corpus_batch_curated\testdata_datasets_parallel_udhr_is_udhr_is.json,corpus_batch_curated,,,,is,parallel_udhr,udhr,,,,,,,,,grapheme,9967,,,punctuation,Punctuation positions under the declared punctuation/hyphen policies.,291,gap_entropy,markov_2,5.647520835863,6.024471088278,0.064258010621,-5.866198607372,5.866198607372,0.038461538462,True,"{""name"": ""gap_entropy"", ""null_model"": ""markov_2"", ""observed"": 5.647520835863, ""null_mean"": 6.024471088278, ""null_std"": 0.064258010621, ""z_score"": -5.866198607372, ""empirical_p"": 0.038461538462, ""null_samples"": 25}"
outputs\corpus_batch_curated\testdata_datasets_parallel_udhr_is_udhr_is.json,corpus_batch_curated,,,,is,parallel_udhr,udhr,,,,,,,,,grapheme,9967,,,punctuation,Punctuation positions under the declared punctuation/hyphen policies.,291,run_entropy,markov_2,3.829374211288,4.018473588207,0.033375417845,-5.665827999396,5.665827999396,0.038461538462,True,"{""name"": ""run_entropy"", ""null_model"": ""markov_2"", ""observed"": 3.829374211288, ""null_mean"": 4.018473588207, ""null_std"": 0.033375417845, ""z_score"": -5.665827999396, ""empirical_p"": 0.038461538462, ""null_samples"": 25}"
outputs\corpus_batch_curated\testdata_datasets_parallel_udhr_is_udhr_is.json,corpus_batch_curated,,,,is,parallel_udhr,udhr,,,,,,,,,grapheme,9967,,,punctuation,Punctuation positions under the declared punctuation/hyphen policies.,291,prime_gap_affinity,markov_2,0.403448275862,0.301603253566,0.024130187882,4.220647712834,4.220647712834,0.038461538462,True,"{""name"": ""prime_gap_affinity"", ""null_model"": ""markov_2"", ""observed"": 0.403448275862, ""null_mean"": 0.301603253566, ""null_std"": 0.024130187882, ""z_score"": 4.220647712834, ""empirical_p"": 0.038461538462, ""null_samples"": 25}"
outputs\corpus_batch_curated\testdata_datasets_parallel_udhr_is_udhr_is.json,corpus_batch_curated,,,,is,parallel_udhr,udhr,,,,,,,,,grapheme,9967,,,digit,ASCII digit positions.,80,run_entropy,markov_2,4.023530710813,4.317815031866,0.085884305472,-3.426520357077,3.426520357077,0.038461538462,True,"{""name"": ""run_entropy"", ""null_model"": ""markov_2"", ""observed"": 4.023530710813, ""null_mean"": 4.317815031866, ""null_std"": 0.085884305472, ""z_score"": -3.426520357077, ""empirical_p"": 0.038461538462, ""null_samples"": 25}"
outputs\corpus_batch_curated\testdata_datasets_parallel_udhr_is_udhr_is.json,corpus_batch_curated,,,,is,parallel_udhr,udhr,,,,,,,,,grapheme_class,9967,,,vowel,Positions classified as vowel in the grapheme-class stream.,2987,prime_gap_affinity,markov_2,0.678834561286,0.714797097142,0.007851721706,-4.580210201272,4.580210201272,0.038461538462,True,"{""name"": ""prime_gap_affinity"", ""null_model"": ""markov_2"", ""observed"": 0.678834561286, ""null_mean"": 0.714797097142, ""null_std"": 0.007851721706, ""z_score"": -4.580210201272, ""empirical_p"": 0.038461538462, ""null_samples"": 25}"
outputs\corpus_batch_curated\testdata_datasets_parallel_udhr_is_udhr_is.json,corpus_batch_curated,,,,is,parallel_udhr,udhr,,,,,,,,,grapheme_class,9967,,,digit,Positions classified as digit in the grapheme-class stream.,80,run_entropy,markov_2,4.023530710813,4.356053069144,0.071062282167,-4.679308744251,4.679308744251,0.038461538462,True,"{""name"": ""run_entropy"", ""null_model"": ""markov_2"", ""observed"": 4.023530710813, ""null_mean"": 4.356053069144, ""null_std"": 0.071062282167, ""z_score"": -4.679308744251, ""empirical_p"": 0.038461538462, ""null_samples"": 25}"
outputs\corpus_batch_curated\testdata_datasets_parallel_udhr_is_udhr_is.json,corpus_batch_curated,,,,is,parallel_udhr,udhr,,,,,,,,,grapheme_class,9967,,,punctuation,Positions classified as punctuation in the grapheme-class stream.,291,gap_entropy,markov_2,5.647520835863,6.02933525551,0.073414765138,-5.200785140818,5.200785140818,0.038461538462,True,"{""name"": ""gap_entropy"", ""null_model"": ""markov_2"", ""observed"": 5.647520835863, ""null_mean"": 6.02933525551, ""null_std"": 0.073414765138, ""z_score"": -5.200785140818, ""empirical_p"": 0.038461538462, ""null_samples"": 25}"
outputs\corpus_batch_curated\testdata_datasets_parallel_udhr_is_udhr_is.json,corpus_batch_curated,,,,is,parallel_udhr,udhr,,,,,,,,,grapheme_class,9967,,,punctuation,Positions classified as punctuation in the grapheme-class stream.,291,run_entropy,markov_2,3.829374211288,4.021171016401,0.036393522693,-5.270080797879,5.270080797879,0.038461538462,True,"{""name"": ""run_entropy"", ""null_model"": ""markov_2"", ""observed"": 3.829374211288, ""null_mean"": 4.021171016401, ""null_std"": 0.036393522693, ""z_score"": -5.270080797879, ""empirical_p"": 0.038461538462, ""null_samples"": 25}"
outputs\corpus_batch_curated\testdata_datasets_parallel_udhr_is_udhr_is.json,corpus_batch_curated,,,,is,parallel_udhr,udhr,,,,,,,,,grapheme_class,9967,,,punctuation,Positions classified as punctuation in the grapheme-class stream.,291,prime_gap_affinity,markov_2,0.403448275862,0.301127432583,0.022287687166,4.5909134725,4.5909134725,0.038461538462,True,"{""name"": ""prime_gap_affinity"", ""null_model"": ""markov_2"", ""observed"": 0.403448275862, ""null_mean"": 0.301127432583, ""null_std"": 0.022287687166, ""z_score"": 4.5909134725, ""empirical_p"": 0.038461538462, ""null_samples"": 25}"
outputs\corpus_batch_curated\testdata_datasets_parallel_udhr_ja_udhr_ja.json,corpus_batch_curated,,,,ja,parallel_udhr,udhr,,,,,,,,,utf8_bits,77248,,,bit_one,Positions where the bitstream contains 1.,37344,gap_entropy,markov_2,1.985937385526,2.046411704448,0.004485648419,-13.481734025284,13.481734025284,0.038461538462,True,"{""name"": ""gap_entropy"", ""null_model"": ""markov_2"", ""observed"": 1.985937385526, ""null_mean"": 2.046411704448, ""null_std"": 0.004485648419, ""z_score"": -13.481734025284, ""empirical_p"": 0.038461538462, ""null_samples"": 25}"
outputs\corpus_batch_curated\testdata_datasets_parallel_udhr_ja_udhr_ja.json,corpus_batch_curated,,,,ja,parallel_udhr,udhr,,,,,,,,,utf8_bits,77248,,,bit_one,Positions where the bitstream contains 1.,37344,run_entropy,markov_2,2.164775583229,2.232094804443,0.00660775492,-10.187911330471,10.187911330471,0.038461538462,True,"{""name"": ""run_entropy"", ""null_model"": ""markov_2"", ""observed"": 2.164775583229, ""null_mean"": 2.232094804443, ""null_std"": 0.00660775492, ""z_score"": -10.187911330471, ""empirical_p"": 0.038461538462, ""null_samples"": 25}"
outputs\corpus_batch_curated\testdata_datasets_parallel_udhr_ja_udhr_ja.json,corpus_batch_curated,,,,ja,parallel_udhr,udhr,,,,,,,,,utf8_bits,77248,,,bit_one,Positions where the bitstream contains 1.,37344,prime_index_occupancy_bias,markov_2,0.1212668517,0.000279760302,0.005649065931,21.417185226583,21.417185226583,0.038461538462,True,"{""name"": ""prime_index_occupancy_bias"", ""null_model"": ""markov_2"", ""observed"": 0.1212668517, ""null_mean"": 0.000279760302, ""null_std"": 0.005649065931, ""z_score"": 21.417185226583, ""empirical_p"": 0.038461538462, ""null_samples"": 25}"
outputs\corpus_batch_curated\testdata_datasets_parallel_udhr_ja_udhr_ja.json,corpus_batch_curated,,,,ja,parallel_udhr,udhr,,,,,,,,,utf8_bits,77248,,,bit_one,Positions where the bitstream contains 1.,37344,prime_gap_affinity,markov_2,0.345205259352,0.359259687196,0.002019215166,-6.960341860381,6.960341860381,0.038461538462,True,"{""name"": ""prime_gap_affinity"", ""null_model"": ""markov_2"", ""observed"": 0.345205259352, ""null_mean"": 0.359259687196, ""null_std"": 0.002019215166, ""z_score"": -6.960341860381, ""empirical_p"": 0.038461538462, ""null_samples"": 25}"
outputs\corpus_batch_curated\testdata_datasets_parallel_udhr_ja_udhr_ja.json,corpus_batch_curated,,,,ja,parallel_udhr,udhr,,,,,,,,,utf8_bits,77248,,,bit_transition,Positions where the bitstream changes from the previous bit.,34292,gap_entropy,markov_2,2.164771636069,2.210452943897,0.007231913364,-6.316628190942,6.316628190942,0.038461538462,True,"{""name"": ""gap_entropy"", ""null_model"": ""markov_2"", ""observed"": 2.164771636069, ""null_mean"": 2.210452943897, ""null_std"": 0.007231913364, ""z_score"": -6.316628190942, ""empirical_p"": 0.038461538462, ""null_samples"": 25}"
outputs\corpus_batch_curated\testdata_datasets_parallel_udhr_ja_udhr_ja.json,corpus_batch_curated,,,,ja,parallel_udhr,udhr,,,,,,,,,utf8_bits,77248,,,bit_transition,Positions where the bitstream changes from the previous bit.,34292,prime_index_occupancy_bias,markov_2,-0.090099187379,0.001710237619,0.005354247794,-17.14702578745,17.14702578745,0.038461538462,True,"{""name"": ""prime_index_occupancy_bias"", ""null_model"": ""markov_2"", ""observed"": -0.090099187379, ""null_mean"": 0.001710237619, ""null_std"": 0.005354247794, ""z_score"": -17.14702578745, ""empirical_p"": 0.038461538462, ""null_samples"": 25}"
outputs\corpus_batch_curated\testdata_datasets_parallel_udhr_ja_udhr_ja.json,corpus_batch_curated,,,,ja,parallel_udhr,udhr,,,,,,,,,utf8_bits,77248,,,bit_transition,Positions where the bitstream changes from the previous bit.,34292,prime_gap_affinity,markov_2,0.478988655916,0.454849757779,0.002295144065,10.517378190848,10.517378190848,0.038461538462,True,"{""name"": ""prime_gap_affinity"", ""null_model"": ""markov_2"", ""observed"": 0.478988655916, ""null_mean"": 0.454849757779, ""null_std"": 0.002295144065, ""z_score"": 10.517378190848, ""empirical_p"": 0.038461538462, ""null_samples"": 25}"
outputs\corpus_batch_curated\testdata_datasets_parallel_udhr_ja_udhr_ja.json,corpus_batch_curated,,,,ja,parallel_udhr,udhr,,,,,,,,,grapheme,3334,,,consonant,Alphabetic non-vowel positions under the MVP classifier.,2935,zeta_spectral_coherence,markov_2,0.001492691056,0.000316807885,0.000145209622,8.09783234738,8.09783234738,0.038461538462,True,"{""name"": ""zeta_spectral_coherence"", ""null_model"": ""markov_2"", ""observed"": 0.001492691056, ""null_mean"": 0.000316807885, ""null_std"": 0.000145209622, ""z_score"": 8.09783234738, ""empirical_p"": 0.038461538462, ""null_samples"": 25}"
outputs\corpus_batch_curated\testdata_datasets_parallel_udhr_ja_udhr_ja.json,corpus_batch_curated,,,,ja,parallel_udhr,udhr,,,,,,,,,grapheme,3334,,,whitespace,Whitespace positions.,131,gap_entropy,markov_2,4.114325080544,5.416333299576,0.076653618741,-16.985606686422,16.985606686422,0.038461538462,True,"{""name"": ""gap_entropy"", ""null_model"": ""markov_2"", ""observed"": 4.114325080544, ""null_mean"": 5.416333299576, ""null_std"": 0.076653618741, ""z_score"": -16.985606686422, ""empirical_p"": 0.038461538462, ""null_samples"": 25}"
outputs\corpus_batch_curated\testdata_datasets_parallel_udhr_ja_udhr_ja.json,corpus_batch_curated,,,,ja,parallel_udhr,udhr,,,,,,,,,grapheme,3334,,,whitespace,Whitespace positions.,131,run_entropy,markov_2,3.07608981665,3.719259998163,0.038720559315,-16.610560200942,16.610560200942,0.038461538462,True,"{""name"": ""run_entropy"", ""null_model"": ""markov_2"", ""observed"": 3.07608981665, ""null_mean"": 3.719259998163, ""null_std"": 0.038720559315, ""z_score"": -16.610560200942, ""empirical_p"": 0.038461538462, ""null_samples"": 25}"
outputs\corpus_batch_curated\testdata_datasets_parallel_udhr_ja_udhr_ja.json,corpus_batch_curated,,,,ja,parallel_udhr,udhr,,,,,,,,,grapheme,3334,,,digit,ASCII digit positions.,40,zeta_spectral_coherence,markov_2,0.000450944229,5.5048024e-05,4.5758228e-05,8.651913029833,8.651913029833,0.038461538462,True,"{""name"": ""zeta_spectral_coherence"", ""null_model"": ""markov_2"", ""observed"": 0.000450944229, ""null_mean"": 5.5048024e-05, ""null_std"": 4.5758228e-05, ""z_score"": 8.651913029833, ""empirical_p"": 0.038461538462, ""null_samples"": 25}"
outputs\corpus_batch_curated\testdata_datasets_parallel_udhr_ja_udhr_ja.json,corpus_batch_curated,,,,ja,parallel_udhr,udhr,,,,,,,,,grapheme_class,3334,,,consonant,Positions classified as consonant in the grapheme-class stream.,2935,zeta_spectral_coherence,markov_2,0.001492691056,0.000319921467,0.000162725781,7.207030009945,7.207030009945,0.038461538462,True,"{""name"": ""zeta_spectral_coherence"", ""null_model"": ""markov_2"", ""observed"": 0.001492691056, ""null_mean"": 0.000319921467, ""null_std"": 0.000162725781, ""z_score"": 7.207030009945, ""empirical_p"": 0.038461538462, ""null_samples"": 25}"
outputs\corpus_batch_curated\testdata_datasets_parallel_udhr_ja_udhr_ja.json,corpus_batch_curated,,,,ja,parallel_udhr,udhr,,,,,,,,,grapheme_class,3334,,,digit,Positions classified as digit in the grapheme-class stream.,40,zeta_spectral_coherence,markov_2,0.000450944229,5.0214663e-05,4.8900434e-05,8.194805979132,8.194805979132,0.038461538462,True,"{""name"": ""zeta_spectral_coherence"", ""null_model"": ""markov_2"", ""observed"": 0.000450944229, ""null_mean"": 5.0214663e-05, ""null_std"": 4.8900434e-05, ""z_score"": 8.194805979132, ""empirical_p"": 0.038461538462, ""null_samples"": 25}"
outputs\corpus_batch_curated\testdata_datasets_parallel_udhr_ja_udhr_ja.json,corpus_batch_curated,,,,ja,parallel_udhr,udhr,,,,,,,,,grapheme_class,3334,,,whitespace,Positions classified as whitespace in the grapheme-class stream.,131,gap_entropy,markov_2,4.114325080544,5.384112740209,0.082067964322,-15.472391330212,15.472391330212,0.038461538462,True,"{""name"": ""gap_entropy"", ""null_model"": ""markov_2"", ""observed"": 4.114325080544, ""null_mean"": 5.384112740209, ""null_std"": 0.082067964322, ""z_score"": -15.472391330212, ""empirical_p"": 0.038461538462, ""null_samples"": 25}"
outputs\corpus_batch_curated\testdata_datasets_parallel_udhr_ja_udhr_ja.json,corpus_batch_curated,,,,ja,parallel_udhr,udhr,,,,,,,,,grapheme_class,3334,,,whitespace,Positions classified as whitespace in the grapheme-class stream.,131,run_entropy,markov_2,3.07608981665,3.705492824268,0.038842092219,-16.204147914311,16.204147914311,0.038461538462,True,"{""name"": ""run_entropy"", ""null_model"": ""markov_2"", ""observed"": 3.07608981665, ""null_mean"": 3.705492824268, ""null_std"": 0.038842092219, ""z_score"": -16.204147914311, ""empirical_p"": 0.038461538462, ""null_samples"": 25}"
outputs\corpus_batch_curated\testdata_datasets_parallel_udhr_ja_udhr_ja.json,corpus_batch_curated,,,,ja,parallel_udhr,udhr,,,,,,,,,grapheme_class,3334,,,other,Positions classified as other in the grapheme-class stream.,17,zeta_spectral_coherence,markov_2,0.000496796925,8.863504e-06,7.68991e-06,63.451126149648,63.451126149648,0.038461538462,True,"{""name"": ""zeta_spectral_coherence"", ""null_model"": ""markov_2"", ""observed"": 0.000496796925, ""null_mean"": 8.863504e-06, ""null_std"": 7.68991e-06, ""z_score"": 63.451126149648, ""empirical_p"": 0.038461538462, ""null_samples"": 25}"
outputs\corpus_batch_curated\testdata_datasets_parallel_udhr_ja_udhr_ja.json,corpus_batch_curated,,,,ja,parallel_udhr,udhr,,,,,,,,,grapheme_class,3334,,,other,Positions classified as other in the grapheme-class stream.,17,critical_line_symmetry,markov_2,0.940342307314,0.717111225874,0.045868836779,4.866726455612,4.866726455612,0.038461538462,True,"{""name"": ""critical_line_symmetry"", ""null_model"": ""markov_2"", ""observed"": 0.940342307314, ""null_mean"": 0.717111225874, ""null_std"": 0.045868836779, ""z_score"": 4.866726455612, ""empirical_p"": 0.038461538462, ""null_samples"": 25}"
outputs\corpus_batch_curated\testdata_datasets_parallel_udhr_ja_udhr_ja.json,corpus_batch_curated,,,,ja,parallel_udhr,udhr,,,,,,,,,word_boundary,3334,,,word_boundary,Positions marked as word boundaries after declared whitespace preprocessing.,131,gap_entropy,markov_2,4.114325080544,5.413178882327,0.090214135521,-14.397453284732,14.397453284732,0.038461538462,True,"{""name"": ""gap_entropy"", ""null_model"": ""markov_2"", ""observed"": 4.114325080544, ""null_mean"": 5.413178882327, ""null_std"": 0.090214135521, ""z_score"": -14.397453284732, ""empirical_p"": 0.038461538462, ""null_samples"": 25}"
outputs\corpus_batch_curated\testdata_datasets_parallel_udhr_ja_udhr_ja.json,corpus_batch_curated,,,,ja,parallel_udhr,udhr,,,,,,,,,word_boundary,3334,,,word_boundary,Positions marked as word boundaries after declared whitespace preprocessing.,131,run_entropy,markov_2,3.07608981665,3.720951214534,0.044003720094,-14.654701841407,14.654701841407,0.038461538462,True,"{""name"": ""run_entropy"", ""null_model"": ""markov_2"", ""observed"": 3.07608981665, ""null_mean"": 3.720951214534, ""null_std"": 0.044003720094, ""z_score"": -14.654701841407, ""empirical_p"": 0.038461538462, ""null_samples"": 25}"
outputs\corpus_batch_curated\testdata_datasets_parallel_udhr_ja_udhr_ja_text_only.json,corpus_batch_curated,,,,ja,parallel_udhr,udhr,,,,,,,,,utf8_bits,98104,,,bit_one,Positions where the bitstream contains 1.,47624,gap_entropy,markov_2,1.977924587688,2.040425042117,0.00568033088,-11.002960169805,11.002960169805,0.038461538462,True,"{""name"": ""gap_entropy"", ""null_model"": ""markov_2"", ""observed"": 1.977924587688, ""null_mean"": 2.040425042117, ""null_std"": 0.00568033088, ""z_score"": -11.002960169805, ""empirical_p"": 0.038461538462, ""null_samples"": 25}"
outputs\corpus_batch_curated\testdata_datasets_parallel_udhr_ja_udhr_ja_text_only.json,corpus_batch_curated,,,,ja,parallel_udhr,udhr,,,,,,,,,utf8_bits,98104,,,bit_one,Positions where the bitstream contains 1.,47624,run_entropy,markov_2,2.162552855752,2.227787144151,0.006021268055,-10.833978457928,10.833978457928,0.038461538462,True,"{""name"": ""run_entropy"", ""null_model"": ""markov_2"", ""observed"": 2.162552855752, ""null_mean"": 2.227787144151, ""null_std"": 0.006021268055, ""z_score"": -10.833978457928, ""empirical_p"": 0.038461538462, ""null_samples"": 25}"
outputs\corpus_batch_curated\testdata_datasets_parallel_udhr_ja_udhr_ja_text_only.json,corpus_batch_curated,,,,ja,parallel_udhr,udhr,,,,,,,,,utf8_bits,98104,,,bit_one,Positions where the bitstream contains 1.,47624,prime_index_occupancy_bias,markov_2,0.123734032796,0.000391011896,0.004940323905,24.966585851571,24.966585851571,0.038461538462,True,"{""name"": ""prime_index_occupancy_bias"", ""null_model"": ""markov_2"", ""observed"": 0.123734032796, ""null_mean"": 0.000391011896, ""null_std"": 0.004940323905, ""z_score"": 24.966585851571, ""empirical_p"": 0.038461538462, ""null_samples"": 25}"
outputs\corpus_batch_curated\testdata_datasets_parallel_udhr_ja_udhr_ja_text_only.json,corpus_batch_curated,,,,ja,parallel_udhr,udhr,,,,,,,,,utf8_bits,98104,,,bit_one,Positions where the bitstream contains 1.,47624,prime_gap_affinity,markov_2,0.346114272515,0.359654148493,0.0018567226,-7.292352652388,7.292352652388,0.038461538462,True,"{""name"": ""prime_gap_affinity"", ""null_model"": ""markov_2"", ""observed"": 0.346114272515, ""null_mean"": 0.359654148493, ""null_std"": 0.0018567226, ""z_score"": -7.292352652388, ""empirical_p"": 0.038461538462, ""null_samples"": 25}"
outputs\corpus_batch_curated\testdata_datasets_parallel_udhr_ja_udhr_ja_text_only.json,corpus_batch_curated,,,,ja,parallel_udhr,udhr,,,,,,,,,utf8_bits,98104,,,bit_transition,Positions where the bitstream changes from the previous bit.,43633,gap_entropy,markov_2,2.162572971099,2.20738862092,0.006446883827,-6.951521234404,6.951521234404,0.038461538462,True,"{""name"": ""gap_entropy"", ""null_model"": ""markov_2"", ""observed"": 2.162572971099, ""null_mean"": 2.20738862092, ""null_std"": 0.006446883827, ""z_score"": -6.951521234404, ""empirical_p"": 0.038461538462, ""null_samples"": 25}"
outputs\corpus_batch_curated\testdata_datasets_parallel_udhr_ja_udhr_ja_text_only.json,corpus_batch_curated,,,,ja,parallel_udhr,udhr,,,,,,,,,utf8_bits,98104,,,bit_transition,Positions where the bitstream changes from the previous bit.,43633,run_entropy,markov_2,1.951133284318,1.966612625157,0.005120952748,-3.022746274175,3.022746274175,0.038461538462,True,"{""name"": ""run_entropy"", ""null_model"": ""markov_2"", ""observed"": 1.951133284318, ""null_mean"": 1.966612625157, ""null_std"": 0.005120952748, ""z_score"": -3.022746274175, ""empirical_p"": 0.038461538462, ""null_samples"": 25}"
outputs\corpus_batch_curated\testdata_datasets_parallel_udhr_ja_udhr_ja_text_only.json,corpus_batch_curated,,,,ja,parallel_udhr,udhr,,,,,,,,,utf8_bits,98104,,,bit_transition,Positions where the bitstream changes from the previous bit.,43633,prime_index_occupancy_bias,markov_2,-0.086308443433,0.000451898729,0.004748722744,-18.270247987721,18.270247987721,0.038461538462,True,"{""name"": ""prime_index_occupancy_bias"", ""null_model"": ""markov_2"", ""observed"": -0.086308443433, ""null_mean"": 0.000451898729, ""null_std"": 0.004748722744, ""z_score"": -18.270247987721, ""empirical_p"": 0.038461538462, ""null_samples"": 25}"
outputs\corpus_batch_curated\testdata_datasets_parallel_udhr_ja_udhr_ja_text_only.json,corpus_batch_curated,,,,ja,parallel_udhr,udhr,,,,,,,,,utf8_bits,98104,,,bit_transition,Positions where the bitstream changes from the previous bit.,43633,prime_gap_affinity,markov_2,0.476691419142,0.454827356531,0.002368856407,9.229796515353,9.229796515353,0.038461538462,True,"{""name"": ""prime_gap_affinity"", ""null_model"": ""markov_2"", ""observed"": 0.476691419142, ""null_mean"": 0.454827356531, ""null_std"": 0.002368856407, ""z_score"": 9.229796515353, ""empirical_p"": 0.038461538462, ""null_samples"": 25}"
outputs\corpus_batch_curated\testdata_datasets_parallel_udhr_ja_udhr_ja_text_only.json,corpus_batch_curated,,,,ja,parallel_udhr,udhr,,,,,,,,,grapheme,4183,,,consonant,Alphabetic non-vowel positions under the MVP classifier.,3759,zeta_spectral_coherence,markov_2,0.001159095428,0.000254330736,0.000119176344,7.591814480641,7.591814480641,0.038461538462,True,"{""name"": ""zeta_spectral_coherence"", ""null_model"": ""markov_2"", ""observed"": 0.001159095428, ""null_mean"": 0.000254330736, ""null_std"": 0.000119176344, ""z_score"": 7.591814480641, ""empirical_p"": 0.038461538462, ""null_samples"": 25}"
outputs\corpus_batch_curated\testdata_datasets_parallel_udhr_ja_udhr_ja_text_only.json,corpus_batch_curated,,,,ja,parallel_udhr,udhr,,,,,,,,,grapheme,4183,,,whitespace,Whitespace positions.,91,gap_entropy,markov_2,4.770725506002,5.680111961748,0.096446213494,-9.428949284786,9.428949284786,0.038461538462,True,"{""name"": ""gap_entropy"", ""null_model"": ""markov_2"", ""observed"": 4.770725506002, ""null_mean"": 5.680111961748, ""null_std"": 0.096446213494, ""z_score"": -9.428949284786, ""empirical_p"": 0.038461538462, ""null_samples"": 25}"
outputs\corpus_batch_curated\testdata_datasets_parallel_udhr_ja_udhr_ja_text_only.json,corpus_batch_curated,,,,ja,parallel_udhr,udhr,,,,,,,,,grapheme,4183,,,whitespace,Whitespace positions.,91,run_entropy,markov_2,3.433127185893,3.861128319038,0.047757492384,-8.961968306569,8.961968306569,0.038461538462,True,"{""name"": ""run_entropy"", ""null_model"": ""markov_2"", ""observed"": 3.433127185893, ""null_mean"": 3.861128319038, ""null_std"": 0.047757492384, ""z_score"": -8.961968306569, ""empirical_p"": 0.038461538462, ""null_samples"": 25}"
outputs\corpus_batch_curated\testdata_datasets_parallel_udhr_ja_udhr_ja_text_only.json,corpus_batch_curated,,,,ja,parallel_udhr,udhr,,,,,,,,,grapheme,4183,,,digit,ASCII digit positions.,50,zeta_spectral_coherence,markov_2,0.000358151011,4.7638974e-05,4.092805e-05,7.586778197274,7.586778197274,0.038461538462,True,"{""name"": ""zeta_spectral_coherence"", ""null_model"": ""markov_2"", ""observed"": 0.000358151011, ""null_mean"": 4.7638974e-05, ""null_std"": 4.092805e-05, ""z_score"": 7.586778197274, ""empirical_p"": 0.038461538462, ""null_samples"": 25}"
outputs\corpus_batch_curated\testdata_datasets_parallel_udhr_ja_udhr_ja_text_only.json,corpus_batch_curated,,,,ja,parallel_udhr,udhr,,,,,,,,,grapheme_class,4183,,,consonant,Positions classified as consonant in the grapheme-class stream.,3759,zeta_spectral_coherence,markov_2,0.001159095428,0.000207907583,8.7389192e-05,10.884502048268,10.884502048268,0.038461538462,True,"{""name"": ""zeta_spectral_coherence"", ""null_model"": ""markov_2"", ""observed"": 0.001159095428, ""null_mean"": 0.000207907583, ""null_std"": 8.7389192e-05, ""z_score"": 10.884502048268, ""empirical_p"": 0.038461538462, ""null_samples"": 25}"
outputs\corpus_batch_curated\testdata_datasets_parallel_udhr_ja_udhr_ja_text_only.json,corpus_batch_curated,,,,ja,parallel_udhr,udhr,,,,,,,,,grapheme_class,4183,,,digit,Positions classified as digit in the grapheme-class stream.,50,zeta_spectral_coherence,markov_2,0.000358151011,3.8796866e-05,3.1702649e-05,10.073421507937,10.073421507937,0.038461538462,True,"{""name"": ""zeta_spectral_coherence"", ""null_model"": ""markov_2"", ""observed"": 0.000358151011, ""null_mean"": 3.8796866e-05, ""null_std"": 3.1702649e-05, ""z_score"": 10.073421507937, ""empirical_p"": 0.038461538462, ""null_samples"": 25}"
outputs\corpus_batch_curated\testdata_datasets_parallel_udhr_ja_udhr_ja_text_only.json,corpus_batch_curated,,,,ja,parallel_udhr,udhr,,,,,,,,,grapheme_class,4183,,,whitespace,Positions classified as whitespace in the grapheme-class stream.,91,gap_entropy,markov_2,4.770725506002,5.67462682361,0.078738252173,-11.479824515607,11.479824515607,0.038461538462,True,"{""name"": ""gap_entropy"", ""null_model"": ""markov_2"", ""observed"": 4.770725506002, ""null_mean"": 5.67462682361, ""null_std"": 0.078738252173, ""z_score"": -11.479824515607, ""empirical_p"": 0.038461538462, ""null_samples"": 25}"
outputs\corpus_batch_curated\testdata_datasets_parallel_udhr_ja_udhr_ja_text_only.json,corpus_batch_curated,,,,ja,parallel_udhr,udhr,,,,,,,,,grapheme_class,4183,,,whitespace,Positions classified as whitespace in the grapheme-class stream.,91,run_entropy,markov_2,3.433127185893,3.853894407653,0.038514981833,-10.924767499272,10.924767499272,0.038461538462,True,"{""name"": ""run_entropy"", ""null_model"": ""markov_2"", ""observed"": 3.433127185893, ""null_mean"": 3.853894407653, ""null_std"": 0.038514981833, ""z_score"": -10.924767499272, ""empirical_p"": 0.038461538462, ""null_samples"": 25}"
outputs\corpus_batch_curated\testdata_datasets_parallel_udhr_ja_udhr_ja_text_only.json,corpus_batch_curated,,,,ja,parallel_udhr,udhr,,,,,,,,,grapheme_class,4183,,,other,Positions classified as other in the grapheme-class stream.,17,zeta_spectral_coherence,markov_2,0.000400772802,4.119384e-06,3.741409e-06,106.017113242089,106.017113242089,0.038461538462,True,"{""name"": ""zeta_spectral_coherence"", ""null_model"": ""markov_2"", ""observed"": 0.000400772802, ""null_mean"": 4.119384e-06, ""null_std"": 3.741409e-06, ""z_score"": 106.017113242089, ""empirical_p"": 0.038461538462, ""null_samples"": 25}"
outputs\corpus_batch_curated\testdata_datasets_parallel_udhr_ja_udhr_ja_text_only.json,corpus_batch_curated,,,,ja,parallel_udhr,udhr,,,,,,,,,grapheme_class,4183,,,other,Positions classified as other in the grapheme-class stream.,17,critical_line_symmetry,markov_2,0.936599728274,0.682752320191,0.037161430541,6.830937463513,6.830937463513,0.038461538462,True,"{""name"": ""critical_line_symmetry"", ""null_model"": ""markov_2"", ""observed"": 0.936599728274, ""null_mean"": 0.682752320191, ""null_std"": 0.037161430541, ""z_score"": 6.830937463513, ""empirical_p"": 0.038461538462, ""null_samples"": 25}"
outputs\corpus_batch_curated\testdata_datasets_parallel_udhr_ja_udhr_ja_text_only.json,corpus_batch_curated,,,,ja,parallel_udhr,udhr,,,,,,,,,word_boundary,4183,,,word_boundary,Positions marked as word boundaries after declared whitespace preprocessing.,91,gap_entropy,markov_2,4.770725506002,5.690522706068,0.082568581347,-11.139796579486,11.139796579486,0.038461538462,True,"{""name"": ""gap_entropy"", ""null_model"": ""markov_2"", ""observed"": 4.770725506002, ""null_mean"": 5.690522706068, ""null_std"": 0.082568581347, ""z_score"": -11.139796579486, ""empirical_p"": 0.038461538462, ""null_samples"": 25}"
outputs\corpus_batch_curated\testdata_datasets_parallel_udhr_ja_udhr_ja_text_only.json,corpus_batch_curated,,,,ja,parallel_udhr,udhr,,,,,,,,,word_boundary,4183,,,word_boundary,Positions marked as word boundaries after declared whitespace preprocessing.,91,run_entropy,markov_2,3.433127185893,3.872208868529,0.043729602703,-10.040834023103,10.040834023103,0.038461538462,True,"{""name"": ""run_entropy"", ""null_model"": ""markov_2"", ""observed"": 3.433127185893, ""null_mean"": 3.872208868529, ""null_std"": 0.043729602703, ""z_score"": -10.040834023103, ""empirical_p"": 0.038461538462, ""null_samples"": 25}"
outputs\corpus_batch_curated\testdata_datasets_parallel_udhr_ja_udhr_ja_text_only.json,corpus_batch_curated,,,,ja,parallel_udhr,udhr,,,,,,,,,word_boundary,4183,,,word_boundary,Positions marked as word boundaries after declared whitespace preprocessing.,91,prime_gap_affinity,markov_2,0.366666666667,0.260466881799,0.03364316966,3.156652180556,3.156652180556,0.038461538462,True,"{""name"": ""prime_gap_affinity"", ""null_model"": ""markov_2"", ""observed"": 0.366666666667, ""null_mean"": 0.260466881799, ""null_std"": 0.03364316966, ""z_score"": 3.156652180556, ""empirical_p"": 0.038461538462, ""null_samples"": 25}"
outputs\corpus_batch_curated\testdata_datasets_parallel_udhr_la_udhr_la.json,corpus_batch_curated,,,,la,parallel_udhr,udhr,,,,,,,,,utf8_bits,79496,,,bit_one,Positions where the bitstream contains 1.,37601,gap_entropy,markov_2,2.037350528996,2.098487469001,0.005882597738,-10.392847297409,10.392847297409,0.038461538462,True,"{""name"": ""gap_entropy"", ""null_model"": ""markov_2"", ""observed"": 2.037350528996, ""null_mean"": 2.098487469001, ""null_std"": 0.005882597738, ""z_score"": -10.392847297409, ""empirical_p"": 0.038461538462, ""null_samples"": 25}"
outputs\corpus_batch_curated\testdata_datasets_parallel_udhr_la_udhr_la.json,corpus_batch_curated,,,,la,parallel_udhr,udhr,,,,,,,,,utf8_bits,79496,,,bit_one,Positions where the bitstream contains 1.,37601,run_entropy,markov_2,1.786962690787,1.832619505397,0.006655171087,-6.860351749127,6.860351749127,0.038461538462,True,"{""name"": ""run_entropy"", ""null_model"": ""markov_2"", ""observed"": 1.786962690787, ""null_mean"": 1.832619505397, ""null_std"": 0.006655171087, ""z_score"": -6.860351749127, ""empirical_p"": 0.038461538462, ""null_samples"": 25}"
outputs\corpus_batch_curated\testdata_datasets_parallel_udhr_la_udhr_la.json,corpus_batch_curated,,,,la,parallel_udhr,udhr,,,,,,,,,utf8_bits,79496,,,bit_one,Positions where the bitstream contains 1.,37601,prime_index_occupancy_bias,markov_2,-0.087702681056,-0.000876666625,0.006302527153,-13.776380858396,13.776380858396,0.038461538462,True,"{""name"": ""prime_index_occupancy_bias"", ""null_model"": ""markov_2"", ""observed"": -0.087702681056, ""null_mean"": -0.000876666625, ""null_std"": 0.006302527153, ""z_score"": -13.776380858396, ""empirical_p"": 0.038461538462, ""null_samples"": 25}"
outputs\corpus_batch_curated\testdata_datasets_parallel_udhr_la_udhr_la.json,corpus_batch_curated,,,,la,parallel_udhr,udhr,,,,,,,,,utf8_bits,79496,,,bit_one,Positions where the bitstream contains 1.,37601,prime_gap_affinity,markov_2,0.519494680851,0.476404795302,0.001762533682,24.447694813182,24.447694813182,0.038461538462,True,"{""name"": ""prime_gap_affinity"", ""null_model"": ""markov_2"", ""observed"": 0.519494680851, ""null_mean"": 0.476404795302, ""null_std"": 0.001762533682, ""z_score"": 24.447694813182, ""empirical_p"": 0.038461538462, ""null_samples"": 25}"
outputs\corpus_batch_curated\testdata_datasets_parallel_udhr_la_udhr_la.json,corpus_batch_curated,,,,la,parallel_udhr,udhr,,,,,,,,,utf8_bits,79496,,,bit_transition,Positions where the bitstream changes from the previous bit.,42846,gap_entropy,markov_2,1.786982472201,1.834313054275,0.006105766194,-7.751784226955,7.751784226955,0.038461538462,True,"{""name"": ""gap_entropy"", ""null_model"": ""markov_2"", ""observed"": 1.786982472201, ""null_mean"": 1.834313054275, ""null_std"": 0.006105766194, ""z_score"": -7.751784226955, ""empirical_p"": 0.038461538462, ""null_samples"": 25}"
outputs\corpus_batch_curated\testdata_datasets_parallel_udhr_la_udhr_la.json,corpus_batch_curated,,,,la,parallel_udhr,udhr,,,,,,,,,utf8_bits,79496,,,bit_transition,Positions where the bitstream changes from the previous bit.,42846,run_entropy,markov_2,1.759562162321,1.813708790628,0.006710053184,-8.069478262298,8.069478262298,0.038461538462,True,"{""name"": ""run_entropy"", ""null_model"": ""markov_2"", ""observed"": 1.759562162321, ""null_mean"": 1.813708790628, ""null_std"": 0.006710053184, ""z_score"": -8.069478262298, ""empirical_p"": 0.038461538462, ""null_samples"": 25}"
outputs\corpus_batch_curated\testdata_datasets_parallel_udhr_la_udhr_la.json,corpus_batch_curated,,,,la,parallel_udhr,udhr,,,,,,,,,utf8_bits,79496,,,bit_transition,Positions where the bitstream changes from the previous bit.,42846,prime_index_occupancy_bias,markov_2,-0.098934153664,0.000954613544,0.005000345587,-19.976372727073,19.976372727073,0.038461538462,True,"{""name"": ""prime_index_occupancy_bias"", ""null_model"": ""markov_2"", ""observed"": -0.098934153664, ""null_mean"": 0.000954613544, ""null_std"": 0.005000345587, ""z_score"": -19.976372727073, ""empirical_p"": 0.038461538462, ""null_samples"": 25}"
outputs\corpus_batch_curated\testdata_datasets_parallel_udhr_la_udhr_la.json,corpus_batch_curated,,,,la,parallel_udhr,udhr,,,,,,,,,utf8_bits,79496,,,bit_transition,Positions where the bitstream changes from the previous bit.,42846,prime_gap_affinity,markov_2,0.435780137706,0.447589084242,0.002304973485,-5.123246151835,5.123246151835,0.038461538462,True,"{""name"": ""prime_gap_affinity"", ""null_model"": ""markov_2"", ""observed"": 0.435780137706, ""null_mean"": 0.447589084242, ""null_std"": 0.002304973485, ""z_score"": -5.123246151835, ""empirical_p"": 0.038461538462, ""null_samples"": 25}"
outputs\corpus_batch_curated\testdata_datasets_parallel_udhr_la_udhr_la.json,corpus_batch_curated,,,,la,parallel_udhr,udhr,,,,,,,,,grapheme,9937,,,vowel,Basic Latin-vowel positions plus common accented vowels.,3948,prime_gap_affinity,markov_2,0.679250063339,0.704264762683,0.005459828891,-4.581590347422,4.581590347422,0.038461538462,True,"{""name"": ""prime_gap_affinity"", ""null_model"": ""markov_2"", ""observed"": 0.679250063339, ""null_mean"": 0.704264762683, ""null_std"": 0.005459828891, ""z_score"": -4.581590347422, ""empirical_p"": 0.038461538462, ""null_samples"": 25}"
outputs\corpus_batch_curated\testdata_datasets_parallel_udhr_la_udhr_la.json,corpus_batch_curated,,,,la,parallel_udhr,udhr,,,,,,,,,grapheme,9937,,,whitespace,Whitespace positions.,1342,gap_entropy,markov_2,3.529656578477,3.743988257047,0.039158995976,-5.473370121756,5.473370121756,0.038461538462,True,"{""name"": ""gap_entropy"", ""null_model"": ""markov_2"", ""observed"": 3.529656578477, ""null_mean"": 3.743988257047, ""null_std"": 0.039158995976, ""z_score"": -5.473370121756, ""empirical_p"": 0.038461538462, ""null_samples"": 25}"
outputs\corpus_batch_curated\testdata_datasets_parallel_udhr_la_udhr_la.json,corpus_batch_curated,,,,la,parallel_udhr,udhr,,,,,,,,,grapheme,9937,,,whitespace,Whitespace positions.,1342,run_entropy,markov_2,2.744377629722,2.849136641558,0.01972889931,-5.30992683315,5.30992683315,0.038461538462,True,"{""name"": ""run_entropy"", ""null_model"": ""markov_2"", ""observed"": 2.744377629722, ""null_mean"": 2.849136641558, ""null_std"": 0.01972889931, ""z_score"": -5.30992683315, ""empirical_p"": 0.038461538462, ""null_samples"": 25}"
outputs\corpus_batch_curated\testdata_datasets_parallel_udhr_la_udhr_la.json,corpus_batch_curated,,,,la,parallel_udhr,udhr,,,,,,,,,grapheme_class,9937,,,vowel,Positions classified as vowel in the grapheme-class stream.,3948,prime_gap_affinity,markov_2,0.679250063339,0.707901159889,0.005748132885,-4.984417918146,4.984417918146,0.038461538462,True,"{""name"": ""prime_gap_affinity"", ""null_model"": ""markov_2"", ""observed"": 0.679250063339, ""null_mean"": 0.707901159889, ""null_std"": 0.005748132885, ""z_score"": -4.984417918146, ""empirical_p"": 0.038461538462, ""null_samples"": 25}"
outputs\corpus_batch_curated\testdata_datasets_parallel_udhr_la_udhr_la.json,corpus_batch_curated,,,,la,parallel_udhr,udhr,,,,,,,,,grapheme_class,9937,,,whitespace,Positions classified as whitespace in the grapheme-class stream.,1342,gap_entropy,markov_2,3.529656578477,3.741131587356,0.038575121003,-5.482160609809,5.482160609809,0.038461538462,True,"{""name"": ""gap_entropy"", ""null_model"": ""markov_2"", ""observed"": 3.529656578477, ""null_mean"": 3.741131587356, ""null_std"": 0.038575121003, ""z_score"": -5.482160609809, ""empirical_p"": 0.038461538462, ""null_samples"": 25}"
outputs\corpus_batch_curated\testdata_datasets_parallel_udhr_la_udhr_la.json,corpus_batch_curated,,,,la,parallel_udhr,udhr,,,,,,,,,grapheme_class,9937,,,whitespace,Positions classified as whitespace in the grapheme-class stream.,1342,run_entropy,markov_2,2.744377629722,2.849199509691,0.020240496212,-5.178819672752,5.178819672752,0.038461538462,True,"{""name"": ""run_entropy"", ""null_model"": ""markov_2"", ""observed"": 2.744377629722, ""null_mean"": 2.849199509691, ""null_std"": 0.020240496212, ""z_score"": -5.178819672752, ""empirical_p"": 0.038461538462, ""null_samples"": 25}"
outputs\corpus_batch_curated\testdata_datasets_parallel_udhr_la_udhr_la.json,corpus_batch_curated,,,,la,parallel_udhr,udhr,,,,,,,,,word_boundary,9937,,,word_boundary,Positions marked as word boundaries after declared whitespace preprocessing.,1342,gap_entropy,markov_2,3.529656578477,3.760902912284,0.041808383306,-5.531099638898,5.531099638898,0.038461538462,True,"{""name"": ""gap_entropy"", ""null_model"": ""markov_2"", ""observed"": 3.529656578477, ""null_mean"": 3.760902912284, ""null_std"": 0.041808383306, ""z_score"": -5.531099638898, ""empirical_p"": 0.038461538462, ""null_samples"": 25}"
outputs\corpus_batch_curated\testdata_datasets_parallel_udhr_la_udhr_la.json,corpus_batch_curated,,,,la,parallel_udhr,udhr,,,,,,,,,word_boundary,9937,,,word_boundary,Positions marked as word boundaries after declared whitespace preprocessing.,1342,run_entropy,markov_2,2.744377629722,2.860893981628,0.021640931605,-5.384072831651,5.384072831651,0.038461538462,True,"{""name"": ""run_entropy"", ""null_model"": ""markov_2"", ""observed"": 2.744377629722, ""null_mean"": 2.860893981628, ""null_std"": 0.021640931605, ""z_score"": -5.384072831651, ""empirical_p"": 0.038461538462, ""null_samples"": 25}"
outputs\corpus_batch_curated\testdata_datasets_parallel_udhr_mesu_udhr_mesu_text_only.json,corpus_batch_curated,,,,mesu,parallel_udhr,udhr,,,,,,,,,utf8_bits,5584,,,bit_one,Positions where the bitstream contains 1.,2551,gap_entropy,markov_2,2.046491205729,2.137642958604,0.025980355224,-3.508487551068,3.508487551068,0.038461538462,True,"{""name"": ""gap_entropy"", ""null_model"": ""markov_2"", ""observed"": 2.046491205729, ""null_mean"": 2.137642958604, ""null_std"": 0.025980355224, ""z_score"": -3.508487551068, ""empirical_p"": 0.038461538462, ""null_samples"": 25}"
outputs\corpus_batch_curated\testdata_datasets_parallel_udhr_mesu_udhr_mesu_text_only.json,corpus_batch_curated,,,,mesu,parallel_udhr,udhr,,,,,,,,,utf8_bits,5584,,,bit_one,Positions where the bitstream contains 1.,2551,run_entropy,markov_2,1.794305789898,1.871458517035,0.0245408546,-3.143848427238,3.143848427238,0.038461538462,True,"{""name"": ""run_entropy"", ""null_model"": ""markov_2"", ""observed"": 1.794305789898, ""null_mean"": 1.871458517035, ""null_std"": 0.0245408546, ""z_score"": -3.143848427238, ""empirical_p"": 0.038461538462, ""null_samples"": 25}"
outputs\corpus_batch_curated\testdata_datasets_parallel_udhr_mesu_udhr_mesu_text_only.json,corpus_batch_curated,,,,mesu,parallel_udhr,udhr,,,,,,,,,utf8_bits,5584,,,bit_one,Positions where the bitstream contains 1.,2551,prime_gap_affinity,markov_2,0.530588235294,0.48166249042,0.005737018602,8.528078479652,8.528078479652,0.038461538462,True,"{""name"": ""prime_gap_affinity"", ""null_model"": ""markov_2"", ""observed"": 0.530588235294, ""null_mean"": 0.48166249042, ""null_std"": 0.005737018602, ""z_score"": 8.528078479652, ""empirical_p"": 0.038461538462, ""null_samples"": 25}"
outputs\corpus_batch_curated\testdata_datasets_parallel_udhr_mesu_udhr_mesu_text_only.json,corpus_batch_curated,,,,mesu,parallel_udhr,udhr,,,,,,,,,utf8_bits,5584,,,bit_transition,Positions where the bitstream changes from the previous bit.,2964,gap_entropy,markov_2,1.79487742502,1.869819292476,0.019393452311,-3.864287093146,3.864287093146,0.038461538462,True,"{""name"": ""gap_entropy"", ""null_model"": ""markov_2"", ""observed"": 1.79487742502, ""null_mean"": 1.869819292476, ""null_std"": 0.019393452311, ""z_score"": -3.864287093146, ""empirical_p"": 0.038461538462, ""null_samples"": 25}"
outputs\corpus_batch_curated\testdata_datasets_parallel_udhr_mesu_udhr_mesu_text_only.json,corpus_batch_curated,,,,mesu,parallel_udhr,udhr,,,,,,,,,utf8_bits,5584,,,bit_transition,Positions where the bitstream changes from the previous bit.,2964,prime_index_occupancy_bias,markov_2,-0.050446842813,0.008219981397,0.017237420757,-3.403457224656,3.403457224656,0.038461538462,True,"{""name"": ""prime_index_occupancy_bias"", ""null_model"": ""markov_2"", ""observed"": -0.050446842813, ""null_mean"": 0.008219981397, ""null_std"": 0.017237420757, ""z_score"": -3.403457224656, ""empirical_p"": 0.038461538462, ""null_samples"": 25}"
outputs\corpus_batch_curated\testdata_datasets_parallel_udhr_mesu_udhr_mesu_text_only.json,corpus_batch_curated,,,,mesu,parallel_udhr,udhr,,,,,,,,,grapheme_class,698,,,consonant,Positions classified as consonant in the grapheme-class stream.,243,critical_line_symmetry,markov_2,0.821801179218,0.90430378729,0.021566783422,-3.825447979757,3.825447979757,0.038461538462,True,"{""name"": ""critical_line_symmetry"", ""null_model"": ""markov_2"", ""observed"": 0.821801179218, ""null_mean"": 0.90430378729, ""null_std"": 0.021566783422, ""z_score"": -3.825447979757, ""empirical_p"": 0.038461538462, ""null_samples"": 25}"
outputs\corpus_batch_curated\testdata_datasets_parallel_udhr_ru_udhr_ru.json,corpus_batch_curated,,,,ru,parallel_udhr,udhr,,,,,,,,,utf8_bits,79648,,,bit_one,Positions where the bitstream contains 1.,35368,gap_entropy,markov_2,2.061086401737,2.196516755522,0.007189142078,-18.838180176848,18.838180176848,0.038461538462,True,"{""name"": ""gap_entropy"", ""null_model"": ""markov_2"", ""observed"": 2.061086401737, ""null_mean"": 2.196516755522, ""null_std"": 0.007189142078, ""z_score"": -18.838180176848, ""empirical_p"": 0.038461538462, ""null_samples"": 25}"
outputs\corpus_batch_curated\testdata_datasets_parallel_udhr_ru_udhr_ru.json,corpus_batch_curated,,,,ru,parallel_udhr,udhr,,,,,,,,,utf8_bits,79648,,,bit_one,Positions where the bitstream contains 1.,35368,run_entropy,markov_2,1.968758540596,2.019521648943,0.008962184624,-5.664144455421,5.664144455421,0.038461538462,True,"{""name"": ""run_entropy"", ""null_model"": ""markov_2"", ""observed"": 1.968758540596, ""null_mean"": 2.019521648943, ""null_std"": 0.008962184624, ""z_score"": -5.664144455421, ""empirical_p"": 0.038461538462, ""null_samples"": 25}"
outputs\corpus_batch_curated\testdata_datasets_parallel_udhr_ru_udhr_ru.json,corpus_batch_curated,,,,ru,parallel_udhr,udhr,,,,,,,,,utf8_bits,79648,,,bit_transition,Positions where the bitstream changes from the previous bit.,39175,gap_entropy,markov_2,1.968694144484,2.010488093878,0.007235925876,-5.775895181037,5.775895181037,0.038461538462,True,"{""name"": ""gap_entropy"", ""null_model"": ""markov_2"", ""observed"": 1.968694144484, ""null_mean"": 2.010488093878, ""null_std"": 0.007235925876, ""z_score"": -5.775895181037, ""empirical_p"": 0.038461538462, ""null_samples"": 25}"
outputs\corpus_batch_curated\testdata_datasets_parallel_udhr_ru_udhr_ru.json,corpus_batch_curated,,,,ru,parallel_udhr,udhr,,,,,,,,,utf8_bits,79648,,,bit_transition,Positions where the bitstream changes from the previous bit.,39175,run_entropy,markov_2,1.891738122175,2.140789437047,0.007082988332,-35.161898226421,35.161898226421,0.038461538462,True,"{""name"": ""run_entropy"", ""null_model"": ""markov_2"", ""observed"": 1.891738122175, ""null_mean"": 2.140789437047, ""null_std"": 0.007082988332, ""z_score"": -35.161898226421, ""empirical_p"": 0.038461538462, ""null_samples"": 25}"
outputs\corpus_batch_curated\testdata_datasets_parallel_udhr_ru_udhr_ru.json,corpus_batch_curated,,,,ru,parallel_udhr,udhr,,,,,,,,,utf8_bits,79648,,,bit_transition,Positions where the bitstream changes from the previous bit.,39175,prime_index_occupancy_bias,markov_2,0.108692033217,0.000155618475,0.006402309496,16.952697274247,16.952697274247,0.038461538462,True,"{""name"": ""prime_index_occupancy_bias"", ""null_model"": ""markov_2"", ""observed"": 0.108692033217, ""null_mean"": 0.000155618475, ""null_std"": 0.006402309496, ""z_score"": 16.952697274247, ""empirical_p"": 0.038461538462, ""null_samples"": 25}"
outputs\corpus_batch_curated\testdata_datasets_parallel_udhr_ru_udhr_ru.json,corpus_batch_curated,,,,ru,parallel_udhr,udhr,,,,,,,,,utf8_bits,79648,,,bit_transition,Positions where the bitstream changes from the previous bit.,39175,prime_gap_affinity,markov_2,0.334277837341,0.368431713884,0.002460294083,-13.88203011169,13.88203011169,0.038461538462,True,"{""name"": ""prime_gap_affinity"", ""null_model"": ""markov_2"", ""observed"": 0.334277837341, ""null_mean"": 0.368431713884, ""null_std"": 0.002460294083, ""z_score"": -13.88203011169, ""empirical_p"": 0.038461538462, ""null_samples"": 25}"
outputs\corpus_batch_curated\testdata_datasets_parallel_udhr_ru_udhr_ru.json,corpus_batch_curated,,,,ru,parallel_udhr,udhr,,,,,,,,,grapheme,5419,,,vowel,Basic Latin-vowel positions plus common accented vowels.,3,zeta_spectral_coherence,markov_2,2.1031467e-05,3.89455e-07,4.25954e-07,48.460659634473,48.460659634473,0.038461538462,True,"{""name"": ""zeta_spectral_coherence"", ""null_model"": ""markov_2"", ""observed"": 2.1031467e-05, ""null_mean"": 3.89455e-07, ""null_std"": 4.25954e-07, ""z_score"": 48.460659634473, ""empirical_p"": 0.038461538462, ""null_samples"": 25}"
outputs\corpus_batch_curated\testdata_datasets_parallel_udhr_ru_udhr_ru.json,corpus_batch_curated,,,,ru,parallel_udhr,udhr,,,,,,,,,grapheme,5419,,,digit,ASCII digit positions.,26,zeta_spectral_coherence,markov_2,7.3689635e-05,7.875263e-06,7.159566e-06,9.192508201412,9.192508201412,0.038461538462,True,"{""name"": ""zeta_spectral_coherence"", ""null_model"": ""markov_2"", ""observed"": 7.3689635e-05, ""null_mean"": 7.875263e-06, ""null_std"": 7.159566e-06, ""z_score"": 9.192508201412, ""empirical_p"": 0.038461538462, ""null_samples"": 25}"
outputs\corpus_batch_curated\testdata_datasets_parallel_udhr_ru_udhr_ru.json,corpus_batch_curated,,,,ru,parallel_udhr,udhr,,,,,,,,,grapheme_class,5419,,,consonant,Positions classified as consonant in the grapheme-class stream.,4535,zeta_spectral_coherence,markov_2,0.000442396031,0.000188411672,6.7885828e-05,3.741345823027,3.741345823027,0.038461538462,True,"{""name"": ""zeta_spectral_coherence"", ""null_model"": ""markov_2"", ""observed"": 0.000442396031, ""null_mean"": 0.000188411672, ""null_std"": 6.7885828e-05, ""z_score"": 3.741345823027, ""empirical_p"": 0.038461538462, ""null_samples"": 25}"
outputs\corpus_batch_curated\testdata_datasets_parallel_udhr_ru_udhr_ru.json,corpus_batch_curated,,,,ru,parallel_udhr,udhr,,,,,,,,,grapheme_class,5419,,,whitespace,Positions classified as whitespace in the grapheme-class stream.,743,gap_entropy,markov_2,3.782389184278,3.914210744081,0.043514493161,-3.029371370956,3.029371370956,0.038461538462,True,"{""name"": ""gap_entropy"", ""null_model"": ""markov_2"", ""observed"": 3.782389184278, ""null_mean"": 3.914210744081, ""null_std"": 0.043514493161, ""z_score"": -3.029371370956, ""empirical_p"": 0.038461538462, ""null_samples"": 25}"
outputs\corpus_batch_curated\testdata_datasets_parallel_udhr_ru_udhr_ru.json,corpus_batch_curated,,,,ru,parallel_udhr,udhr,,,,,,,,,grapheme_class,5419,,,whitespace,Positions classified as whitespace in the grapheme-class stream.,743,prime_gap_affinity,markov_2,0.482479784367,0.525928429815,0.013185730712,-3.295126102388,3.295126102388,0.038461538462,True,"{""name"": ""prime_gap_affinity"", ""null_model"": ""markov_2"", ""observed"": 0.482479784367, ""null_mean"": 0.525928429815, ""null_std"": 0.013185730712, ""z_score"": -3.295126102388, ""empirical_p"": 0.038461538462, ""null_samples"": 25}"
outputs\corpus_batch_curated\testdata_datasets_parallel_udhr_sw_udhr_sw.json,corpus_batch_curated,,,,sw,parallel_udhr,udhr,,,,,,,,,utf8_bits,79272,,,bit_one,Positions where the bitstream contains 1.,35855,gap_entropy,markov_2,2.064274092842,2.182950032254,0.006210595179,-19.108625824279,19.108625824279,0.038461538462,True,"{""name"": ""gap_entropy"", ""null_model"": ""markov_2"", ""observed"": 2.064274092842, ""null_mean"": 2.182950032254, ""null_std"": 0.006210595179, ""z_score"": -19.108625824279, ""empirical_p"": 0.038461538462, ""null_samples"": 25}"
outputs\corpus_batch_curated\testdata_datasets_parallel_udhr_sw_udhr_sw.json,corpus_batch_curated,,,,sw,parallel_udhr,udhr,,,,,,,,,utf8_bits,79272,,,bit_one,Positions where the bitstream contains 1.,35855,run_entropy,markov_2,1.800517964161,1.880581386263,0.007565579393,-10.582589640219,10.582589640219,0.038461538462,True,"{""name"": ""run_entropy"", ""null_model"": ""markov_2"", ""observed"": 1.800517964161, ""null_mean"": 1.880581386263, ""null_std"": 0.007565579393, ""z_score"": -10.582589640219, ""empirical_p"": 0.038461538462, ""null_samples"": 25}"
outputs\corpus_batch_curated\testdata_datasets_parallel_udhr_sw_udhr_sw.json,corpus_batch_curated,,,,sw,parallel_udhr,udhr,,,,,,,,,utf8_bits,79272,,,bit_one,Positions where the bitstream contains 1.,35855,prime_index_occupancy_bias,markov_2,-0.033840387378,-0.001033842409,0.006031821715,-5.438911579426,5.438911579426,0.038461538462,True,"{""name"": ""prime_index_occupancy_bias"", ""null_model"": ""markov_2"", ""observed"": -0.033840387378, ""null_mean"": -0.001033842409, ""null_std"": 0.006031821715, ""z_score"": -5.438911579426, ""empirical_p"": 0.038461538462, ""null_samples"": 25}"
outputs\corpus_batch_curated\testdata_datasets_parallel_udhr_sw_udhr_sw.json,corpus_batch_curated,,,,sw,parallel_udhr,udhr,,,,,,,,,utf8_bits,79272,,,bit_one,Positions where the bitstream contains 1.,35855,prime_gap_affinity,markov_2,0.554833491382,0.479897909456,0.002684837822,27.910654900168,27.910654900168,0.038461538462,True,"{""name"": ""prime_gap_affinity"", ""null_model"": ""markov_2"", ""observed"": 0.554833491382, ""null_mean"": 0.479897909456, ""null_std"": 0.002684837822, ""z_score"": 27.910654900168, ""empirical_p"": 0.038461538462, ""null_samples"": 25}"
outputs\corpus_batch_curated\testdata_datasets_parallel_udhr_sw_udhr_sw.json,corpus_batch_curated,,,,sw,parallel_udhr,udhr,,,,,,,,,utf8_bits,79272,,,bit_transition,Positions where the bitstream changes from the previous bit.,41846,gap_entropy,markov_2,1.800556291146,1.880604947249,0.006764372406,-11.833862966549,11.833862966549,0.038461538462,True,"{""name"": ""gap_entropy"", ""null_model"": ""markov_2"", ""observed"": 1.800556291146, ""null_mean"": 1.880604947249, ""null_std"": 0.006764372406, ""z_score"": -11.833862966549, ""empirical_p"": 0.038461538462, ""null_samples"": 25}"
outputs\corpus_batch_curated\testdata_datasets_parallel_udhr_sw_udhr_sw.json,corpus_batch_curated,,,,sw,parallel_udhr,udhr,,,,,,,,,utf8_bits,79272,,,bit_transition,Positions where the bitstream changes from the previous bit.,41846,run_entropy,markov_2,1.838961386862,1.890123588197,0.006874450391,-7.442369705415,7.442369705415,0.038461538462,True,"{""name"": ""run_entropy"", ""null_model"": ""markov_2"", ""observed"": 1.838961386862, ""null_mean"": 1.890123588197, ""null_std"": 0.006874450391, ""z_score"": -7.442369705415, ""empirical_p"": 0.038461538462, ""null_samples"": 25}"
outputs\corpus_batch_curated\testdata_datasets_parallel_udhr_sw_udhr_sw.json,corpus_batch_curated,,,,sw,parallel_udhr,udhr,,,,,,,,,utf8_bits,79272,,,bit_transition,Positions where the bitstream changes from the previous bit.,41846,prime_index_occupancy_bias,markov_2,-0.133041297498,-0.000820851023,0.005896577567,-22.423252296158,22.423252296158,0.038461538462,True,"{""name"": ""prime_index_occupancy_bias"", ""null_model"": ""markov_2"", ""observed"": -0.133041297498, ""null_mean"": -0.000820851023, ""null_std"": 0.005896577567, ""z_score"": -22.423252296158, ""empirical_p"": 0.038461538462, ""null_samples"": 25}"
outputs\corpus_batch_curated\testdata_datasets_parallel_udhr_sw_udhr_sw.json,corpus_batch_curated,,,,sw,parallel_udhr,udhr,,,,,,,,,utf8_bits,79272,,,bit_transition,Positions where the bitstream changes from the previous bit.,41846,prime_gap_affinity,markov_2,0.388481300036,0.431863459427,0.002315597898,-18.734755036933,18.734755036933,0.038461538462,True,"{""name"": ""prime_gap_affinity"", ""null_model"": ""markov_2"", ""observed"": 0.388481300036, ""null_mean"": 0.431863459427, ""null_std"": 0.002315597898, ""z_score"": -18.734755036933, ""empirical_p"": 0.038461538462, ""null_samples"": 25}"
outputs\corpus_batch_curated\testdata_datasets_parallel_udhr_sw_udhr_sw.json,corpus_batch_curated,,,,sw,parallel_udhr,udhr,,,,,,,,,grapheme,9909,,,whitespace,Whitespace positions.,1696,prime_gap_affinity,markov_2,0.556342182891,0.518593385972,0.010298323794,3.665528262027,3.665528262027,0.038461538462,True,"{""name"": ""prime_gap_affinity"", ""null_model"": ""markov_2"", ""observed"": 0.556342182891, ""null_mean"": 0.518593385972, ""null_std"": 0.010298323794, ""z_score"": 3.665528262027, ""empirical_p"": 0.038461538462, ""null_samples"": 25}"
outputs\corpus_batch_curated\testdata_datasets_parallel_udhr_sw_udhr_sw.json,corpus_batch_curated,,,,sw,parallel_udhr,udhr,,,,,,,,,grapheme,9909,,,punctuation,Punctuation positions under the declared punctuation/hyphen policies.,184,gap_entropy,markov_2,5.949789834141,6.309371852636,0.069113488628,-5.202776268949,5.202776268949,0.038461538462,True,"{""name"": ""gap_entropy"", ""null_model"": ""markov_2"", ""observed"": 5.949789834141, ""null_mean"": 6.309371852636, ""null_std"": 0.069113488628, ""z_score"": -5.202776268949, ""empirical_p"": 0.038461538462, ""null_samples"": 25}"
outputs\corpus_batch_curated\testdata_datasets_parallel_udhr_sw_udhr_sw.json,corpus_batch_curated,,,,sw,parallel_udhr,udhr,,,,,,,,,grapheme,9909,,,punctuation,Punctuation positions under the declared punctuation/hyphen policies.,184,run_entropy,markov_2,3.990506699365,4.164623690119,0.033893433031,-5.137189572804,5.137189572804,0.038461538462,True,"{""name"": ""run_entropy"", ""null_model"": ""markov_2"", ""observed"": 3.990506699365, ""null_mean"": 4.164623690119, ""null_std"": 0.033893433031, ""z_score"": -5.137189572804, ""empirical_p"": 0.038461538462, ""null_samples"": 25}"
outputs\corpus_batch_curated\testdata_datasets_parallel_udhr_sw_udhr_sw.json,corpus_batch_curated,,,,sw,parallel_udhr,udhr,,,,,,,,,grapheme_class,9909,,,punctuation,Positions classified as punctuation in the grapheme-class stream.,184,gap_entropy,markov_2,5.949789834141,6.312446995793,0.068292300894,-5.310366716384,5.310366716384,0.038461538462,True,"{""name"": ""gap_entropy"", ""null_model"": ""markov_2"", ""observed"": 5.949789834141, ""null_mean"": 6.312446995793, ""null_std"": 0.068292300894, ""z_score"": -5.310366716384, ""empirical_p"": 0.038461538462, ""null_samples"": 25}"
outputs\corpus_batch_curated\testdata_datasets_parallel_udhr_sw_udhr_sw.json,corpus_batch_curated,,,,sw,parallel_udhr,udhr,,,,,,,,,grapheme_class,9909,,,punctuation,Positions classified as punctuation in the grapheme-class stream.,184,run_entropy,markov_2,3.990506699365,4.166582431341,0.032504723355,-5.416927566211,5.416927566211,0.038461538462,True,"{""name"": ""run_entropy"", ""null_model"": ""markov_2"", ""observed"": 3.990506699365, ""null_mean"": 4.166582431341, ""null_std"": 0.032504723355, ""z_score"": -5.416927566211, ""empirical_p"": 0.038461538462, ""null_samples"": 25}"
outputs\corpus_batch_curated\testdata_datasets_parallel_udhr_sw_udhr_sw.json,corpus_batch_curated,,,,sw,parallel_udhr,udhr,,,,,,,,,word_boundary,9909,,,word_boundary,Positions marked as word boundaries after declared whitespace preprocessing.,1696,prime_gap_affinity,markov_2,0.556342182891,0.522144476739,0.010416693814,3.282971234792,3.282971234792,0.038461538462,True,"{""name"": ""prime_gap_affinity"", ""null_model"": ""markov_2"", ""observed"": 0.556342182891, ""null_mean"": 0.522144476739, ""null_std"": 0.010416693814, ""z_score"": 3.282971234792, ""empirical_p"": 0.038461538462, ""null_samples"": 25}"
outputs\corpus_batch_curated\testdata_datasets_parallel_udhr_tr_udhr_tr.json,corpus_batch_curated,,,,tr,parallel_udhr,udhr,,,,,,,,,utf8_bits,79624,,,bit_one,Positions where the bitstream contains 1.,37039,gap_entropy,markov_2,2.087555758618,2.134622703571,0.005867113247,-8.022164047331,8.022164047331,0.038461538462,True,"{""name"": ""gap_entropy"", ""null_model"": ""markov_2"", ""observed"": 2.087555758618, ""null_mean"": 2.134622703571, ""null_std"": 0.005867113247, ""z_score"": -8.022164047331, ""empirical_p"": 0.038461538462, ""null_samples"": 25}"
outputs\corpus_batch_curated\testdata_datasets_parallel_udhr_tr_udhr_tr.json,corpus_batch_curated,,,,tr,parallel_udhr,udhr,,,,,,,,,utf8_bits,79624,,,bit_one,Positions where the bitstream contains 1.,37039,run_entropy,markov_2,1.831238132165,1.863179270671,0.006546805348,-4.878889291447,4.878889291447,0.038461538462,True,"{""name"": ""run_entropy"", ""null_model"": ""markov_2"", ""observed"": 1.831238132165, ""null_mean"": 1.863179270671, ""null_std"": 0.006546805348, ""z_score"": -4.878889291447, ""empirical_p"": 0.038461538462, ""null_samples"": 25}"
outputs\corpus_batch_curated\testdata_datasets_parallel_udhr_tr_udhr_tr.json,corpus_batch_curated,,,,tr,parallel_udhr,udhr,,,,,,,,,utf8_bits,79624,,,bit_one,Positions where the bitstream contains 1.,37039,prime_index_occupancy_bias,markov_2,-0.030032178464,0.000601641,0.005194075993,-5.897838134114,5.897838134114,0.038461538462,True,"{""name"": ""prime_index_occupancy_bias"", ""null_model"": ""markov_2"", ""observed"": -0.030032178464, ""null_mean"": 0.000601641, ""null_std"": 0.005194075993, ""z_score"": -5.897838134114, ""empirical_p"": 0.038461538462, ""null_samples"": 25}"
outputs\corpus_batch_curated\testdata_datasets_parallel_udhr_tr_udhr_tr.json,corpus_batch_curated,,,,tr,parallel_udhr,udhr,,,,,,,,,utf8_bits,79624,,,bit_one,Positions where the bitstream contains 1.,37039,prime_gap_affinity,markov_2,0.495707111615,0.468828076372,0.002010288862,13.370732808492,13.370732808492,0.038461538462,True,"{""name"": ""prime_gap_affinity"", ""null_model"": ""markov_2"", ""observed"": 0.495707111615, ""null_mean"": 0.468828076372, ""null_std"": 0.002010288862, ""z_score"": 13.370732808492, ""empirical_p"": 0.038461538462, ""null_samples"": 25}"
outputs\corpus_batch_curated\testdata_datasets_parallel_udhr_tr_udhr_tr.json,corpus_batch_curated,,,,tr,parallel_udhr,udhr,,,,,,,,,utf8_bits,79624,,,bit_transition,Positions where the bitstream changes from the previous bit.,42115,gap_entropy,markov_2,1.831227659557,1.864497102819,0.005723206214,-5.813077848383,5.813077848383,0.038461538462,True,"{""name"": ""gap_entropy"", ""null_model"": ""markov_2"", ""observed"": 1.831227659557, ""null_mean"": 1.864497102819, ""null_std"": 0.005723206214, ""z_score"": -5.813077848383, ""empirical_p"": 0.038461538462, ""null_samples"": 25}"
outputs\corpus_batch_curated\testdata_datasets_parallel_udhr_tr_udhr_tr.json,corpus_batch_curated,,,,tr,parallel_udhr,udhr,,,,,,,,,utf8_bits,79624,,,bit_transition,Positions where the bitstream changes from the previous bit.,42115,run_entropy,markov_2,1.727047077224,1.757687425543,0.006861571474,-4.465500131453,4.465500131453,0.038461538462,True,"{""name"": ""run_entropy"", ""null_model"": ""markov_2"", ""observed"": 1.727047077224, ""null_mean"": 1.757687425543, ""null_std"": 0.006861571474, ""z_score"": -4.465500131453, ""empirical_p"": 0.038461538462, ""null_samples"": 25}"
outputs\corpus_batch_curated\testdata_datasets_parallel_udhr_tr_udhr_tr.json,corpus_batch_curated,,,,tr,parallel_udhr,udhr,,,,,,,,,utf8_bits,79624,,,bit_transition,Positions where the bitstream changes from the previous bit.,42115,prime_index_occupancy_bias,markov_2,-0.085227862512,0.000997352466,0.006866447347,-12.557471225951,12.557471225951,0.038461538462,True,"{""name"": ""prime_index_occupancy_bias"", ""null_model"": ""markov_2"", ""observed"": -0.085227862512, ""null_mean"": 0.000997352466, ""null_std"": 0.006866447347, ""z_score"": -12.557471225951, ""empirical_p"": 0.038461538462, ""null_samples"": 25}"
outputs\corpus_batch_curated\testdata_datasets_parallel_udhr_tr_udhr_tr.json,corpus_batch_curated,,,,tr,parallel_udhr,udhr,,,,,,,,,utf8_bits,79624,,,bit_transition,Positions where the bitstream changes from the previous bit.,42115,prime_gap_affinity,markov_2,0.454931851641,0.469022551928,0.002248491501,-6.266734956951,6.266734956951,0.038461538462,True,"{""name"": ""prime_gap_affinity"", ""null_model"": ""markov_2"", ""observed"": 0.454931851641, ""null_mean"": 0.469022551928, ""null_std"": 0.002248491501, ""z_score"": -6.266734956951, ""empirical_p"": 0.038461538462, ""null_samples"": 25}"
outputs\corpus_batch_curated\testdata_datasets_parallel_udhr_tr_udhr_tr.json,corpus_batch_curated,,,,tr,parallel_udhr,udhr,,,,,,,,,grapheme,9213,,,whitespace,Whitespace positions.,1241,gap_entropy,markov_2,3.540405948848,3.762004250889,0.040990133622,-5.40613758622,5.40613758622,0.038461538462,True,"{""name"": ""gap_entropy"", ""null_model"": ""markov_2"", ""observed"": 3.540405948848, ""null_mean"": 3.762004250889, ""null_std"": 0.040990133622, ""z_score"": -5.40613758622, ""empirical_p"": 0.038461538462, ""null_samples"": 25}"
outputs\corpus_batch_curated\testdata_datasets_parallel_udhr_tr_udhr_tr.json,corpus_batch_curated,,,,tr,parallel_udhr,udhr,,,,,,,,,grapheme,9213,,,whitespace,Whitespace positions.,1241,run_entropy,markov_2,2.739702575397,2.849256881843,0.019081202188,-5.741478202817,5.741478202817,0.038461538462,True,"{""name"": ""run_entropy"", ""null_model"": ""markov_2"", ""observed"": 2.739702575397, ""null_mean"": 2.849256881843, ""null_std"": 0.019081202188, ""z_score"": -5.741478202817, ""empirical_p"": 0.038461538462, ""null_samples"": 25}"
outputs\corpus_batch_curated\testdata_datasets_parallel_udhr_tr_udhr_tr.json,corpus_batch_curated,,,,tr,parallel_udhr,udhr,,,,,,,,,grapheme,9213,,,whitespace,Whitespace positions.,1241,prime_gap_affinity,markov_2,0.388709677419,0.469677506084,0.017633297092,-4.591757754837,4.591757754837,0.038461538462,True,"{""name"": ""prime_gap_affinity"", ""null_model"": ""markov_2"", ""observed"": 0.388709677419, ""null_mean"": 0.469677506084, ""null_std"": 0.017633297092, ""z_score"": -4.591757754837, ""empirical_p"": 0.038461538462, ""null_samples"": 25}"
outputs\corpus_batch_curated\testdata_datasets_parallel_udhr_tr_udhr_tr.json,corpus_batch_curated,,,,tr,parallel_udhr,udhr,,,,,,,,,grapheme,9213,,,punctuation,Punctuation positions under the declared punctuation/hyphen policies.,187,gap_entropy,markov_2,5.875716492294,6.220148314079,0.068571445685,-5.022962814112,5.022962814112,0.038461538462,True,"{""name"": ""gap_entropy"", ""null_model"": ""markov_2"", ""observed"": 5.875716492294, ""null_mean"": 6.220148314079, ""null_std"": 0.068571445685, ""z_score"": -5.022962814112, ""empirical_p"": 0.038461538462, ""null_samples"": 25}"
outputs\corpus_batch_curated\testdata_datasets_parallel_udhr_tr_udhr_tr.json,corpus_batch_curated,,,,tr,parallel_udhr,udhr,,,,,,,,,grapheme,9213,,,punctuation,Punctuation positions under the declared punctuation/hyphen policies.,187,run_entropy,markov_2,3.956961357921,4.11917618692,0.034064057495,-4.762052466091,4.762052466091,0.038461538462,True,"{""name"": ""run_entropy"", ""null_model"": ""markov_2"", ""observed"": 3.956961357921, ""null_mean"": 4.11917618692, ""null_std"": 0.034064057495, ""z_score"": -4.762052466091, ""empirical_p"": 0.038461538462, ""null_samples"": 25}"
outputs\corpus_batch_curated\testdata_datasets_parallel_udhr_tr_udhr_tr.json,corpus_batch_curated,,,,tr,parallel_udhr,udhr,,,,,,,,,grapheme_class,9213,,,whitespace,Positions classified as whitespace in the grapheme-class stream.,1241,gap_entropy,markov_2,3.540405948848,3.760321727124,0.045871730345,-4.794146124887,4.794146124887,0.038461538462,True,"{""name"": ""gap_entropy"", ""null_model"": ""markov_2"", ""observed"": 3.540405948848, ""null_mean"": 3.760321727124, ""null_std"": 0.045871730345, ""z_score"": -4.794146124887, ""empirical_p"": 0.038461538462, ""null_samples"": 25}"
outputs\corpus_batch_curated\testdata_datasets_parallel_udhr_tr_udhr_tr.json,corpus_batch_curated,,,,tr,parallel_udhr,udhr,,,,,,,,,grapheme_class,9213,,,whitespace,Positions classified as whitespace in the grapheme-class stream.,1241,run_entropy,markov_2,2.739702575397,2.849853513028,0.02356593146,-4.674160145821,4.674160145821,0.038461538462,True,"{""name"": ""run_entropy"", ""null_model"": ""markov_2"", ""observed"": 2.739702575397, ""null_mean"": 2.849853513028, ""null_std"": 0.02356593146, ""z_score"": -4.674160145821, ""empirical_p"": 0.038461538462, ""null_samples"": 25}"
outputs\corpus_batch_curated\testdata_datasets_parallel_udhr_tr_udhr_tr.json,corpus_batch_curated,,,,tr,parallel_udhr,udhr,,,,,,,,,grapheme_class,9213,,,whitespace,Positions classified as whitespace in the grapheme-class stream.,1241,prime_gap_affinity,markov_2,0.388709677419,0.474400108897,0.015393206928,-5.566769282053,5.566769282053,0.038461538462,True,"{""name"": ""prime_gap_affinity"", ""null_model"": ""markov_2"", ""observed"": 0.388709677419, ""null_mean"": 0.474400108897, ""null_std"": 0.015393206928, ""z_score"": -5.566769282053, ""empirical_p"": 0.038461538462, ""null_samples"": 25}"
outputs\corpus_batch_curated\testdata_datasets_parallel_udhr_tr_udhr_tr.json,corpus_batch_curated,,,,tr,parallel_udhr,udhr,,,,,,,,,grapheme_class,9213,,,punctuation,Positions classified as punctuation in the grapheme-class stream.,187,gap_entropy,markov_2,5.875716492294,6.221276516726,0.060100286913,-5.74972337372,5.74972337372,0.038461538462,True,"{""name"": ""gap_entropy"", ""null_model"": ""markov_2"", ""observed"": 5.875716492294, ""null_mean"": 6.221276516726, ""null_std"": 0.060100286913, ""z_score"": -5.74972337372, ""empirical_p"": 0.038461538462, ""null_samples"": 25}"
outputs\corpus_batch_curated\testdata_datasets_parallel_udhr_tr_udhr_tr.json,corpus_batch_curated,,,,tr,parallel_udhr,udhr,,,,,,,,,grapheme_class,9213,,,punctuation,Positions classified as punctuation in the grapheme-class stream.,187,run_entropy,markov_2,3.956961357921,4.121560231953,0.030867532746,-5.33242729133,5.33242729133,0.038461538462,True,"{""name"": ""run_entropy"", ""null_model"": ""markov_2"", ""observed"": 3.956961357921, ""null_mean"": 4.121560231953, ""null_std"": 0.030867532746, ""z_score"": -5.33242729133, ""empirical_p"": 0.038461538462, ""null_samples"": 25}"
outputs\corpus_batch_curated\testdata_datasets_parallel_udhr_tr_udhr_tr.json,corpus_batch_curated,,,,tr,parallel_udhr,udhr,,,,,,,,,grapheme_class,9213,,,other,Positions classified as other in the grapheme-class stream.,8,zeta_spectral_coherence,markov_2,0.000132181201,8.52412e-07,1.175715e-06,111.701256963441,111.701256963441,0.038461538462,True,"{""name"": ""zeta_spectral_coherence"", ""null_model"": ""markov_2"", ""observed"": 0.000132181201, ""null_mean"": 8.52412e-07, ""null_std"": 1.175715e-06, ""z_score"": 111.701256963441, ""empirical_p"": 0.038461538462, ""null_samples"": 25}"
outputs\corpus_batch_curated\testdata_datasets_parallel_udhr_tr_udhr_tr.json,corpus_batch_curated,,,,tr,parallel_udhr,udhr,,,,,,,,,grapheme_class,9213,,,other,Positions classified as other in the grapheme-class stream.,8,critical_line_symmetry,markov_2,0.964476143156,0.664679916843,0.065846754688,4.552938527233,4.552938527233,0.038461538462,True,"{""name"": ""critical_line_symmetry"", ""null_model"": ""markov_2"", ""observed"": 0.964476143156, ""null_mean"": 0.664679916843, ""null_std"": 0.065846754688, ""z_score"": 4.552938527233, ""empirical_p"": 0.038461538462, ""null_samples"": 25}"
outputs\corpus_batch_curated\testdata_datasets_parallel_udhr_tr_udhr_tr.json,corpus_batch_curated,,,,tr,parallel_udhr,udhr,,,,,,,,,word_boundary,9213,,,word_boundary,Positions marked as word boundaries after declared whitespace preprocessing.,1241,gap_entropy,markov_2,3.540405948848,3.777589597493,0.037771960919,-6.279357567786,6.279357567786,0.038461538462,True,"{""name"": ""gap_entropy"", ""null_model"": ""markov_2"", ""observed"": 3.540405948848, ""null_mean"": 3.777589597493, ""null_std"": 0.037771960919, ""z_score"": -6.279357567786, ""empirical_p"": 0.038461538462, ""null_samples"": 25}"
outputs\corpus_batch_curated\testdata_datasets_parallel_udhr_tr_udhr_tr.json,corpus_batch_curated,,,,tr,parallel_udhr,udhr,,,,,,,,,word_boundary,9213,,,word_boundary,Positions marked as word boundaries after declared whitespace preprocessing.,1241,run_entropy,markov_2,2.739702575397,2.85791378409,0.020148573405,-5.86697660023,5.86697660023,0.038461538462,True,"{""name"": ""run_entropy"", ""null_model"": ""markov_2"", ""observed"": 2.739702575397, ""null_mean"": 2.85791378409, ""null_std"": 0.020148573405, ""z_score"": -5.86697660023, ""empirical_p"": 0.038461538462, ""null_samples"": 25}"
outputs\corpus_batch_curated\testdata_datasets_parallel_udhr_tr_udhr_tr.json,corpus_batch_curated,,,,tr,parallel_udhr,udhr,,,,,,,,,word_boundary,9213,,,word_boundary,Positions marked as word boundaries after declared whitespace preprocessing.,1241,prime_gap_affinity,markov_2,0.388709677419,0.474176687369,0.015070553694,-5.67112607022,5.67112607022,0.038461538462,True,"{""name"": ""prime_gap_affinity"", ""null_model"": ""markov_2"", ""observed"": 0.388709677419, ""null_mean"": 0.474176687369, ""null_std"": 0.015070553694, ""z_score"": -5.67112607022, ""empirical_p"": 0.038461538462, ""null_samples"": 25}"
outputs\corpus_batch_curated\testdata_datasets_parallel_udhr_tr_udhr_tr.json,corpus_batch_curated,,,,tr,parallel_udhr,udhr,,,,,,,,,frequency_class,1249,,,high_frequency,Token positions in frequency class high_frequency.,422,prime_index_occupancy_bias,markov_2,0.100687401397,-0.013955375254,0.030252832435,3.789489030377,3.789489030377,0.038461538462,True,"{""name"": ""prime_index_occupancy_bias"", ""null_model"": ""markov_2"", ""observed"": 0.100687401397, ""null_mean"": -0.013955375254, ""null_std"": 0.030252832435, ""z_score"": 3.789489030377, ""empirical_p"": 0.038461538462, ""null_samples"": 25}"
outputs\corpus_batch_curated\testdata_datasets_parallel_udhr_xh_udhr_xh.json,corpus_batch_curated,,,,xh,parallel_udhr,udhr,,,,,,,,,utf8_bits,79536,,,bit_one,Positions where the bitstream contains 1.,40135,gap_entropy,markov_2,1.913053819235,1.958546318263,0.005716310907,-7.958366814845,7.958366814845,0.038461538462,True,"{""name"": ""gap_entropy"", ""null_model"": ""markov_2"", ""observed"": 1.913053819235, ""null_mean"": 1.958546318263, ""null_std"": 0.005716310907, ""z_score"": -7.958366814845, ""empirical_p"": 0.038461538462, ""null_samples"": 25}"
outputs\corpus_batch_curated\testdata_datasets_parallel_udhr_xh_udhr_xh.json,corpus_batch_curated,,,,xh,parallel_udhr,udhr,,,,,,,,,utf8_bits,79536,,,bit_one,Positions where the bitstream contains 1.,40135,run_entropy,markov_2,1.746649682651,1.786494074547,0.007139913177,-5.580514903522,5.580514903522,0.038461538462,True,"{""name"": ""run_entropy"", ""null_model"": ""markov_2"", ""observed"": 1.746649682651, ""null_mean"": 1.786494074547, ""null_std"": 0.007139913177, ""z_score"": -5.580514903522, ""empirical_p"": 0.038461538462, ""null_samples"": 25}"
outputs\corpus_batch_curated\testdata_datasets_parallel_udhr_xh_udhr_xh.json,corpus_batch_curated,,,,xh,parallel_udhr,udhr,,,,,,,,,utf8_bits,79536,,,bit_one,Positions where the bitstream contains 1.,40135,prime_index_occupancy_bias,markov_2,-0.046818539953,0.003046760872,0.00552616965,-9.023483530183,9.023483530183,0.038461538462,True,"{""name"": ""prime_index_occupancy_bias"", ""null_model"": ""markov_2"", ""observed"": -0.046818539953, ""null_mean"": 0.003046760872, ""null_std"": 0.00552616965, ""z_score"": -9.023483530183, ""empirical_p"": 0.038461538462, ""null_samples"": 25}"
outputs\corpus_batch_curated\testdata_datasets_parallel_udhr_xh_udhr_xh.json,corpus_batch_curated,,,,xh,parallel_udhr,udhr,,,,,,,,,utf8_bits,79536,,,bit_one,Positions where the bitstream contains 1.,40135,prime_gap_affinity,markov_2,0.506278965466,0.471417967891,0.001901450752,18.333894546494,18.333894546494,0.038461538462,True,"{""name"": ""prime_gap_affinity"", ""null_model"": ""markov_2"", ""observed"": 0.506278965466, ""null_mean"": 0.471417967891, ""null_std"": 0.001901450752, ""z_score"": 18.333894546494, ""empirical_p"": 0.038461538462, ""null_samples"": 25}"
outputs\corpus_batch_curated\testdata_datasets_parallel_udhr_xh_udhr_xh.json,corpus_batch_curated,,,,xh,parallel_udhr,udhr,,,,,,,,,utf8_bits,79536,,,bit_transition,Positions where the bitstream changes from the previous bit.,43826,gap_entropy,markov_2,1.746632778717,1.788625226237,0.005880719395,-7.14069907044,7.14069907044,0.038461538462,True,"{""name"": ""gap_entropy"", ""null_model"": ""markov_2"", ""observed"": 1.746632778717, ""null_mean"": 1.788625226237, ""null_std"": 0.005880719395, ""z_score"": -7.14069907044, ""empirical_p"": 0.038461538462, ""null_samples"": 25}"
outputs\corpus_batch_curated\testdata_datasets_parallel_udhr_xh_udhr_xh.json,corpus_batch_curated,,,,xh,parallel_udhr,udhr,,,,,,,,,utf8_bits,79536,,,bit_transition,Positions where the bitstream changes from the previous bit.,43826,run_entropy,markov_2,1.7940966443,1.828353924889,0.006336161,-5.40663038541,5.40663038541,0.038461538462,True,"{""name"": ""run_entropy"", ""null_model"": ""markov_2"", ""observed"": 1.7940966443, ""null_mean"": 1.828353924889, ""null_std"": 0.006336161, ""z_score"": -5.40663038541, ""empirical_p"": 0.038461538462, ""null_samples"": 25}"
outputs\corpus_batch_curated\testdata_datasets_parallel_udhr_xh_udhr_xh.json,corpus_batch_curated,,,,xh,parallel_udhr,udhr,,,,,,,,,utf8_bits,79536,,,bit_transition,Positions where the bitstream changes from the previous bit.,43826,prime_index_occupancy_bias,markov_2,-0.112210813669,0.001182128869,0.004657921523,-24.344107553949,24.344107553949,0.038461538462,True,"{""name"": ""prime_index_occupancy_bias"", ""null_model"": ""markov_2"", ""observed"": -0.112210813669, ""null_mean"": 0.001182128869, ""null_std"": 0.004657921523, ""z_score"": -24.344107553949, ""empirical_p"": 0.038461538462, ""null_samples"": 25}"
outputs\corpus_batch_curated\testdata_datasets_parallel_udhr_xh_udhr_xh.json,corpus_batch_curated,,,,xh,parallel_udhr,udhr,,,,,,,,,utf8_bits,79536,,,bit_transition,Positions where the bitstream changes from the previous bit.,43826,prime_gap_affinity,markov_2,0.413257273246,0.43750320826,0.002113143604,-11.473870002779,11.473870002779,0.038461538462,True,"{""name"": ""prime_gap_affinity"", ""null_model"": ""markov_2"", ""observed"": 0.413257273246, ""null_mean"": 0.43750320826, ""null_std"": 0.002113143604, ""z_score"": -11.473870002779, ""empirical_p"": 0.038461538462, ""null_samples"": 25}"
outputs\corpus_batch_curated\testdata_datasets_parallel_udhr_xh_udhr_xh.json,corpus_batch_curated,,,,xh,parallel_udhr,udhr,,,,,,,,,grapheme,9942,,,vowel,Basic Latin-vowel positions plus common accented vowels.,3854,prime_index_occupancy_bias,markov_2,-0.045758611234,0.004055713883,0.014496600705,-3.436276278159,3.436276278159,0.038461538462,True,"{""name"": ""prime_index_occupancy_bias"", ""null_model"": ""markov_2"", ""observed"": -0.045758611234, ""null_mean"": 0.004055713883, ""null_std"": 0.014496600705, ""z_score"": -3.436276278159, ""empirical_p"": 0.038461538462, ""null_samples"": 25}"
outputs\corpus_batch_curated\testdata_datasets_parallel_udhr_xh_udhr_xh.json,corpus_batch_curated,,,,xh,parallel_udhr,udhr,,,,,,,,,grapheme,9942,,,consonant,Alphabetic non-vowel positions under the MVP classifier.,4734,prime_gap_affinity,markov_2,0.634903866469,0.652668069184,0.004671101404,-3.803000872033,3.803000872033,0.038461538462,True,"{""name"": ""prime_gap_affinity"", ""null_model"": ""markov_2"", ""observed"": 0.634903866469, ""null_mean"": 0.652668069184, ""null_std"": 0.004671101404, ""z_score"": -3.803000872033, ""empirical_p"": 0.038461538462, ""null_samples"": 25}"
outputs\corpus_batch_curated\testdata_datasets_parallel_udhr_xh_udhr_xh.json,corpus_batch_curated,,,,xh,parallel_udhr,udhr,,,,,,,,,grapheme,9942,,,whitespace,Whitespace positions.,1068,gap_entropy,markov_2,3.699708459436,4.170356917165,0.043158062688,-10.905226704293,10.905226704293,0.038461538462,True,"{""name"": ""gap_entropy"", ""null_model"": ""markov_2"", ""observed"": 3.699708459436, ""null_mean"": 4.170356917165, ""null_std"": 0.043158062688, ""z_score"": -10.905226704293, ""empirical_p"": 0.038461538462, ""null_samples"": 25}"
outputs\corpus_batch_curated\testdata_datasets_parallel_udhr_xh_udhr_xh.json,corpus_batch_curated,,,,xh,parallel_udhr,udhr,,,,,,,,,grapheme,9942,,,whitespace,Whitespace positions.,1068,run_entropy,markov_2,2.851508963169,3.085747390676,0.021294453632,-10.999973587439,10.999973587439,0.038461538462,True,"{""name"": ""run_entropy"", ""null_model"": ""markov_2"", ""observed"": 2.851508963169, ""null_mean"": 3.085747390676, ""null_std"": 0.021294453632, ""z_score"": -10.999973587439, ""empirical_p"": 0.038461538462, ""null_samples"": 25}"
outputs\corpus_batch_curated\testdata_datasets_parallel_udhr_xh_udhr_xh.json,corpus_batch_curated,,,,xh,parallel_udhr,udhr,,,,,,,,,grapheme,9942,,,punctuation,Punctuation positions under the declared punctuation/hyphen policies.,212,gap_entropy,markov_2,5.915389487074,6.241342716658,0.071808217905,-4.539219034975,4.539219034975,0.038461538462,True,"{""name"": ""gap_entropy"", ""null_model"": ""markov_2"", ""observed"": 5.915389487074, ""null_mean"": 6.241342716658, ""null_std"": 0.071808217905, ""z_score"": -4.539219034975, ""empirical_p"": 0.038461538462, ""null_samples"": 25}"
outputs\corpus_batch_curated\testdata_datasets_parallel_udhr_xh_udhr_xh.json,corpus_batch_curated,,,,xh,parallel_udhr,udhr,,,,,,,,,grapheme,9942,,,punctuation,Punctuation positions under the declared punctuation/hyphen policies.,212,run_entropy,markov_2,3.966769563057,4.128599880649,0.036535565229,-4.429391377363,4.429391377363,0.038461538462,True,"{""name"": ""run_entropy"", ""null_model"": ""markov_2"", ""observed"": 3.966769563057, ""null_mean"": 4.128599880649, ""null_std"": 0.036535565229, ""z_score"": -4.429391377363, ""empirical_p"": 0.038461538462, ""null_samples"": 25}"
outputs\corpus_batch_curated\testdata_datasets_parallel_udhr_xh_udhr_xh.json,corpus_batch_curated,,,,xh,parallel_udhr,udhr,,,,,,,,,grapheme,9942,,,punctuation,Punctuation positions under the declared punctuation/hyphen policies.,212,prime_gap_affinity,markov_2,0.436018957346,0.277429425287,0.025815983925,6.143075256022,6.143075256022,0.038461538462,True,"{""name"": ""prime_gap_affinity"", ""null_model"": ""markov_2"", ""observed"": 0.436018957346, ""null_mean"": 0.277429425287, ""null_std"": 0.025815983925, ""z_score"": 6.143075256022, ""empirical_p"": 0.038461538462, ""null_samples"": 25}"
outputs\corpus_batch_curated\testdata_datasets_parallel_udhr_xh_udhr_xh.json,corpus_batch_curated,,,,xh,parallel_udhr,udhr,,,,,,,,,grapheme_class,9942,,,consonant,Positions classified as consonant in the grapheme-class stream.,4734,prime_gap_affinity,markov_2,0.634903866469,0.652247338813,0.005210003673,-3.328879101076,3.328879101076,0.038461538462,True,"{""name"": ""prime_gap_affinity"", ""null_model"": ""markov_2"", ""observed"": 0.634903866469, ""null_mean"": 0.652247338813, ""null_std"": 0.005210003673, ""z_score"": -3.328879101076, ""empirical_p"": 0.038461538462, ""null_samples"": 25}"
outputs\corpus_batch_curated\testdata_datasets_parallel_udhr_xh_udhr_xh.json,corpus_batch_curated,,,,xh,parallel_udhr,udhr,,,,,,,,,grapheme_class,9942,,,whitespace,Positions classified as whitespace in the grapheme-class stream.,1068,gap_entropy,markov_2,3.699708459436,4.172072716579,0.040676996664,-11.612564738789,11.612564738789,0.038461538462,True,"{""name"": ""gap_entropy"", ""null_model"": ""markov_2"", ""observed"": 3.699708459436, ""null_mean"": 4.172072716579, ""null_std"": 0.040676996664, ""z_score"": -11.612564738789, ""empirical_p"": 0.038461538462, ""null_samples"": 25}"
outputs\corpus_batch_curated\testdata_datasets_parallel_udhr_xh_udhr_xh.json,corpus_batch_curated,,,,xh,parallel_udhr,udhr,,,,,,,,,grapheme_class,9942,,,whitespace,Positions classified as whitespace in the grapheme-class stream.,1068,run_entropy,markov_2,2.851508963169,3.086431943906,0.020425244667,-11.501599347851,11.501599347851,0.038461538462,True,"{""name"": ""run_entropy"", ""null_model"": ""markov_2"", ""observed"": 2.851508963169, ""null_mean"": 3.086431943906, ""null_std"": 0.020425244667, ""z_score"": -11.501599347851, ""empirical_p"": 0.038461538462, ""null_samples"": 25}"
outputs\corpus_batch_curated\testdata_datasets_parallel_udhr_xh_udhr_xh.json,corpus_batch_curated,,,,xh,parallel_udhr,udhr,,,,,,,,,grapheme_class,9942,,,punctuation,Positions classified as punctuation in the grapheme-class stream.,212,gap_entropy,markov_2,5.915389487074,6.241226475384,0.06263396018,-5.202241521595,5.202241521595,0.038461538462,True,"{""name"": ""gap_entropy"", ""null_model"": ""markov_2"", ""observed"": 5.915389487074, ""null_mean"": 6.241226475384, ""null_std"": 0.06263396018, ""z_score"": -5.202241521595, ""empirical_p"": 0.038461538462, ""null_samples"": 25}"
outputs\corpus_batch_curated\testdata_datasets_parallel_udhr_xh_udhr_xh.json,corpus_batch_curated,,,,xh,parallel_udhr,udhr,,,,,,,,,grapheme_class,9942,,,punctuation,Positions classified as punctuation in the grapheme-class stream.,212,run_entropy,markov_2,3.966769563057,4.128513324678,0.031498602487,-5.134950405702,5.134950405702,0.038461538462,True,"{""name"": ""run_entropy"", ""null_model"": ""markov_2"", ""observed"": 3.966769563057, ""null_mean"": 4.128513324678, ""null_std"": 0.031498602487, ""z_score"": -5.134950405702, ""empirical_p"": 0.038461538462, ""null_samples"": 25}"
outputs\corpus_batch_curated\testdata_datasets_parallel_udhr_xh_udhr_xh.json,corpus_batch_curated,,,,xh,parallel_udhr,udhr,,,,,,,,,grapheme_class,9942,,,punctuation,Positions classified as punctuation in the grapheme-class stream.,212,prime_gap_affinity,markov_2,0.436018957346,0.272749650283,0.021043116509,7.758798797261,7.758798797261,0.038461538462,True,"{""name"": ""prime_gap_affinity"", ""null_model"": ""markov_2"", ""observed"": 0.436018957346, ""null_mean"": 0.272749650283, ""null_std"": 0.021043116509, ""z_score"": 7.758798797261, ""empirical_p"": 0.038461538462, ""null_samples"": 25}"
outputs\corpus_batch_curated\testdata_datasets_parallel_udhr_xh_udhr_xh.json,corpus_batch_curated,,,,xh,parallel_udhr,udhr,,,,,,,,,word_boundary,9942,,,word_boundary,Positions marked as word boundaries after declared whitespace preprocessing.,1068,gap_entropy,markov_2,3.699708459436,4.18570484782,0.051554791214,-9.426793842851,9.426793842851,0.038461538462,True,"{""name"": ""gap_entropy"", ""null_model"": ""markov_2"", ""observed"": 3.699708459436, ""null_mean"": 4.18570484782, ""null_std"": 0.051554791214, ""z_score"": -9.426793842851, ""empirical_p"": 0.038461538462, ""null_samples"": 25}"
outputs\corpus_batch_curated\testdata_datasets_parallel_udhr_xh_udhr_xh.json,corpus_batch_curated,,,,xh,parallel_udhr,udhr,,,,,,,,,word_boundary,9942,,,word_boundary,Positions marked as word boundaries after declared whitespace preprocessing.,1068,run_entropy,markov_2,2.851508963169,3.09280772948,0.025904155221,-9.315060238358,9.315060238358,0.038461538462,True,"{""name"": ""run_entropy"", ""null_model"": ""markov_2"", ""observed"": 2.851508963169, ""null_mean"": 3.09280772948, ""null_std"": 0.025904155221, ""z_score"": -9.315060238358, ""empirical_p"": 0.038461538462, ""null_samples"": 25}"
outputs\corpus_batch_curated\testdata_datasets_parallel_udhr_zh_udhr_zh.json,corpus_batch_curated,,,,zh,parallel_udhr,udhr,,,,,,,,,utf8_bits,137592,,,bit_one,Positions where the bitstream contains 1.,55972,gap_entropy,markov_2,2.230086040324,2.39636358645,0.005431290279,-30.614741174469,30.614741174469,0.038461538462,True,"{""name"": ""gap_entropy"", ""null_model"": ""markov_2"", ""observed"": 2.230086040324, ""null_mean"": 2.39636358645, ""null_std"": 0.005431290279, ""z_score"": -30.614741174469, ""empirical_p"": 0.038461538462, ""null_samples"": 25}"
outputs\corpus_batch_curated\testdata_datasets_parallel_udhr_zh_udhr_zh.json,corpus_batch_curated,,,,zh,parallel_udhr,udhr,,,,,,,,,utf8_bits,137592,,,bit_one,Positions where the bitstream contains 1.,55972,run_entropy,markov_2,1.965523421203,2.036992762409,0.004981374946,-14.347312133017,14.347312133017,0.038461538462,True,"{""name"": ""run_entropy"", ""null_model"": ""markov_2"", ""observed"": 1.965523421203, ""null_mean"": 2.036992762409, ""null_std"": 0.004981374946, ""z_score"": -14.347312133017, ""empirical_p"": 0.038461538462, ""null_samples"": 25}"
outputs\corpus_batch_curated\testdata_datasets_parallel_udhr_zh_udhr_zh.json,corpus_batch_curated,,,,zh,parallel_udhr,udhr,,,,,,,,,utf8_bits,137592,,,bit_one,Positions where the bitstream contains 1.,55972,prime_index_occupancy_bias,markov_2,0.1230055933,-5.139065e-06,0.004457729263,27.594931213017,27.594931213017,0.038461538462,True,"{""name"": ""prime_index_occupancy_bias"", ""null_model"": ""markov_2"", ""observed"": 0.1230055933, ""null_mean"": -5.139065e-06, ""null_std"": 0.004457729263, ""z_score"": 27.594931213017, ""empirical_p"": 0.038461538462, ""null_samples"": 25}"
outputs\corpus_batch_curated\testdata_datasets_parallel_udhr_zh_udhr_zh.json,corpus_batch_curated,,,,zh,parallel_udhr,udhr,,,,,,,,,utf8_bits,137592,,,bit_one,Positions where the bitstream contains 1.,55972,prime_gap_affinity,markov_2,0.512104482679,0.466832083141,0.001806804738,25.056608825151,25.056608825151,0.038461538462,True,"{""name"": ""prime_gap_affinity"", ""null_model"": ""markov_2"", ""observed"": 0.512104482679, ""null_mean"": 0.466832083141, ""null_std"": 0.001806804738, ""z_score"": 25.056608825151, ""empirical_p"": 0.038461538462, ""null_samples"": 25}"
outputs\corpus_batch_curated\testdata_datasets_parallel_udhr_zh_udhr_zh.json,corpus_batch_curated,,,,zh,parallel_udhr,udhr,,,,,,,,,utf8_bits,137592,,,bit_transition,Positions where the bitstream changes from the previous bit.,67387,gap_entropy,markov_2,1.965532426767,2.027008444075,0.005217189332,-11.783359467793,11.783359467793,0.038461538462,True,"{""name"": ""gap_entropy"", ""null_model"": ""markov_2"", ""observed"": 1.965532426767, ""null_mean"": 2.027008444075, ""null_std"": 0.005217189332, ""z_score"": -11.783359467793, ""empirical_p"": 0.038461538462, ""null_samples"": 25}"
outputs\corpus_batch_curated\testdata_datasets_parallel_udhr_zh_udhr_zh.json,corpus_batch_curated,,,,zh,parallel_udhr,udhr,,,,,,,,,utf8_bits,137592,,,bit_transition,Positions where the bitstream changes from the previous bit.,67387,run_entropy,markov_2,2.036024609925,2.083918943601,0.004983691076,-9.610213182619,9.610213182619,0.038461538462,True,"{""name"": ""run_entropy"", ""null_model"": ""markov_2"", ""observed"": 2.036024609925, ""null_mean"": 2.083918943601, ""null_std"": 0.004983691076, ""z_score"": -9.610213182619, ""empirical_p"": 0.038461538462, ""null_samples"": 25}"
outputs\corpus_batch_curated\testdata_datasets_parallel_udhr_zh_udhr_zh.json,corpus_batch_curated,,,,zh,parallel_udhr,udhr,,,,,,,,,utf8_bits,137592,,,bit_transition,Positions where the bitstream changes from the previous bit.,67387,prime_index_occupancy_bias,markov_2,0.09376192498,-0.000776313527,0.003409747353,27.725877818353,27.725877818353,0.038461538462,True,"{""name"": ""prime_index_occupancy_bias"", ""null_model"": ""markov_2"", ""observed"": 0.09376192498, ""null_mean"": -0.000776313527, ""null_std"": 0.003409747353, ""z_score"": 27.725877818353, ""empirical_p"": 0.038461538462, ""null_samples"": 25}"
outputs\corpus_batch_curated\testdata_datasets_parallel_udhr_zh_udhr_zh.json,corpus_batch_curated,,,,zh,parallel_udhr,udhr,,,,,,,,,utf8_bits,137592,,,bit_transition,Positions where the bitstream changes from the previous bit.,67387,prime_gap_affinity,markov_2,0.351808981094,0.393900889783,0.001868519654,-22.5268749997,22.5268749997,0.038461538462,True,"{""name"": ""prime_gap_affinity"", ""null_model"": ""markov_2"", ""observed"": 0.351808981094, ""null_mean"": 0.393900889783, ""null_std"": 0.001868519654, ""z_score"": -22.5268749997, ""empirical_p"": 0.038461538462, ""null_samples"": 25}"
outputs\corpus_batch_curated\testdata_datasets_parallel_udhr_zh_udhr_zh.json,corpus_batch_curated,,,,zh,parallel_udhr,udhr,,,,,,,,,grapheme,9859,,,vowel,Basic Latin-vowel positions plus common accented vowels.,2151,gap_entropy,markov_2,1.350218986183,2.508307087595,0.031750217462,-36.474965968796,36.474965968796,0.038461538462,True,"{""name"": ""gap_entropy"", ""null_model"": ""markov_2"", ""observed"": 1.350218986183, ""null_mean"": 2.508307087595, ""null_std"": 0.031750217462, ""z_score"": -36.474965968796, ""empirical_p"": 0.038461538462, ""null_samples"": 25}"
outputs\corpus_batch_curated\testdata_datasets_parallel_udhr_zh_udhr_zh.json,corpus_batch_curated,,,,zh,parallel_udhr,udhr,,,,,,,,,grapheme,9859,,,vowel,Basic Latin-vowel positions plus common accented vowels.,2151,run_entropy,markov_2,1.66053085887,2.240906769221,0.015663828728,-37.051982655047,37.051982655047,0.038461538462,True,"{""name"": ""run_entropy"", ""null_model"": ""markov_2"", ""observed"": 1.66053085887, ""null_mean"": 2.240906769221, ""null_std"": 0.015663828728, ""z_score"": -37.051982655047, ""empirical_p"": 0.038461538462, ""null_samples"": 25}"
outputs\corpus_batch_curated\testdata_datasets_parallel_udhr_zh_udhr_zh.json,corpus_batch_curated,,,,zh,parallel_udhr,udhr,,,,,,,,,grapheme,9859,,,vowel,Basic Latin-vowel positions plus common accented vowels.,2151,prime_index_occupancy_bias,markov_2,0.041786415625,0.000355698507,0.013197681787,3.139242011331,3.139242011331,0.038461538462,True,"{""name"": ""prime_index_occupancy_bias"", ""null_model"": ""markov_2"", ""observed"": 0.041786415625, ""null_mean"": 0.000355698507, ""null_std"": 0.013197681787, ""z_score"": 3.139242011331, ""empirical_p"": 0.038461538462, ""null_samples"": 25}"
outputs\corpus_batch_curated\testdata_datasets_parallel_udhr_zh_udhr_zh.json,corpus_batch_curated,,,,zh,parallel_udhr,udhr,,,,,,,,,grapheme,9859,,,vowel,Basic Latin-vowel positions plus common accented vowels.,2151,prime_gap_affinity,markov_2,0.115813953488,0.595261483238,0.011661790697,-41.112685195931,41.112685195931,0.038461538462,True,"{""name"": ""prime_gap_affinity"", ""null_model"": ""markov_2"", ""observed"": 0.115813953488, ""null_mean"": 0.595261483238, ""null_std"": 0.011661790697, ""z_score"": -41.112685195931, ""empirical_p"": 0.038461538462, ""null_samples"": 25}"
outputs\corpus_batch_curated\testdata_datasets_parallel_udhr_zh_udhr_zh.json,corpus_batch_curated,,,,zh,parallel_udhr,udhr,,,,,,,,,grapheme,9859,,,consonant,Alphabetic non-vowel positions under the MVP classifier.,753,prime_gap_affinity,markov_2,0.315159574468,0.366796665446,0.017040286544,-3.030294757252,3.030294757252,0.038461538462,True,"{""name"": ""prime_gap_affinity"", ""null_model"": ""markov_2"", ""observed"": 0.315159574468, ""null_mean"": 0.366796665446, ""null_std"": 0.017040286544, ""z_score"": -3.030294757252, ""empirical_p"": 0.038461538462, ""null_samples"": 25}"
outputs\corpus_batch_curated\testdata_datasets_parallel_udhr_zh_udhr_zh.json,corpus_batch_curated,,,,zh,parallel_udhr,udhr,,,,,,,,,grapheme,9859,,,whitespace,Whitespace positions.,2428,gap_entropy,markov_2,0.90288165372,2.335819617514,0.027490771937,-52.124326194913,52.124326194913,0.038461538462,True,"{""name"": ""gap_entropy"", ""null_model"": ""markov_2"", ""observed"": 0.90288165372, ""null_mean"": 2.335819617514, ""null_std"": 0.027490771937, ""z_score"": -52.124326194913, ""empirical_p"": 0.038461538462, ""null_samples"": 25}"
outputs\corpus_batch_curated\testdata_datasets_parallel_udhr_zh_udhr_zh.json,corpus_batch_curated,,,,zh,parallel_udhr,udhr,,,,,,,,,grapheme,9859,,,whitespace,Whitespace positions.,2428,run_entropy,markov_2,1.309148988474,2.022021157461,0.013677876134,-52.11863026151,52.11863026151,0.038461538462,True,"{""name"": ""run_entropy"", ""null_model"": ""markov_2"", ""observed"": 1.309148988474, ""null_mean"": 2.022021157461, ""null_std"": 0.013677876134, ""z_score"": -52.11863026151, ""empirical_p"": 0.038461538462, ""null_samples"": 25}"
outputs\corpus_batch_curated\testdata_datasets_parallel_udhr_zh_udhr_zh.json,corpus_batch_curated,,,,zh,parallel_udhr,udhr,,,,,,,,,grapheme,9859,,,whitespace,Whitespace positions.,2428,prime_gap_affinity,markov_2,0.145447053976,0.656680684804,0.008366200931,-61.10702277591,61.10702277591,0.038461538462,True,"{""name"": ""prime_gap_affinity"", ""null_model"": ""markov_2"", ""observed"": 0.145447053976, ""null_mean"": 0.656680684804, ""null_std"": 0.008366200931, ""z_score"": -61.10702277591, ""empirical_p"": 0.038461538462, ""null_samples"": 25}"
outputs\corpus_batch_curated\testdata_datasets_parallel_udhr_zh_udhr_zh.json,corpus_batch_curated,,,,zh,parallel_udhr,udhr,,,,,,,,,grapheme,9859,,,digit,ASCII digit positions.,11,zeta_spectral_coherence,markov_2,5.5953213e-05,1.088124e-06,1.440397e-06,38.090259632344,38.090259632344,0.038461538462,True,"{""name"": ""zeta_spectral_coherence"", ""null_model"": ""markov_2"", ""observed"": 5.5953213e-05, ""null_mean"": 1.088124e-06, ""null_std"": 1.440397e-06, ""z_score"": 38.090259632344, ""empirical_p"": 0.038461538462, ""null_samples"": 25}"
outputs\corpus_batch_curated\testdata_datasets_parallel_udhr_zh_udhr_zh.json,corpus_batch_curated,,,,zh,parallel_udhr,udhr,,,,,,,,,grapheme_class,9859,,,vowel,Positions classified as vowel in the grapheme-class stream.,2151,gap_entropy,markov_2,1.350218986183,2.516864444984,0.038230784681,-30.515864859179,30.515864859179,0.038461538462,True,"{""name"": ""gap_entropy"", ""null_model"": ""markov_2"", ""observed"": 1.350218986183, ""null_mean"": 2.516864444984, ""null_std"": 0.038230784681, ""z_score"": -30.515864859179, ""empirical_p"": 0.038461538462, ""null_samples"": 25}"
outputs\corpus_batch_curated\testdata_datasets_parallel_udhr_zh_udhr_zh.json,corpus_batch_curated,,,,zh,parallel_udhr,udhr,,,,,,,,,grapheme_class,9859,,,vowel,Positions classified as vowel in the grapheme-class stream.,2151,run_entropy,markov_2,1.66053085887,2.244605089447,0.019340573844,-30.199426102844,30.199426102844,0.038461538462,True,"{""name"": ""run_entropy"", ""null_model"": ""markov_2"", ""observed"": 1.66053085887, ""null_mean"": 2.244605089447, ""null_std"": 0.019340573844, ""z_score"": -30.199426102844, ""empirical_p"": 0.038461538462, ""null_samples"": 25}"
outputs\corpus_batch_curated\testdata_datasets_parallel_udhr_zh_udhr_zh.json,corpus_batch_curated,,,,zh,parallel_udhr,udhr,,,,,,,,,grapheme_class,9859,,,vowel,Positions classified as vowel in the grapheme-class stream.,2151,prime_index_occupancy_bias,markov_2,0.041786415625,0.000259856865,0.013237175294,3.137116328685,3.137116328685,0.038461538462,True,"{""name"": ""prime_index_occupancy_bias"", ""null_model"": ""markov_2"", ""observed"": 0.041786415625, ""null_mean"": 0.000259856865, ""null_std"": 0.013237175294, ""z_score"": 3.137116328685, ""empirical_p"": 0.038461538462, ""null_samples"": 25}"
outputs\corpus_batch_curated\testdata_datasets_parallel_udhr_zh_udhr_zh.json,corpus_batch_curated,,,,zh,parallel_udhr,udhr,,,,,,,,,grapheme_class,9859,,,vowel,Positions classified as vowel in the grapheme-class stream.,2151,prime_gap_affinity,markov_2,0.115813953488,0.596487942006,0.011169526609,-43.034410081027,43.034410081027,0.038461538462,True,"{""name"": ""prime_gap_affinity"", ""null_model"": ""markov_2"", ""observed"": 0.115813953488, ""null_mean"": 0.596487942006, ""null_std"": 0.011169526609, ""z_score"": -43.034410081027, ""empirical_p"": 0.038461538462, ""null_samples"": 25}"
outputs\corpus_batch_curated\testdata_datasets_parallel_udhr_zh_udhr_zh.json,corpus_batch_curated,,,,zh,parallel_udhr,udhr,,,,,,,,,grapheme_class,9859,,,digit,Positions classified as digit in the grapheme-class stream.,11,zeta_spectral_coherence,markov_2,5.5953213e-05,1.404285e-06,1.615961e-06,33.756342196188,33.756342196188,0.038461538462,True,"{""name"": ""zeta_spectral_coherence"", ""null_model"": ""markov_2"", ""observed"": 5.5953213e-05, ""null_mean"": 1.404285e-06, ""null_std"": 1.615961e-06, ""z_score"": 33.756342196188, ""empirical_p"": 0.038461538462, ""null_samples"": 25}"
outputs\corpus_batch_curated\testdata_datasets_parallel_udhr_zh_udhr_zh.json,corpus_batch_curated,,,,zh,parallel_udhr,udhr,,,,,,,,,grapheme_class,9859,,,whitespace,Positions classified as whitespace in the grapheme-class stream.,2428,gap_entropy,markov_2,0.90288165372,2.328261605141,0.030204214975,-47.191425189818,47.191425189818,0.038461538462,True,"{""name"": ""gap_entropy"", ""null_model"": ""markov_2"", ""observed"": 0.90288165372, ""null_mean"": 2.328261605141, ""null_std"": 0.030204214975, ""z_score"": -47.191425189818, ""empirical_p"": 0.038461538462, ""null_samples"": 25}"
outputs\corpus_batch_curated\testdata_datasets_parallel_udhr_zh_udhr_zh.json,corpus_batch_curated,,,,zh,parallel_udhr,udhr,,,,,,,,,grapheme_class,9859,,,whitespace,Positions classified as whitespace in the grapheme-class stream.,2428,run_entropy,markov_2,1.309148988474,2.018843317182,0.015330413496,-46.293228090199,46.293228090199,0.038461538462,True,"{""name"": ""run_entropy"", ""null_model"": ""markov_2"", ""observed"": 1.309148988474, ""null_mean"": 2.018843317182, ""null_std"": 0.015330413496, ""z_score"": -46.293228090199, ""empirical_p"": 0.038461538462, ""null_samples"": 25}"
outputs\corpus_batch_curated\testdata_datasets_parallel_udhr_zh_udhr_zh.json,corpus_batch_curated,,,,zh,parallel_udhr,udhr,,,,,,,,,grapheme_class,9859,,,whitespace,Positions classified as whitespace in the grapheme-class stream.,2428,prime_gap_affinity,markov_2,0.145447053976,0.658015046526,0.007790059838,-65.797696452937,65.797696452937,0.038461538462,True,"{""name"": ""prime_gap_affinity"", ""null_model"": ""markov_2"", ""observed"": 0.145447053976, ""null_mean"": 0.658015046526, ""null_std"": 0.007790059838, ""z_score"": -65.797696452937, ""empirical_p"": 0.038461538462, ""null_samples"": 25}"
outputs\corpus_batch_curated\testdata_datasets_parallel_udhr_zh_udhr_zh.json,corpus_batch_curated,,,,zh,parallel_udhr,udhr,,,,,,,,,grapheme_class,9859,,,other,Positions classified as other in the grapheme-class stream.,4440,gap_entropy,markov_2,1.602570607351,1.693785025006,0.012506986105,-7.29307739612,7.29307739612,0.038461538462,True,"{""name"": ""gap_entropy"", ""null_model"": ""markov_2"", ""observed"": 1.602570607351, ""null_mean"": 1.693785025006, ""null_std"": 0.012506986105, ""z_score"": -7.29307739612, ""empirical_p"": 0.038461538462, ""null_samples"": 25}"
outputs\corpus_batch_curated\testdata_datasets_parallel_udhr_zh_udhr_zh.json,corpus_batch_curated,,,,zh,parallel_udhr,udhr,,,,,,,,,grapheme_class,9859,,,other,Positions classified as other in the grapheme-class stream.,4440,run_entropy,markov_2,0.964591749628,1.085738089286,0.016467511601,-7.356687676365,7.356687676365,0.038461538462,True,"{""name"": ""run_entropy"", ""null_model"": ""markov_2"", ""observed"": 0.964591749628, ""null_mean"": 1.085738089286, ""null_std"": 0.016467511601, ""z_score"": -7.356687676365, ""empirical_p"": 0.038461538462, ""null_samples"": 25}"
outputs\corpus_batch_curated\testdata_datasets_parallel_udhr_zh_udhr_zh.json,corpus_batch_curated,,,,zh,parallel_udhr,udhr,,,,,,,,,grapheme_class,9859,,,other,Positions classified as other in the grapheme-class stream.,4440,prime_gap_affinity,markov_2,0.464744311782,0.438786307351,0.00367879761,7.05611104086,7.05611104086,0.038461538462,True,"{""name"": ""prime_gap_affinity"", ""null_model"": ""markov_2"", ""observed"": 0.464744311782, ""null_mean"": 0.438786307351, ""null_std"": 0.00367879761, ""z_score"": 7.05611104086, ""empirical_p"": 0.038461538462, ""null_samples"": 25}"
outputs\corpus_batch_curated\testdata_datasets_parallel_udhr_zh_udhr_zh.json,corpus_batch_curated,,,,zh,parallel_udhr,udhr,,,,,,,,,word_boundary,9859,,,word_boundary,Positions marked as word boundaries after declared whitespace preprocessing.,2428,gap_entropy,markov_2,0.90288165372,2.328376654977,0.026819797865,-53.150848058207,53.150848058207,0.038461538462,True,"{""name"": ""gap_entropy"", ""null_model"": ""markov_2"", ""observed"": 0.90288165372, ""null_mean"": 2.328376654977, ""null_std"": 0.026819797865, ""z_score"": -53.150848058207, ""empirical_p"": 0.038461538462, ""null_samples"": 25}"
outputs\corpus_batch_curated\testdata_datasets_parallel_udhr_zh_udhr_zh.json,corpus_batch_curated,,,,zh,parallel_udhr,udhr,,,,,,,,,word_boundary,9859,,,word_boundary,Positions marked as word boundaries after declared whitespace preprocessing.,2428,run_entropy,markov_2,1.309148988474,2.023592438876,0.011182969574,-63.886738283344,63.886738283344,0.038461538462,True,"{""name"": ""run_entropy"", ""null_model"": ""markov_2"", ""observed"": 1.309148988474, ""null_mean"": 2.023592438876, ""null_std"": 0.011182969574, ""z_score"": -63.886738283344, ""empirical_p"": 0.038461538462, ""null_samples"": 25}"
outputs\corpus_batch_curated\testdata_datasets_parallel_udhr_zh_udhr_zh.json,corpus_batch_curated,,,,zh,parallel_udhr,udhr,,,,,,,,,word_boundary,9859,,,word_boundary,Positions marked as word boundaries after declared whitespace preprocessing.,2428,prime_gap_affinity,markov_2,0.145447053976,0.657073050201,0.011816502645,-43.29758233956,43.29758233956,0.038461538462,True,"{""name"": ""prime_gap_affinity"", ""null_model"": ""markov_2"", ""observed"": 0.145447053976, ""null_mean"": 0.657073050201, ""null_std"": 0.011816502645, ""z_score"": -43.29758233956, ""empirical_p"": 0.038461538462, ""null_samples"": 25}"
outputs\corpus_batch_curated\testdata_datasets_parallel_udhr_zh_udhr_zh.json,corpus_batch_curated,,,,zh,parallel_udhr,udhr,,,,,,,,,frequency_class,2714,,,hapax,Token positions in frequency class hapax.,21,zeta_spectral_coherence,markov_2,0.000553491961,2.1451807e-05,2.4216449e-05,21.970197384523,21.970197384523,0.038461538462,True,"{""name"": ""zeta_spectral_coherence"", ""null_model"": ""markov_2"", ""observed"": 0.000553491961, ""null_mean"": 2.1451807e-05, ""null_std"": 2.4216449e-05, ""z_score"": 21.970197384523, ""empirical_p"": 0.038461538462, ""null_samples"": 25}"
outputs\corpus_batch_curated\testdata_datasets_parallel_udhr_zh_udhr_zh.json,corpus_batch_curated,,,,zh,parallel_udhr,udhr,,,,,,,,,frequency_class,2714,,,hapax,Token positions in frequency class hapax.,21,critical_line_symmetry,markov_2,0.923449583605,0.728209819767,0.061559604163,3.171556518185,3.171556518185,0.038461538462,True,"{""name"": ""critical_line_symmetry"", ""null_model"": ""markov_2"", ""observed"": 0.923449583605, ""null_mean"": 0.728209819767, ""null_std"": 0.061559604163, ""z_score"": 3.171556518185, ""empirical_p"": 0.038461538462, ""null_samples"": 25}"
outputs\corpus_batch_curated\testdata_datasets_parallel_udhr_zh_udhr_zh.json,corpus_batch_curated,,,,zh,parallel_udhr,udhr,,,,,,,,,frequency_class,2714,,,high_frequency,Token positions in frequency class high_frequency.,2647,zeta_spectral_coherence,markov_2,0.000587102456,8.3082899e-05,8.0863198e-05,6.232990691035,6.232990691035,0.038461538462,True,"{""name"": ""zeta_spectral_coherence"", ""null_model"": ""markov_2"", ""observed"": 0.000587102456, ""null_mean"": 8.3082899e-05, ""null_std"": 8.0863198e-05, ""z_score"": 6.232990691035, ""empirical_p"": 0.038461538462, ""null_samples"": 25}"
outputs\corpus_batch_curated\testdata_datasets_parallel_udhr_zh_udhr_zh_text_only.json,corpus_batch_curated,,,,zh,parallel_udhr,udhr,,,,,,,,,utf8_bits,68568,,,bit_one,Positions where the bitstream contains 1.,35937,prime_index_occupancy_bias,markov_2,0.100924727958,-0.000279712709,0.006384733288,15.851005219074,15.851005219074,0.038461538462,True,"{""name"": ""prime_index_occupancy_bias"", ""null_model"": ""markov_2"", ""observed"": 0.100924727958, ""null_mean"": -0.000279712709, ""null_std"": 0.006384733288, ""z_score"": 15.851005219074, ""empirical_p"": 0.038461538462, ""null_samples"": 25}"
outputs\corpus_batch_curated\testdata_datasets_parallel_udhr_zh_udhr_zh_text_only.json,corpus_batch_curated,,,,zh,parallel_udhr,udhr,,,,,,,,,utf8_bits,68568,,,bit_one,Positions where the bitstream contains 1.,35937,critical_line_symmetry,markov_2,0.576920559109,0.755872800696,0.042557502298,-4.204951698853,4.204951698853,0.038461538462,True,"{""name"": ""critical_line_symmetry"", ""null_model"": ""markov_2"", ""observed"": 0.576920559109, ""null_mean"": 0.755872800696, ""null_std"": 0.042557502298, ""z_score"": -4.204951698853, ""empirical_p"": 0.038461538462, ""null_samples"": 25}"
outputs\corpus_batch_curated\testdata_datasets_parallel_udhr_zh_udhr_zh_text_only.json,corpus_batch_curated,,,,zh,parallel_udhr,udhr,,,,,,,,,utf8_bits,68568,,,bit_transition,Positions where the bitstream changes from the previous bit.,35497,prime_index_occupancy_bias,markov_2,-0.090498489991,0.000442902343,0.006038306604,-15.060744393345,15.060744393345,0.038461538462,True,"{""name"": ""prime_index_occupancy_bias"", ""null_model"": ""markov_2"", ""observed"": -0.090498489991, ""null_mean"": 0.000442902343, ""null_std"": 0.006038306604, ""z_score"": -15.060744393345, ""empirical_p"": 0.038461538462, ""null_samples"": 25}"
outputs\corpus_batch_curated\testdata_datasets_parallel_udhr_zh_udhr_zh_text_only.json,corpus_batch_curated,,,,zh,parallel_udhr,udhr,,,,,,,,,grapheme,2989,,,consonant,Alphabetic non-vowel positions under the MVP classifier.,2675,zeta_spectral_coherence,markov_2,0.001461825586,0.000300751938,0.000184008224,6.309900861244,6.309900861244,0.038461538462,True,"{""name"": ""zeta_spectral_coherence"", ""null_model"": ""markov_2"", ""observed"": 0.001461825586, ""null_mean"": 0.000300751938, ""null_std"": 0.000184008224, ""z_score"": 6.309900861244, ""empirical_p"": 0.038461538462, ""null_samples"": 25}"
outputs\corpus_batch_curated\testdata_datasets_parallel_udhr_zh_udhr_zh_text_only.json,corpus_batch_curated,,,,zh,parallel_udhr,udhr,,,,,,,,,grapheme,2989,,,whitespace,Whitespace positions.,96,gap_entropy,markov_2,4.93793120331,5.421412064249,0.091024663924,-5.311536896667,5.311536896667,0.038461538462,True,"{""name"": ""gap_entropy"", ""null_model"": ""markov_2"", ""observed"": 4.93793120331, ""null_mean"": 5.421412064249, ""null_std"": 0.091024663924, ""z_score"": -5.311536896667, ""empirical_p"": 0.038461538462, ""null_samples"": 25}"
outputs\corpus_batch_curated\testdata_datasets_parallel_udhr_zh_udhr_zh_text_only.json,corpus_batch_curated,,,,zh,parallel_udhr,udhr,,,,,,,,,grapheme,2989,,,whitespace,Whitespace positions.,96,run_entropy,markov_2,3.440776295298,3.654899078193,0.067714311667,-3.162149590297,3.162149590297,0.038461538462,True,"{""name"": ""run_entropy"", ""null_model"": ""markov_2"", ""observed"": 3.440776295298, ""null_mean"": 3.654899078193, ""null_std"": 0.067714311667, ""z_score"": -3.162149590297, ""empirical_p"": 0.038461538462, ""null_samples"": 25}"
outputs\corpus_batch_curated\testdata_datasets_parallel_udhr_zh_udhr_zh_text_only.json,corpus_batch_curated,,,,zh,parallel_udhr,udhr,,,,,,,,,grapheme,2989,,,digit,ASCII digit positions.,11,zeta_spectral_coherence,markov_2,0.000376717558,2.5951539e-05,3.9150434e-05,8.959441355876,8.959441355876,0.038461538462,True,"{""name"": ""zeta_spectral_coherence"", ""null_model"": ""markov_2"", ""observed"": 0.000376717558, ""null_mean"": 2.5951539e-05, ""null_std"": 3.9150434e-05, ""z_score"": 8.959441355876, ""empirical_p"": 0.038461538462, ""null_samples"": 25}"
outputs\corpus_batch_curated\testdata_datasets_parallel_udhr_zh_udhr_zh_text_only.json,corpus_batch_curated,,,,zh,parallel_udhr,udhr,,,,,,,,,grapheme_class,2989,,,vowel,Positions classified as vowel in the grapheme-class stream.,4,zeta_spectral_coherence,markov_2,0.000132345705,6.725688e-06,1.5225004e-05,8.250902225562,8.250902225562,0.038461538462,True,"{""name"": ""zeta_spectral_coherence"", ""null_model"": ""markov_2"", ""observed"": 0.000132345705, ""null_mean"": 6.725688e-06, ""null_std"": 1.5225004e-05, ""z_score"": 8.250902225562, ""empirical_p"": 0.038461538462, ""null_samples"": 25}"
outputs\corpus_batch_curated\testdata_datasets_parallel_udhr_zh_udhr_zh_text_only.json,corpus_batch_curated,,,,zh,parallel_udhr,udhr,,,,,,,,,grapheme_class,2989,,,consonant,Positions classified as consonant in the grapheme-class stream.,2675,zeta_spectral_coherence,markov_2,0.001461825586,0.000236957517,9.4816199e-05,12.918341828151,12.918341828151,0.038461538462,True,"{""name"": ""zeta_spectral_coherence"", ""null_model"": ""markov_2"", ""observed"": 0.001461825586, ""null_mean"": 0.000236957517, ""null_std"": 9.4816199e-05, ""z_score"": 12.918341828151, ""empirical_p"": 0.038461538462, ""null_samples"": 25}"
outputs\corpus_batch_curated\testdata_datasets_parallel_udhr_zh_udhr_zh_text_only.json,corpus_batch_curated,,,,zh,parallel_udhr,udhr,,,,,,,,,grapheme_class,2989,,,digit,Positions classified as digit in the grapheme-class stream.,11,zeta_spectral_coherence,markov_2,0.000376717558,1.4244616e-05,1.3667272e-05,26.521235262519,26.521235262519,0.038461538462,True,"{""name"": ""zeta_spectral_coherence"", ""null_model"": ""markov_2"", ""observed"": 0.000376717558, ""null_mean"": 1.4244616e-05, ""null_std"": 1.3667272e-05, ""z_score"": 26.521235262519, ""empirical_p"": 0.038461538462, ""null_samples"": 25}"
outputs\corpus_batch_curated\testdata_datasets_parallel_udhr_zh_udhr_zh_text_only.json,corpus_batch_curated,,,,zh,parallel_udhr,udhr,,,,,,,,,grapheme_class,2989,,,digit,Positions classified as digit in the grapheme-class stream.,11,critical_line_symmetry,markov_2,0.817501635015,0.680763656793,0.033789010057,4.046818121929,4.046818121929,0.038461538462,True,"{""name"": ""critical_line_symmetry"", ""null_model"": ""markov_2"", ""observed"": 0.817501635015, ""null_mean"": 0.680763656793, ""null_std"": 0.033789010057, ""z_score"": 4.046818121929, ""empirical_p"": 0.038461538462, ""null_samples"": 25}"
outputs\corpus_batch_curated\testdata_datasets_parallel_udhr_zh_udhr_zh_text_only.json,corpus_batch_curated,,,,zh,parallel_udhr,udhr,,,,,,,,,grapheme_class,2989,,,whitespace,Positions classified as whitespace in the grapheme-class stream.,96,gap_entropy,markov_2,4.93793120331,5.436911035851,0.08652113638,-5.767143768797,5.767143768797,0.038461538462,True,"{""name"": ""gap_entropy"", ""null_model"": ""markov_2"", ""observed"": 4.93793120331, ""null_mean"": 5.436911035851, ""null_std"": 0.08652113638, ""z_score"": -5.767143768797, ""empirical_p"": 0.038461538462, ""null_samples"": 25}"
outputs\corpus_batch_curated\testdata_datasets_parallel_udhr_zh_udhr_zh_text_only.json,corpus_batch_curated,,,,zh,parallel_udhr,udhr,,,,,,,,,grapheme_class,2989,,,whitespace,Positions classified as whitespace in the grapheme-class stream.,96,run_entropy,markov_2,3.440776295298,3.670557052353,0.053789983602,-4.271813108496,4.271813108496,0.038461538462,True,"{""name"": ""run_entropy"", ""null_model"": ""markov_2"", ""observed"": 3.440776295298, ""null_mean"": 3.670557052353, ""null_std"": 0.053789983602, ""z_score"": -4.271813108496, ""empirical_p"": 0.038461538462, ""null_samples"": 25}"
outputs\corpus_batch_curated\testdata_datasets_parallel_udhr_zh_udhr_zh_text_only.json,corpus_batch_curated,,,,zh,parallel_udhr,udhr,,,,,,,,,grapheme_class,2989,,,other,Positions classified as other in the grapheme-class stream.,8,prime_gap_affinity,markov_2,0.714285714286,0.135334776335,0.139349166389,4.154678158146,4.154678158146,0.038461538462,True,"{""name"": ""prime_gap_affinity"", ""null_model"": ""markov_2"", ""observed"": 0.714285714286, ""null_mean"": 0.135334776335, ""null_std"": 0.139349166389, ""z_score"": 4.154678158146, ""empirical_p"": 0.038461538462, ""null_samples"": 25}"
outputs\corpus_batch_curated\testdata_datasets_parallel_udhr_zh_udhr_zh_text_only.json,corpus_batch_curated,,,,zh,parallel_udhr,udhr,,,,,,,,,grapheme_class,2989,,,other,Positions classified as other in the grapheme-class stream.,8,zeta_spectral_coherence,markov_2,0.000428149532,4.957294e-06,5.688438e-06,74.395155627104,74.395155627104,0.038461538462,True,"{""name"": ""zeta_spectral_coherence"", ""null_model"": ""markov_2"", ""observed"": 0.000428149532, ""null_mean"": 4.957294e-06, ""null_std"": 5.688438e-06, ""z_score"": 74.395155627104, ""empirical_p"": 0.038461538462, ""null_samples"": 25}"
outputs\corpus_batch_curated\testdata_datasets_parallel_udhr_zh_udhr_zh_text_only.json,corpus_batch_curated,,,,zh,parallel_udhr,udhr,,,,,,,,,grapheme_class,2989,,,other,Positions classified as other in the grapheme-class stream.,8,critical_line_symmetry,markov_2,0.927289672398,0.71717271963,0.057370775267,3.662438790307,3.662438790307,0.038461538462,True,"{""name"": ""critical_line_symmetry"", ""null_model"": ""markov_2"", ""observed"": 0.927289672398, ""null_mean"": 0.71717271963, ""null_std"": 0.057370775267, ""z_score"": 3.662438790307, ""empirical_p"": 0.038461538462, ""null_samples"": 25}"
outputs\corpus_batch_curated\testdata_datasets_parallel_udhr_zh_udhr_zh_text_only.json,corpus_batch_curated,,,,zh,parallel_udhr,udhr,,,,,,,,,word_boundary,2989,,,word_boundary,Positions marked as word boundaries after declared whitespace preprocessing.,96,gap_entropy,markov_2,4.93793120331,5.48999090346,0.095358122019,-5.789330666999,5.789330666999,0.038461538462,True,"{""name"": ""gap_entropy"", ""null_model"": ""markov_2"", ""observed"": 4.93793120331, ""null_mean"": 5.48999090346, ""null_std"": 0.095358122019, ""z_score"": -5.789330666999, ""empirical_p"": 0.038461538462, ""null_samples"": 25}"
outputs\corpus_batch_curated\testdata_datasets_parallel_udhr_zh_udhr_zh_text_only.json,corpus_batch_curated,,,,zh,parallel_udhr,udhr,,,,,,,,,word_boundary,2989,,,word_boundary,Positions marked as word boundaries after declared whitespace preprocessing.,96,run_entropy,markov_2,3.440776295298,3.694089760743,0.058103908439,-4.359663097566,4.359663097566,0.038461538462,True,"{""name"": ""run_entropy"", ""null_model"": ""markov_2"", ""observed"": 3.440776295298, ""null_mean"": 3.694089760743, ""null_std"": 0.058103908439, ""z_score"": -4.359663097566, ""empirical_p"": 0.038461538462, ""null_samples"": 25}"
outputs\corpus_batch_curated\testdata_datasets_parallel_udhr_zh_udhr_zh_text_only.json,corpus_batch_curated,,,,zh,parallel_udhr,udhr,,,,,,,,,frequency_class,237,,,hapax,Token positions in frequency class hapax.,231,zeta_spectral_coherence,markov_2,0.006038146586,0.000500604147,0.000595727486,9.295428813001,9.295428813001,0.038461538462,True,"{""name"": ""zeta_spectral_coherence"", ""null_model"": ""markov_2"", ""observed"": 0.006038146586, ""null_mean"": 0.000500604147, ""null_std"": 0.000595727486, ""z_score"": 9.295428813001, ""empirical_p"": 0.038461538462, ""null_samples"": 25}"
outputs\corpus_batch_curated\testdata_datasets_parallel_udhr_zh_udhr_zh_text_only.json,corpus_batch_curated,,,,zh,parallel_udhr,udhr,,,,,,,,,frequency_class,237,,,hapax,Token positions in frequency class hapax.,231,critical_line_symmetry,markov_2,0.964784231627,0.813148026441,0.050374777237,3.010161304994,3.010161304994,0.038461538462,True,"{""name"": ""critical_line_symmetry"", ""null_model"": ""markov_2"", ""observed"": 0.964784231627, ""null_mean"": 0.813148026441, ""null_std"": 0.050374777237, ""z_score"": 3.010161304994, ""empirical_p"": 0.038461538462, ""null_samples"": 25}"
outputs\corpus_batch_curated\testdata_datasets_parallel_udhr_zh_udhr_zh_text_only.json,corpus_batch_curated,,,,zh,parallel_udhr,udhr,,,,,,,,,frequency_class,237,,,mid_frequency,Token positions in frequency class mid_frequency.,6,zeta_spectral_coherence,markov_2,0.006038146586,0.00040320745,0.000467155639,12.062230797693,12.062230797693,0.038461538462,True,"{""name"": ""zeta_spectral_coherence"", ""null_model"": ""markov_2"", ""observed"": 0.006038146586, ""null_mean"": 0.00040320745, ""null_std"": 0.000467155639, ""z_score"": 12.062230797693, ""empirical_p"": 0.038461538462, ""null_samples"": 25}"
outputs\corpus_batch_curated\testdata_datasets_private_parallel_dylan_thomas_prepared_thomas_mesu_text_only.json,corpus_batch_curated,,,,mesu,private_parallel,private_parallel,,,,,,,,,utf8_bits,8016,,,bit_one,Positions where the bitstream contains 1.,3643,gap_entropy,markov_2,2.052045020273,2.162907750679,0.019321269068,-5.737859662092,5.737859662092,0.038461538462,True,"{""name"": ""gap_entropy"", ""null_model"": ""markov_2"", ""observed"": 2.052045020273, ""null_mean"": 2.162907750679, ""null_std"": 0.019321269068, ""z_score"": -5.737859662092, ""empirical_p"": 0.038461538462, ""null_samples"": 25}"
outputs\corpus_batch_curated\testdata_datasets_private_parallel_dylan_thomas_prepared_thomas_mesu_text_only.json,corpus_batch_curated,,,,mesu,private_parallel,private_parallel,,,,,,,,,utf8_bits,8016,,,bit_one,Positions where the bitstream contains 1.,3643,run_entropy,markov_2,1.82094457413,1.908263374593,0.02239894954,-3.898343549909,3.898343549909,0.038461538462,True,"{""name"": ""run_entropy"", ""null_model"": ""markov_2"", ""observed"": 1.82094457413, ""null_mean"": 1.908263374593, ""null_std"": 0.02239894954, ""z_score"": -3.898343549909, ""empirical_p"": 0.038461538462, ""null_samples"": 25}"
outputs\corpus_batch_curated\testdata_datasets_private_parallel_dylan_thomas_prepared_thomas_mesu_text_only.json,corpus_batch_curated,,,,mesu,private_parallel,private_parallel,,,,,,,,,utf8_bits,8016,,,bit_one,Positions where the bitstream contains 1.,3643,prime_gap_affinity,markov_2,0.535145524437,0.470205558003,0.007307709158,8.886501231154,8.886501231154,0.038461538462,True,"{""name"": ""prime_gap_affinity"", ""null_model"": ""markov_2"", ""observed"": 0.535145524437, ""null_mean"": 0.470205558003, ""null_std"": 0.007307709158, ""z_score"": 8.886501231154, ""empirical_p"": 0.038461538462, ""null_samples"": 25}"
outputs\corpus_batch_curated\testdata_datasets_private_parallel_dylan_thomas_prepared_thomas_mesu_text_only.json,corpus_batch_curated,,,,mesu,private_parallel,private_parallel,,,,,,,,,utf8_bits,8016,,,bit_transition,Positions where the bitstream changes from the previous bit.,4180,gap_entropy,markov_2,1.821335148157,1.899210853549,0.017298960739,-4.501756294186,4.501756294186,0.038461538462,True,"{""name"": ""gap_entropy"", ""null_model"": ""markov_2"", ""observed"": 1.821335148157, ""null_mean"": 1.899210853549, ""null_std"": 0.017298960739, ""z_score"": -4.501756294186, ""empirical_p"": 0.038461538462, ""null_samples"": 25}"
outputs\corpus_batch_curated\testdata_datasets_private_parallel_dylan_thomas_prepared_thomas_mesu_text_only.json,corpus_batch_curated,,,,mesu,private_parallel,private_parallel,,,,,,,,,utf8_bits,8016,,,bit_transition,Positions where the bitstream changes from the previous bit.,4180,prime_index_occupancy_bias,markov_2,-0.054667852304,-0.002480682705,0.015378459827,-3.39352381092,3.39352381092,0.038461538462,True,"{""name"": ""prime_index_occupancy_bias"", ""null_model"": ""markov_2"", ""observed"": -0.054667852304, ""null_mean"": -0.002480682705, ""null_std"": 0.015378459827, ""z_score"": -3.39352381092, ""empirical_p"": 0.038461538462, ""null_samples"": 25}"
outputs\corpus_batch_curated\testdata_datasets_private_parallel_dylan_thomas_prepared_thomas_mesu_text_only.json,corpus_batch_curated,,,,mesu,private_parallel,private_parallel,,,,,,,,,utf8_bits,8016,,,bit_transition,Positions where the bitstream changes from the previous bit.,4180,prime_gap_affinity,markov_2,0.405120842307,0.428021573618,0.004970282507,-4.607531117119,4.607531117119,0.038461538462,True,"{""name"": ""prime_gap_affinity"", ""null_model"": ""markov_2"", ""observed"": 0.405120842307, ""null_mean"": 0.428021573618, ""null_std"": 0.004970282507, ""z_score"": -4.607531117119, ""empirical_p"": 0.038461538462, ""null_samples"": 25}"
outputs\corpus_batch_curated\testdata_datasets_private_parallel_dylan_thomas_prepared_thomas_mesu_text_only.json,corpus_batch_curated,,,,mesu,private_parallel,private_parallel,,,,,,,,,grapheme_class,1002,,,whitespace,Positions classified as whitespace in the grapheme-class stream.,213,gap_entropy,markov_2,2.782193022526,3.023209585965,0.071418099372,-3.374726652752,3.374726652752,0.038461538462,True,"{""name"": ""gap_entropy"", ""null_model"": ""markov_2"", ""observed"": 2.782193022526, ""null_mean"": 3.023209585965, ""null_std"": 0.071418099372, ""z_score"": -3.374726652752, ""empirical_p"": 0.038461538462, ""null_samples"": 25}"
