report_file,report_group,experiment,status,language_reported,language_guess,corpus_family,source,input,input_bytes,input_chars,cleaned_chars,null_samples,seed,tool_version,hyphen_policy,encoding,encoding_sequence_len,encoding_unique_symbols,encoding_symbol_entropy_bits,event,event_description,event_count,metric,null_model,observed,null_mean,null_std,z,abs_z,p_emp,survives_markov_2,raw_metric_json
outputs\corpus_batch_curated\testdata_datasets_controls_random_bits_10k.json,corpus_batch_curated,,,,unknown,controls,controls,,,,,,,,,grapheme,10001,,,digit,ASCII digit positions.,10000,prime_gap_affinity,density_shuffle,0.0,0.000100010001,0.0,-3615170348738707.0,3615170348738707.0,0.038461538462,,"{""name"": ""prime_gap_affinity"", ""null_model"": ""density_shuffle"", ""observed"": 0, ""null_mean"": 0.000100010001, ""null_std"": 0.0, ""z_score"": -3615170348738707, ""empirical_p"": 0.038461538462, ""null_samples"": 25}"
outputs\corpus_batch_curated\testdata_datasets_controls_random_bits_10k.json,corpus_batch_curated,,,,unknown,controls,controls,,,,,,,,,grapheme_class,10001,,,digit,Positions classified as digit in the grapheme-class stream.,10000,prime_gap_affinity,density_shuffle,0.0,0.000100010001,0.0,-3615170348738707.0,3615170348738707.0,0.038461538462,,"{""name"": ""prime_gap_affinity"", ""null_model"": ""density_shuffle"", ""observed"": 0, ""null_mean"": 0.000100010001, ""null_std"": 0.0, ""z_score"": -3615170348738707, ""empirical_p"": 0.038461538462, ""null_samples"": 25}"
outputs\corpus_batch_curated\testdata_datasets_parallel_udhr_zh_udhr_zh.json,corpus_batch_curated,,,,zh,parallel_udhr,udhr,,,,,,,,,grapheme,9859,,,digit,ASCII digit positions.,11,gap_entropy,density_shuffle,1.156779649447,3.321928094887,0.0,-1592325383001202.5,1592325383001202.5,0.038461538462,,"{""name"": ""gap_entropy"", ""null_model"": ""density_shuffle"", ""observed"": 1.156779649447, ""null_mean"": 3.321928094887, ""null_std"": 0.0, ""z_score"": -1592325383001202.5, ""empirical_p"": 0.038461538462, ""null_samples"": 25}"
outputs\corpus_batch_curated\testdata_datasets_parallel_udhr_zh_udhr_zh_text_only.json,corpus_batch_curated,,,,zh,parallel_udhr,udhr,,,,,,,,,grapheme,2989,,,vowel,Basic Latin-vowel positions plus common accented vowels.,4,gap_entropy,density_shuffle,0.918295834054,1.584962500721,0.0,-735434739523077.0,735434739523077.0,0.038461538462,,"{""name"": ""gap_entropy"", ""null_model"": ""density_shuffle"", ""observed"": 0.918295834054, ""null_mean"": 1.584962500721, ""null_std"": 0.0, ""z_score"": -735434739523077, ""empirical_p"": 0.038461538462, ""null_samples"": 25}"
outputs\corpus_batch_curated\testdata_datasets_parallel_udhr_zh_udhr_zh_text_only.json,corpus_batch_curated,,,,zh,parallel_udhr,udhr,,,,,,,,,grapheme_class,2989,,,vowel,Positions classified as vowel in the grapheme-class stream.,4,gap_entropy,density_shuffle,0.918295834054,1.584962500721,0.0,-735434739523077.0,735434739523077.0,0.038461538462,,"{""name"": ""gap_entropy"", ""null_model"": ""density_shuffle"", ""observed"": 0.918295834054, ""null_mean"": 1.584962500721, ""null_std"": 0.0, ""z_score"": -735434739523077, ""empirical_p"": 0.038461538462, ""null_samples"": 25}"
outputs\corpus_batch_curated\testdata_datasets_controls_random_bits_10k.json,corpus_batch_curated,,,,unknown,controls,controls,,,,,,,,,grapheme,10001,,,digit,ASCII digit positions.,10000,run_entropy,density_shuffle,1.0,1.584962500721,0.0,-645302616522946.8,645302616522946.8,0.038461538462,,"{""name"": ""run_entropy"", ""null_model"": ""density_shuffle"", ""observed"": 1, ""null_mean"": 1.584962500721, ""null_std"": 0.0, ""z_score"": -645302616522946.8, ""empirical_p"": 0.038461538462, ""null_samples"": 25}"
outputs\corpus_batch_curated\testdata_datasets_controls_random_bits_10k.json,corpus_batch_curated,,,,unknown,controls,controls,,,,,,,,,grapheme_class,10001,,,digit,Positions classified as digit in the grapheme-class stream.,10000,run_entropy,density_shuffle,1.0,1.584962500721,0.0,-645302616522946.8,645302616522946.8,0.038461538462,,"{""name"": ""run_entropy"", ""null_model"": ""density_shuffle"", ""observed"": 1, ""null_mean"": 1.584962500721, ""null_std"": 0.0, ""z_score"": -645302616522946.8, ""empirical_p"": 0.038461538462, ""null_samples"": 25}"
outputs\corpus_batch_curated\testdata_datasets_controls_random_bits_10k.json,corpus_batch_curated,,,,unknown,controls,controls,,,,,,,,,grapheme_class,10001,,,other,Positions classified as other in the grapheme-class stream.,1,run_entropy,density_shuffle,1.0,1.584962500721,0.0,-645302616522946.8,645302616522946.8,0.038461538462,,"{""name"": ""run_entropy"", ""null_model"": ""density_shuffle"", ""observed"": 1, ""null_mean"": 1.584962500721, ""null_std"": 0.0, ""z_score"": -645302616522946.8, ""empirical_p"": 0.038461538462, ""null_samples"": 25}"
outputs\corpus_batch_curated\testdata_datasets_parallel_udhr_de_udhr_de_text_only.json,corpus_batch_curated,,,,de,parallel_udhr,udhr,,,,,,,,,grapheme_class,11932,,,other,Positions classified as other in the grapheme-class stream.,1,run_entropy,density_shuffle,1.0,1.584962500721,0.0,-645302616522946.8,645302616522946.8,0.038461538462,,"{""name"": ""run_entropy"", ""null_model"": ""density_shuffle"", ""observed"": 1, ""null_mean"": 1.584962500721, ""null_std"": 0.0, ""z_score"": -645302616522946.8, ""empirical_p"": 0.038461538462, ""null_samples"": 25}"
outputs\corpus_batch_curated\testdata_datasets_parallel_udhr_el_udhr_el.json,corpus_batch_curated,,,,el,parallel_udhr,udhr,,,,,,,,,grapheme_class,5470,,,other,Positions classified as other in the grapheme-class stream.,1,run_entropy,density_shuffle,1.0,1.584962500721,0.0,-645302616522946.8,645302616522946.8,0.038461538462,,"{""name"": ""run_entropy"", ""null_model"": ""density_shuffle"", ""observed"": 1, ""null_mean"": 1.584962500721, ""null_std"": 0.0, ""z_score"": -645302616522946.8, ""empirical_p"": 0.038461538462, ""null_samples"": 25}"
outputs\corpus_batch_curated\testdata_datasets_parallel_udhr_en_udhr_en_text_only.json,corpus_batch_curated,,,,en,parallel_udhr,udhr,,,,,,,,,grapheme_class,10638,,,other,Positions classified as other in the grapheme-class stream.,1,run_entropy,density_shuffle,1.0,1.584962500721,0.0,-645302616522946.8,645302616522946.8,0.038461538462,,"{""name"": ""run_entropy"", ""null_model"": ""density_shuffle"", ""observed"": 1, ""null_mean"": 1.584962500721, ""null_std"": 0.0, ""z_score"": -645302616522946.8, ""empirical_p"": 0.038461538462, ""null_samples"": 25}"
outputs\corpus_batch_curated\testdata_datasets_parallel_udhr_es_udhr_es_text_only.json,corpus_batch_curated,,,,es,parallel_udhr,udhr,,,,,,,,,grapheme_class,11965,,,other,Positions classified as other in the grapheme-class stream.,1,run_entropy,density_shuffle,1.0,1.584962500721,0.0,-645302616522946.8,645302616522946.8,0.038461538462,,"{""name"": ""run_entropy"", ""null_model"": ""density_shuffle"", ""observed"": 1, ""null_mean"": 1.584962500721, ""null_std"": 0.0, ""z_score"": -645302616522946.8, ""empirical_p"": 0.038461538462, ""null_samples"": 25}"
outputs\corpus_batch_curated\testdata_datasets_parallel_udhr_fr_udhr_fr_text_only.json,corpus_batch_curated,,,,fr,parallel_udhr,udhr,,,,,,,,,grapheme_class,11902,,,other,Positions classified as other in the grapheme-class stream.,1,run_entropy,density_shuffle,1.0,1.584962500721,0.0,-645302616522946.8,645302616522946.8,0.038461538462,,"{""name"": ""run_entropy"", ""null_model"": ""density_shuffle"", ""observed"": 1, ""null_mean"": 1.584962500721, ""null_std"": 0.0, ""z_score"": -645302616522946.8, ""empirical_p"": 0.038461538462, ""null_samples"": 25}"
outputs\corpus_batch_curated\testdata_datasets_parallel_udhr_he_udhr_he.json,corpus_batch_curated,,,,he,parallel_udhr,udhr,,,,,,,,,grapheme_class,5572,,,other,Positions classified as other in the grapheme-class stream.,1,run_entropy,density_shuffle,1.0,1.584962500721,0.0,-645302616522946.8,645302616522946.8,0.038461538462,,"{""name"": ""run_entropy"", ""null_model"": ""density_shuffle"", ""observed"": 1, ""null_mean"": 1.584962500721, ""null_std"": 0.0, ""z_score"": -645302616522946.8, ""empirical_p"": 0.038461538462, ""null_samples"": 25}"
outputs\corpus_batch_curated\testdata_datasets_parallel_udhr_ru_udhr_ru.json,corpus_batch_curated,,,,ru,parallel_udhr,udhr,,,,,,,,,grapheme_class,5419,,,other,Positions classified as other in the grapheme-class stream.,1,run_entropy,density_shuffle,1.0,1.584962500721,0.0,-645302616522946.8,645302616522946.8,0.038461538462,,"{""name"": ""run_entropy"", ""null_model"": ""density_shuffle"", ""observed"": 1, ""null_mean"": 1.584962500721, ""null_std"": 0.0, ""z_score"": -645302616522946.8, ""empirical_p"": 0.038461538462, ""null_samples"": 25}"
outputs\corpus_batch_curated\testdata_datasets_parallel_udhr_zh_udhr_zh_text_only.json,corpus_batch_curated,,,,zh,parallel_udhr,udhr,,,,,,,,,grapheme_class,2989,,,other,Positions classified as other in the grapheme-class stream.,8,gap_entropy,density_shuffle,2.521640636343,2.807354922058,0.0,-630372633876925.9,630372633876925.9,0.038461538462,,"{""name"": ""gap_entropy"", ""null_model"": ""density_shuffle"", ""observed"": 2.521640636343, ""null_mean"": 2.807354922058, ""null_std"": 0.0, ""z_score"": -630372633876925.9, ""empirical_p"": 0.038461538462, ""null_samples"": 25}"
outputs\corpus_batch_curated\testdata_datasets_parallel_udhr_ru_udhr_ru.json,corpus_batch_curated,,,,ru,parallel_udhr,udhr,,,,,,,,,grapheme,5419,,,vowel,Basic Latin-vowel positions plus common accented vowels.,3,run_entropy,density_shuffle,1.584962500721,2.128085278891,0.0,-497564533018111.1,497564533018111.1,0.038461538462,,"{""name"": ""run_entropy"", ""null_model"": ""density_shuffle"", ""observed"": 1.584962500721, ""null_mean"": 2.128085278891, ""null_std"": 0.0, ""z_score"": -497564533018111.1, ""empirical_p"": 0.038461538462, ""null_samples"": 25}"
outputs\corpus_batch_curated\testdata_datasets_parallel_udhr_zh_udhr_zh.json,corpus_batch_curated,,,,zh,parallel_udhr,udhr,,,,,,,,,grapheme_class,9859,,,vowel,Positions classified as vowel in the grapheme-class stream.,2151,run_entropy,gap_order_shuffle,1.66053085887,1.662160277914,0.0,-2567852936519.544,2567852936519.544,0.038461538462,,"{""name"": ""run_entropy"", ""null_model"": ""gap_order_shuffle"", ""observed"": 1.66053085887, ""null_mean"": 1.662160277914, ""null_std"": 0.0, ""z_score"": -2567852936519.544, ""empirical_p"": 0.038461538462, ""null_samples"": 25}"
outputs\corpus_batch_curated\testdata_datasets_parallel_udhr_zh_udhr_zh.json,corpus_batch_curated,,,,zh,parallel_udhr,udhr,,,,,,,,,grapheme,9859,,,vowel,Basic Latin-vowel positions plus common accented vowels.,2151,run_entropy,gap_order_shuffle,1.66053085887,1.662160277914,0.0,-2340141841551.0493,2340141841551.0493,0.038461538462,,"{""name"": ""run_entropy"", ""null_model"": ""gap_order_shuffle"", ""observed"": 1.66053085887, ""null_mean"": 1.662160277914, ""null_std"": 0.0, ""z_score"": -2340141841551.0493, ""empirical_p"": 0.038461538462, ""null_samples"": 25}"
outputs\corpus_batch_curated\testdata_datasets_parallel_udhr_es_udhr_es_text_only.json,corpus_batch_curated,,,,es,parallel_udhr,udhr,,,,,,,,,grapheme_class,11965,,,other,Positions classified as other in the grapheme-class stream.,1,zeta_spectral_coherence,density_shuffle,8.3604435e-05,1.714e-08,1.2186e-08,6859.14331473784,6859.14331473784,0.038461538462,,"{""name"": ""zeta_spectral_coherence"", ""null_model"": ""density_shuffle"", ""observed"": 8.3604435e-05, ""null_mean"": 1.714e-08, ""null_std"": 1.2186e-08, ""z_score"": 6859.14331473784, ""empirical_p"": 0.038461538462, ""null_samples"": 25}"
outputs\corpus_batch_curated\testdata_datasets_parallel_udhr_fr_udhr_fr_text_only.json,corpus_batch_curated,,,,fr,parallel_udhr,udhr,,,,,,,,,grapheme_class,11902,,,other,Positions classified as other in the grapheme-class stream.,1,zeta_spectral_coherence,density_shuffle,8.4044607e-05,1.77e-08,1.4786e-08,5682.678203885029,5682.678203885029,0.038461538462,,"{""name"": ""zeta_spectral_coherence"", ""null_model"": ""density_shuffle"", ""observed"": 8.4044607e-05, ""null_mean"": 1.77e-08, ""null_std"": 1.4786e-08, ""z_score"": 5682.678203885029, ""empirical_p"": 0.038461538462, ""null_samples"": 25}"
outputs\corpus_batch_curated\testdata_datasets_controls_random_bits_10k.json,corpus_batch_curated,,,,unknown,controls,controls,,,,,,,,,utf8_bits,80024,,,bit_transition,Positions where the bitstream changes from the previous bit.,29908,gap_entropy,density_shuffle,1.793094433278,2.550656619278,0.000168379264,-4499.141801810708,4499.141801810708,0.038461538462,,"{""name"": ""gap_entropy"", ""null_model"": ""density_shuffle"", ""observed"": 1.793094433278, ""null_mean"": 2.550656619278, ""null_std"": 0.000168379264, ""z_score"": -4499.141801810708, ""empirical_p"": 0.038461538462, ""null_samples"": 25}"
outputs\corpus_batch_curated\testdata_datasets_controls_random_bits_10k.json,corpus_batch_curated,,,,unknown,controls,controls,,,,,,,,,utf8_bits,80024,,,bit_one,Positions where the bitstream contains 1.,24970,gap_entropy,density_shuffle,1.922667007377,2.869046358801,0.000217480561,-4351.5583491228,4351.5583491228,0.038461538462,,"{""name"": ""gap_entropy"", ""null_model"": ""density_shuffle"", ""observed"": 1.922667007377, ""null_mean"": 2.869046358801, ""null_std"": 0.000217480561, ""z_score"": -4351.5583491228, ""empirical_p"": 0.038461538462, ""null_samples"": 25}"
outputs\corpus_batch_curated\testdata_datasets_controls_random_bits_10k.json,corpus_batch_curated,,,,unknown,controls,controls,,,,,,,,,grapheme_class,10001,,,other,Positions classified as other in the grapheme-class stream.,1,zeta_spectral_coherence,density_shuffle,0.000100000914,2.8636e-08,2.8292e-08,3533.580811660337,3533.580811660337,0.038461538462,,"{""name"": ""zeta_spectral_coherence"", ""null_model"": ""density_shuffle"", ""observed"": 0.000100000914, ""null_mean"": 2.8636e-08, ""null_std"": 2.8292e-08, ""z_score"": 3533.580811660337, ""empirical_p"": 0.038461538462, ""null_samples"": 25}"
outputs\corpus_batch_curated\testdata_datasets_parallel_udhr_de_udhr_de_text_only.json,corpus_batch_curated,,,,de,parallel_udhr,udhr,,,,,,,,,grapheme_class,11932,,,other,Positions classified as other in the grapheme-class stream.,1,zeta_spectral_coherence,density_shuffle,8.3834403e-05,2.1655e-08,2.6641e-08,3145.947196612605,3145.947196612605,0.038461538462,,"{""name"": ""zeta_spectral_coherence"", ""null_model"": ""density_shuffle"", ""observed"": 8.3834403e-05, ""null_mean"": 2.1655e-08, ""null_std"": 2.6641e-08, ""z_score"": 3145.947196612605, ""empirical_p"": 0.038461538462, ""null_samples"": 25}"
outputs\corpus_batch_curated\testdata_datasets_parallel_udhr_ar_udhr_ar.json,corpus_batch_curated,,,,ar,parallel_udhr,udhr,,,,,,,,,utf8_bits,110584,,,bit_one,Positions where the bitstream contains 1.,53311,gap_entropy,density_shuffle,1.858827899645,2.072155435013,8.1894008e-05,-2604.922393291663,2604.922393291663,0.038461538462,,"{""name"": ""gap_entropy"", ""null_model"": ""density_shuffle"", ""observed"": 1.858827899645, ""null_mean"": 2.072155435013, ""null_std"": 8.1894008e-05, ""z_score"": -2604.922393291663, ""empirical_p"": 0.038461538462, ""null_samples"": 25}"
outputs\corpus_batch_curated\testdata_datasets_parallel_udhr_zh_udhr_zh.json,corpus_batch_curated,,,,zh,parallel_udhr,udhr,,,,,,,,,utf8_bits,137592,,,bit_one,Positions where the bitstream contains 1.,55972,gap_entropy,density_shuffle,2.230086040324,2.395940599944,8.2298948e-05,-2015.269487244362,2015.269487244362,0.038461538462,,"{""name"": ""gap_entropy"", ""null_model"": ""density_shuffle"", ""observed"": 2.230086040324, ""null_mean"": 2.395940599944, ""null_std"": 8.2298948e-05, ""z_score"": -2015.269487244362, ""empirical_p"": 0.038461538462, ""null_samples"": 25}"
outputs\corpus_batch_curated\testdata_datasets_parallel_udhr_ar_udhr_ar.json,corpus_batch_curated,,,,ar,parallel_udhr,udhr,,,,,,,,,utf8_bits,110584,,,bit_transition,Positions where the bitstream changes from the previous bit.,47783,gap_entropy,density_shuffle,2.129836454133,2.283044972062,0.000121963991,-1256.178294628225,1256.178294628225,0.038461538462,,"{""name"": ""gap_entropy"", ""null_model"": ""density_shuffle"", ""observed"": 2.129836454133, ""null_mean"": 2.283044972062, ""null_std"": 0.000121963991, ""z_score"": -1256.178294628225, ""empirical_p"": 0.038461538462, ""null_samples"": 25}"
outputs\corpus_batch_curated\testdata_datasets_parallel_udhr_ru_udhr_ru.json,corpus_batch_curated,,,,ru,parallel_udhr,udhr,,,,,,,,,utf8_bits,79648,,,bit_one,Positions where the bitstream contains 1.,35368,gap_entropy,density_shuffle,2.061086401737,2.231166514308,0.000147052974,-1156.590771979796,1156.590771979796,0.038461538462,,"{""name"": ""gap_entropy"", ""null_model"": ""density_shuffle"", ""observed"": 2.061086401737, ""null_mean"": 2.231166514308, ""null_std"": 0.000147052974, ""z_score"": -1156.590771979796, ""empirical_p"": 0.038461538462, ""null_samples"": 25}"
outputs\corpus_batch_curated\testdata_datasets_parallel_udhr_es_udhr_es_text_only.json,corpus_batch_curated,,,,es,parallel_udhr,udhr,,,,,,,,,utf8_bits,97400,,,bit_transition,Positions where the bitstream changes from the previous bit.,49471,gap_entropy,density_shuffle,1.880482027634,1.968207913097,7.7599219e-05,-1130.499594084628,1130.499594084628,0.038461538462,,"{""name"": ""gap_entropy"", ""null_model"": ""density_shuffle"", ""observed"": 1.880482027634, ""null_mean"": 1.968207913097, ""null_std"": 7.7599219e-05, ""z_score"": -1130.499594084628, ""empirical_p"": 0.038461538462, ""null_samples"": 25}"
outputs\corpus_batch_curated\testdata_datasets_parallel_udhr_en_udhr_en_text_only.json,corpus_batch_curated,,,,en,parallel_udhr,udhr,,,,,,,,,utf8_bits,85120,,,bit_transition,Positions where the bitstream changes from the previous bit.,43141,gap_entropy,density_shuffle,1.889052589892,1.97250207665,7.661171e-05,-1089.252373613321,1089.252373613321,0.038461538462,,"{""name"": ""gap_entropy"", ""null_model"": ""density_shuffle"", ""observed"": 1.889052589892, ""null_mean"": 1.97250207665, ""null_std"": 7.661171e-05, ""z_score"": -1089.252373613321, ""empirical_p"": 0.038461538462, ""null_samples"": 25}"
outputs\corpus_batch_curated\testdata_datasets_parallel_udhr_zh_udhr_zh.json,corpus_batch_curated,,,,zh,parallel_udhr,udhr,,,,,,,,,grapheme,9859,,,whitespace,Whitespace positions.,2428,gap_entropy,density_shuffle,0.90288165372,3.260512746805,0.002168298454,-1087.318532621063,1087.318532621063,0.038461538462,,"{""name"": ""gap_entropy"", ""null_model"": ""density_shuffle"", ""observed"": 0.90288165372, ""null_mean"": 3.260512746805, ""null_std"": 0.002168298454, ""z_score"": -1087.318532621063, ""empirical_p"": 0.038461538462, ""null_samples"": 25}"
outputs\corpus_batch_curated\testdata_datasets_parallel_udhr_zh_udhr_zh.json,corpus_batch_curated,,,,zh,parallel_udhr,udhr,,,,,,,,,utf8_bits,137592,,,bit_transition,Positions where the bitstream changes from the previous bit.,67387,gap_entropy,density_shuffle,1.965532426767,2.041009438878,7.1981298e-05,-1048.564201894264,1048.564201894264,0.038461538462,,"{""name"": ""gap_entropy"", ""null_model"": ""density_shuffle"", ""observed"": 1.965532426767, ""null_mean"": 2.041009438878, ""null_std"": 7.1981298e-05, ""z_score"": -1048.564201894264, ""empirical_p"": 0.038461538462, ""null_samples"": 25}"
outputs\corpus_batch_curated\testdata_datasets_parallel_udhr_de_udhr_de_text_only.json,corpus_batch_curated,,,,de,parallel_udhr,udhr,,,,,,,,,utf8_bits,96872,,,bit_transition,Positions where the bitstream changes from the previous bit.,51371,gap_entropy,density_shuffle,1.80298688877,1.880503681991,7.7020968e-05,-1006.437538452169,1006.437538452169,0.038461538462,,"{""name"": ""gap_entropy"", ""null_model"": ""density_shuffle"", ""observed"": 1.80298688877, ""null_mean"": 1.880503681991, ""null_std"": 7.7020968e-05, ""z_score"": -1006.437538452169, ""empirical_p"": 0.038461538462, ""null_samples"": 25}"
outputs\corpus_batch_curated\testdata_datasets_parallel_udhr_sw_udhr_sw.json,corpus_batch_curated,,,,sw,parallel_udhr,udhr,,,,,,,,,utf8_bits,79272,,,bit_one,Positions where the bitstream contains 1.,35855,gap_entropy,density_shuffle,2.064274092842,2.19594644089,0.000132135331,-996.4961464943,996.4961464943,0.038461538462,,"{""name"": ""gap_entropy"", ""null_model"": ""density_shuffle"", ""observed"": 2.064274092842, ""null_mean"": 2.19594644089, ""null_std"": 0.000132135331, ""z_score"": -996.4961464943, ""empirical_p"": 0.038461538462, ""null_samples"": 25}"
outputs\corpus_batch_curated\testdata_datasets_parallel_udhr_ru_udhr_ru.json,corpus_batch_curated,,,,ru,parallel_udhr,udhr,,,,,,,,,grapheme_class,5419,,,other,Positions classified as other in the grapheme-class stream.,1,zeta_spectral_coherence,density_shuffle,0.000184615194,1.38726e-07,1.90949e-07,966.102101206796,966.102101206796,0.038461538462,,"{""name"": ""zeta_spectral_coherence"", ""null_model"": ""density_shuffle"", ""observed"": 0.000184615194, ""null_mean"": 1.38726e-07, ""null_std"": 1.90949e-07, ""z_score"": 966.102101206796, ""empirical_p"": 0.038461538462, ""null_samples"": 25}"
outputs\corpus_batch_curated\testdata_datasets_parallel_udhr_ja_udhr_ja_text_only.json,corpus_batch_curated,,,,ja,parallel_udhr,udhr,,,,,,,,,utf8_bits,98104,,,bit_one,Positions where the bitstream contains 1.,47624,gap_entropy,density_shuffle,1.977924587688,2.058418342345,9.0495517e-05,-889.477816616873,889.477816616873,0.038461538462,,"{""name"": ""gap_entropy"", ""null_model"": ""density_shuffle"", ""observed"": 1.977924587688, ""null_mean"": 2.058418342345, ""null_std"": 9.0495517e-05, ""z_score"": -889.477816616873, ""empirical_p"": 0.038461538462, ""null_samples"": 25}"
outputs\corpus_batch_curated\testdata_datasets_parallel_udhr_zh_udhr_zh.json,corpus_batch_curated,,,,zh,parallel_udhr,udhr,,,,,,,,,grapheme_class,9859,,,whitespace,Positions classified as whitespace in the grapheme-class stream.,2428,gap_entropy,density_shuffle,0.90288165372,3.259839651204,0.002689589235,-876.326379767542,876.326379767542,0.038461538462,,"{""name"": ""gap_entropy"", ""null_model"": ""density_shuffle"", ""observed"": 0.90288165372, ""null_mean"": 3.259839651204, ""null_std"": 0.002689589235, ""z_score"": -876.326379767542, ""empirical_p"": 0.038461538462, ""null_samples"": 25}"
outputs\corpus_batch_curated\testdata_datasets_parallel_udhr_he_udhr_he.json,corpus_batch_curated,,,,he,parallel_udhr,udhr,,,,,,,,,utf8_bits,79656,,,bit_transition,Positions where the bitstream changes from the previous bit.,43170,gap_entropy,density_shuffle,1.735063536535,1.835518078552,0.000116014423,-865.879770798324,865.879770798324,0.038461538462,,"{""name"": ""gap_entropy"", ""null_model"": ""density_shuffle"", ""observed"": 1.735063536535, ""null_mean"": 1.835518078552, ""null_std"": 0.000116014423, ""z_score"": -865.879770798324, ""empirical_p"": 0.038461538462, ""null_samples"": 25}"
outputs\corpus_batch_curated\testdata_datasets_parallel_udhr_cy_udhr_cy.json,corpus_batch_curated,,,,cy,parallel_udhr,udhr,,,,,,,,,utf8_bits,80000,,,bit_transition,Positions where the bitstream changes from the previous bit.,39571,gap_entropy,density_shuffle,1.932572643404,2.021150744456,0.000105461729,-839.907540809395,839.907540809395,0.038461538462,,"{""name"": ""gap_entropy"", ""null_model"": ""density_shuffle"", ""observed"": 1.932572643404, ""null_mean"": 2.021150744456, ""null_std"": 0.000105461729, ""z_score"": -839.907540809395, ""empirical_p"": 0.038461538462, ""null_samples"": 25}"
outputs\corpus_batch_curated\testdata_datasets_parallel_udhr_zh_udhr_zh.json,corpus_batch_curated,,,,zh,parallel_udhr,udhr,,,,,,,,,grapheme,9859,,,vowel,Basic Latin-vowel positions plus common accented vowels.,2151,gap_entropy,density_shuffle,1.350218986183,3.45711700565,0.002610173845,-807.186856050248,807.186856050248,0.038461538462,,"{""name"": ""gap_entropy"", ""null_model"": ""density_shuffle"", ""observed"": 1.350218986183, ""null_mean"": 3.45711700565, ""null_std"": 0.002610173845, ""z_score"": -807.186856050248, ""empirical_p"": 0.038461538462, ""null_samples"": 25}"
outputs\corpus_batch_curated\testdata_datasets_parallel_udhr_sw_udhr_sw.json,corpus_batch_curated,,,,sw,parallel_udhr,udhr,,,,,,,,,utf8_bits,79272,,,bit_transition,Positions where the bitstream changes from the previous bit.,41846,gap_entropy,density_shuffle,1.800556291146,1.889854850069,0.000110796355,-805.970187441352,805.970187441352,0.038461538462,,"{""name"": ""gap_entropy"", ""null_model"": ""density_shuffle"", ""observed"": 1.800556291146, ""null_mean"": 1.889854850069, ""null_std"": 0.000110796355, ""z_score"": -805.970187441352, ""empirical_p"": 0.038461538462, ""null_samples"": 25}"
outputs\corpus_batch_curated\testdata_datasets_parallel_udhr_he_udhr_he.json,corpus_batch_curated,,,,he,parallel_udhr,udhr,,,,,,,,,grapheme_class,5572,,,other,Positions classified as other in the grapheme-class stream.,1,zeta_spectral_coherence,density_shuffle,0.00017955819,1.42135e-07,2.23756e-07,801.839352198068,801.839352198068,0.038461538462,,"{""name"": ""zeta_spectral_coherence"", ""null_model"": ""density_shuffle"", ""observed"": 0.00017955819, ""null_mean"": 1.42135e-07, ""null_std"": 2.23756e-07, ""z_score"": 801.839352198068, ""empirical_p"": 0.038461538462, ""null_samples"": 25}"
outputs\corpus_batch_curated\testdata_datasets_parallel_udhr_zh_udhr_zh.json,corpus_batch_curated,,,,zh,parallel_udhr,udhr,,,,,,,,,word_boundary,9859,,,word_boundary,Positions marked as word boundaries after declared whitespace preprocessing.,2428,gap_entropy,density_shuffle,0.90288165372,3.259661979097,0.002966082882,-794.576692350045,794.576692350045,0.038461538462,,"{""name"": ""gap_entropy"", ""null_model"": ""density_shuffle"", ""observed"": 0.90288165372, ""null_mean"": 3.259661979097, ""null_std"": 0.002966082882, ""z_score"": -794.576692350045, ""empirical_p"": 0.038461538462, ""null_samples"": 25}"
outputs\corpus_batch_curated\testdata_datasets_parallel_udhr_es_udhr_es.json,corpus_batch_curated,,,,es,parallel_udhr,udhr,,,,,,,,,utf8_bits,80544,,,bit_transition,Positions where the bitstream changes from the previous bit.,40968,gap_entropy,density_shuffle,1.877746198456,1.965283676183,0.000110894439,-789.376623529622,789.376623529622,0.038461538462,,"{""name"": ""gap_entropy"", ""null_model"": ""density_shuffle"", ""observed"": 1.877746198456, ""null_mean"": 1.965283676183, ""null_std"": 0.000110894439, ""z_score"": -789.376623529622, ""empirical_p"": 0.038461538462, ""null_samples"": 25}"
outputs\corpus_batch_curated\testdata_datasets_parallel_udhr_en_udhr_en.json,corpus_batch_curated,,,,en,parallel_udhr,udhr,,,,,,,,,utf8_bits,79104,,,bit_transition,Positions where the bitstream changes from the previous bit.,40108,gap_entropy,density_shuffle,1.888803251893,1.971687320642,0.000108575424,-763.377807010603,763.377807010603,0.038461538462,,"{""name"": ""gap_entropy"", ""null_model"": ""density_shuffle"", ""observed"": 1.888803251893, ""null_mean"": 1.971687320642, ""null_std"": 0.000108575424, ""z_score"": -763.377807010603, ""empirical_p"": 0.038461538462, ""null_samples"": 25}"
outputs\corpus_batch_curated\testdata_datasets_parallel_udhr_xh_udhr_xh.json,corpus_batch_curated,,,,xh,parallel_udhr,udhr,,,,,,,,,grapheme_class,9942,,,vowel,Positions classified as vowel in the grapheme-class stream.,3854,gap_entropy,density_shuffle,1.483805828585,2.481287084579,0.001338360205,-745.30104245452,745.30104245452,0.038461538462,,"{""name"": ""gap_entropy"", ""null_model"": ""density_shuffle"", ""observed"": 1.483805828585, ""null_mean"": 2.481287084579, ""null_std"": 0.001338360205, ""z_score"": -745.30104245452, ""empirical_p"": 0.038461538462, ""null_samples"": 25}"
outputs\corpus_batch_curated\testdata_datasets_parallel_udhr_zh_udhr_zh.json,corpus_batch_curated,,,,zh,parallel_udhr,udhr,,,,,,,,,grapheme_class,9859,,,vowel,Positions classified as vowel in the grapheme-class stream.,2151,gap_entropy,density_shuffle,1.350218986183,3.456967129008,0.002829641509,-744.528286099376,744.528286099376,0.038461538462,,"{""name"": ""gap_entropy"", ""null_model"": ""density_shuffle"", ""observed"": 1.350218986183, ""null_mean"": 3.456967129008, ""null_std"": 0.002829641509, ""z_score"": -744.528286099376, ""empirical_p"": 0.038461538462, ""null_samples"": 25}"
outputs\corpus_batch_curated\testdata_datasets_parallel_udhr_fr_udhr_fr_text_only.json,corpus_batch_curated,,,,fr,parallel_udhr,udhr,,,,,,,,,utf8_bits,99648,,,bit_transition,Positions where the bitstream changes from the previous bit.,51361,gap_entropy,density_shuffle,1.878733836052,1.938572496197,8.0398814e-05,-744.272923139642,744.272923139642,0.038461538462,,"{""name"": ""gap_entropy"", ""null_model"": ""density_shuffle"", ""observed"": 1.878733836052, ""null_mean"": 1.938572496197, ""null_std"": 8.0398814e-05, ""z_score"": -744.272923139642, ""empirical_p"": 0.038461538462, ""null_samples"": 25}"
outputs\corpus_batch_curated\testdata_datasets_parallel_udhr_sw_udhr_sw.json,corpus_batch_curated,,,,sw,parallel_udhr,udhr,,,,,,,,,grapheme,9909,,,vowel,Basic Latin-vowel positions plus common accented vowels.,3933,gap_entropy,density_shuffle,1.747967752696,2.438241906344,0.000929612272,-742.539846112198,742.539846112198,0.038461538462,,"{""name"": ""gap_entropy"", ""null_model"": ""density_shuffle"", ""observed"": 1.747967752696, ""null_mean"": 2.438241906344, ""null_std"": 0.000929612272, ""z_score"": -742.539846112198, ""empirical_p"": 0.038461538462, ""null_samples"": 25}"
outputs\corpus_batch_curated\testdata_datasets_parallel_udhr_de_udhr_de_text_only.json,corpus_batch_curated,,,,de,parallel_udhr,udhr,,,,,,,,,utf8_bits,96872,,,bit_one,Positions where the bitstream contains 1.,45143,gap_entropy,density_shuffle,2.069357745762,2.138371203761,9.3345135e-05,-739.336423815637,739.336423815637,0.038461538462,,"{""name"": ""gap_entropy"", ""null_model"": ""density_shuffle"", ""observed"": 2.069357745762, ""null_mean"": 2.138371203761, ""null_std"": 9.3345135e-05, ""z_score"": -739.336423815637, ""empirical_p"": 0.038461538462, ""null_samples"": 25}"
outputs\corpus_batch_curated\testdata_datasets_parallel_udhr_es_udhr_es_text_only.json,corpus_batch_curated,,,,es,parallel_udhr,udhr,,,,,,,,,utf8_bits,97400,,,bit_one,Positions where the bitstream contains 1.,44602,gap_entropy,density_shuffle,2.101401724349,2.172263900861,9.6121459e-05,-737.214947594769,737.214947594769,0.038461538462,,"{""name"": ""gap_entropy"", ""null_model"": ""density_shuffle"", ""observed"": 2.101401724349, ""null_mean"": 2.172263900861, ""null_std"": 9.6121459e-05, ""z_score"": -737.214947594769, ""empirical_p"": 0.038461538462, ""null_samples"": 25}"
outputs\corpus_batch_curated\testdata_datasets_parallel_udhr_es_udhr_es_text_only.json,corpus_batch_curated,,,,es,parallel_udhr,udhr,,,,,,,,,grapheme,11965,,,vowel,Basic Latin-vowel positions plus common accented vowels.,4482,gap_entropy,density_shuffle,2.040954856963,2.543825643504,0.000688072915,-730.839385412416,730.839385412416,0.038461538462,,"{""name"": ""gap_entropy"", ""null_model"": ""density_shuffle"", ""observed"": 2.040954856963, ""null_mean"": 2.543825643504, ""null_std"": 0.000688072915, ""z_score"": -730.839385412416, ""empirical_p"": 0.038461538462, ""null_samples"": 25}"
outputs\corpus_batch_curated\testdata_datasets_parallel_udhr_en_udhr_en_text_only.json,corpus_batch_curated,,,,en,parallel_udhr,udhr,,,,,,,,,grapheme_class,10638,,,other,Positions classified as other in the grapheme-class stream.,1,zeta_spectral_coherence,density_shuffle,9.4021896e-05,4.2941e-08,1.29214e-07,727.311050538819,727.311050538819,0.038461538462,,"{""name"": ""zeta_spectral_coherence"", ""null_model"": ""density_shuffle"", ""observed"": 9.4021896e-05, ""null_mean"": 4.2941e-08, ""null_std"": 1.29214e-07, ""z_score"": 727.311050538819, ""empirical_p"": 0.038461538462, ""null_samples"": 25}"
outputs\corpus_batch_curated\testdata_datasets_parallel_udhr_xh_udhr_xh.json,corpus_batch_curated,,,,xh,parallel_udhr,udhr,,,,,,,,,grapheme,9942,,,vowel,Basic Latin-vowel positions plus common accented vowels.,3854,gap_entropy,density_shuffle,1.483805828585,2.480954691013,0.001406820375,-708.796147829942,708.796147829942,0.038461538462,,"{""name"": ""gap_entropy"", ""null_model"": ""density_shuffle"", ""observed"": 1.483805828585, ""null_mean"": 2.480954691013, ""null_std"": 0.001406820375, ""z_score"": -708.796147829942, ""empirical_p"": 0.038461538462, ""null_samples"": 25}"
outputs\corpus_batch_curated\testdata_datasets_parallel_udhr_cy_udhr_cy.json,corpus_batch_curated,,,,cy,parallel_udhr,udhr,,,,,,,,,utf8_bits,80000,,,bit_one,Positions where the bitstream contains 1.,35977,gap_entropy,density_shuffle,2.129102363158,2.206963072855,0.000114694201,-678.854804688743,678.854804688743,0.038461538462,,"{""name"": ""gap_entropy"", ""null_model"": ""density_shuffle"", ""observed"": 2.129102363158, ""null_mean"": 2.206963072855, ""null_std"": 0.000114694201, ""z_score"": -678.854804688743, ""empirical_p"": 0.038461538462, ""null_samples"": 25}"
outputs\corpus_batch_curated\testdata_datasets_parallel_udhr_es_udhr_es.json,corpus_batch_curated,,,,es,parallel_udhr,udhr,,,,,,,,,utf8_bits,80544,,,bit_one,Positions where the bitstream contains 1.,36899,gap_entropy,density_shuffle,2.100469207726,2.17135070224,0.000106263733,-667.033731168754,667.033731168754,0.038461538462,,"{""name"": ""gap_entropy"", ""null_model"": ""density_shuffle"", ""observed"": 2.100469207726, ""null_mean"": 2.17135070224, ""null_std"": 0.000106263733, ""z_score"": -667.033731168754, ""empirical_p"": 0.038461538462, ""null_samples"": 25}"
outputs\corpus_batch_curated\testdata_datasets_parallel_udhr_de_udhr_de.json,corpus_batch_curated,,,,de,parallel_udhr,udhr,,,,,,,,,utf8_bits,80504,,,bit_transition,Positions where the bitstream changes from the previous bit.,42704,gap_entropy,density_shuffle,1.803218207756,1.879837150128,0.000116097563,-659.953061274148,659.953061274148,0.038461538462,,"{""name"": ""gap_entropy"", ""null_model"": ""density_shuffle"", ""observed"": 1.803218207756, ""null_mean"": 1.879837150128, ""null_std"": 0.000116097563, ""z_score"": -659.953061274148, ""empirical_p"": 0.038461538462, ""null_samples"": 25}"
outputs\corpus_batch_curated\testdata_datasets_parallel_udhr_he_udhr_he.json,corpus_batch_curated,,,,he,parallel_udhr,udhr,,,,,,,,,utf8_bits,79656,,,bit_one,Positions where the bitstream contains 1.,44215,gap_entropy,density_shuffle,1.733626655912,1.785488297844,8.0449354e-05,-644.649575215051,644.649575215051,0.038461538462,,"{""name"": ""gap_entropy"", ""null_model"": ""density_shuffle"", ""observed"": 1.733626655912, ""null_mean"": 1.785488297844, ""null_std"": 8.0449354e-05, ""z_score"": -644.649575215051, ""empirical_p"": 0.038461538462, ""null_samples"": 25}"
outputs\corpus_batch_curated\testdata_datasets_parallel_udhr_sw_udhr_sw.json,corpus_batch_curated,,,,sw,parallel_udhr,udhr,,,,,,,,,grapheme_class,9909,,,vowel,Positions classified as vowel in the grapheme-class stream.,3933,gap_entropy,density_shuffle,1.747967752696,2.438014021864,0.001085741375,-635.553074901746,635.553074901746,0.038461538462,,"{""name"": ""gap_entropy"", ""null_model"": ""density_shuffle"", ""observed"": 1.747967752696, ""null_mean"": 2.438014021864, ""null_std"": 0.001085741375, ""z_score"": -635.553074901746, ""empirical_p"": 0.038461538462, ""null_samples"": 25}"
outputs\corpus_batch_curated\testdata_datasets_controls_random_bits_10k.json,corpus_batch_curated,,,,unknown,controls,controls,,,,,,,,,grapheme,10001,,,digit,ASCII digit positions.,10000,zeta_spectral_coherence,density_shuffle,0.000100000914,5.6704e-08,1.60597e-07,622.327806906479,622.327806906479,0.038461538462,,"{""name"": ""zeta_spectral_coherence"", ""null_model"": ""density_shuffle"", ""observed"": 0.000100000914, ""null_mean"": 5.6704e-08, ""null_std"": 1.60597e-07, ""z_score"": 622.327806906479, ""empirical_p"": 0.038461538462, ""null_samples"": 25}"
outputs\corpus_batch_curated\testdata_datasets_parallel_udhr_fr_udhr_fr.json,corpus_batch_curated,,,,fr,parallel_udhr,udhr,,,,,,,,,utf8_bits,81624,,,bit_transition,Positions where the bitstream changes from the previous bit.,42129,gap_entropy,density_shuffle,1.873298490718,1.935761483019,0.000103063962,-606.06045931364,606.06045931364,0.038461538462,,"{""name"": ""gap_entropy"", ""null_model"": ""density_shuffle"", ""observed"": 1.873298490718, ""null_mean"": 1.935761483019, ""null_std"": 0.000103063962, ""z_score"": -606.06045931364, ""empirical_p"": 0.038461538462, ""null_samples"": 25}"
outputs\corpus_batch_curated\testdata_datasets_parallel_udhr_ru_udhr_ru.json,corpus_batch_curated,,,,ru,parallel_udhr,udhr,,,,,,,,,utf8_bits,79648,,,bit_transition,Positions where the bitstream changes from the previous bit.,39175,gap_entropy,density_shuffle,1.968694144484,2.032412941368,0.000106251183,-599.699646034511,599.699646034511,0.038461538462,,"{""name"": ""gap_entropy"", ""null_model"": ""density_shuffle"", ""observed"": 1.968694144484, ""null_mean"": 2.032412941368, ""null_std"": 0.000106251183, ""z_score"": -599.699646034511, ""empirical_p"": 0.038461538462, ""null_samples"": 25}"
outputs\corpus_batch_curated\testdata_datasets_parallel_udhr_zh_udhr_zh.json,corpus_batch_curated,,,,zh,parallel_udhr,udhr,,,,,,,,,grapheme_class,9859,,,other,Positions classified as other in the grapheme-class stream.,4440,gap_entropy,density_shuffle,1.602570607351,2.201665490986,0.00101409848,-590.765981054258,590.765981054258,0.038461538462,,"{""name"": ""gap_entropy"", ""null_model"": ""density_shuffle"", ""observed"": 1.602570607351, ""null_mean"": 2.201665490986, ""null_std"": 0.00101409848, ""z_score"": -590.765981054258, ""empirical_p"": 0.038461538462, ""null_samples"": 25}"
outputs\corpus_batch_curated\testdata_datasets_parallel_udhr_tr_udhr_tr.json,corpus_batch_curated,,,,tr,parallel_udhr,udhr,,,,,,,,,utf8_bits,79624,,,bit_transition,Positions where the bitstream changes from the previous bit.,42115,gap_entropy,density_shuffle,1.831227659557,1.885752857581,9.2485503e-05,-589.553995073167,589.553995073167,0.038461538462,,"{""name"": ""gap_entropy"", ""null_model"": ""density_shuffle"", ""observed"": 1.831227659557, ""null_mean"": 1.885752857581, ""null_std"": 9.2485503e-05, ""z_score"": -589.553995073167, ""empirical_p"": 0.038461538462, ""null_samples"": 25}"
outputs\corpus_batch_curated\testdata_datasets_parallel_udhr_la_udhr_la.json,corpus_batch_curated,,,,la,parallel_udhr,udhr,,,,,,,,,utf8_bits,79496,,,bit_one,Positions where the bitstream contains 1.,37601,gap_entropy,density_shuffle,2.037350528996,2.109339522355,0.000123327349,-583.722865323802,583.722865323802,0.038461538462,,"{""name"": ""gap_entropy"", ""null_model"": ""density_shuffle"", ""observed"": 2.037350528996, ""null_mean"": 2.109339522355, ""null_std"": 0.000123327349, ""z_score"": -583.722865323802, ""empirical_p"": 0.038461538462, ""null_samples"": 25}"
outputs\corpus_batch_curated\testdata_datasets_parallel_udhr_ja_udhr_ja_text_only.json,corpus_batch_curated,,,,ja,parallel_udhr,udhr,,,,,,,,,utf8_bits,98104,,,bit_transition,Positions where the bitstream changes from the previous bit.,43633,gap_entropy,density_shuffle,2.162572971099,2.228208027751,0.000115647198,-567.545584596863,567.545584596863,0.038461538462,,"{""name"": ""gap_entropy"", ""null_model"": ""density_shuffle"", ""observed"": 2.162572971099, ""null_mean"": 2.228208027751, ""null_std"": 0.000115647198, ""z_score"": -567.545584596863, ""empirical_p"": 0.038461538462, ""null_samples"": 25}"
outputs\corpus_batch_curated\testdata_datasets_parallel_udhr_fr_udhr_fr_text_only.json,corpus_batch_curated,,,,fr,parallel_udhr,udhr,,,,,,,,,utf8_bits,99648,,,bit_one,Positions where the bitstream contains 1.,45563,gap_entropy,density_shuffle,2.114296805749,2.17511841755,0.000107276022,-566.963711438742,566.963711438742,0.038461538462,,"{""name"": ""gap_entropy"", ""null_model"": ""density_shuffle"", ""observed"": 2.114296805749, ""null_mean"": 2.17511841755, ""null_std"": 0.000107276022, ""z_score"": -566.963711438742, ""empirical_p"": 0.038461538462, ""null_samples"": 25}"
outputs\corpus_batch_curated\testdata_datasets_parallel_udhr_xh_udhr_xh.json,corpus_batch_curated,,,,xh,parallel_udhr,udhr,,,,,,,,,utf8_bits,79536,,,bit_one,Positions where the bitstream contains 1.,40135,gap_entropy,density_shuffle,1.913053819235,1.98126007793,0.000122660294,-556.058171939923,556.058171939923,0.038461538462,,"{""name"": ""gap_entropy"", ""null_model"": ""density_shuffle"", ""observed"": 1.913053819235, ""null_mean"": 1.98126007793, ""null_std"": 0.000122660294, ""z_score"": -556.058171939923, ""empirical_p"": 0.038461538462, ""null_samples"": 25}"
outputs\corpus_batch_curated\testdata_datasets_parallel_udhr_la_udhr_la.json,corpus_batch_curated,,,,la,parallel_udhr,udhr,,,,,,,,,utf8_bits,79496,,,bit_transition,Positions where the bitstream changes from the previous bit.,42846,gap_entropy,density_shuffle,1.786982472201,1.846946799997,0.000109828391,-545.982030549498,545.982030549498,0.038461538462,,"{""name"": ""gap_entropy"", ""null_model"": ""density_shuffle"", ""observed"": 1.786982472201, ""null_mean"": 1.846946799997, ""null_std"": 0.000109828391, ""z_score"": -545.982030549498, ""empirical_p"": 0.038461538462, ""null_samples"": 25}"
outputs\corpus_batch_curated\testdata_datasets_parallel_udhr_ja_udhr_ja.json,corpus_batch_curated,,,,ja,parallel_udhr,udhr,,,,,,,,,utf8_bits,77248,,,bit_one,Positions where the bitstream contains 1.,37344,gap_entropy,density_shuffle,1.985937385526,2.066536854336,0.000150469507,-535.653173076987,535.653173076987,0.038461538462,,"{""name"": ""gap_entropy"", ""null_model"": ""density_shuffle"", ""observed"": 1.985937385526, ""null_mean"": 2.066536854336, ""null_std"": 0.000150469507, ""z_score"": -535.653173076987, ""empirical_p"": 0.038461538462, ""null_samples"": 25}"
outputs\corpus_batch_curated\testdata_datasets_parallel_udhr_is_udhr_is.json,corpus_batch_curated,,,,is,parallel_udhr,udhr,,,,,,,,,utf8_bits,87624,,,bit_transition,Positions where the bitstream changes from the previous bit.,43781,gap_entropy,density_shuffle,1.941485352588,2.001112121956,0.000114973096,-518.61497621452,518.61497621452,0.038461538462,,"{""name"": ""gap_entropy"", ""null_model"": ""density_shuffle"", ""observed"": 1.941485352588, ""null_mean"": 2.001112121956, ""null_std"": 0.000114973096, ""z_score"": -518.61497621452, ""empirical_p"": 0.038461538462, ""null_samples"": 25}"
outputs\corpus_batch_curated\testdata_datasets_parallel_udhr_ja_udhr_ja.json,corpus_batch_curated,,,,ja,parallel_udhr,udhr,,,,,,,,,utf8_bits,77248,,,bit_transition,Positions where the bitstream changes from the previous bit.,34292,gap_entropy,density_shuffle,2.164771636069,2.231728838132,0.000129311774,-517.79663843828,517.79663843828,0.038461538462,,"{""name"": ""gap_entropy"", ""null_model"": ""density_shuffle"", ""observed"": 2.164771636069, ""null_mean"": 2.231728838132, ""null_std"": 0.000129311774, ""z_score"": -517.79663843828, ""empirical_p"": 0.038461538462, ""null_samples"": 25}"
outputs\corpus_batch_curated\testdata_datasets_parallel_udhr_tr_udhr_tr.json,corpus_batch_curated,,,,tr,parallel_udhr,udhr,,,,,,,,,utf8_bits,79624,,,bit_one,Positions where the bitstream contains 1.,37039,gap_entropy,density_shuffle,2.087555758618,2.141829656819,0.000105065025,-516.574359686134,516.574359686134,0.038461538462,,"{""name"": ""gap_entropy"", ""null_model"": ""density_shuffle"", ""observed"": 2.087555758618, ""null_mean"": 2.141829656819, ""null_std"": 0.000105065025, ""z_score"": -516.574359686134, ""empirical_p"": 0.038461538462, ""null_samples"": 25}"
outputs\corpus_batch_curated\testdata_datasets_parallel_udhr_en_udhr_en_text_only.json,corpus_batch_curated,,,,en,parallel_udhr,udhr,,,,,,,,,utf8_bits,85120,,,bit_one,Positions where the bitstream contains 1.,39046,gap_entropy,density_shuffle,2.092713276217,2.168826179776,0.000148601912,-512.193297759199,512.193297759199,0.038461538462,,"{""name"": ""gap_entropy"", ""null_model"": ""density_shuffle"", ""observed"": 2.092713276217, ""null_mean"": 2.168826179776, ""null_std"": 0.000148601912, ""z_score"": -512.193297759199, ""empirical_p"": 0.038461538462, ""null_samples"": 25}"
outputs\corpus_batch_curated\testdata_datasets_parallel_udhr_en_udhr_en.json,corpus_batch_curated,,,,en,parallel_udhr,udhr,,,,,,,,,utf8_bits,79104,,,bit_one,Positions where the bitstream contains 1.,36284,gap_entropy,density_shuffle,2.093382057232,2.168963938281,0.000148773515,-508.033174969071,508.033174969071,0.038461538462,,"{""name"": ""gap_entropy"", ""null_model"": ""density_shuffle"", ""observed"": 2.093382057232, ""null_mean"": 2.168963938281, ""null_std"": 0.000148773515, ""z_score"": -508.033174969071, ""empirical_p"": 0.038461538462, ""null_samples"": 25}"
outputs\corpus_batch_curated\testdata_datasets_parallel_udhr_de_udhr_de.json,corpus_batch_curated,,,,de,parallel_udhr,udhr,,,,,,,,,utf8_bits,80504,,,bit_one,Positions where the bitstream contains 1.,37508,gap_entropy,density_shuffle,2.070150030636,2.138719278457,0.000135050017,-507.73224002762,507.73224002762,0.038461538462,,"{""name"": ""gap_entropy"", ""null_model"": ""density_shuffle"", ""observed"": 2.070150030636, ""null_mean"": 2.138719278457, ""null_std"": 0.000135050017, ""z_score"": -507.73224002762, ""empirical_p"": 0.038461538462, ""null_samples"": 25}"
outputs\corpus_batch_curated\testdata_datasets_parallel_udhr_el_udhr_el.json,corpus_batch_curated,,,,el,parallel_udhr,udhr,,,,,,,,,utf8_bits,79984,,,bit_transition,Positions where the bitstream changes from the previous bit.,36517,gap_entropy,density_shuffle,2.107513926113,2.177934370774,0.000138763243,-507.486298534356,507.486298534356,0.038461538462,,"{""name"": ""gap_entropy"", ""null_model"": ""density_shuffle"", ""observed"": 2.107513926113, ""null_mean"": 2.177934370774, ""null_std"": 0.000138763243, ""z_score"": -507.486298534356, ""empirical_p"": 0.038461538462, ""null_samples"": 25}"
outputs\corpus_batch_curated\testdata_datasets_parallel_udhr_es_udhr_es_text_only.json,corpus_batch_curated,,,,es,parallel_udhr,udhr,,,,,,,,,grapheme,11965,,,consonant,Alphabetic non-vowel positions under the MVP classifier.,5298,gap_entropy,density_shuffle,1.832103850521,2.234868123736,0.000796112503,-505.913764586589,505.913764586589,0.038461538462,,"{""name"": ""gap_entropy"", ""null_model"": ""density_shuffle"", ""observed"": 1.832103850521, ""null_mean"": 2.234868123736, ""null_std"": 0.000796112503, ""z_score"": -505.913764586589, ""empirical_p"": 0.038461538462, ""null_samples"": 25}"
outputs\corpus_batch_curated\testdata_datasets_parallel_udhr_xh_udhr_xh.json,corpus_batch_curated,,,,xh,parallel_udhr,udhr,,,,,,,,,utf8_bits,79536,,,bit_transition,Positions where the bitstream changes from the previous bit.,43826,gap_entropy,density_shuffle,1.746632778717,1.800868896291,0.000109861086,-493.679060222131,493.679060222131,0.038461538462,,"{""name"": ""gap_entropy"", ""null_model"": ""density_shuffle"", ""observed"": 1.746632778717, ""null_mean"": 1.800868896291, ""null_std"": 0.000109861086, ""z_score"": -493.679060222131, ""empirical_p"": 0.038461538462, ""null_samples"": 25}"
outputs\corpus_batch_curated\testdata_datasets_parallel_udhr_fr_udhr_fr_text_only.json,corpus_batch_curated,,,,fr,parallel_udhr,udhr,,,,,,,,,grapheme_class,11902,,,vowel,Positions classified as vowel in the grapheme-class stream.,4330,gap_entropy,density_shuffle,2.246560162711,2.596469050659,0.000735052895,-476.032256092504,476.032256092504,0.038461538462,,"{""name"": ""gap_entropy"", ""null_model"": ""density_shuffle"", ""observed"": 2.246560162711, ""null_mean"": 2.596469050659, ""null_std"": 0.000735052895, ""z_score"": -476.032256092504, ""empirical_p"": 0.038461538462, ""null_samples"": 25}"
outputs\corpus_batch_curated\testdata_datasets_parallel_udhr_fr_udhr_fr.json,corpus_batch_curated,,,,fr,parallel_udhr,udhr,,,,,,,,,utf8_bits,81624,,,bit_one,Positions where the bitstream contains 1.,37521,gap_entropy,density_shuffle,2.10052225514,2.164813138201,0.000137750986,-466.718132791571,466.718132791571,0.038461538462,,"{""name"": ""gap_entropy"", ""null_model"": ""density_shuffle"", ""observed"": 2.10052225514, ""null_mean"": 2.164813138201, ""null_std"": 0.000137750986, ""z_score"": -466.718132791571, ""empirical_p"": 0.038461538462, ""null_samples"": 25}"
outputs\corpus_batch_curated\testdata_datasets_parallel_udhr_es_udhr_es.json,corpus_batch_curated,,,,es,parallel_udhr,udhr,,,,,,,,,grapheme,9896,,,vowel,Basic Latin-vowel positions plus common accented vowels.,3728,gap_entropy,density_shuffle,2.045457477395,2.532868937232,0.001109110458,-439.461603085312,439.461603085312,0.038461538462,,"{""name"": ""gap_entropy"", ""null_model"": ""density_shuffle"", ""observed"": 2.045457477395, ""null_mean"": 2.532868937232, ""null_std"": 0.001109110458, ""z_score"": -439.461603085312, ""empirical_p"": 0.038461538462, ""null_samples"": 25}"
outputs\corpus_batch_curated\testdata_datasets_parallel_udhr_tr_udhr_tr.json,corpus_batch_curated,,,,tr,parallel_udhr,udhr,,,,,,,,,grapheme_class,9213,,,vowel,Positions classified as vowel in the grapheme-class stream.,2948,gap_entropy,density_shuffle,2.140584185139,2.820100964537,0.001548175648,-438.914525177874,438.914525177874,0.038461538462,,"{""name"": ""gap_entropy"", ""null_model"": ""density_shuffle"", ""observed"": 2.140584185139, ""null_mean"": 2.820100964537, ""null_std"": 0.001548175648, ""z_score"": -438.914525177874, ""empirical_p"": 0.038461538462, ""null_samples"": 25}"
outputs\corpus_batch_curated\testdata_datasets_parallel_udhr_es_udhr_es_text_only.json,corpus_batch_curated,,,,es,parallel_udhr,udhr,,,,,,,,,grapheme_class,11965,,,consonant,Positions classified as consonant in the grapheme-class stream.,5298,gap_entropy,density_shuffle,1.832103850521,2.234388906959,0.000930395594,-432.380655044856,432.380655044856,0.038461538462,,"{""name"": ""gap_entropy"", ""null_model"": ""density_shuffle"", ""observed"": 1.832103850521, ""null_mean"": 2.234388906959, ""null_std"": 0.000930395594, ""z_score"": -432.380655044856, ""empirical_p"": 0.038461538462, ""null_samples"": 25}"
outputs\corpus_batch_curated\testdata_datasets_parallel_udhr_es_udhr_es.json,corpus_batch_curated,,,,es,parallel_udhr,udhr,,,,,,,,,grapheme_class,9896,,,vowel,Positions classified as vowel in the grapheme-class stream.,3728,gap_entropy,density_shuffle,2.045457477395,2.532718671385,0.001131880588,-430.48816212409,430.48816212409,0.038461538462,,"{""name"": ""gap_entropy"", ""null_model"": ""density_shuffle"", ""observed"": 2.045457477395, ""null_mean"": 2.532718671385, ""null_std"": 0.001131880588, ""z_score"": -430.48816212409, ""empirical_p"": 0.038461538462, ""null_samples"": 25}"
outputs\corpus_batch_curated\testdata_datasets_parallel_udhr_es_udhr_es.json,corpus_batch_curated,,,,es,parallel_udhr,udhr,,,,,,,,,grapheme,9896,,,consonant,Alphabetic non-vowel positions under the MVP classifier.,4353,gap_entropy,density_shuffle,1.8581083219,2.246996181603,0.000941803404,-412.918299352892,412.918299352892,0.038461538462,,"{""name"": ""gap_entropy"", ""null_model"": ""density_shuffle"", ""observed"": 1.8581083219, ""null_mean"": 2.246996181603, ""null_std"": 0.000941803404, ""z_score"": -412.918299352892, ""empirical_p"": 0.038461538462, ""null_samples"": 25}"
outputs\corpus_batch_curated\testdata_datasets_parallel_udhr_de_udhr_de_text_only.json,corpus_batch_curated,,,,de,parallel_udhr,udhr,,,,,,,,,grapheme_class,11932,,,consonant,Positions classified as consonant in the grapheme-class stream.,6205,gap_entropy,density_shuffle,1.706573876176,1.919016468126,0.000519147681,-409.214179012178,409.214179012178,0.038461538462,,"{""name"": ""gap_entropy"", ""null_model"": ""density_shuffle"", ""observed"": 1.706573876176, ""null_mean"": 1.919016468126, ""null_std"": 0.000519147681, ""z_score"": -409.214179012178, ""empirical_p"": 0.038461538462, ""null_samples"": 25}"
outputs\corpus_batch_curated\testdata_datasets_parallel_udhr_el_udhr_el.json,corpus_batch_curated,,,,el,parallel_udhr,udhr,,,,,,,,,utf8_bits,79984,,,bit_one,Positions where the bitstream contains 1.,44646,gap_entropy,density_shuffle,1.727415081518,1.773699605215,0.000113784747,-406.772653801201,406.772653801201,0.038461538462,,"{""name"": ""gap_entropy"", ""null_model"": ""density_shuffle"", ""observed"": 1.727415081518, ""null_mean"": 1.773699605215, ""null_std"": 0.000113784747, ""z_score"": -406.772653801201, ""empirical_p"": 0.038461538462, ""null_samples"": 25}"
outputs\corpus_batch_curated\testdata_datasets_parallel_udhr_tr_udhr_tr.json,corpus_batch_curated,,,,tr,parallel_udhr,udhr,,,,,,,,,grapheme,9213,,,vowel,Basic Latin-vowel positions plus common accented vowels.,2948,gap_entropy,density_shuffle,2.140584185139,2.820202651055,0.001707738625,-397.963983519231,397.963983519231,0.038461538462,,"{""name"": ""gap_entropy"", ""null_model"": ""density_shuffle"", ""observed"": 2.140584185139, ""null_mean"": 2.820202651055, ""null_std"": 0.001707738625, ""z_score"": -397.963983519231, ""empirical_p"": 0.038461538462, ""null_samples"": 25}"
outputs\corpus_batch_curated\testdata_datasets_parallel_udhr_is_udhr_is.json,corpus_batch_curated,,,,is,parallel_udhr,udhr,,,,,,,,,grapheme_class,9967,,,vowel,Positions classified as vowel in the grapheme-class stream.,2987,gap_entropy,density_shuffle,2.38202886279,2.932737349143,0.001383968847,-397.919712980805,397.919712980805,0.038461538462,,"{""name"": ""gap_entropy"", ""null_model"": ""density_shuffle"", ""observed"": 2.38202886279, ""null_mean"": 2.932737349143, ""null_std"": 0.001383968847, ""z_score"": -397.919712980805, ""empirical_p"": 0.038461538462, ""null_samples"": 25}"
outputs\corpus_batch_curated\testdata_datasets_parallel_udhr_is_udhr_is.json,corpus_batch_curated,,,,is,parallel_udhr,udhr,,,,,,,,,utf8_bits,87624,,,bit_one,Positions where the bitstream contains 1.,40837,gap_entropy,density_shuffle,2.073987384592,2.138190222084,0.000163824363,-391.900425667423,391.900425667423,0.038461538462,,"{""name"": ""gap_entropy"", ""null_model"": ""density_shuffle"", ""observed"": 2.073987384592, ""null_mean"": 2.138190222084, ""null_std"": 0.000163824363, ""z_score"": -391.900425667423, ""empirical_p"": 0.038461538462, ""null_samples"": 25}"
outputs\corpus_batch_curated\testdata_datasets_parallel_udhr_tr_udhr_tr.json,corpus_batch_curated,,,,tr,parallel_udhr,udhr,,,,,,,,,grapheme_class,9213,,,consonant,Positions classified as consonant in the grapheme-class stream.,4756,gap_entropy,density_shuffle,1.654973855777,1.933339073582,0.000723288255,-384.860691055651,384.860691055651,0.038461538462,,"{""name"": ""gap_entropy"", ""null_model"": ""density_shuffle"", ""observed"": 1.654973855777, ""null_mean"": 1.933339073582, ""null_std"": 0.000723288255, ""z_score"": -384.860691055651, ""empirical_p"": 0.038461538462, ""null_samples"": 25}"
outputs\corpus_batch_curated\testdata_datasets_parallel_udhr_de_udhr_de.json,corpus_batch_curated,,,,de,parallel_udhr,udhr,,,,,,,,,grapheme,9922,,,consonant,Alphabetic non-vowel positions under the MVP classifier.,5167,gap_entropy,density_shuffle,1.709109584463,1.915757354956,0.000542461123,-380.944848989161,380.944848989161,0.038461538462,,"{""name"": ""gap_entropy"", ""null_model"": ""density_shuffle"", ""observed"": 1.709109584463, ""null_mean"": 1.915757354956, ""null_std"": 0.000542461123, ""z_score"": -380.944848989161, ""empirical_p"": 0.038461538462, ""null_samples"": 25}"
outputs\corpus_batch_curated\testdata_datasets_parallel_udhr_es_udhr_es.json,corpus_batch_curated,,,,es,parallel_udhr,udhr,,,,,,,,,grapheme_class,9896,,,consonant,Positions classified as consonant in the grapheme-class stream.,4353,gap_entropy,density_shuffle,1.8581083219,2.246704435034,0.001040176547,-373.586690001901,373.586690001901,0.038461538462,,"{""name"": ""gap_entropy"", ""null_model"": ""density_shuffle"", ""observed"": 1.8581083219, ""null_mean"": 2.246704435034, ""null_std"": 0.001040176547, ""z_score"": -373.586690001901, ""empirical_p"": 0.038461538462, ""null_samples"": 25}"
outputs\corpus_batch_curated\testdata_datasets_parallel_udhr_es_udhr_es_text_only.json,corpus_batch_curated,,,,es,parallel_udhr,udhr,,,,,,,,,grapheme_class,11965,,,vowel,Positions classified as vowel in the grapheme-class stream.,4482,gap_entropy,density_shuffle,2.040954856963,2.54336251321,0.001359353868,-369.592986913239,369.592986913239,0.038461538462,,"{""name"": ""gap_entropy"", ""null_model"": ""density_shuffle"", ""observed"": 2.040954856963, ""null_mean"": 2.54336251321, ""null_std"": 0.001359353868, ""z_score"": -369.592986913239, ""empirical_p"": 0.038461538462, ""null_samples"": 25}"
outputs\corpus_batch_curated\testdata_datasets_parallel_udhr_en_udhr_en_text_only.json,corpus_batch_curated,,,,en,parallel_udhr,udhr,,,,,,,,,grapheme,10638,,,consonant,Alphabetic non-vowel positions under the MVP classifier.,5292,gap_entropy,density_shuffle,1.782864319219,2.008324003869,0.000620091748,-363.590848115248,363.590848115248,0.038461538462,,"{""name"": ""gap_entropy"", ""null_model"": ""density_shuffle"", ""observed"": 1.782864319219, ""null_mean"": 2.008324003869, ""null_std"": 0.000620091748, ""z_score"": -363.590848115248, ""empirical_p"": 0.038461538462, ""null_samples"": 25}"
outputs\corpus_batch_curated\testdata_datasets_parallel_udhr_sw_udhr_sw.json,corpus_batch_curated,,,,sw,parallel_udhr,udhr,,,,,,,,,grapheme_class,9909,,,consonant,Positions classified as consonant in the grapheme-class stream.,4045,gap_entropy,density_shuffle,1.962862628125,2.386571975755,0.001197455326,-353.841465570591,353.841465570591,0.038461538462,,"{""name"": ""gap_entropy"", ""null_model"": ""density_shuffle"", ""observed"": 1.962862628125, ""null_mean"": 2.386571975755, ""null_std"": 0.001197455326, ""z_score"": -353.841465570591, ""empirical_p"": 0.038461538462, ""null_samples"": 25}"
outputs\corpus_batch_curated\testdata_datasets_parallel_udhr_de_udhr_de.json,corpus_batch_curated,,,,de,parallel_udhr,udhr,,,,,,,,,grapheme_class,9922,,,consonant,Positions classified as consonant in the grapheme-class stream.,5167,gap_entropy,density_shuffle,1.709109584463,1.916144997472,0.000596627283,-347.009630688989,347.009630688989,0.038461538462,,"{""name"": ""gap_entropy"", ""null_model"": ""density_shuffle"", ""observed"": 1.709109584463, ""null_mean"": 1.916144997472, ""null_std"": 0.000596627283, ""z_score"": -347.009630688989, ""empirical_p"": 0.038461538462, ""null_samples"": 25}"
outputs\corpus_batch_curated\testdata_datasets_parallel_udhr_fr_udhr_fr_text_only.json,corpus_batch_curated,,,,fr,parallel_udhr,udhr,,,,,,,,,grapheme,11902,,,consonant,Alphabetic non-vowel positions under the MVP classifier.,5295,gap_entropy,density_shuffle,1.960262705055,2.225185424931,0.000811401038,-326.500346264291,326.500346264291,0.038461538462,,"{""name"": ""gap_entropy"", ""null_model"": ""density_shuffle"", ""observed"": 1.960262705055, ""null_mean"": 2.225185424931, ""null_std"": 0.000811401038, ""z_score"": -326.500346264291, ""empirical_p"": 0.038461538462, ""null_samples"": 25}"
outputs\corpus_batch_curated\testdata_datasets_parallel_udhr_tr_udhr_tr.json,corpus_batch_curated,,,,tr,parallel_udhr,udhr,,,,,,,,,grapheme,9213,,,consonant,Alphabetic non-vowel positions under the MVP classifier.,4756,gap_entropy,density_shuffle,1.654973855777,1.933211540413,0.000854988787,-325.428460396825,325.428460396825,0.038461538462,,"{""name"": ""gap_entropy"", ""null_model"": ""density_shuffle"", ""observed"": 1.654973855777, ""null_mean"": 1.933211540413, ""null_std"": 0.000854988787, ""z_score"": -325.428460396825, ""empirical_p"": 0.038461538462, ""null_samples"": 25}"
outputs\corpus_batch_curated\testdata_datasets_parallel_udhr_la_udhr_la.json,corpus_batch_curated,,,,la,parallel_udhr,udhr,,,,,,,,,grapheme,9937,,,consonant,Alphabetic non-vowel positions under the MVP classifier.,4419,gap_entropy,density_shuffle,1.860589832892,2.225858185034,0.001123534363,-325.106524636606,325.106524636606,0.038461538462,,"{""name"": ""gap_entropy"", ""null_model"": ""density_shuffle"", ""observed"": 1.860589832892, ""null_mean"": 2.225858185034, ""null_std"": 0.001123534363, ""z_score"": -325.106524636606, ""empirical_p"": 0.038461538462, ""null_samples"": 25}"
outputs\corpus_batch_curated\testdata_datasets_parallel_udhr_fr_udhr_fr_text_only.json,corpus_batch_curated,,,,fr,parallel_udhr,udhr,,,,,,,,,grapheme_class,11902,,,consonant,Positions classified as consonant in the grapheme-class stream.,5295,gap_entropy,density_shuffle,1.960262705055,2.225627028024,0.000824832644,-321.718987505393,321.718987505393,0.038461538462,,"{""name"": ""gap_entropy"", ""null_model"": ""density_shuffle"", ""observed"": 1.960262705055, ""null_mean"": 2.225627028024, ""null_std"": 0.000824832644, ""z_score"": -321.718987505393, ""empirical_p"": 0.038461538462, ""null_samples"": 25}"
outputs\corpus_batch_curated\testdata_datasets_parallel_udhr_is_udhr_is.json,corpus_batch_curated,,,,is,parallel_udhr,udhr,,,,,,,,,grapheme,9967,,,vowel,Basic Latin-vowel positions plus common accented vowels.,2987,gap_entropy,density_shuffle,2.38202886279,2.932531084557,0.00171372227,-321.231877169025,321.231877169025,0.038461538462,,"{""name"": ""gap_entropy"", ""null_model"": ""density_shuffle"", ""observed"": 2.38202886279, ""null_mean"": 2.932531084557, ""null_std"": 0.00171372227, ""z_score"": -321.231877169025, ""empirical_p"": 0.038461538462, ""null_samples"": 25}"
outputs\corpus_batch_curated\testdata_datasets_parallel_udhr_fr_udhr_fr.json,corpus_batch_curated,,,,fr,parallel_udhr,udhr,,,,,,,,,grapheme,9899,,,consonant,Alphabetic non-vowel positions under the MVP classifier.,4394,gap_entropy,density_shuffle,1.963823549449,2.229443546946,0.000864784551,-307.15164519131,307.15164519131,0.038461538462,,"{""name"": ""gap_entropy"", ""null_model"": ""density_shuffle"", ""observed"": 1.963823549449, ""null_mean"": 2.229443546946, ""null_std"": 0.000864784551, ""z_score"": -307.15164519131, ""empirical_p"": 0.038461538462, ""null_samples"": 25}"
outputs\corpus_batch_curated\testdata_datasets_parallel_udhr_fr_udhr_fr.json,corpus_batch_curated,,,,fr,parallel_udhr,udhr,,,,,,,,,grapheme_class,9899,,,consonant,Positions classified as consonant in the grapheme-class stream.,4394,gap_entropy,density_shuffle,1.963823549449,2.229336247427,0.000877692814,-302.512101786881,302.512101786881,0.038461538462,,"{""name"": ""gap_entropy"", ""null_model"": ""density_shuffle"", ""observed"": 1.963823549449, ""null_mean"": 2.229336247427, ""null_std"": 0.000877692814, ""z_score"": -302.512101786881, ""empirical_p"": 0.038461538462, ""null_samples"": 25}"
outputs\corpus_batch_curated\testdata_datasets_parallel_udhr_en_udhr_en.json,corpus_batch_curated,,,,en,parallel_udhr,udhr,,,,,,,,,grapheme_class,9888,,,vowel,Positions classified as vowel in the grapheme-class stream.,3152,gap_entropy,density_shuffle,2.460192819162,2.827319993216,0.001226327418,-299.371251621126,299.371251621126,0.038461538462,,"{""name"": ""gap_entropy"", ""null_model"": ""density_shuffle"", ""observed"": 2.460192819162, ""null_mean"": 2.827319993216, ""null_std"": 0.001226327418, ""z_score"": -299.371251621126, ""empirical_p"": 0.038461538462, ""null_samples"": 25}"
outputs\corpus_batch_curated\testdata_datasets_parallel_udhr_xh_udhr_xh.json,corpus_batch_curated,,,,xh,parallel_udhr,udhr,,,,,,,,,grapheme_class,9942,,,consonant,Positions classified as consonant in the grapheme-class stream.,4734,gap_entropy,density_shuffle,1.856600175673,2.0944657798,0.000799136452,-297.653302432257,297.653302432257,0.038461538462,,"{""name"": ""gap_entropy"", ""null_model"": ""density_shuffle"", ""observed"": 1.856600175673, ""null_mean"": 2.0944657798, ""null_std"": 0.000799136452, ""z_score"": -297.653302432257, ""empirical_p"": 0.038461538462, ""null_samples"": 25}"
outputs\corpus_batch_curated\testdata_datasets_parallel_udhr_sw_udhr_sw.json,corpus_batch_curated,,,,sw,parallel_udhr,udhr,,,,,,,,,grapheme,9909,,,consonant,Alphabetic non-vowel positions under the MVP classifier.,4045,gap_entropy,density_shuffle,1.962862628125,2.386044426654,0.001497297898,-282.63032964134,282.63032964134,0.038461538462,,"{""name"": ""gap_entropy"", ""null_model"": ""density_shuffle"", ""observed"": 1.962862628125, ""null_mean"": 2.386044426654, ""null_std"": 0.001497297898, ""z_score"": -282.63032964134, ""empirical_p"": 0.038461538462, ""null_samples"": 25}"
outputs\corpus_batch_curated\testdata_datasets_parallel_udhr_fr_udhr_fr_text_only.json,corpus_batch_curated,,,,fr,parallel_udhr,udhr,,,,,,,,,grapheme,11902,,,vowel,Basic Latin-vowel positions plus common accented vowels.,4330,gap_entropy,density_shuffle,2.246560162711,2.595505193752,0.001249947894,-279.167661909116,279.167661909116,0.038461538462,,"{""name"": ""gap_entropy"", ""null_model"": ""density_shuffle"", ""observed"": 2.246560162711, ""null_mean"": 2.595505193752, ""null_std"": 0.001249947894, ""z_score"": -279.167661909116, ""empirical_p"": 0.038461538462, ""null_samples"": 25}"
outputs\corpus_batch_curated\testdata_datasets_parallel_udhr_fr_udhr_fr.json,corpus_batch_curated,,,,fr,parallel_udhr,udhr,,,,,,,,,grapheme_class,9899,,,vowel,Positions classified as vowel in the grapheme-class stream.,3610,gap_entropy,density_shuffle,2.234339012842,2.590869000522,0.001298197554,-274.634616748631,274.634616748631,0.038461538462,,"{""name"": ""gap_entropy"", ""null_model"": ""density_shuffle"", ""observed"": 2.234339012842, ""null_mean"": 2.590869000522, ""null_std"": 0.001298197554, ""z_score"": -274.634616748631, ""empirical_p"": 0.038461538462, ""null_samples"": 25}"
outputs\corpus_batch_curated\testdata_datasets_parallel_udhr_la_udhr_la.json,corpus_batch_curated,,,,la,parallel_udhr,udhr,,,,,,,,,grapheme,9937,,,vowel,Basic Latin-vowel positions plus common accented vowels.,3948,gap_entropy,density_shuffle,2.108792706326,2.435988928328,0.001206365501,-271.224783685799,271.224783685799,0.038461538462,,"{""name"": ""gap_entropy"", ""null_model"": ""density_shuffle"", ""observed"": 2.108792706326, ""null_mean"": 2.435988928328, ""null_std"": 0.001206365501, ""z_score"": -271.224783685799, ""empirical_p"": 0.038461538462, ""null_samples"": 25}"
outputs\corpus_batch_curated\testdata_datasets_parallel_udhr_la_udhr_la.json,corpus_batch_curated,,,,la,parallel_udhr,udhr,,,,,,,,,grapheme_class,9937,,,vowel,Positions classified as vowel in the grapheme-class stream.,3948,gap_entropy,density_shuffle,2.108792706326,2.436257913062,0.00122052646,-268.298326616836,268.298326616836,0.038461538462,,"{""name"": ""gap_entropy"", ""null_model"": ""density_shuffle"", ""observed"": 2.108792706326, ""null_mean"": 2.436257913062, ""null_std"": 0.00122052646, ""z_score"": -268.298326616836, ""empirical_p"": 0.038461538462, ""null_samples"": 25}"
outputs\corpus_batch_curated\testdata_datasets_parallel_udhr_en_udhr_en_text_only.json,corpus_batch_curated,,,,en,parallel_udhr,udhr,,,,,,,,,grapheme,10638,,,vowel,Basic Latin-vowel positions plus common accented vowels.,3383,gap_entropy,density_shuffle,2.45916214079,2.831888062538,0.001419743552,-262.530455784323,262.530455784323,0.038461538462,,"{""name"": ""gap_entropy"", ""null_model"": ""density_shuffle"", ""observed"": 2.45916214079, ""null_mean"": 2.831888062538, ""null_std"": 0.001419743552, ""z_score"": -262.530455784323, ""empirical_p"": 0.038461538462, ""null_samples"": 25}"
outputs\corpus_batch_curated\testdata_datasets_parallel_udhr_en_udhr_en.json,corpus_batch_curated,,,,en,parallel_udhr,udhr,,,,,,,,,grapheme,9888,,,consonant,Alphabetic non-vowel positions under the MVP classifier.,4912,gap_entropy,density_shuffle,1.785842617281,2.010586375753,0.000875546326,-256.689739755463,256.689739755463,0.038461538462,,"{""name"": ""gap_entropy"", ""null_model"": ""density_shuffle"", ""observed"": 1.785842617281, ""null_mean"": 2.010586375753, ""null_std"": 0.000875546326, ""z_score"": -256.689739755463, ""empirical_p"": 0.038461538462, ""null_samples"": 25}"
outputs\corpus_batch_curated\testdata_datasets_parallel_udhr_de_udhr_de_text_only.json,corpus_batch_curated,,,,de,parallel_udhr,udhr,,,,,,,,,grapheme_class,11932,,,vowel,Positions classified as vowel in the grapheme-class stream.,3830,gap_entropy,density_shuffle,2.484328284486,2.81606145084,0.001296621127,-255.84433213848,255.84433213848,0.038461538462,,"{""name"": ""gap_entropy"", ""null_model"": ""density_shuffle"", ""observed"": 2.484328284486, ""null_mean"": 2.81606145084, ""null_std"": 0.001296621127, ""z_score"": -255.84433213848, ""empirical_p"": 0.038461538462, ""null_samples"": 25}"
outputs\corpus_batch_curated\testdata_datasets_controls_duplicated_udhr_mesu.json,corpus_batch_curated,,,,mesu,controls,controls,,,,,,,,,grapheme,2096,,,vowel,Basic Latin-vowel positions plus common accented vowels.,651,gap_entropy,density_shuffle,1.40435345797,2.854086838761,0.005769734575,-251.265177256821,251.265177256821,0.038461538462,,"{""name"": ""gap_entropy"", ""null_model"": ""density_shuffle"", ""observed"": 1.40435345797, ""null_mean"": 2.854086838761, ""null_std"": 0.005769734575, ""z_score"": -251.265177256821, ""empirical_p"": 0.038461538462, ""null_samples"": 25}"
outputs\corpus_batch_curated\testdata_datasets_parallel_udhr_la_udhr_la.json,corpus_batch_curated,,,,la,parallel_udhr,udhr,,,,,,,,,grapheme_class,9937,,,consonant,Positions classified as consonant in the grapheme-class stream.,4419,gap_entropy,density_shuffle,1.860589832892,2.225857780826,0.001458468086,-250.446308347814,250.446308347814,0.038461538462,,"{""name"": ""gap_entropy"", ""null_model"": ""density_shuffle"", ""observed"": 1.860589832892, ""null_mean"": 2.225857780826, ""null_std"": 0.001458468086, ""z_score"": -250.446308347814, ""empirical_p"": 0.038461538462, ""null_samples"": 25}"
outputs\corpus_batch_curated\testdata_datasets_parallel_udhr_ru_udhr_ru.json,corpus_batch_curated,,,,ru,parallel_udhr,udhr,,,,,,,,,utf8_bits,79648,,,bit_transition,Positions where the bitstream changes from the previous bit.,39175,run_entropy,gap_order_shuffle,1.891738122175,2.141895671575,0.001002232516,-249.60031262526,249.60031262526,0.038461538462,,"{""name"": ""run_entropy"", ""null_model"": ""gap_order_shuffle"", ""observed"": 1.891738122175, ""null_mean"": 2.141895671575, ""null_std"": 0.001002232516, ""z_score"": -249.60031262526, ""empirical_p"": 0.038461538462, ""null_samples"": 25}"
outputs\corpus_batch_curated\testdata_datasets_parallel_udhr_xh_udhr_xh.json,corpus_batch_curated,,,,xh,parallel_udhr,udhr,,,,,,,,,grapheme,9942,,,consonant,Alphabetic non-vowel positions under the MVP classifier.,4734,gap_entropy,density_shuffle,1.856600175673,2.094190277511,0.001011464293,-234.897171879732,234.897171879732,0.038461538462,,"{""name"": ""gap_entropy"", ""null_model"": ""density_shuffle"", ""observed"": 1.856600175673, ""null_mean"": 2.094190277511, ""null_std"": 0.001011464293, ""z_score"": -234.897171879732, ""empirical_p"": 0.038461538462, ""null_samples"": 25}"
outputs\corpus_batch_curated\testdata_datasets_parallel_udhr_en_udhr_en_text_only.json,corpus_batch_curated,,,,en,parallel_udhr,udhr,,,,,,,,,grapheme_class,10638,,,vowel,Positions classified as vowel in the grapheme-class stream.,3383,gap_entropy,density_shuffle,2.45916214079,2.831084286486,0.001626898808,-228.608038664922,228.608038664922,0.038461538462,,"{""name"": ""gap_entropy"", ""null_model"": ""density_shuffle"", ""observed"": 2.45916214079, ""null_mean"": 2.831084286486, ""null_std"": 0.001626898808, ""z_score"": -228.608038664922, ""empirical_p"": 0.038461538462, ""null_samples"": 25}"
outputs\corpus_batch_curated\testdata_datasets_parallel_udhr_de_udhr_de_text_only.json,corpus_batch_curated,,,,de,parallel_udhr,udhr,,,,,,,,,grapheme,11932,,,consonant,Alphabetic non-vowel positions under the MVP classifier.,6205,gap_entropy,density_shuffle,1.706573876176,1.918728341821,0.000928527305,-228.484897109627,228.484897109627,0.038461538462,,"{""name"": ""gap_entropy"", ""null_model"": ""density_shuffle"", ""observed"": 1.706573876176, ""null_mean"": 1.918728341821, ""null_std"": 0.000928527305, ""z_score"": -228.484897109627, ""empirical_p"": 0.038461538462, ""null_samples"": 25}"
outputs\corpus_batch_curated\testdata_datasets_parallel_udhr_en_udhr_en.json,corpus_batch_curated,,,,en,parallel_udhr,udhr,,,,,,,,,grapheme,9888,,,vowel,Basic Latin-vowel positions plus common accented vowels.,3152,gap_entropy,density_shuffle,2.460192819162,2.826891661531,0.001611613354,-227.535246924654,227.535246924654,0.038461538462,,"{""name"": ""gap_entropy"", ""null_model"": ""density_shuffle"", ""observed"": 2.460192819162, ""null_mean"": 2.826891661531, ""null_std"": 0.001611613354, ""z_score"": -227.535246924654, ""empirical_p"": 0.038461538462, ""null_samples"": 25}"
outputs\corpus_batch_curated\testdata_datasets_parallel_udhr_en_udhr_en_text_only.json,corpus_batch_curated,,,,en,parallel_udhr,udhr,,,,,,,,,grapheme_class,10638,,,consonant,Positions classified as consonant in the grapheme-class stream.,5292,gap_entropy,density_shuffle,1.782864319219,2.007560044433,0.000987684731,-227.497417201463,227.497417201463,0.038461538462,,"{""name"": ""gap_entropy"", ""null_model"": ""density_shuffle"", ""observed"": 1.782864319219, ""null_mean"": 2.007560044433, ""null_std"": 0.000987684731, ""z_score"": -227.497417201463, ""empirical_p"": 0.038461538462, ""null_samples"": 25}"
outputs\corpus_batch_curated\testdata_datasets_parallel_udhr_fr_udhr_fr.json,corpus_batch_curated,,,,fr,parallel_udhr,udhr,,,,,,,,,grapheme,9899,,,vowel,Basic Latin-vowel positions plus common accented vowels.,3610,gap_entropy,density_shuffle,2.234339012842,2.590536808467,0.001637360749,-217.54387101688,217.54387101688,0.038461538462,,"{""name"": ""gap_entropy"", ""null_model"": ""density_shuffle"", ""observed"": 2.234339012842, ""null_mean"": 2.590536808467, ""null_std"": 0.001637360749, ""z_score"": -217.54387101688, ""empirical_p"": 0.038461538462, ""null_samples"": 25}"
outputs\corpus_batch_curated\testdata_datasets_parallel_udhr_is_udhr_is.json,corpus_batch_curated,,,,is,parallel_udhr,udhr,,,,,,,,,grapheme_class,9967,,,consonant,Positions classified as consonant in the grapheme-class stream.,5018,gap_entropy,density_shuffle,1.813472375873,1.98400939786,0.000785082229,-217.221859904953,217.221859904953,0.038461538462,,"{""name"": ""gap_entropy"", ""null_model"": ""density_shuffle"", ""observed"": 1.813472375873, ""null_mean"": 1.98400939786, ""null_std"": 0.000785082229, ""z_score"": -217.221859904953, ""empirical_p"": 0.038461538462, ""null_samples"": 25}"
outputs\corpus_batch_curated\testdata_datasets_parallel_udhr_en_udhr_en.json,corpus_batch_curated,,,,en,parallel_udhr,udhr,,,,,,,,,grapheme_class,9888,,,whitespace,Positions classified as whitespace in the grapheme-class stream.,1617,gap_entropy,density_shuffle,3.27932259965,3.910526516505,0.002929049508,-215.497865512909,215.497865512909,0.038461538462,,"{""name"": ""gap_entropy"", ""null_model"": ""density_shuffle"", ""observed"": 3.27932259965, ""null_mean"": 3.910526516505, ""null_std"": 0.002929049508, ""z_score"": -215.497865512909, ""empirical_p"": 0.038461538462, ""null_samples"": 25}"
outputs\corpus_batch_curated\testdata_datasets_parallel_udhr_de_udhr_de.json,corpus_batch_curated,,,,de,parallel_udhr,udhr,,,,,,,,,grapheme,9922,,,vowel,Basic Latin-vowel positions plus common accented vowels.,3182,gap_entropy,density_shuffle,2.488764614009,2.817209527586,0.001536299255,-213.789671816009,213.789671816009,0.038461538462,,"{""name"": ""gap_entropy"", ""null_model"": ""density_shuffle"", ""observed"": 2.488764614009, ""null_mean"": 2.817209527586, ""null_std"": 0.001536299255, ""z_score"": -213.789671816009, ""empirical_p"": 0.038461538462, ""null_samples"": 25}"
outputs\corpus_batch_curated\testdata_datasets_parallel_udhr_de_udhr_de_text_only.json,corpus_batch_curated,,,,de,parallel_udhr,udhr,,,,,,,,,grapheme,11932,,,vowel,Basic Latin-vowel positions plus common accented vowels.,3830,gap_entropy,density_shuffle,2.484328284486,2.815993360757,0.001580952373,-209.788151731214,209.788151731214,0.038461538462,,"{""name"": ""gap_entropy"", ""null_model"": ""density_shuffle"", ""observed"": 2.484328284486, ""null_mean"": 2.815993360757, ""null_std"": 0.001580952373, ""z_score"": -209.788151731214, ""empirical_p"": 0.038461538462, ""null_samples"": 25}"
outputs\corpus_batch_curated\testdata_datasets_parallel_udhr_en_udhr_en_text_only.json,corpus_batch_curated,,,,en,parallel_udhr,udhr,,,,,,,,,grapheme,10638,,,whitespace,Whitespace positions.,1746,gap_entropy,density_shuffle,3.263981624553,3.904551824435,0.003064230105,-209.047681790764,209.047681790764,0.038461538462,,"{""name"": ""gap_entropy"", ""null_model"": ""density_shuffle"", ""observed"": 3.263981624553, ""null_mean"": 3.904551824435, ""null_std"": 0.003064230105, ""z_score"": -209.047681790764, ""empirical_p"": 0.038461538462, ""null_samples"": 25}"
outputs\corpus_batch_curated\testdata_datasets_controls_duplicated_udhr_mesu.json,corpus_batch_curated,,,,mesu,controls,controls,,,,,,,,,utf8_bits,16768,,,bit_one,Positions where the bitstream contains 1.,7655,gap_entropy,density_shuffle,2.047690955921,2.1769079031,0.000676012173,-191.145888066069,191.145888066069,0.038461538462,,"{""name"": ""gap_entropy"", ""null_model"": ""density_shuffle"", ""observed"": 2.047690955921, ""null_mean"": 2.1769079031, ""null_std"": 0.000676012173, ""z_score"": -191.145888066069, ""empirical_p"": 0.038461538462, ""null_samples"": 25}"
outputs\corpus_batch_curated\testdata_datasets_parallel_udhr_zh_udhr_zh_text_only.json,corpus_batch_curated,,,,zh,parallel_udhr,udhr,,,,,,,,,utf8_bits,68568,,,bit_one,Positions where the bitstream contains 1.,35937,gap_entropy,density_shuffle,1.879964556692,1.904461384158,0.000128785909,-190.213569972441,190.213569972441,0.038461538462,,"{""name"": ""gap_entropy"", ""null_model"": ""density_shuffle"", ""observed"": 1.879964556692, ""null_mean"": 1.904461384158, ""null_std"": 0.000128785909, ""z_score"": -190.213569972441, ""empirical_p"": 0.038461538462, ""null_samples"": 25}"
outputs\corpus_batch_curated\testdata_datasets_parallel_udhr_en_udhr_en.json,corpus_batch_curated,,,,en,parallel_udhr,udhr,,,,,,,,,grapheme_class,9888,,,consonant,Positions classified as consonant in the grapheme-class stream.,4912,gap_entropy,density_shuffle,1.785842617281,2.010609451392,0.001187333923,-189.303808902577,189.303808902577,0.038461538462,,"{""name"": ""gap_entropy"", ""null_model"": ""density_shuffle"", ""observed"": 1.785842617281, ""null_mean"": 2.010609451392, ""null_std"": 0.001187333923, ""z_score"": -189.303808902577, ""empirical_p"": 0.038461538462, ""null_samples"": 25}"
outputs\corpus_batch_curated\testdata_datasets_parallel_udhr_en_udhr_en.json,corpus_batch_curated,,,,en,parallel_udhr,udhr,,,,,,,,,grapheme,9888,,,whitespace,Whitespace positions.,1617,gap_entropy,density_shuffle,3.27932259965,3.911494822766,0.003357001393,-188.314554882431,188.314554882431,0.038461538462,,"{""name"": ""gap_entropy"", ""null_model"": ""density_shuffle"", ""observed"": 3.27932259965, ""null_mean"": 3.911494822766, ""null_std"": 0.003357001393, ""z_score"": -188.314554882431, ""empirical_p"": 0.038461538462, ""null_samples"": 25}"
outputs\corpus_batch_curated\testdata_datasets_controls_random_bits_10k.json,corpus_batch_curated,,,,unknown,controls,controls,,,,,,,,,utf8_bits,80024,,,bit_transition,Positions where the bitstream changes from the previous bit.,29908,run_entropy,density_shuffle,1.158009720562,2.121835562721,0.00513379692,-187.741326193038,187.741326193038,0.038461538462,,"{""name"": ""run_entropy"", ""null_model"": ""density_shuffle"", ""observed"": 1.158009720562, ""null_mean"": 2.121835562721, ""null_std"": 0.00513379692, ""z_score"": -187.741326193038, ""empirical_p"": 0.038461538462, ""null_samples"": 25}"
outputs\corpus_batch_curated\testdata_datasets_parallel_udhr_sw_udhr_sw.json,corpus_batch_curated,,,,sw,parallel_udhr,udhr,,,,,,,,,grapheme,9909,,,whitespace,Whitespace positions.,1696,gap_entropy,density_shuffle,3.114502212951,3.83948529406,0.003876922553,-186.999629510059,186.999629510059,0.038461538462,,"{""name"": ""gap_entropy"", ""null_model"": ""density_shuffle"", ""observed"": 3.114502212951, ""null_mean"": 3.83948529406, ""null_std"": 0.003876922553, ""z_score"": -186.999629510059, ""empirical_p"": 0.038461538462, ""null_samples"": 25}"
outputs\corpus_batch_curated\testdata_datasets_parallel_udhr_ar_udhr_ar.json,corpus_batch_curated,,,,ar,parallel_udhr,udhr,,,,,,,,,word_boundary,7656,,,word_boundary,Positions marked as word boundaries after declared whitespace preprocessing.,1350,gap_entropy,density_shuffle,2.941187947255,3.786632231755,0.004590601869,-184.168505288434,184.168505288434,0.038461538462,,"{""name"": ""gap_entropy"", ""null_model"": ""density_shuffle"", ""observed"": 2.941187947255, ""null_mean"": 3.786632231755, ""null_std"": 0.004590601869, ""z_score"": -184.168505288434, ""empirical_p"": 0.038461538462, ""null_samples"": 25}"
outputs\corpus_batch_curated\testdata_datasets_parallel_udhr_en_udhr_en_text_only.json,corpus_batch_curated,,,,en,parallel_udhr,udhr,,,,,,,,,grapheme_class,10638,,,whitespace,Positions classified as whitespace in the grapheme-class stream.,1746,gap_entropy,density_shuffle,3.263981624553,3.903572767944,0.003499085972,-182.788061962334,182.788061962334,0.038461538462,,"{""name"": ""gap_entropy"", ""null_model"": ""density_shuffle"", ""observed"": 3.263981624553, ""null_mean"": 3.903572767944, ""null_std"": 0.003499085972, ""z_score"": -182.788061962334, ""empirical_p"": 0.038461538462, ""null_samples"": 25}"
outputs\corpus_batch_curated\testdata_datasets_controls_duplicated_udhr_mesu.json,corpus_batch_curated,,,,mesu,controls,controls,,,,,,,,,grapheme_class,2096,,,consonant,Positions classified as consonant in the grapheme-class stream.,729,gap_entropy,density_shuffle,1.730891409214,2.661617979944,0.005187073719,-179.431915028261,179.431915028261,0.038461538462,,"{""name"": ""gap_entropy"", ""null_model"": ""density_shuffle"", ""observed"": 1.730891409214, ""null_mean"": 2.661617979944, ""null_std"": 0.005187073719, ""z_score"": -179.431915028261, ""empirical_p"": 0.038461538462, ""null_samples"": 25}"
outputs\corpus_batch_curated\testdata_datasets_parallel_udhr_sw_udhr_sw.json,corpus_batch_curated,,,,sw,parallel_udhr,udhr,,,,,,,,,word_boundary,9909,,,word_boundary,Positions marked as word boundaries after declared whitespace preprocessing.,1696,gap_entropy,density_shuffle,3.114502212951,3.839014918756,0.004037978666,-179.424599734195,179.424599734195,0.038461538462,,"{""name"": ""gap_entropy"", ""null_model"": ""density_shuffle"", ""observed"": 3.114502212951, ""null_mean"": 3.839014918756, ""null_std"": 0.004037978666, ""z_score"": -179.424599734195, ""empirical_p"": 0.038461538462, ""null_samples"": 25}"
outputs\corpus_batch_curated\testdata_datasets_controls_duplicated_udhr_mesu.json,corpus_batch_curated,,,,mesu,controls,controls,,,,,,,,,grapheme_class,2096,,,vowel,Positions classified as vowel in the grapheme-class stream.,651,gap_entropy,density_shuffle,1.40435345797,2.851342558145,0.008099027866,-178.662072047493,178.662072047493,0.038461538462,,"{""name"": ""gap_entropy"", ""null_model"": ""density_shuffle"", ""observed"": 1.40435345797, ""null_mean"": 2.851342558145, ""null_std"": 0.008099027866, ""z_score"": -178.662072047493, ""empirical_p"": 0.038461538462, ""null_samples"": 25}"
outputs\corpus_batch_curated\testdata_datasets_parallel_udhr_en_udhr_en_text_only.json,corpus_batch_curated,,,,en,parallel_udhr,udhr,,,,,,,,,word_boundary,10638,,,word_boundary,Positions marked as word boundaries after declared whitespace preprocessing.,1746,gap_entropy,density_shuffle,3.263981624553,3.904464932337,0.003598789422,-177.971876828498,177.971876828498,0.038461538462,,"{""name"": ""gap_entropy"", ""null_model"": ""density_shuffle"", ""observed"": 3.263981624553, ""null_mean"": 3.904464932337, ""null_std"": 0.003598789422, ""z_score"": -177.971876828498, ""empirical_p"": 0.038461538462, ""null_samples"": 25}"
outputs\corpus_batch_curated\testdata_datasets_parallel_udhr_ar_udhr_ar.json,corpus_batch_curated,,,,ar,parallel_udhr,udhr,,,,,,,,,grapheme_class,7656,,,whitespace,Positions classified as whitespace in the grapheme-class stream.,1350,gap_entropy,density_shuffle,2.941187947255,3.786415821989,0.004819935553,-175.360824932189,175.360824932189,0.038461538462,,"{""name"": ""gap_entropy"", ""null_model"": ""density_shuffle"", ""observed"": 2.941187947255, ""null_mean"": 3.786415821989, ""null_std"": 0.004819935553, ""z_score"": -175.360824932189, ""empirical_p"": 0.038461538462, ""null_samples"": 25}"
outputs\corpus_batch_curated\testdata_datasets_parallel_udhr_tr_udhr_tr.json,corpus_batch_curated,,,,tr,parallel_udhr,udhr,,,,,,,,,grapheme_class,9213,,,other,Positions classified as other in the grapheme-class stream.,8,zeta_spectral_coherence,markov_1,0.000132181201,4.89835e-07,7.50976e-07,175.360184040441,175.360184040441,0.038461538462,,"{""name"": ""zeta_spectral_coherence"", ""null_model"": ""markov_1"", ""observed"": 0.000132181201, ""null_mean"": 4.89835e-07, ""null_std"": 7.50976e-07, ""z_score"": 175.360184040441, ""empirical_p"": 0.038461538462, ""null_samples"": 25}"
outputs\corpus_batch_curated\testdata_datasets_parallel_udhr_he_udhr_he.json,corpus_batch_curated,,,,he,parallel_udhr,udhr,,,,,,,,,grapheme,5572,,,whitespace,Whitespace positions.,1004,gap_entropy,density_shuffle,2.874069889037,3.750051759808,0.005198133531,-168.518539503982,168.518539503982,0.038461538462,,"{""name"": ""gap_entropy"", ""null_model"": ""density_shuffle"", ""observed"": 2.874069889037, ""null_mean"": 3.750051759808, ""null_std"": 0.005198133531, ""z_score"": -168.518539503982, ""empirical_p"": 0.038461538462, ""null_samples"": 25}"
outputs\corpus_batch_curated\testdata_datasets_parallel_udhr_sw_udhr_sw.json,corpus_batch_curated,,,,sw,parallel_udhr,udhr,,,,,,,,,grapheme_class,9909,,,whitespace,Positions classified as whitespace in the grapheme-class stream.,1696,gap_entropy,density_shuffle,3.114502212951,3.837685147526,0.004362811213,-165.760767368272,165.760767368272,0.038461538462,,"{""name"": ""gap_entropy"", ""null_model"": ""density_shuffle"", ""observed"": 3.114502212951, ""null_mean"": 3.837685147526, ""null_std"": 0.004362811213, ""z_score"": -165.760767368272, ""empirical_p"": 0.038461538462, ""null_samples"": 25}"
outputs\corpus_batch_curated\testdata_datasets_parallel_udhr_is_udhr_is.json,corpus_batch_curated,,,,is,parallel_udhr,udhr,,,,,,,,,grapheme,9967,,,consonant,Alphabetic non-vowel positions under the MVP classifier.,5018,gap_entropy,density_shuffle,1.813472375873,1.984082776758,0.001036889906,-164.540516697592,164.540516697592,0.038461538462,,"{""name"": ""gap_entropy"", ""null_model"": ""density_shuffle"", ""observed"": 1.813472375873, ""null_mean"": 1.984082776758, ""null_std"": 0.001036889906, ""z_score"": -164.540516697592, ""empirical_p"": 0.038461538462, ""null_samples"": 25}"
outputs\corpus_batch_curated\testdata_datasets_controls_duplicated_udhr_mesu.json,corpus_batch_curated,,,,mesu,controls,controls,,,,,,,,,grapheme,2096,,,consonant,Alphabetic non-vowel positions under the MVP classifier.,729,gap_entropy,density_shuffle,1.730891409214,2.659697156259,0.005648807037,-164.425115055195,164.425115055195,0.038461538462,,"{""name"": ""gap_entropy"", ""null_model"": ""density_shuffle"", ""observed"": 1.730891409214, ""null_mean"": 2.659697156259, ""null_std"": 0.005648807037, ""z_score"": -164.425115055195, ""empirical_p"": 0.038461538462, ""null_samples"": 25}"
outputs\corpus_batch_curated\testdata_datasets_parallel_udhr_la_udhr_la.json,corpus_batch_curated,,,,la,parallel_udhr,udhr,,,,,,,,,grapheme_class,9937,,,whitespace,Positions classified as whitespace in the grapheme-class stream.,1342,gap_entropy,density_shuffle,3.529656578477,4.199658865234,0.004246308311,-157.784653804746,157.784653804746,0.038461538462,,"{""name"": ""gap_entropy"", ""null_model"": ""density_shuffle"", ""observed"": 3.529656578477, ""null_mean"": 4.199658865234, ""null_std"": 0.004246308311, ""z_score"": -157.784653804746, ""empirical_p"": 0.038461538462, ""null_samples"": 25}"
outputs\corpus_batch_curated\testdata_datasets_controls_punctuation_noise_udhr_mesu.json,corpus_batch_curated,,,,mesu,controls,controls,,,,,,,,,utf8_bits,10512,,,bit_transition,Positions where the bitstream changes from the previous bit.,4957,gap_entropy,density_shuffle,1.983286218151,2.113393358452,0.000837622853,-155.329024123888,155.329024123888,0.038461538462,,"{""name"": ""gap_entropy"", ""null_model"": ""density_shuffle"", ""observed"": 1.983286218151, ""null_mean"": 2.113393358452, ""null_std"": 0.000837622853, ""z_score"": -155.329024123888, ""empirical_p"": 0.038461538462, ""null_samples"": 25}"
outputs\corpus_batch_curated\testdata_datasets_controls_duplicated_udhr_mesu.json,corpus_batch_curated,,,,mesu,controls,controls,,,,,,,,,utf8_bits,16768,,,bit_transition,Positions where the bitstream changes from the previous bit.,8896,gap_entropy,density_shuffle,1.795588719526,1.878535906984,0.000542505141,-152.89659250642,152.89659250642,0.038461538462,,"{""name"": ""gap_entropy"", ""null_model"": ""density_shuffle"", ""observed"": 1.795588719526, ""null_mean"": 1.878535906984, ""null_std"": 0.000542505141, ""z_score"": -152.89659250642, ""empirical_p"": 0.038461538462, ""null_samples"": 25}"
outputs\corpus_batch_curated\testdata_datasets_parallel_udhr_is_udhr_is.json,corpus_batch_curated,,,,is,parallel_udhr,udhr,,,,,,,,,grapheme_class,9967,,,whitespace,Positions classified as whitespace in the grapheme-class stream.,1591,gap_entropy,density_shuffle,3.462449169807,3.946205074177,0.0031770187,-152.267251179658,152.267251179658,0.038461538462,,"{""name"": ""gap_entropy"", ""null_model"": ""density_shuffle"", ""observed"": 3.462449169807, ""null_mean"": 3.946205074177, ""null_std"": 0.0031770187, ""z_score"": -152.267251179658, ""empirical_p"": 0.038461538462, ""null_samples"": 25}"
outputs\corpus_batch_curated\testdata_datasets_controls_punctuation_noise_udhr_mesu.json,corpus_batch_curated,,,,mesu,controls,controls,,,,,,,,,utf8_bits,10512,,,bit_one,Positions where the bitstream contains 1.,3953,gap_entropy,density_shuffle,2.361902228302,2.535857867225,0.001160403751,-149.909579989511,149.909579989511,0.038461538462,,"{""name"": ""gap_entropy"", ""null_model"": ""density_shuffle"", ""observed"": 2.361902228302, ""null_mean"": 2.535857867225, ""null_std"": 0.001160403751, ""z_score"": -149.909579989511, ""empirical_p"": 0.038461538462, ""null_samples"": 25}"
outputs\corpus_batch_curated\testdata_datasets_parallel_udhr_he_udhr_he.json,corpus_batch_curated,,,,he,parallel_udhr,udhr,,,,,,,,,word_boundary,5572,,,word_boundary,Positions marked as word boundaries after declared whitespace preprocessing.,1004,gap_entropy,density_shuffle,2.874069889037,3.747536992851,0.005851159138,-149.281036996125,149.281036996125,0.038461538462,,"{""name"": ""gap_entropy"", ""null_model"": ""density_shuffle"", ""observed"": 2.874069889037, ""null_mean"": 3.747536992851, ""null_std"": 0.005851159138, ""z_score"": -149.281036996125, ""empirical_p"": 0.038461538462, ""null_samples"": 25}"
outputs\corpus_batch_curated\testdata_datasets_controls_random_bits_10k.json,corpus_batch_curated,,,,unknown,controls,controls,,,,,,,,,grapheme_class,10001,,,digit,Positions classified as digit in the grapheme-class stream.,10000,zeta_spectral_coherence,density_shuffle,0.000100000914,2.05622e-07,6.70936e-07,148.740411840112,148.740411840112,0.038461538462,,"{""name"": ""zeta_spectral_coherence"", ""null_model"": ""density_shuffle"", ""observed"": 0.000100000914, ""null_mean"": 2.05622e-07, ""null_std"": 6.70936e-07, ""z_score"": 148.740411840112, ""empirical_p"": 0.038461538462, ""null_samples"": 25}"
outputs\corpus_batch_curated\testdata_datasets_parallel_udhr_en_udhr_en.json,corpus_batch_curated,,,,en,parallel_udhr,udhr,,,,,,,,,word_boundary,9888,,,word_boundary,Positions marked as word boundaries after declared whitespace preprocessing.,1617,gap_entropy,density_shuffle,3.27932259965,3.909705695633,0.004270309187,-147.620012608185,147.620012608185,0.038461538462,,"{""name"": ""gap_entropy"", ""null_model"": ""density_shuffle"", ""observed"": 3.27932259965, ""null_mean"": 3.909705695633, ""null_std"": 0.004270309187, ""z_score"": -147.620012608185, ""empirical_p"": 0.038461538462, ""null_samples"": 25}"
outputs\corpus_batch_curated\testdata_datasets_parallel_udhr_he_udhr_he.json,corpus_batch_curated,,,,he,parallel_udhr,udhr,,,,,,,,,grapheme_class,5572,,,whitespace,Positions classified as whitespace in the grapheme-class stream.,1004,gap_entropy,density_shuffle,2.874069889037,3.746439827596,0.005911378328,-147.574709341778,147.574709341778,0.038461538462,,"{""name"": ""gap_entropy"", ""null_model"": ""density_shuffle"", ""observed"": 2.874069889037, ""null_mean"": 3.746439827596, ""null_std"": 0.005911378328, ""z_score"": -147.574709341778, ""empirical_p"": 0.038461538462, ""null_samples"": 25}"
outputs\corpus_batch_curated\testdata_datasets_parallel_udhr_es_udhr_es_text_only.json,corpus_batch_curated,,,,es,parallel_udhr,udhr,,,,,,,,,word_boundary,11965,,,word_boundary,Positions marked as word boundaries after declared whitespace preprocessing.,1926,gap_entropy,density_shuffle,3.452659044359,3.937018341412,0.003381667169,-143.230919188516,143.230919188516,0.038461538462,,"{""name"": ""gap_entropy"", ""null_model"": ""density_shuffle"", ""observed"": 3.452659044359, ""null_mean"": 3.937018341412, ""null_std"": 0.003381667169, ""z_score"": -143.230919188516, ""empirical_p"": 0.038461538462, ""null_samples"": 25}"
outputs\corpus_batch_curated\testdata_datasets_parallel_udhr_de_udhr_de.json,corpus_batch_curated,,,,de,parallel_udhr,udhr,,,,,,,,,grapheme_class,9922,,,vowel,Positions classified as vowel in the grapheme-class stream.,3182,gap_entropy,density_shuffle,2.488764614009,2.81628389261,0.002290291092,-143.003341252559,143.003341252559,0.038461538462,,"{""name"": ""gap_entropy"", ""null_model"": ""density_shuffle"", ""observed"": 2.488764614009, ""null_mean"": 2.81628389261, ""null_std"": 0.002290291092, ""z_score"": -143.003341252559, ""empirical_p"": 0.038461538462, ""null_samples"": 25}"
outputs\corpus_batch_curated\testdata_datasets_parallel_udhr_ar_udhr_ar.json,corpus_batch_curated,,,,ar,parallel_udhr,udhr,,,,,,,,,grapheme,7656,,,whitespace,Whitespace positions.,1350,gap_entropy,density_shuffle,2.941187947255,3.78729728422,0.005934076754,-142.584831995919,142.584831995919,0.038461538462,,"{""name"": ""gap_entropy"", ""null_model"": ""density_shuffle"", ""observed"": 2.941187947255, ""null_mean"": 3.78729728422, ""null_std"": 0.005934076754, ""z_score"": -142.584831995919, ""empirical_p"": 0.038461538462, ""null_samples"": 25}"
outputs\corpus_batch_curated\testdata_datasets_parallel_udhr_fr_udhr_fr_text_only.json,corpus_batch_curated,,,,fr,parallel_udhr,udhr,,,,,,,,,grapheme,11902,,,whitespace,Whitespace positions.,1948,gap_entropy,density_shuffle,3.41106256247,3.910957007534,0.003521246954,-141.965176444157,141.965176444157,0.038461538462,,"{""name"": ""gap_entropy"", ""null_model"": ""density_shuffle"", ""observed"": 3.41106256247, ""null_mean"": 3.910957007534, ""null_std"": 0.003521246954, ""z_score"": -141.965176444157, ""empirical_p"": 0.038461538462, ""null_samples"": 25}"
outputs\corpus_batch_curated\testdata_datasets_parallel_udhr_fr_udhr_fr.json,corpus_batch_curated,,,,fr,parallel_udhr,udhr,,,,,,,,,grapheme_class,9899,,,whitespace,Positions classified as whitespace in the grapheme-class stream.,1615,gap_entropy,density_shuffle,3.415495202698,3.912785085123,0.003539760697,-140.486864792411,140.486864792411,0.038461538462,,"{""name"": ""gap_entropy"", ""null_model"": ""density_shuffle"", ""observed"": 3.415495202698, ""null_mean"": 3.912785085123, ""null_std"": 0.003539760697, ""z_score"": -140.486864792411, ""empirical_p"": 0.038461538462, ""null_samples"": 25}"
outputs\corpus_batch_curated\testdata_datasets_parallel_udhr_de_udhr_de_text_only.json,corpus_batch_curated,,,,de,parallel_udhr,udhr,,,,,,,,,grapheme,11932,,,whitespace,Whitespace positions.,1641,gap_entropy,density_shuffle,3.551874814698,4.173698895302,0.00447624798,-138.916361054039,138.916361054039,0.038461538462,,"{""name"": ""gap_entropy"", ""null_model"": ""density_shuffle"", ""observed"": 3.551874814698, ""null_mean"": 4.173698895302, ""null_std"": 0.00447624798, ""z_score"": -138.916361054039, ""empirical_p"": 0.038461538462, ""null_samples"": 25}"
outputs\corpus_batch_curated\testdata_datasets_parallel_udhr_cy_udhr_cy.json,corpus_batch_curated,,,,cy,parallel_udhr,udhr,,,,,,,,,word_boundary,9967,,,word_boundary,Positions marked as word boundaries after declared whitespace preprocessing.,1687,gap_entropy,density_shuffle,3.480241066126,3.857006587813,0.002727536006,-138.134023094974,138.134023094974,0.038461538462,,"{""name"": ""gap_entropy"", ""null_model"": ""density_shuffle"", ""observed"": 3.480241066126, ""null_mean"": 3.857006587813, ""null_std"": 0.002727536006, ""z_score"": -138.134023094974, ""empirical_p"": 0.038461538462, ""null_samples"": 25}"
outputs\corpus_batch_curated\testdata_datasets_parallel_udhr_es_udhr_es.json,corpus_batch_curated,,,,es,parallel_udhr,udhr,,,,,,,,,word_boundary,9896,,,word_boundary,Positions marked as word boundaries after declared whitespace preprocessing.,1587,gap_entropy,density_shuffle,3.45457200311,3.939154733921,0.00360165524,-134.544452078342,134.544452078342,0.038461538462,,"{""name"": ""gap_entropy"", ""null_model"": ""density_shuffle"", ""observed"": 3.45457200311, ""null_mean"": 3.939154733921, ""null_std"": 0.00360165524, ""z_score"": -134.544452078342, ""empirical_p"": 0.038461538462, ""null_samples"": 25}"
outputs\corpus_batch_curated\testdata_datasets_parallel_udhr_is_udhr_is.json,corpus_batch_curated,,,,is,parallel_udhr,udhr,,,,,,,,,word_boundary,9967,,,word_boundary,Positions marked as word boundaries after declared whitespace preprocessing.,1591,gap_entropy,density_shuffle,3.462449169807,3.947294025501,0.003651963979,-132.762770517865,132.762770517865,0.038461538462,,"{""name"": ""gap_entropy"", ""null_model"": ""density_shuffle"", ""observed"": 3.462449169807, ""null_mean"": 3.947294025501, ""null_std"": 0.003651963979, ""z_score"": -132.762770517865, ""empirical_p"": 0.038461538462, ""null_samples"": 25}"
outputs\corpus_batch_curated\testdata_datasets_parallel_udhr_fr_udhr_fr.json,corpus_batch_curated,,,,fr,parallel_udhr,udhr,,,,,,,,,word_boundary,9899,,,word_boundary,Positions marked as word boundaries after declared whitespace preprocessing.,1615,gap_entropy,density_shuffle,3.415495202698,3.911867821926,0.003741141653,-132.67945061203,132.67945061203,0.038461538462,,"{""name"": ""gap_entropy"", ""null_model"": ""density_shuffle"", ""observed"": 3.415495202698, ""null_mean"": 3.911867821926, ""null_std"": 0.003741141653, ""z_score"": -132.67945061203, ""empirical_p"": 0.038461538462, ""null_samples"": 25}"
outputs\corpus_batch_curated\testdata_datasets_parallel_udhr_fr_udhr_fr.json,corpus_batch_curated,,,,fr,parallel_udhr,udhr,,,,,,,,,grapheme,9899,,,whitespace,Whitespace positions.,1615,gap_entropy,density_shuffle,3.415495202698,3.912107699633,0.003745402541,-132.592556203127,132.592556203127,0.038461538462,,"{""name"": ""gap_entropy"", ""null_model"": ""density_shuffle"", ""observed"": 3.415495202698, ""null_mean"": 3.912107699633, ""null_std"": 0.003745402541, ""z_score"": -132.592556203127, ""empirical_p"": 0.038461538462, ""null_samples"": 25}"
outputs\corpus_batch_curated\testdata_datasets_parallel_udhr_de_udhr_de.json,corpus_batch_curated,,,,de,parallel_udhr,udhr,,,,,,,,,grapheme,9922,,,whitespace,Whitespace positions.,1356,gap_entropy,density_shuffle,3.579061742714,4.182118245643,0.004784088798,-126.054621545159,126.054621545159,0.038461538462,,"{""name"": ""gap_entropy"", ""null_model"": ""density_shuffle"", ""observed"": 3.579061742714, ""null_mean"": 4.182118245643, ""null_std"": 0.004784088798, ""z_score"": -126.054621545159, ""empirical_p"": 0.038461538462, ""null_samples"": 25}"
outputs\corpus_batch_curated\testdata_datasets_parallel_udhr_es_udhr_es_text_only.json,corpus_batch_curated,,,,es,parallel_udhr,udhr,,,,,,,,,grapheme_class,11965,,,whitespace,Positions classified as whitespace in the grapheme-class stream.,1926,gap_entropy,density_shuffle,3.452659044359,3.937757896628,0.003910618325,-124.046585967505,124.046585967505,0.038461538462,,"{""name"": ""gap_entropy"", ""null_model"": ""density_shuffle"", ""observed"": 3.452659044359, ""null_mean"": 3.937757896628, ""null_std"": 0.003910618325, ""z_score"": -124.046585967505, ""empirical_p"": 0.038461538462, ""null_samples"": 25}"
outputs\corpus_batch_curated\testdata_datasets_parallel_udhr_fr_udhr_fr_text_only.json,corpus_batch_curated,,,,fr,parallel_udhr,udhr,,,,,,,,,word_boundary,11902,,,word_boundary,Positions marked as word boundaries after declared whitespace preprocessing.,1948,gap_entropy,density_shuffle,3.41106256247,3.910541600256,0.004027687275,-124.011375180191,124.011375180191,0.038461538462,,"{""name"": ""gap_entropy"", ""null_model"": ""density_shuffle"", ""observed"": 3.41106256247, ""null_mean"": 3.910541600256, ""null_std"": 0.004027687275, ""z_score"": -124.011375180191, ""empirical_p"": 0.038461538462, ""null_samples"": 25}"
outputs\corpus_batch_curated\testdata_datasets_parallel_udhr_de_udhr_de_text_only.json,corpus_batch_curated,,,,de,parallel_udhr,udhr,,,,,,,,,grapheme_class,11932,,,whitespace,Positions classified as whitespace in the grapheme-class stream.,1641,gap_entropy,density_shuffle,3.551874814698,4.175669409519,0.005070516454,-123.023877451932,123.023877451932,0.038461538462,,"{""name"": ""gap_entropy"", ""null_model"": ""density_shuffle"", ""observed"": 3.551874814698, ""null_mean"": 4.175669409519, ""null_std"": 0.005070516454, ""z_score"": -123.023877451932, ""empirical_p"": 0.038461538462, ""null_samples"": 25}"
outputs\corpus_batch_curated\testdata_datasets_parallel_udhr_fr_udhr_fr_text_only.json,corpus_batch_curated,,,,fr,parallel_udhr,udhr,,,,,,,,,grapheme_class,11902,,,whitespace,Positions classified as whitespace in the grapheme-class stream.,1948,gap_entropy,density_shuffle,3.41106256247,3.910966896326,0.00416411129,-120.050666035588,120.050666035588,0.038461538462,,"{""name"": ""gap_entropy"", ""null_model"": ""density_shuffle"", ""observed"": 3.41106256247, ""null_mean"": 3.910966896326, ""null_std"": 0.00416411129, ""z_score"": -120.050666035588, ""empirical_p"": 0.038461538462, ""null_samples"": 25}"
outputs\corpus_batch_curated\testdata_datasets_parallel_udhr_zh_udhr_zh_text_only.json,corpus_batch_curated,,,,zh,parallel_udhr,udhr,,,,,,,,,utf8_bits,68568,,,bit_transition,Positions where the bitstream changes from the previous bit.,35497,gap_entropy,density_shuffle,1.917590639927,1.929604548788,0.000100264804,-119.821795706958,119.821795706958,0.038461538462,,"{""name"": ""gap_entropy"", ""null_model"": ""density_shuffle"", ""observed"": 1.917590639927, ""null_mean"": 1.929604548788, ""null_std"": 0.000100264804, ""z_score"": -119.821795706958, ""empirical_p"": 0.038461538462, ""null_samples"": 25}"
outputs\corpus_batch_curated\testdata_datasets_parallel_udhr_de_udhr_de_text_only.json,corpus_batch_curated,,,,de,parallel_udhr,udhr,,,,,,,,,word_boundary,11932,,,word_boundary,Positions marked as word boundaries after declared whitespace preprocessing.,1641,gap_entropy,density_shuffle,3.551874814698,4.176529354618,0.005299599249,-117.868259563505,117.868259563505,0.038461538462,,"{""name"": ""gap_entropy"", ""null_model"": ""density_shuffle"", ""observed"": 3.551874814698, ""null_mean"": 4.176529354618, ""null_std"": 0.005299599249, ""z_score"": -117.868259563505, ""empirical_p"": 0.038461538462, ""null_samples"": 25}"
outputs\corpus_batch_curated\testdata_datasets_parallel_udhr_la_udhr_la.json,corpus_batch_curated,,,,la,parallel_udhr,udhr,,,,,,,,,grapheme,9937,,,whitespace,Whitespace positions.,1342,gap_entropy,density_shuffle,3.529656578477,4.199350326081,0.005719244998,-117.094782244603,117.094782244603,0.038461538462,,"{""name"": ""gap_entropy"", ""null_model"": ""density_shuffle"", ""observed"": 3.529656578477, ""null_mean"": 4.199350326081, ""null_std"": 0.005719244998, ""z_score"": -117.094782244603, ""empirical_p"": 0.038461538462, ""null_samples"": 25}"
outputs\corpus_batch_curated\testdata_datasets_controls_random_bits_10k.json,corpus_batch_curated,,,,unknown,controls,controls,,,,,,,,,utf8_bits,80024,,,bit_one,Positions where the bitstream contains 1.,24970,run_entropy,gap_order_shuffle,1.79314799993,2.135668049515,0.002928128714,-116.975749023391,116.975749023391,0.038461538462,,"{""name"": ""run_entropy"", ""null_model"": ""gap_order_shuffle"", ""observed"": 1.79314799993, ""null_mean"": 2.135668049515, ""null_std"": 0.002928128714, ""z_score"": -116.975749023391, ""empirical_p"": 0.038461538462, ""null_samples"": 25}"
outputs\corpus_batch_curated\testdata_datasets_parallel_udhr_xh_udhr_xh.json,corpus_batch_curated,,,,xh,parallel_udhr,udhr,,,,,,,,,word_boundary,9942,,,word_boundary,Positions marked as word boundaries after declared whitespace preprocessing.,1068,gap_entropy,density_shuffle,3.699708459436,4.535698669414,0.007219148914,-115.801768319302,115.801768319302,0.038461538462,,"{""name"": ""gap_entropy"", ""null_model"": ""density_shuffle"", ""observed"": 3.699708459436, ""null_mean"": 4.535698669414, ""null_std"": 0.007219148914, ""z_score"": -115.801768319302, ""empirical_p"": 0.038461538462, ""null_samples"": 25}"
outputs\corpus_batch_curated\testdata_datasets_parallel_udhr_zh_udhr_zh.json,corpus_batch_curated,,,,zh,parallel_udhr,udhr,,,,,,,,,grapheme_class,9859,,,other,Positions classified as other in the grapheme-class stream.,4440,run_entropy,gap_order_shuffle,0.964591749628,1.795310336201,0.007213420726,-115.162918970677,115.162918970677,0.038461538462,,"{""name"": ""run_entropy"", ""null_model"": ""gap_order_shuffle"", ""observed"": 0.964591749628, ""null_mean"": 1.795310336201, ""null_std"": 0.007213420726, ""z_score"": -115.162918970677, ""empirical_p"": 0.038461538462, ""null_samples"": 25}"
outputs\corpus_batch_curated\testdata_datasets_parallel_udhr_tr_udhr_tr.json,corpus_batch_curated,,,,tr,parallel_udhr,udhr,,,,,,,,,grapheme_class,9213,,,whitespace,Positions classified as whitespace in the grapheme-class stream.,1241,gap_entropy,density_shuffle,3.540405948848,4.20144672001,0.005775898546,-114.448127139107,114.448127139107,0.038461538462,,"{""name"": ""gap_entropy"", ""null_model"": ""density_shuffle"", ""observed"": 3.540405948848, ""null_mean"": 4.20144672001, ""null_std"": 0.005775898546, ""z_score"": -114.448127139107, ""empirical_p"": 0.038461538462, ""null_samples"": 25}"
outputs\corpus_batch_curated\testdata_datasets_parallel_udhr_el_udhr_el.json,corpus_batch_curated,,,,el,parallel_udhr,udhr,,,,,,,,,utf8_bits,79984,,,bit_transition,Positions where the bitstream changes from the previous bit.,36517,run_entropy,gap_order_shuffle,1.697932353141,1.807051833139,0.000953503263,-114.44059418782,114.44059418782,0.038461538462,,"{""name"": ""run_entropy"", ""null_model"": ""gap_order_shuffle"", ""observed"": 1.697932353141, ""null_mean"": 1.807051833139, ""null_std"": 0.000953503263, ""z_score"": -114.44059418782, ""empirical_p"": 0.038461538462, ""null_samples"": 25}"
outputs\corpus_batch_curated\testdata_datasets_parallel_udhr_es_udhr_es_text_only.json,corpus_batch_curated,,,,es,parallel_udhr,udhr,,,,,,,,,grapheme,11965,,,whitespace,Whitespace positions.,1926,gap_entropy,density_shuffle,3.452659044359,3.93503530666,0.004314836332,-111.794799433404,111.794799433404,0.038461538462,,"{""name"": ""gap_entropy"", ""null_model"": ""density_shuffle"", ""observed"": 3.452659044359, ""null_mean"": 3.93503530666, ""null_std"": 0.004314836332, ""z_score"": -111.794799433404, ""empirical_p"": 0.038461538462, ""null_samples"": 25}"
outputs\corpus_batch_curated\testdata_datasets_parallel_udhr_tr_udhr_tr.json,corpus_batch_curated,,,,tr,parallel_udhr,udhr,,,,,,,,,grapheme_class,9213,,,other,Positions classified as other in the grapheme-class stream.,8,zeta_spectral_coherence,markov_2,0.000132181201,8.52412e-07,1.175715e-06,111.701256963441,111.701256963441,0.038461538462,True,"{""name"": ""zeta_spectral_coherence"", ""null_model"": ""markov_2"", ""observed"": 0.000132181201, ""null_mean"": 8.52412e-07, ""null_std"": 1.175715e-06, ""z_score"": 111.701256963441, ""empirical_p"": 0.038461538462, ""null_samples"": 25}"
outputs\corpus_batch_curated\testdata_datasets_parallel_udhr_tr_udhr_tr.json,corpus_batch_curated,,,,tr,parallel_udhr,udhr,,,,,,,,,grapheme,9213,,,whitespace,Whitespace positions.,1241,gap_entropy,density_shuffle,3.540405948848,4.201962387384,0.005925261657,-111.650164463875,111.650164463875,0.038461538462,,"{""name"": ""gap_entropy"", ""null_model"": ""density_shuffle"", ""observed"": 3.540405948848, ""null_mean"": 4.201962387384, ""null_std"": 0.005925261657, ""z_score"": -111.650164463875, ""empirical_p"": 0.038461538462, ""null_samples"": 25}"
outputs\corpus_batch_curated\testdata_datasets_parallel_udhr_es_udhr_es.json,corpus_batch_curated,,,,es,parallel_udhr,udhr,,,,,,,,,grapheme,9896,,,whitespace,Whitespace positions.,1587,gap_entropy,density_shuffle,3.45457200311,3.938674530864,0.004384312048,-110.416987312272,110.416987312272,0.038461538462,,"{""name"": ""gap_entropy"", ""null_model"": ""density_shuffle"", ""observed"": 3.45457200311, ""null_mean"": 3.938674530864, ""null_std"": 0.004384312048, ""z_score"": -110.416987312272, ""empirical_p"": 0.038461538462, ""null_samples"": 25}"
outputs\corpus_batch_curated\testdata_datasets_parallel_udhr_tr_udhr_tr.json,corpus_batch_curated,,,,tr,parallel_udhr,udhr,,,,,,,,,grapheme_class,9213,,,other,Positions classified as other in the grapheme-class stream.,8,zeta_spectral_coherence,density_shuffle,0.000132181201,6.70854e-07,1.238337e-06,106.199128203008,106.199128203008,0.038461538462,,"{""name"": ""zeta_spectral_coherence"", ""null_model"": ""density_shuffle"", ""observed"": 0.000132181201, ""null_mean"": 6.70854e-07, ""null_std"": 1.238337e-06, ""z_score"": 106.199128203008, ""empirical_p"": 0.038461538462, ""null_samples"": 25}"
outputs\corpus_batch_curated\testdata_datasets_parallel_udhr_ja_udhr_ja_text_only.json,corpus_batch_curated,,,,ja,parallel_udhr,udhr,,,,,,,,,grapheme_class,4183,,,other,Positions classified as other in the grapheme-class stream.,17,zeta_spectral_coherence,markov_2,0.000400772802,4.119384e-06,3.741409e-06,106.017113242089,106.017113242089,0.038461538462,True,"{""name"": ""zeta_spectral_coherence"", ""null_model"": ""markov_2"", ""observed"": 0.000400772802, ""null_mean"": 4.119384e-06, ""null_std"": 3.741409e-06, ""z_score"": 106.017113242089, ""empirical_p"": 0.038461538462, ""null_samples"": 25}"
outputs\corpus_batch_curated\testdata_datasets_parallel_udhr_es_udhr_es.json,corpus_batch_curated,,,,es,parallel_udhr,udhr,,,,,,,,,grapheme_class,9896,,,whitespace,Positions classified as whitespace in the grapheme-class stream.,1587,gap_entropy,density_shuffle,3.45457200311,3.938673888184,0.004705210973,-102.886329182144,102.886329182144,0.038461538462,,"{""name"": ""gap_entropy"", ""null_model"": ""density_shuffle"", ""observed"": 3.45457200311, ""null_mean"": 3.938673888184, ""null_std"": 0.004705210973, ""z_score"": -102.886329182144, ""empirical_p"": 0.038461538462, ""null_samples"": 25}"
outputs\corpus_batch_curated\testdata_datasets_parallel_udhr_is_udhr_is.json,corpus_batch_curated,,,,is,parallel_udhr,udhr,,,,,,,,,grapheme,9967,,,whitespace,Whitespace positions.,1591,gap_entropy,density_shuffle,3.462449169807,3.945295255628,0.0047054178,-102.614923127967,102.614923127967,0.038461538462,,"{""name"": ""gap_entropy"", ""null_model"": ""density_shuffle"", ""observed"": 3.462449169807, ""null_mean"": 3.945295255628, ""null_std"": 0.0047054178, ""z_score"": -102.614923127967, ""empirical_p"": 0.038461538462, ""null_samples"": 25}"
outputs\corpus_batch_curated\testdata_datasets_private_parallel_dylan_thomas_prepared_thomas_mesu_text_only.json,corpus_batch_curated,,,,mesu,private_parallel,private_parallel,,,,,,,,,utf8_bits,8016,,,bit_one,Positions where the bitstream contains 1.,3643,gap_entropy,density_shuffle,2.052045020273,2.184228663377,0.001293503433,-102.190407671945,102.190407671945,0.038461538462,,"{""name"": ""gap_entropy"", ""null_model"": ""density_shuffle"", ""observed"": 2.052045020273, ""null_mean"": 2.184228663377, ""null_std"": 0.001293503433, ""z_score"": -102.190407671945, ""empirical_p"": 0.038461538462, ""null_samples"": 25}"
outputs\corpus_batch_curated\testdata_datasets_parallel_udhr_he_udhr_he.json,corpus_batch_curated,,,,he,parallel_udhr,udhr,,,,,,,,,utf8_bits,79656,,,bit_one,Positions where the bitstream contains 1.,44215,run_entropy,gap_order_shuffle,1.735094435873,1.818775428586,0.000825546014,-101.364419741261,101.364419741261,0.038461538462,,"{""name"": ""run_entropy"", ""null_model"": ""gap_order_shuffle"", ""observed"": 1.735094435873, ""null_mean"": 1.818775428586, ""null_std"": 0.000825546014, ""z_score"": -101.364419741261, ""empirical_p"": 0.038461538462, ""null_samples"": 25}"
outputs\corpus_batch_curated\testdata_datasets_parallel_udhr_de_udhr_de.json,corpus_batch_curated,,,,de,parallel_udhr,udhr,,,,,,,,,grapheme_class,9922,,,whitespace,Positions classified as whitespace in the grapheme-class stream.,1356,gap_entropy,density_shuffle,3.579061742714,4.180645095933,0.005975123568,-100.68132421486,100.68132421486,0.038461538462,,"{""name"": ""gap_entropy"", ""null_model"": ""density_shuffle"", ""observed"": 3.579061742714, ""null_mean"": 4.180645095933, ""null_std"": 0.005975123568, ""z_score"": -100.68132421486, ""empirical_p"": 0.038461538462, ""null_samples"": 25}"
outputs\corpus_batch_curated\testdata_datasets_parallel_udhr_xh_udhr_xh.json,corpus_batch_curated,,,,xh,parallel_udhr,udhr,,,,,,,,,grapheme_class,9942,,,whitespace,Positions classified as whitespace in the grapheme-class stream.,1068,gap_entropy,density_shuffle,3.699708459436,4.534183106549,0.00833297373,-100.141278993647,100.141278993647,0.038461538462,,"{""name"": ""gap_entropy"", ""null_model"": ""density_shuffle"", ""observed"": 3.699708459436, ""null_mean"": 4.534183106549, ""null_std"": 0.00833297373, ""z_score"": -100.141278993647, ""empirical_p"": 0.038461538462, ""null_samples"": 25}"
outputs\corpus_batch_curated\testdata_datasets_controls_punctuation_noise_udhr_mesu.json,corpus_batch_curated,,,,mesu,controls,controls,,,,,,,,,word_boundary,1314,,,word_boundary,Positions marked as word boundaries after declared whitespace preprocessing.,299,gap_entropy,density_shuffle,2.109175019449,3.329187587336,0.012296084522,-99.219598379426,99.219598379426,0.038461538462,,"{""name"": ""gap_entropy"", ""null_model"": ""density_shuffle"", ""observed"": 2.109175019449, ""null_mean"": 3.329187587336, ""null_std"": 0.012296084522, ""z_score"": -99.219598379426, ""empirical_p"": 0.038461538462, ""null_samples"": 25}"
outputs\corpus_batch_curated\testdata_datasets_controls_random_bits_10k.json,corpus_batch_curated,,,,unknown,controls,controls,,,,,,,,,utf8_bits,80024,,,bit_one,Positions where the bitstream contains 1.,24970,run_entropy,density_shuffle,1.79314799993,2.260095820103,0.004720565578,-98.917770007552,98.917770007552,0.038461538462,,"{""name"": ""run_entropy"", ""null_model"": ""density_shuffle"", ""observed"": 1.79314799993, ""null_mean"": 2.260095820103, ""null_std"": 0.004720565578, ""z_score"": -98.917770007552, ""empirical_p"": 0.038461538462, ""null_samples"": 25}"
outputs\corpus_batch_curated\testdata_datasets_parallel_udhr_xh_udhr_xh.json,corpus_batch_curated,,,,xh,parallel_udhr,udhr,,,,,,,,,grapheme,9942,,,whitespace,Whitespace positions.,1068,gap_entropy,density_shuffle,3.699708459436,4.532455575105,0.008431908801,-98.761399737009,98.761399737009,0.038461538462,,"{""name"": ""gap_entropy"", ""null_model"": ""density_shuffle"", ""observed"": 3.699708459436, ""null_mean"": 4.532455575105, ""null_std"": 0.008431908801, ""z_score"": -98.761399737009, ""empirical_p"": 0.038461538462, ""null_samples"": 25}"
outputs\corpus_batch_curated\testdata_datasets_parallel_udhr_el_udhr_el.json,corpus_batch_curated,,,,el,parallel_udhr,udhr,,,,,,,,,word_boundary,5470,,,word_boundary,Positions marked as word boundaries after declared whitespace preprocessing.,827,gap_entropy,density_shuffle,3.479224871707,4.014583765569,0.005557176705,-96.336489250783,96.336489250783,0.038461538462,,"{""name"": ""gap_entropy"", ""null_model"": ""density_shuffle"", ""observed"": 3.479224871707, ""null_mean"": 4.014583765569, ""null_std"": 0.005557176705, ""z_score"": -96.336489250783, ""empirical_p"": 0.038461538462, ""null_samples"": 25}"
outputs\corpus_batch_curated\testdata_datasets_parallel_udhr_mesu_udhr_mesu_text_only.json,corpus_batch_curated,,,,mesu,parallel_udhr,udhr,,,,,,,,,utf8_bits,5584,,,bit_transition,Positions where the bitstream changes from the previous bit.,2964,gap_entropy,density_shuffle,1.79487742502,1.875731443377,0.000853612471,-94.719818539782,94.719818539782,0.038461538462,,"{""name"": ""gap_entropy"", ""null_model"": ""density_shuffle"", ""observed"": 1.79487742502, ""null_mean"": 1.875731443377, ""null_std"": 0.000853612471, ""z_score"": -94.719818539782, ""empirical_p"": 0.038461538462, ""null_samples"": 25}"
outputs\corpus_batch_curated\testdata_datasets_private_parallel_dylan_thomas_prepared_thomas_mesu_text_only.json,corpus_batch_curated,,,,mesu,private_parallel,private_parallel,,,,,,,,,grapheme,1002,,,vowel,Basic Latin-vowel positions plus common accented vowels.,305,gap_entropy,density_shuffle,1.418014404039,2.866578860889,0.015376714525,-94.205069260717,94.205069260717,0.038461538462,,"{""name"": ""gap_entropy"", ""null_model"": ""density_shuffle"", ""observed"": 1.418014404039, ""null_mean"": 2.866578860889, ""null_std"": 0.015376714525, ""z_score"": -94.205069260717, ""empirical_p"": 0.038461538462, ""null_samples"": 25}"
outputs\corpus_batch_curated\testdata_datasets_controls_random_bits_10k.json,corpus_batch_curated,,,,unknown,controls,controls,,,,,,,,,utf8_bits,80024,,,bit_one,Positions where the bitstream contains 1.,24970,gap_entropy,markov_1,1.922667007377,2.832187868703,0.009736958527,-93.409133743724,93.409133743724,0.038461538462,,"{""name"": ""gap_entropy"", ""null_model"": ""markov_1"", ""observed"": 1.922667007377, ""null_mean"": 2.832187868703, ""null_std"": 0.009736958527, ""z_score"": -93.409133743724, ""empirical_p"": 0.038461538462, ""null_samples"": 25}"
outputs\corpus_batch_curated\testdata_datasets_parallel_udhr_tr_udhr_tr.json,corpus_batch_curated,,,,tr,parallel_udhr,udhr,,,,,,,,,word_boundary,9213,,,word_boundary,Positions marked as word boundaries after declared whitespace preprocessing.,1241,gap_entropy,density_shuffle,3.540405948848,4.201432011856,0.007077560999,-93.397437781887,93.397437781887,0.038461538462,,"{""name"": ""gap_entropy"", ""null_model"": ""density_shuffle"", ""observed"": 3.540405948848, ""null_mean"": 4.201432011856, ""null_std"": 0.007077560999, ""z_score"": -93.397437781887, ""empirical_p"": 0.038461538462, ""null_samples"": 25}"
outputs\corpus_batch_curated\testdata_datasets_parallel_udhr_ja_udhr_ja_text_only.json,corpus_batch_curated,,,,ja,parallel_udhr,udhr,,,,,,,,,grapheme_class,4183,,,other,Positions classified as other in the grapheme-class stream.,17,zeta_spectral_coherence,markov_1,0.000400772802,4.573289e-06,4.305282e-06,92.026377694657,92.026377694657,0.038461538462,,"{""name"": ""zeta_spectral_coherence"", ""null_model"": ""markov_1"", ""observed"": 0.000400772802, ""null_mean"": 4.573289e-06, ""null_std"": 4.305282e-06, ""z_score"": 92.026377694657, ""empirical_p"": 0.038461538462, ""null_samples"": 25}"
outputs\corpus_batch_curated\testdata_datasets_parallel_udhr_cy_udhr_cy.json,corpus_batch_curated,,,,cy,parallel_udhr,udhr,,,,,,,,,grapheme_class,9967,,,whitespace,Positions classified as whitespace in the grapheme-class stream.,1687,gap_entropy,density_shuffle,3.480241066126,3.855050780046,0.004109057194,-91.21550180103,91.21550180103,0.038461538462,,"{""name"": ""gap_entropy"", ""null_model"": ""density_shuffle"", ""observed"": 3.480241066126, ""null_mean"": 3.855050780046, ""null_std"": 0.004109057194, ""z_score"": -91.21550180103, ""empirical_p"": 0.038461538462, ""null_samples"": 25}"
outputs\corpus_batch_curated\testdata_datasets_parallel_udhr_he_udhr_he.json,corpus_batch_curated,,,,he,parallel_udhr,udhr,,,,,,,,,utf8_bits,79656,,,bit_transition,Positions where the bitstream changes from the previous bit.,43170,run_entropy,gap_order_shuffle,1.98247310219,2.088066580657,0.001161402739,-90.918916310024,90.918916310024,0.038461538462,,"{""name"": ""run_entropy"", ""null_model"": ""gap_order_shuffle"", ""observed"": 1.98247310219, ""null_mean"": 2.088066580657, ""null_std"": 0.001161402739, ""z_score"": -90.918916310024, ""empirical_p"": 0.038461538462, ""null_samples"": 25}"
outputs\corpus_batch_curated\testdata_datasets_parallel_udhr_la_udhr_la.json,corpus_batch_curated,,,,la,parallel_udhr,udhr,,,,,,,,,word_boundary,9937,,,word_boundary,Positions marked as word boundaries after declared whitespace preprocessing.,1342,gap_entropy,density_shuffle,3.529656578477,4.198544305888,0.007357831406,-90.908270458986,90.908270458986,0.038461538462,,"{""name"": ""gap_entropy"", ""null_model"": ""density_shuffle"", ""observed"": 3.529656578477, ""null_mean"": 4.198544305888, ""null_std"": 0.007357831406, ""z_score"": -90.908270458986, ""empirical_p"": 0.038461538462, ""null_samples"": 25}"
outputs\corpus_batch_curated\testdata_datasets_parallel_udhr_de_udhr_de.json,corpus_batch_curated,,,,de,parallel_udhr,udhr,,,,,,,,,word_boundary,9922,,,word_boundary,Positions marked as word boundaries after declared whitespace preprocessing.,1356,gap_entropy,density_shuffle,3.579061742714,4.178912958996,0.006864959242,-87.378700315475,87.378700315475,0.038461538462,,"{""name"": ""gap_entropy"", ""null_model"": ""density_shuffle"", ""observed"": 3.579061742714, ""null_mean"": 4.178912958996, ""null_std"": 0.006864959242, ""z_score"": -87.378700315475, ""empirical_p"": 0.038461538462, ""null_samples"": 25}"
outputs\corpus_batch_curated\testdata_datasets_private_parallel_dylan_thomas_prepared_thomas_mesu_text_only.json,corpus_batch_curated,,,,mesu,private_parallel,private_parallel,,,,,,,,,utf8_bits,8016,,,bit_transition,Positions where the bitstream changes from the previous bit.,4180,gap_entropy,density_shuffle,1.821335148157,1.912422611995,0.001043142647,-87.320237667773,87.320237667773,0.038461538462,,"{""name"": ""gap_entropy"", ""null_model"": ""density_shuffle"", ""observed"": 1.821335148157, ""null_mean"": 1.912422611995, ""null_std"": 0.001043142647, ""z_score"": -87.320237667773, ""empirical_p"": 0.038461538462, ""null_samples"": 25}"
outputs\corpus_batch_curated\testdata_datasets_parallel_udhr_de_udhr_de.json,corpus_batch_curated,,,,de,parallel_udhr,udhr,,,,,,,,,utf8_bits,80504,,,bit_transition,Positions where the bitstream changes from the previous bit.,42704,run_entropy,gap_order_shuffle,1.669024496621,1.719687837608,0.000580231946,-87.31566982145,87.31566982145,0.038461538462,,"{""name"": ""run_entropy"", ""null_model"": ""gap_order_shuffle"", ""observed"": 1.669024496621, ""null_mean"": 1.719687837608, ""null_std"": 0.000580231946, ""z_score"": -87.31566982145, ""empirical_p"": 0.038461538462, ""null_samples"": 25}"
outputs\corpus_batch_curated\testdata_datasets_parallel_udhr_cy_udhr_cy.json,corpus_batch_curated,,,,cy,parallel_udhr,udhr,,,,,,,,,grapheme,9967,,,whitespace,Whitespace positions.,1687,gap_entropy,density_shuffle,3.480241066126,3.854791395878,0.004294302194,-87.220300946354,87.220300946354,0.038461538462,,"{""name"": ""gap_entropy"", ""null_model"": ""density_shuffle"", ""observed"": 3.480241066126, ""null_mean"": 3.854791395878, ""null_std"": 0.004294302194, ""z_score"": -87.220300946354, ""empirical_p"": 0.038461538462, ""null_samples"": 25}"
outputs\corpus_batch_curated\testdata_datasets_private_parallel_dylan_thomas_prepared_thomas_mesu_text_only.json,corpus_batch_curated,,,,mesu,private_parallel,private_parallel,,,,,,,,,grapheme_class,1002,,,vowel,Positions classified as vowel in the grapheme-class stream.,305,gap_entropy,density_shuffle,1.418014404039,2.864245487769,0.016630672121,-86.961673779513,86.961673779513,0.038461538462,,"{""name"": ""gap_entropy"", ""null_model"": ""density_shuffle"", ""observed"": 1.418014404039, ""null_mean"": 2.864245487769, ""null_std"": 0.016630672121, ""z_score"": -86.961673779513, ""empirical_p"": 0.038461538462, ""null_samples"": 25}"
outputs\corpus_batch_curated\testdata_datasets_parallel_udhr_zh_udhr_zh.json,corpus_batch_curated,,,,zh,parallel_udhr,udhr,,,,,,,,,word_boundary,9859,,,word_boundary,Positions marked as word boundaries after declared whitespace preprocessing.,2428,gap_entropy,markov_1,0.90288165372,2.783686808011,0.022920921926,-82.056261101814,82.056261101814,0.038461538462,,"{""name"": ""gap_entropy"", ""null_model"": ""markov_1"", ""observed"": 0.90288165372, ""null_mean"": 2.783686808011, ""null_std"": 0.022920921926, ""z_score"": -82.056261101814, ""empirical_p"": 0.038461538462, ""null_samples"": 25}"
outputs\corpus_batch_curated\testdata_datasets_controls_random_bits_10k.json,corpus_batch_curated,,,,unknown,controls,controls,,,,,,,,,utf8_bits,80024,,,bit_one,Positions where the bitstream contains 1.,24970,run_entropy,markov_1,1.79314799993,2.526384713984,0.009497509052,-77.203055038875,77.203055038875,0.038461538462,,"{""name"": ""run_entropy"", ""null_model"": ""markov_1"", ""observed"": 1.79314799993, ""null_mean"": 2.526384713984, ""null_std"": 0.009497509052, ""z_score"": -77.203055038875, ""empirical_p"": 0.038461538462, ""null_samples"": 25}"
outputs\corpus_batch_curated\testdata_datasets_parallel_udhr_mesu_udhr_mesu_text_only.json,corpus_batch_curated,,,,mesu,parallel_udhr,udhr,,,,,,,,,grapheme,698,,,vowel,Basic Latin-vowel positions plus common accented vowels.,217,gap_entropy,density_shuffle,1.402282642423,2.814385094461,0.018614694083,-75.859557280931,75.859557280931,0.038461538462,,"{""name"": ""gap_entropy"", ""null_model"": ""density_shuffle"", ""observed"": 1.402282642423, ""null_mean"": 2.814385094461, ""null_std"": 0.018614694083, ""z_score"": -75.859557280931, ""empirical_p"": 0.038461538462, ""null_samples"": 25}"
outputs\corpus_batch_curated\testdata_datasets_controls_random_bits_10k.json,corpus_batch_curated,,,,unknown,controls,controls,,,,,,,,,utf8_bits,80024,,,bit_transition,Positions where the bitstream changes from the previous bit.,29908,prime_gap_affinity,density_shuffle,0.665496372087,0.465198114154,0.002659970014,75.300945822632,75.300945822632,0.038461538462,,"{""name"": ""prime_gap_affinity"", ""null_model"": ""density_shuffle"", ""observed"": 0.665496372087, ""null_mean"": 0.465198114154, ""null_std"": 0.002659970014, ""z_score"": 75.300945822632, ""empirical_p"": 0.038461538462, ""null_samples"": 25}"
outputs\corpus_batch_curated\testdata_datasets_parallel_udhr_zh_udhr_zh_text_only.json,corpus_batch_curated,,,,zh,parallel_udhr,udhr,,,,,,,,,grapheme_class,2989,,,other,Positions classified as other in the grapheme-class stream.,8,zeta_spectral_coherence,markov_2,0.000428149532,4.957294e-06,5.688438e-06,74.395155627104,74.395155627104,0.038461538462,True,"{""name"": ""zeta_spectral_coherence"", ""null_model"": ""markov_2"", ""observed"": 0.000428149532, ""null_mean"": 4.957294e-06, ""null_std"": 5.688438e-06, ""z_score"": 74.395155627104, ""empirical_p"": 0.038461538462, ""null_samples"": 25}"
outputs\corpus_batch_curated\testdata_datasets_parallel_udhr_zh_udhr_zh.json,corpus_batch_curated,,,,zh,parallel_udhr,udhr,,,,,,,,,word_boundary,9859,,,word_boundary,Positions marked as word boundaries after declared whitespace preprocessing.,2428,prime_gap_affinity,markov_1,0.145447053976,0.705869273091,0.007537413871,-74.352056121556,74.352056121556,0.038461538462,,"{""name"": ""prime_gap_affinity"", ""null_model"": ""markov_1"", ""observed"": 0.145447053976, ""null_mean"": 0.705869273091, ""null_std"": 0.007537413871, ""z_score"": -74.352056121556, ""empirical_p"": 0.038461538462, ""null_samples"": 25}"
outputs\corpus_batch_curated\testdata_datasets_controls_random_bits_10k.json,corpus_batch_curated,,,,unknown,controls,controls,,,,,,,,,utf8_bits,80024,,,bit_one,Positions where the bitstream contains 1.,24970,gap_entropy,markov_2,1.922667007377,2.502905936594,0.008007881457,-72.458481350114,72.458481350114,0.038461538462,True,"{""name"": ""gap_entropy"", ""null_model"": ""markov_2"", ""observed"": 1.922667007377, ""null_mean"": 2.502905936594, ""null_std"": 0.008007881457, ""z_score"": -72.458481350114, ""empirical_p"": 0.038461538462, ""null_samples"": 25}"
outputs\corpus_batch_curated\testdata_datasets_parallel_udhr_ja_udhr_ja.json,corpus_batch_curated,,,,ja,parallel_udhr,udhr,,,,,,,,,grapheme_class,3334,,,other,Positions classified as other in the grapheme-class stream.,17,zeta_spectral_coherence,density_shuffle,0.000496796925,9.702492e-06,6.780297e-06,71.839690726585,71.839690726585,0.038461538462,,"{""name"": ""zeta_spectral_coherence"", ""null_model"": ""density_shuffle"", ""observed"": 0.000496796925, ""null_mean"": 9.702492e-06, ""null_std"": 6.780297e-06, ""z_score"": 71.839690726585, ""empirical_p"": 0.038461538462, ""null_samples"": 25}"
outputs\corpus_batch_curated\testdata_datasets_parallel_udhr_ja_udhr_ja.json,corpus_batch_curated,,,,ja,parallel_udhr,udhr,,,,,,,,,grapheme_class,3334,,,other,Positions classified as other in the grapheme-class stream.,17,zeta_spectral_coherence,markov_1,0.000496796925,8.29739e-06,6.844578e-06,71.370294969846,71.370294969846,0.038461538462,,"{""name"": ""zeta_spectral_coherence"", ""null_model"": ""markov_1"", ""observed"": 0.000496796925, ""null_mean"": 8.29739e-06, ""null_std"": 6.844578e-06, ""z_score"": 71.370294969846, ""empirical_p"": 0.038461538462, ""null_samples"": 25}"
outputs\corpus_batch_curated\testdata_datasets_parallel_udhr_xh_udhr_xh.json,corpus_batch_curated,,,,xh,parallel_udhr,udhr,,,,,,,,,grapheme,9942,,,vowel,Basic Latin-vowel positions plus common accented vowels.,3854,run_entropy,density_shuffle,1.004077397439,2.096731150602,0.015340483855,-71.226811586558,71.226811586558,0.038461538462,,"{""name"": ""run_entropy"", ""null_model"": ""density_shuffle"", ""observed"": 1.004077397439, ""null_mean"": 2.096731150602, ""null_std"": 0.015340483855, ""z_score"": -71.226811586558, ""empirical_p"": 0.038461538462, ""null_samples"": 25}"
outputs\corpus_batch_curated\testdata_datasets_parallel_udhr_de_udhr_de_text_only.json,corpus_batch_curated,,,,de,parallel_udhr,udhr,,,,,,,,,utf8_bits,96872,,,bit_transition,Positions where the bitstream changes from the previous bit.,51371,run_entropy,gap_order_shuffle,1.668429659131,1.719898740883,0.000724065053,-71.08350486665,71.08350486665,0.038461538462,,"{""name"": ""run_entropy"", ""null_model"": ""gap_order_shuffle"", ""observed"": 1.668429659131, ""null_mean"": 1.719898740883, ""null_std"": 0.000724065053, ""z_score"": -71.08350486665, ""empirical_p"": 0.038461538462, ""null_samples"": 25}"
outputs\corpus_batch_curated\testdata_datasets_controls_random_bits_10k.json,corpus_batch_curated,,,,unknown,controls,controls,,,,,,,,,utf8_bits,80024,,,bit_transition,Positions where the bitstream changes from the previous bit.,29908,gap_entropy,markov_1,1.793094433278,2.323224691545,0.007499532979,-70.688436163348,70.688436163348,0.038461538462,,"{""name"": ""gap_entropy"", ""null_model"": ""markov_1"", ""observed"": 1.793094433278, ""null_mean"": 2.323224691545, ""null_std"": 0.007499532979, ""z_score"": -70.688436163348, ""empirical_p"": 0.038461538462, ""null_samples"": 25}"
outputs\corpus_batch_curated\testdata_datasets_parallel_udhr_zh_udhr_zh.json,corpus_batch_curated,,,,zh,parallel_udhr,udhr,,,,,,,,,frequency_class,2714,,,hapax,Token positions in frequency class hapax.,21,zeta_spectral_coherence,markov_1,0.000553491961,1.3190499e-05,7.687544e-06,70.282710500622,70.282710500622,0.038461538462,,"{""name"": ""zeta_spectral_coherence"", ""null_model"": ""markov_1"", ""observed"": 0.000553491961, ""null_mean"": 1.3190499e-05, ""null_std"": 7.687544e-06, ""z_score"": 70.282710500622, ""empirical_p"": 0.038461538462, ""null_samples"": 25}"
outputs\corpus_batch_curated\testdata_datasets_parallel_udhr_zh_udhr_zh.json,corpus_batch_curated,,,,zh,parallel_udhr,udhr,,,,,,,,,grapheme_class,9859,,,whitespace,Positions classified as whitespace in the grapheme-class stream.,2428,gap_entropy,markov_1,0.90288165372,2.785700559471,0.026927912725,-69.92071479904,69.92071479904,0.038461538462,,"{""name"": ""gap_entropy"", ""null_model"": ""markov_1"", ""observed"": 0.90288165372, ""null_mean"": 2.785700559471, ""null_std"": 0.026927912725, ""z_score"": -69.92071479904, ""empirical_p"": 0.038461538462, ""null_samples"": 25}"
outputs\corpus_batch_curated\testdata_datasets_parallel_udhr_xh_udhr_xh.json,corpus_batch_curated,,,,xh,parallel_udhr,udhr,,,,,,,,,grapheme_class,9942,,,vowel,Positions classified as vowel in the grapheme-class stream.,3854,prime_gap_affinity,density_shuffle,0.915390604724,0.462174928627,0.006522654031,69.483322881264,69.483322881264,0.038461538462,,"{""name"": ""prime_gap_affinity"", ""null_model"": ""density_shuffle"", ""observed"": 0.915390604724, ""null_mean"": 0.462174928627, ""null_std"": 0.006522654031, ""z_score"": 69.483322881264, ""empirical_p"": 0.038461538462, ""null_samples"": 25}"
outputs\corpus_batch_curated\testdata_datasets_parallel_udhr_xh_udhr_xh.json,corpus_batch_curated,,,,xh,parallel_udhr,udhr,,,,,,,,,grapheme_class,9942,,,vowel,Positions classified as vowel in the grapheme-class stream.,3854,run_entropy,density_shuffle,1.004077397439,2.094600767117,0.015717069716,-69.384649261606,69.384649261606,0.038461538462,,"{""name"": ""run_entropy"", ""null_model"": ""density_shuffle"", ""observed"": 1.004077397439, ""null_mean"": 2.094600767117, ""null_std"": 0.015717069716, ""z_score"": -69.384649261606, ""empirical_p"": 0.038461538462, ""null_samples"": 25}"
outputs\corpus_batch_curated\testdata_datasets_parallel_udhr_mesu_udhr_mesu_text_only.json,corpus_batch_curated,,,,mesu,parallel_udhr,udhr,,,,,,,,,utf8_bits,5584,,,bit_one,Positions where the bitstream contains 1.,2551,gap_entropy,density_shuffle,2.046491205729,2.172357768451,0.001856135361,-67.811090368447,67.811090368447,0.038461538462,,"{""name"": ""gap_entropy"", ""null_model"": ""density_shuffle"", ""observed"": 2.046491205729, ""null_mean"": 2.172357768451, ""null_std"": 0.001856135361, ""z_score"": -67.811090368447, ""empirical_p"": 0.038461538462, ""null_samples"": 25}"
outputs\corpus_batch_curated\testdata_datasets_parallel_udhr_xh_udhr_xh.json,corpus_batch_curated,,,,xh,parallel_udhr,udhr,,,,,,,,,grapheme,9942,,,vowel,Basic Latin-vowel positions plus common accented vowels.,3854,prime_gap_affinity,density_shuffle,0.915390604724,0.462527900337,0.006715183759,67.438616822137,67.438616822137,0.038461538462,,"{""name"": ""prime_gap_affinity"", ""null_model"": ""density_shuffle"", ""observed"": 0.915390604724, ""null_mean"": 0.462527900337, ""null_std"": 0.006715183759, ""z_score"": 67.438616822137, ""empirical_p"": 0.038461538462, ""null_samples"": 25}"
outputs\corpus_batch_curated\testdata_datasets_parallel_udhr_el_udhr_el.json,corpus_batch_curated,,,,el,parallel_udhr,udhr,,,,,,,,,utf8_bits,79984,,,bit_one,Positions where the bitstream contains 1.,44646,run_entropy,gap_order_shuffle,2.107516538415,2.157971353843,0.000753733294,-66.939878944813,66.939878944813,0.038461538462,,"{""name"": ""run_entropy"", ""null_model"": ""gap_order_shuffle"", ""observed"": 2.107516538415, ""null_mean"": 2.157971353843, ""null_std"": 0.000753733294, ""z_score"": -66.939878944813, ""empirical_p"": 0.038461538462, ""null_samples"": 25}"
outputs\corpus_batch_curated\testdata_datasets_parallel_udhr_de_udhr_de.json,corpus_batch_curated,,,,de,parallel_udhr,udhr,,,,,,,,,utf8_bits,80504,,,bit_one,Positions where the bitstream contains 1.,37508,run_entropy,gap_order_shuffle,1.803185481599,1.845496992725,0.000640926541,-66.016163226525,66.016163226525,0.038461538462,,"{""name"": ""run_entropy"", ""null_model"": ""gap_order_shuffle"", ""observed"": 1.803185481599, ""null_mean"": 1.845496992725, ""null_std"": 0.000640926541, ""z_score"": -66.016163226525, ""empirical_p"": 0.038461538462, ""null_samples"": 25}"
outputs\corpus_batch_curated\testdata_datasets_parallel_udhr_zh_udhr_zh.json,corpus_batch_curated,,,,zh,parallel_udhr,udhr,,,,,,,,,grapheme_class,9859,,,whitespace,Positions classified as whitespace in the grapheme-class stream.,2428,prime_gap_affinity,markov_2,0.145447053976,0.658015046526,0.007790059838,-65.797696452937,65.797696452937,0.038461538462,True,"{""name"": ""prime_gap_affinity"", ""null_model"": ""markov_2"", ""observed"": 0.145447053976, ""null_mean"": 0.658015046526, ""null_std"": 0.007790059838, ""z_score"": -65.797696452937, ""empirical_p"": 0.038461538462, ""null_samples"": 25}"
outputs\corpus_batch_curated\testdata_datasets_parallel_udhr_zh_udhr_zh.json,corpus_batch_curated,,,,zh,parallel_udhr,udhr,,,,,,,,,grapheme,9859,,,whitespace,Whitespace positions.,2428,run_entropy,density_shuffle,1.309148988474,2.458261428234,0.017607396536,-65.263052229759,65.263052229759,0.038461538462,,"{""name"": ""run_entropy"", ""null_model"": ""density_shuffle"", ""observed"": 1.309148988474, ""null_mean"": 2.458261428234, ""null_std"": 0.017607396536, ""z_score"": -65.263052229759, ""empirical_p"": 0.038461538462, ""null_samples"": 25}"
outputs\corpus_batch_curated\testdata_datasets_parallel_udhr_sw_udhr_sw.json,corpus_batch_curated,,,,sw,parallel_udhr,udhr,,,,,,,,,grapheme_class,9909,,,vowel,Positions classified as vowel in the grapheme-class stream.,3933,run_entropy,density_shuffle,1.110892090849,2.079505654422,0.014911200187,-64.95879281645,64.95879281645,0.038461538462,,"{""name"": ""run_entropy"", ""null_model"": ""density_shuffle"", ""observed"": 1.110892090849, ""null_mean"": 2.079505654422, ""null_std"": 0.014911200187, ""z_score"": -64.95879281645, ""empirical_p"": 0.038461538462, ""null_samples"": 25}"
outputs\corpus_batch_curated\testdata_datasets_controls_punctuation_noise_udhr_mesu.json,corpus_batch_curated,,,,mesu,controls,controls,,,,,,,,,grapheme,1314,,,punctuation,Punctuation positions under the declared punctuation/hyphen policies.,555,gap_entropy,density_shuffle,1.917958836276,2.307375339865,0.006003986214,-64.859659847082,64.859659847082,0.038461538462,,"{""name"": ""gap_entropy"", ""null_model"": ""density_shuffle"", ""observed"": 1.917958836276, ""null_mean"": 2.307375339865, ""null_std"": 0.006003986214, ""z_score"": -64.859659847082, ""empirical_p"": 0.038461538462, ""null_samples"": 25}"
outputs\corpus_batch_curated\testdata_datasets_parallel_udhr_el_udhr_el.json,corpus_batch_curated,,,,el,parallel_udhr,udhr,,,,,,,,,grapheme_class,5470,,,whitespace,Positions classified as whitespace in the grapheme-class stream.,827,gap_entropy,density_shuffle,3.479224871707,4.011864348249,0.008260612266,-64.479418642378,64.479418642378,0.038461538462,,"{""name"": ""gap_entropy"", ""null_model"": ""density_shuffle"", ""observed"": 3.479224871707, ""null_mean"": 4.011864348249, ""null_std"": 0.008260612266, ""z_score"": -64.479418642378, ""empirical_p"": 0.038461538462, ""null_samples"": 25}"
outputs\corpus_batch_curated\testdata_datasets_parallel_udhr_sw_udhr_sw.json,corpus_batch_curated,,,,sw,parallel_udhr,udhr,,,,,,,,,grapheme_class,9909,,,vowel,Positions classified as vowel in the grapheme-class stream.,3933,prime_gap_affinity,density_shuffle,0.840284842319,0.459491353001,0.00591656169,64.360604907162,64.360604907162,0.038461538462,,"{""name"": ""prime_gap_affinity"", ""null_model"": ""density_shuffle"", ""observed"": 0.840284842319, ""null_mean"": 0.459491353001, ""null_std"": 0.00591656169, ""z_score"": 64.360604907162, ""empirical_p"": 0.038461538462, ""null_samples"": 25}"
outputs\corpus_batch_curated\testdata_datasets_parallel_udhr_zh_udhr_zh.json,corpus_batch_curated,,,,zh,parallel_udhr,udhr,,,,,,,,,word_boundary,9859,,,word_boundary,Positions marked as word boundaries after declared whitespace preprocessing.,2428,run_entropy,markov_2,1.309148988474,2.023592438876,0.011182969574,-63.886738283344,63.886738283344,0.038461538462,True,"{""name"": ""run_entropy"", ""null_model"": ""markov_2"", ""observed"": 1.309148988474, ""null_mean"": 2.023592438876, ""null_std"": 0.011182969574, ""z_score"": -63.886738283344, ""empirical_p"": 0.038461538462, ""null_samples"": 25}"
outputs\corpus_batch_curated\testdata_datasets_parallel_udhr_zh_udhr_zh.json,corpus_batch_curated,,,,zh,parallel_udhr,udhr,,,,,,,,,grapheme_class,9859,,,whitespace,Positions classified as whitespace in the grapheme-class stream.,2428,prime_gap_affinity,markov_1,0.145447053976,0.705320581493,0.008779107431,-63.773399738491,63.773399738491,0.038461538462,,"{""name"": ""prime_gap_affinity"", ""null_model"": ""markov_1"", ""observed"": 0.145447053976, ""null_mean"": 0.705320581493, ""null_std"": 0.008779107431, ""z_score"": -63.773399738491, ""empirical_p"": 0.038461538462, ""null_samples"": 25}"
outputs\corpus_batch_curated\testdata_datasets_parallel_udhr_ja_udhr_ja.json,corpus_batch_curated,,,,ja,parallel_udhr,udhr,,,,,,,,,grapheme_class,3334,,,other,Positions classified as other in the grapheme-class stream.,17,zeta_spectral_coherence,markov_2,0.000496796925,8.863504e-06,7.68991e-06,63.451126149648,63.451126149648,0.038461538462,True,"{""name"": ""zeta_spectral_coherence"", ""null_model"": ""markov_2"", ""observed"": 0.000496796925, ""null_mean"": 8.863504e-06, ""null_std"": 7.68991e-06, ""z_score"": 63.451126149648, ""empirical_p"": 0.038461538462, ""null_samples"": 25}"
outputs\corpus_batch_curated\testdata_datasets_controls_punctuation_noise_udhr_mesu.json,corpus_batch_curated,,,,mesu,controls,controls,,,,,,,,,grapheme,1314,,,whitespace,Whitespace positions.,299,gap_entropy,density_shuffle,2.109175019449,3.329176762196,0.019320924992,-63.144064956576,63.144064956576,0.038461538462,,"{""name"": ""gap_entropy"", ""null_model"": ""density_shuffle"", ""observed"": 2.109175019449, ""null_mean"": 3.329176762196, ""null_std"": 0.019320924992, ""z_score"": -63.144064956576, ""empirical_p"": 0.038461538462, ""null_samples"": 25}"
outputs\corpus_batch_curated\testdata_datasets_parallel_udhr_mesu_udhr_mesu_text_only.json,corpus_batch_curated,,,,mesu,parallel_udhr,udhr,,,,,,,,,grapheme_class,698,,,vowel,Positions classified as vowel in the grapheme-class stream.,217,gap_entropy,density_shuffle,1.402282642423,2.812762450896,0.022447959797,-62.833318537838,62.833318537838,0.038461538462,,"{""name"": ""gap_entropy"", ""null_model"": ""density_shuffle"", ""observed"": 1.402282642423, ""null_mean"": 2.812762450896, ""null_std"": 0.022447959797, ""z_score"": -62.833318537838, ""empirical_p"": 0.038461538462, ""null_samples"": 25}"
outputs\corpus_batch_curated\testdata_datasets_parallel_udhr_cy_udhr_cy.json,corpus_batch_curated,,,,cy,parallel_udhr,udhr,,,,,,,,,utf8_bits,80000,,,bit_transition,Positions where the bitstream changes from the previous bit.,39571,run_entropy,gap_order_shuffle,1.676626684308,1.727118397537,0.000805550239,-62.67978184501,62.67978184501,0.038461538462,,"{""name"": ""run_entropy"", ""null_model"": ""gap_order_shuffle"", ""observed"": 1.676626684308, ""null_mean"": 1.727118397537, ""null_std"": 0.000805550239, ""z_score"": -62.67978184501, ""empirical_p"": 0.038461538462, ""null_samples"": 25}"
outputs\corpus_batch_curated\testdata_datasets_parallel_udhr_zh_udhr_zh.json,corpus_batch_curated,,,,zh,parallel_udhr,udhr,,,,,,,,,word_boundary,9859,,,word_boundary,Positions marked as word boundaries after declared whitespace preprocessing.,2428,run_entropy,density_shuffle,1.309148988474,2.46173330411,0.018403080384,-62.62996691628,62.62996691628,0.038461538462,,"{""name"": ""run_entropy"", ""null_model"": ""density_shuffle"", ""observed"": 1.309148988474, ""null_mean"": 2.46173330411, ""null_std"": 0.018403080384, ""z_score"": -62.62996691628, ""empirical_p"": 0.038461538462, ""null_samples"": 25}"
outputs\corpus_batch_curated\testdata_datasets_parallel_udhr_zh_udhr_zh.json,corpus_batch_curated,,,,zh,parallel_udhr,udhr,,,,,,,,,grapheme,9859,,,whitespace,Whitespace positions.,2428,prime_gap_affinity,markov_1,0.145447053976,0.706648576495,0.009127163365,-61.486959320531,61.486959320531,0.038461538462,,"{""name"": ""prime_gap_affinity"", ""null_model"": ""markov_1"", ""observed"": 0.145447053976, ""null_mean"": 0.706648576495, ""null_std"": 0.009127163365, ""z_score"": -61.486959320531, ""empirical_p"": 0.038461538462, ""null_samples"": 25}"
outputs\corpus_batch_curated\testdata_datasets_parallel_udhr_el_udhr_el.json,corpus_batch_curated,,,,el,parallel_udhr,udhr,,,,,,,,,grapheme,5470,,,whitespace,Whitespace positions.,827,gap_entropy,density_shuffle,3.479224871707,4.013322718261,0.008737792176,-61.125034310354,61.125034310354,0.038461538462,,"{""name"": ""gap_entropy"", ""null_model"": ""density_shuffle"", ""observed"": 3.479224871707, ""null_mean"": 4.013322718261, ""null_std"": 0.008737792176, ""z_score"": -61.125034310354, ""empirical_p"": 0.038461538462, ""null_samples"": 25}"
outputs\corpus_batch_curated\testdata_datasets_parallel_udhr_zh_udhr_zh.json,corpus_batch_curated,,,,zh,parallel_udhr,udhr,,,,,,,,,grapheme,9859,,,whitespace,Whitespace positions.,2428,prime_gap_affinity,markov_2,0.145447053976,0.656680684804,0.008366200931,-61.10702277591,61.10702277591,0.038461538462,True,"{""name"": ""prime_gap_affinity"", ""null_model"": ""markov_2"", ""observed"": 0.145447053976, ""null_mean"": 0.656680684804, ""null_std"": 0.008366200931, ""z_score"": -61.10702277591, ""empirical_p"": 0.038461538462, ""null_samples"": 25}"
outputs\corpus_batch_curated\testdata_datasets_parallel_udhr_zh_udhr_zh.json,corpus_batch_curated,,,,zh,parallel_udhr,udhr,,,,,,,,,grapheme,9859,,,whitespace,Whitespace positions.,2428,gap_entropy,markov_1,0.90288165372,2.78645090636,0.031079627213,-60.60462822631,60.60462822631,0.038461538462,,"{""name"": ""gap_entropy"", ""null_model"": ""markov_1"", ""observed"": 0.90288165372, ""null_mean"": 2.78645090636, ""null_std"": 0.031079627213, ""z_score"": -60.60462822631, ""empirical_p"": 0.038461538462, ""null_samples"": 25}"
outputs\corpus_batch_curated\testdata_datasets_controls_punctuation_noise_udhr_mesu.json,corpus_batch_curated,,,,mesu,controls,controls,,,,,,,,,grapheme_class,1314,,,whitespace,Positions classified as whitespace in the grapheme-class stream.,299,gap_entropy,density_shuffle,2.109175019449,3.331700661847,0.020207550862,-60.498456777505,60.498456777505,0.038461538462,,"{""name"": ""gap_entropy"", ""null_model"": ""density_shuffle"", ""observed"": 2.109175019449, ""null_mean"": 3.331700661847, ""null_std"": 0.020207550862, ""z_score"": -60.498456777505, ""empirical_p"": 0.038461538462, ""null_samples"": 25}"
outputs\corpus_batch_curated\testdata_datasets_parallel_udhr_la_udhr_la.json,corpus_batch_curated,,,,la,parallel_udhr,udhr,,,,,,,,,utf8_bits,79496,,,bit_transition,Positions where the bitstream changes from the previous bit.,42846,run_entropy,gap_order_shuffle,1.759562162321,1.797251755269,0.00063046722,-59.78041641059,59.78041641059,0.038461538462,,"{""name"": ""run_entropy"", ""null_model"": ""gap_order_shuffle"", ""observed"": 1.759562162321, ""null_mean"": 1.797251755269, ""null_std"": 0.00063046722, ""z_score"": -59.78041641059, ""empirical_p"": 0.038461538462, ""null_samples"": 25}"
outputs\corpus_batch_curated\testdata_datasets_parallel_udhr_he_udhr_he.json,corpus_batch_curated,,,,he,parallel_udhr,udhr,,,,,,,,,grapheme_class,5572,,,consonant,Positions classified as consonant in the grapheme-class stream.,4383,gap_entropy,density_shuffle,0.915594091832,0.949797860988,0.000575208202,-59.463284794665,59.463284794665,0.038461538462,,"{""name"": ""gap_entropy"", ""null_model"": ""density_shuffle"", ""observed"": 0.915594091832, ""null_mean"": 0.949797860988, ""null_std"": 0.000575208202, ""z_score"": -59.463284794665, ""empirical_p"": 0.038461538462, ""null_samples"": 25}"
outputs\corpus_batch_curated\testdata_datasets_private_parallel_dylan_thomas_prepared_thomas_mesu_text_only.json,corpus_batch_curated,,,,mesu,private_parallel,private_parallel,,,,,,,,,grapheme,1002,,,consonant,Alphabetic non-vowel positions under the MVP classifier.,350,gap_entropy,density_shuffle,1.914406904357,2.635449747077,0.012292547748,-58.656908031033,58.656908031033,0.038461538462,,"{""name"": ""gap_entropy"", ""null_model"": ""density_shuffle"", ""observed"": 1.914406904357, ""null_mean"": 2.635449747077, ""null_std"": 0.012292547748, ""z_score"": -58.656908031033, ""empirical_p"": 0.038461538462, ""null_samples"": 25}"
outputs\corpus_batch_curated\testdata_datasets_parallel_udhr_zh_udhr_zh.json,corpus_batch_curated,,,,zh,parallel_udhr,udhr,,,,,,,,,grapheme,9859,,,vowel,Basic Latin-vowel positions plus common accented vowels.,2151,prime_gap_affinity,markov_1,0.115813953488,0.661894532412,0.009684568582,-56.386670640162,56.386670640162,0.038461538462,,"{""name"": ""prime_gap_affinity"", ""null_model"": ""markov_1"", ""observed"": 0.115813953488, ""null_mean"": 0.661894532412, ""null_std"": 0.009684568582, ""z_score"": -56.386670640162, ""empirical_p"": 0.038461538462, ""null_samples"": 25}"
outputs\corpus_batch_curated\testdata_datasets_parallel_udhr_is_udhr_is.json,corpus_batch_curated,,,,is,parallel_udhr,udhr,,,,,,,,,utf8_bits,87624,,,bit_transition,Positions where the bitstream changes from the previous bit.,43781,run_entropy,density_shuffle,1.702754339987,2.003068516894,0.005344916817,-56.186875719521,56.186875719521,0.038461538462,,"{""name"": ""run_entropy"", ""null_model"": ""density_shuffle"", ""observed"": 1.702754339987, ""null_mean"": 2.003068516894, ""null_std"": 0.005344916817, ""z_score"": -56.186875719521, ""empirical_p"": 0.038461538462, ""null_samples"": 25}"
outputs\corpus_batch_curated\testdata_datasets_controls_duplicated_udhr_mesu.json,corpus_batch_curated,,,,mesu,controls,controls,,,,,,,,,word_boundary,2096,,,word_boundary,Positions marked as word boundaries after declared whitespace preprocessing.,437,gap_entropy,density_shuffle,2.896741885045,3.492841047104,0.010648757248,-55.978284428219,55.978284428219,0.038461538462,,"{""name"": ""gap_entropy"", ""null_model"": ""density_shuffle"", ""observed"": 2.896741885045, ""null_mean"": 3.492841047104, ""null_std"": 0.010648757248, ""z_score"": -55.978284428219, ""empirical_p"": 0.038461538462, ""null_samples"": 25}"
outputs\corpus_batch_curated\testdata_datasets_private_parallel_dylan_thomas_prepared_thomas_mesu_text_only.json,corpus_batch_curated,,,,mesu,private_parallel,private_parallel,,,,,,,,,grapheme_class,1002,,,consonant,Positions classified as consonant in the grapheme-class stream.,350,gap_entropy,density_shuffle,1.914406904357,2.636077314839,0.012936152924,-55.787096421879,55.787096421879,0.038461538462,,"{""name"": ""gap_entropy"", ""null_model"": ""density_shuffle"", ""observed"": 1.914406904357, ""null_mean"": 2.636077314839, ""null_std"": 0.012936152924, ""z_score"": -55.787096421879, ""empirical_p"": 0.038461538462, ""null_samples"": 25}"
outputs\corpus_batch_curated\testdata_datasets_controls_random_bits_10k.json,corpus_batch_curated,,,,unknown,controls,controls,,,,,,,,,utf8_bits,80024,,,bit_transition,Positions where the bitstream changes from the previous bit.,29908,gap_entropy,markov_2,1.793094433278,2.273427985277,0.008633755876,-55.634368045259,55.634368045259,0.038461538462,True,"{""name"": ""gap_entropy"", ""null_model"": ""markov_2"", ""observed"": 1.793094433278, ""null_mean"": 2.273427985277, ""null_std"": 0.008633755876, ""z_score"": -55.634368045259, ""empirical_p"": 0.038461538462, ""null_samples"": 25}"
outputs\corpus_batch_curated\testdata_datasets_parallel_udhr_el_udhr_el.json,corpus_batch_curated,,,,el,parallel_udhr,udhr,,,,,,,,,grapheme_class,5470,,,other,Positions classified as other in the grapheme-class stream.,1,zeta_spectral_coherence,density_shuffle,0.000182898265,8.97964e-07,3.302807e-06,55.1047364881,55.1047364881,0.038461538462,,"{""name"": ""zeta_spectral_coherence"", ""null_model"": ""density_shuffle"", ""observed"": 0.000182898265, ""null_mean"": 8.97964e-07, ""null_std"": 3.302807e-06, ""z_score"": 55.1047364881, ""empirical_p"": 0.038461538462, ""null_samples"": 25}"
outputs\corpus_batch_curated\testdata_datasets_parallel_udhr_es_udhr_es.json,corpus_batch_curated,,,,es,parallel_udhr,udhr,,,,,,,,,utf8_bits,80544,,,bit_one,Positions where the bitstream contains 1.,36899,run_entropy,gap_order_shuffle,1.877721635629,1.92406114605,0.000850700311,-54.472191704124,54.472191704124,0.038461538462,,"{""name"": ""run_entropy"", ""null_model"": ""gap_order_shuffle"", ""observed"": 1.877721635629, ""null_mean"": 1.92406114605, ""null_std"": 0.000850700311, ""z_score"": -54.472191704124, ""empirical_p"": 0.038461538462, ""null_samples"": 25}"
outputs\corpus_batch_curated\testdata_datasets_parallel_udhr_zh_udhr_zh.json,corpus_batch_curated,,,,zh,parallel_udhr,udhr,,,,,,,,,grapheme,9859,,,vowel,Basic Latin-vowel positions plus common accented vowels.,2151,gap_entropy,markov_1,1.350218986183,3.065295459973,0.031678555661,-54.13998327953,54.13998327953,0.038461538462,,"{""name"": ""gap_entropy"", ""null_model"": ""markov_1"", ""observed"": 1.350218986183, ""null_mean"": 3.065295459973, ""null_std"": 0.031678555661, ""z_score"": -54.13998327953, ""empirical_p"": 0.038461538462, ""null_samples"": 25}"
outputs\corpus_batch_curated\testdata_datasets_parallel_udhr_zh_udhr_zh.json,corpus_batch_curated,,,,zh,parallel_udhr,udhr,,,,,,,,,grapheme_class,9859,,,digit,Positions classified as digit in the grapheme-class stream.,11,gap_entropy,density_shuffle,1.156779649447,3.313928094887,0.04,-53.928711136008,53.928711136008,0.038461538462,,"{""name"": ""gap_entropy"", ""null_model"": ""density_shuffle"", ""observed"": 1.156779649447, ""null_mean"": 3.313928094887, ""null_std"": 0.04, ""z_score"": -53.928711136008, ""empirical_p"": 0.038461538462, ""null_samples"": 25}"
outputs\corpus_batch_curated\testdata_datasets_parallel_udhr_es_udhr_es.json,corpus_batch_curated,,,,es,parallel_udhr,udhr,,,,,,,,,grapheme,9896,,,consonant,Alphabetic non-vowel positions under the MVP classifier.,4353,run_entropy,density_shuffle,1.16660434299,2.026222483001,0.015944705949,-53.912448604984,53.912448604984,0.038461538462,,"{""name"": ""run_entropy"", ""null_model"": ""density_shuffle"", ""observed"": 1.16660434299, ""null_mean"": 2.026222483001, ""null_std"": 0.015944705949, ""z_score"": -53.912448604984, ""empirical_p"": 0.038461538462, ""null_samples"": 25}"
outputs\corpus_batch_curated\testdata_datasets_parallel_udhr_es_udhr_es_text_only.json,corpus_batch_curated,,,,es,parallel_udhr,udhr,,,,,,,,,utf8_bits,97400,,,bit_one,Positions where the bitstream contains 1.,44602,run_entropy,gap_order_shuffle,1.880490925352,1.926669523228,0.000860213502,-53.682716849161,53.682716849161,0.038461538462,,"{""name"": ""run_entropy"", ""null_model"": ""gap_order_shuffle"", ""observed"": 1.880490925352, ""null_mean"": 1.926669523228, ""null_std"": 0.000860213502, ""z_score"": -53.682716849161, ""empirical_p"": 0.038461538462, ""null_samples"": 25}"
outputs\corpus_batch_curated\testdata_datasets_parallel_udhr_mesu_udhr_mesu_text_only.json,corpus_batch_curated,,,,mesu,parallel_udhr,udhr,,,,,,,,,grapheme_class,698,,,consonant,Positions classified as consonant in the grapheme-class stream.,243,gap_entropy,density_shuffle,1.727400626605,2.627654021708,0.016792378752,-53.610831936248,53.610831936248,0.038461538462,,"{""name"": ""gap_entropy"", ""null_model"": ""density_shuffle"", ""observed"": 1.727400626605, ""null_mean"": 2.627654021708, ""null_std"": 0.016792378752, ""z_score"": -53.610831936248, ""empirical_p"": 0.038461538462, ""null_samples"": 25}"
outputs\corpus_batch_curated\testdata_datasets_parallel_udhr_zh_udhr_zh.json,corpus_batch_curated,,,,zh,parallel_udhr,udhr,,,,,,,,,word_boundary,9859,,,word_boundary,Positions marked as word boundaries after declared whitespace preprocessing.,2428,gap_entropy,markov_2,0.90288165372,2.328376654977,0.026819797865,-53.150848058207,53.150848058207,0.038461538462,True,"{""name"": ""gap_entropy"", ""null_model"": ""markov_2"", ""observed"": 0.90288165372, ""null_mean"": 2.328376654977, ""null_std"": 0.026819797865, ""z_score"": -53.150848058207, ""empirical_p"": 0.038461538462, ""null_samples"": 25}"
outputs\corpus_batch_curated\testdata_datasets_controls_punctuation_noise_udhr_mesu.json,corpus_batch_curated,,,,mesu,controls,controls,,,,,,,,,grapheme_class,1314,,,consonant,Positions classified as consonant in the grapheme-class stream.,243,gap_entropy,density_shuffle,2.575126828764,3.632446695856,0.019941077853,-53.02220245557,53.02220245557,0.038461538462,,"{""name"": ""gap_entropy"", ""null_model"": ""density_shuffle"", ""observed"": 2.575126828764, ""null_mean"": 3.632446695856, ""null_std"": 0.019941077853, ""z_score"": -53.02220245557, ""empirical_p"": 0.038461538462, ""null_samples"": 25}"
outputs\corpus_batch_curated\testdata_datasets_controls_duplicated_udhr_mesu.json,corpus_batch_curated,,,,mesu,controls,controls,,,,,,,,,grapheme,2096,,,whitespace,Whitespace positions.,437,gap_entropy,density_shuffle,2.896741885045,3.493015711036,0.011246781688,-53.017284634189,53.017284634189,0.038461538462,,"{""name"": ""gap_entropy"", ""null_model"": ""density_shuffle"", ""observed"": 2.896741885045, ""null_mean"": 3.493015711036, ""null_std"": 0.011246781688, ""z_score"": -53.017284634189, ""empirical_p"": 0.038461538462, ""null_samples"": 25}"
outputs\corpus_batch_curated\testdata_datasets_parallel_udhr_es_udhr_es_text_only.json,corpus_batch_curated,,,,es,parallel_udhr,udhr,,,,,,,,,grapheme,11965,,,consonant,Alphabetic non-vowel positions under the MVP classifier.,5298,prime_gap_affinity,density_shuffle,0.757787426845,0.440037757221,0.006051058524,52.511419008672,52.511419008672,0.038461538462,,"{""name"": ""prime_gap_affinity"", ""null_model"": ""density_shuffle"", ""observed"": 0.757787426845, ""null_mean"": 0.440037757221, ""null_std"": 0.006051058524, ""z_score"": 52.511419008672, ""empirical_p"": 0.038461538462, ""null_samples"": 25}"
outputs\corpus_batch_curated\testdata_datasets_parallel_udhr_zh_udhr_zh.json,corpus_batch_curated,,,,zh,parallel_udhr,udhr,,,,,,,,,grapheme_class,9859,,,vowel,Positions classified as vowel in the grapheme-class stream.,2151,prime_gap_affinity,markov_1,0.115813953488,0.666968530601,0.010511573322,-52.433119212953,52.433119212953,0.038461538462,,"{""name"": ""prime_gap_affinity"", ""null_model"": ""markov_1"", ""observed"": 0.115813953488, ""null_mean"": 0.666968530601, ""null_std"": 0.010511573322, ""z_score"": -52.433119212953, ""empirical_p"": 0.038461538462, ""null_samples"": 25}"
outputs\corpus_batch_curated\testdata_datasets_parallel_udhr_sw_udhr_sw.json,corpus_batch_curated,,,,sw,parallel_udhr,udhr,,,,,,,,,grapheme,9909,,,vowel,Basic Latin-vowel positions plus common accented vowels.,3933,run_entropy,density_shuffle,1.110892090849,2.087404967658,0.018626262177,-52.426668729701,52.426668729701,0.038461538462,,"{""name"": ""run_entropy"", ""null_model"": ""density_shuffle"", ""observed"": 1.110892090849, ""null_mean"": 2.087404967658, ""null_std"": 0.018626262177, ""z_score"": -52.426668729701, ""empirical_p"": 0.038461538462, ""null_samples"": 25}"
outputs\corpus_batch_curated\testdata_datasets_parallel_udhr_zh_udhr_zh.json,corpus_batch_curated,,,,zh,parallel_udhr,udhr,,,,,,,,,grapheme,9859,,,whitespace,Whitespace positions.,2428,gap_entropy,markov_2,0.90288165372,2.335819617514,0.027490771937,-52.124326194913,52.124326194913,0.038461538462,True,"{""name"": ""gap_entropy"", ""null_model"": ""markov_2"", ""observed"": 0.90288165372, ""null_mean"": 2.335819617514, ""null_std"": 0.027490771937, ""z_score"": -52.124326194913, ""empirical_p"": 0.038461538462, ""null_samples"": 25}"
outputs\corpus_batch_curated\testdata_datasets_parallel_udhr_zh_udhr_zh.json,corpus_batch_curated,,,,zh,parallel_udhr,udhr,,,,,,,,,grapheme,9859,,,whitespace,Whitespace positions.,2428,run_entropy,markov_2,1.309148988474,2.022021157461,0.013677876134,-52.11863026151,52.11863026151,0.038461538462,True,"{""name"": ""run_entropy"", ""null_model"": ""markov_2"", ""observed"": 1.309148988474, ""null_mean"": 2.022021157461, ""null_std"": 0.013677876134, ""z_score"": -52.11863026151, ""empirical_p"": 0.038461538462, ""null_samples"": 25}"
outputs\corpus_batch_curated\testdata_datasets_parallel_udhr_he_udhr_he.json,corpus_batch_curated,,,,he,parallel_udhr,udhr,,,,,,,,,grapheme,5572,,,consonant,Alphabetic non-vowel positions under the MVP classifier.,4383,gap_entropy,density_shuffle,0.915594091832,0.94981495317,0.000660548603,-51.806727263534,51.806727263534,0.038461538462,,"{""name"": ""gap_entropy"", ""null_model"": ""density_shuffle"", ""observed"": 0.915594091832, ""null_mean"": 0.94981495317, ""null_std"": 0.000660548603, ""z_score"": -51.806727263534, ""empirical_p"": 0.038461538462, ""null_samples"": 25}"
outputs\corpus_batch_curated\testdata_datasets_parallel_udhr_zh_udhr_zh.json,corpus_batch_curated,,,,zh,parallel_udhr,udhr,,,,,,,,,grapheme,9859,,,vowel,Basic Latin-vowel positions plus common accented vowels.,2151,run_entropy,density_shuffle,1.66053085887,2.570842322483,0.017638417818,-51.609587265544,51.609587265544,0.038461538462,,"{""name"": ""run_entropy"", ""null_model"": ""density_shuffle"", ""observed"": 1.66053085887, ""null_mean"": 2.570842322483, ""null_std"": 0.017638417818, ""z_score"": -51.609587265544, ""empirical_p"": 0.038461538462, ""null_samples"": 25}"
outputs\corpus_batch_curated\testdata_datasets_parallel_udhr_es_udhr_es_text_only.json,corpus_batch_curated,,,,es,parallel_udhr,udhr,,,,,,,,,utf8_bits,97400,,,bit_transition,Positions where the bitstream changes from the previous bit.,49471,run_entropy,density_shuffle,1.665324648102,1.998554094027,0.006456954468,-51.607835794084,51.607835794084,0.038461538462,,"{""name"": ""run_entropy"", ""null_model"": ""density_shuffle"", ""observed"": 1.665324648102, ""null_mean"": 1.998554094027, ""null_std"": 0.006456954468, ""z_score"": -51.607835794084, ""empirical_p"": 0.038461538462, ""null_samples"": 25}"
outputs\corpus_batch_curated\testdata_datasets_parallel_udhr_sw_udhr_sw.json,corpus_batch_curated,,,,sw,parallel_udhr,udhr,,,,,,,,,grapheme,9909,,,consonant,Alphabetic non-vowel positions under the MVP classifier.,4045,run_entropy,density_shuffle,1.268335590883,2.062530533376,0.015399809465,-51.571738228404,51.571738228404,0.038461538462,,"{""name"": ""run_entropy"", ""null_model"": ""density_shuffle"", ""observed"": 1.268335590883, ""null_mean"": 2.062530533376, ""null_std"": 0.015399809465, ""z_score"": -51.571738228404, ""empirical_p"": 0.038461538462, ""null_samples"": 25}"
outputs\corpus_batch_curated\testdata_datasets_parallel_udhr_sw_udhr_sw.json,corpus_batch_curated,,,,sw,parallel_udhr,udhr,,,,,,,,,grapheme,9909,,,vowel,Basic Latin-vowel positions plus common accented vowels.,3933,prime_gap_affinity,density_shuffle,0.840284842319,0.455462868769,0.007610011886,50.567854469484,50.567854469484,0.038461538462,,"{""name"": ""prime_gap_affinity"", ""null_model"": ""density_shuffle"", ""observed"": 0.840284842319, ""null_mean"": 0.455462868769, ""null_std"": 0.007610011886, ""z_score"": 50.567854469484, ""empirical_p"": 0.038461538462, ""null_samples"": 25}"
outputs\corpus_batch_curated\testdata_datasets_parallel_udhr_en_udhr_en_text_only.json,corpus_batch_curated,,,,en,parallel_udhr,udhr,,,,,,,,,utf8_bits,85120,,,bit_transition,Positions where the bitstream changes from the previous bit.,43141,run_entropy,density_shuffle,1.702107290665,1.999878311424,0.005907484754,-50.405719722742,50.405719722742,0.038461538462,,"{""name"": ""run_entropy"", ""null_model"": ""density_shuffle"", ""observed"": 1.702107290665, ""null_mean"": 1.999878311424, ""null_std"": 0.005907484754, ""z_score"": -50.405719722742, ""empirical_p"": 0.038461538462, ""null_samples"": 25}"
outputs\corpus_batch_curated\testdata_datasets_controls_random_bits_10k.json,corpus_batch_curated,,,,unknown,controls,controls,,,,,,,,,utf8_bits,80024,,,bit_one,Positions where the bitstream contains 1.,24970,run_entropy,markov_2,1.79314799993,2.245339421039,0.00899234464,-50.286264505474,50.286264505474,0.038461538462,True,"{""name"": ""run_entropy"", ""null_model"": ""markov_2"", ""observed"": 1.79314799993, ""null_mean"": 2.245339421039, ""null_std"": 0.00899234464, ""z_score"": -50.286264505474, ""empirical_p"": 0.038461538462, ""null_samples"": 25}"
outputs\corpus_batch_curated\testdata_datasets_controls_random_bits_10k.json,corpus_batch_curated,,,,unknown,controls,controls,,,,,,,,,utf8_bits,80024,,,bit_transition,Positions where the bitstream changes from the previous bit.,29908,run_entropy,markov_1,1.158009720562,1.516043273897,0.007141111257,-50.136952143705,50.136952143705,0.038461538462,,"{""name"": ""run_entropy"", ""null_model"": ""markov_1"", ""observed"": 1.158009720562, ""null_mean"": 1.516043273897, ""null_std"": 0.007141111257, ""z_score"": -50.136952143705, ""empirical_p"": 0.038461538462, ""null_samples"": 25}"
outputs\corpus_batch_curated\testdata_datasets_parallel_udhr_es_udhr_es_text_only.json,corpus_batch_curated,,,,es,parallel_udhr,udhr,,,,,,,,,grapheme,11965,,,consonant,Alphabetic non-vowel positions under the MVP classifier.,5298,run_entropy,density_shuffle,1.145265048613,2.026039284331,0.017667952515,-49.851517032653,49.851517032653,0.038461538462,,"{""name"": ""run_entropy"", ""null_model"": ""density_shuffle"", ""observed"": 1.145265048613, ""null_mean"": 2.026039284331, ""null_std"": 0.017667952515, ""z_score"": -49.851517032653, ""empirical_p"": 0.038461538462, ""null_samples"": 25}"
outputs\corpus_batch_curated\testdata_datasets_parallel_udhr_zh_udhr_zh.json,corpus_batch_curated,,,,zh,parallel_udhr,udhr,,,,,,,,,grapheme_class,9859,,,other,Positions classified as other in the grapheme-class stream.,4440,run_entropy,markov_1,0.964591749628,2.056031863743,0.022252350744,-49.048306251249,49.048306251249,0.038461538462,,"{""name"": ""run_entropy"", ""null_model"": ""markov_1"", ""observed"": 0.964591749628, ""null_mean"": 2.056031863743, ""null_std"": 0.022252350744, ""z_score"": -49.048306251249, ""empirical_p"": 0.038461538462, ""null_samples"": 25}"
outputs\corpus_batch_curated\testdata_datasets_parallel_udhr_de_udhr_de_text_only.json,corpus_batch_curated,,,,de,parallel_udhr,udhr,,,,,,,,,utf8_bits,96872,,,bit_transition,Positions where the bitstream changes from the previous bit.,51371,run_entropy,density_shuffle,1.668429659131,2.00752419421,0.00691741525,-49.020410485645,49.020410485645,0.038461538462,,"{""name"": ""run_entropy"", ""null_model"": ""density_shuffle"", ""observed"": 1.668429659131, ""null_mean"": 2.00752419421, ""null_std"": 0.00691741525, ""z_score"": -49.020410485645, ""empirical_p"": 0.038461538462, ""null_samples"": 25}"
outputs\corpus_batch_curated\testdata_datasets_parallel_udhr_zh_udhr_zh_text_only.json,corpus_batch_curated,,,,zh,parallel_udhr,udhr,,,,,,,,,grapheme,2989,,,digit,ASCII digit positions.,11,zeta_spectral_coherence,density_shuffle,0.000376717558,7.832773e-06,7.542475e-06,48.907658166343,48.907658166343,0.038461538462,,"{""name"": ""zeta_spectral_coherence"", ""null_model"": ""density_shuffle"", ""observed"": 0.000376717558, ""null_mean"": 7.832773e-06, ""null_std"": 7.542475e-06, ""z_score"": 48.907658166343, ""empirical_p"": 0.038461538462, ""null_samples"": 25}"
outputs\corpus_batch_curated\testdata_datasets_parallel_udhr_sw_udhr_sw.json,corpus_batch_curated,,,,sw,parallel_udhr,udhr,,,,,,,,,utf8_bits,79272,,,bit_one,Positions where the bitstream contains 1.,35855,prime_gap_affinity,density_shuffle,0.554833491382,0.437709600045,0.002399938903,48.802863777695,48.802863777695,0.038461538462,,"{""name"": ""prime_gap_affinity"", ""null_model"": ""density_shuffle"", ""observed"": 0.554833491382, ""null_mean"": 0.437709600045, ""null_std"": 0.002399938903, ""z_score"": 48.802863777695, ""empirical_p"": 0.038461538462, ""null_samples"": 25}"
outputs\corpus_batch_curated\testdata_datasets_parallel_udhr_mesu_udhr_mesu_text_only.json,corpus_batch_curated,,,,mesu,parallel_udhr,udhr,,,,,,,,,grapheme,698,,,consonant,Alphabetic non-vowel positions under the MVP classifier.,243,gap_entropy,density_shuffle,1.727400626605,2.626643108877,0.018477353081,-48.667278172054,48.667278172054,0.038461538462,,"{""name"": ""gap_entropy"", ""null_model"": ""density_shuffle"", ""observed"": 1.727400626605, ""null_mean"": 2.626643108877, ""null_std"": 0.018477353081, ""z_score"": -48.667278172054, ""empirical_p"": 0.038461538462, ""null_samples"": 25}"
outputs\corpus_batch_curated\testdata_datasets_parallel_udhr_ru_udhr_ru.json,corpus_batch_curated,,,,ru,parallel_udhr,udhr,,,,,,,,,grapheme,5419,,,vowel,Basic Latin-vowel positions plus common accented vowels.,3,zeta_spectral_coherence,markov_2,2.1031467e-05,3.89455e-07,4.25954e-07,48.460659634473,48.460659634473,0.038461538462,True,"{""name"": ""zeta_spectral_coherence"", ""null_model"": ""markov_2"", ""observed"": 2.1031467e-05, ""null_mean"": 3.89455e-07, ""null_std"": 4.25954e-07, ""z_score"": 48.460659634473, ""empirical_p"": 0.038461538462, ""null_samples"": 25}"
outputs\corpus_batch_curated\testdata_datasets_parallel_udhr_la_udhr_la.json,corpus_batch_curated,,,,la,parallel_udhr,udhr,,,,,,,,,grapheme_class,9937,,,consonant,Positions classified as consonant in the grapheme-class stream.,4419,prime_gap_affinity,density_shuffle,0.736532367587,0.439782707107,0.006139062242,48.337946217252,48.337946217252,0.038461538462,,"{""name"": ""prime_gap_affinity"", ""null_model"": ""density_shuffle"", ""observed"": 0.736532367587, ""null_mean"": 0.439782707107, ""null_std"": 0.006139062242, ""z_score"": 48.337946217252, ""empirical_p"": 0.038461538462, ""null_samples"": 25}"
outputs\corpus_batch_curated\testdata_datasets_parallel_udhr_zh_udhr_zh.json,corpus_batch_curated,,,,zh,parallel_udhr,udhr,,,,,,,,,grapheme_class,9859,,,other,Positions classified as other in the grapheme-class stream.,4440,run_entropy,density_shuffle,0.964591749628,2.013634554688,0.021742282044,-48.248974185307,48.248974185307,0.038461538462,,"{""name"": ""run_entropy"", ""null_model"": ""density_shuffle"", ""observed"": 0.964591749628, ""null_mean"": 2.013634554688, ""null_std"": 0.021742282044, ""z_score"": -48.248974185307, ""empirical_p"": 0.038461538462, ""null_samples"": 25}"
outputs\corpus_batch_curated\testdata_datasets_parallel_udhr_zh_udhr_zh.json,corpus_batch_curated,,,,zh,parallel_udhr,udhr,,,,,,,,,grapheme_class,9859,,,vowel,Positions classified as vowel in the grapheme-class stream.,2151,gap_entropy,markov_1,1.350218986183,3.058193395011,0.035502655015,-48.108357194882,48.108357194882,0.038461538462,,"{""name"": ""gap_entropy"", ""null_model"": ""markov_1"", ""observed"": 1.350218986183, ""null_mean"": 3.058193395011, ""null_std"": 0.035502655015, ""z_score"": -48.108357194882, ""empirical_p"": 0.038461538462, ""null_samples"": 25}"
outputs\corpus_batch_curated\testdata_datasets_parallel_udhr_en_udhr_en.json,corpus_batch_curated,,,,en,parallel_udhr,udhr,,,,,,,,,grapheme,9888,,,consonant,Alphabetic non-vowel positions under the MVP classifier.,4912,run_entropy,gap_order_shuffle,1.260545525125,1.306458389305,0.000954964435,-48.078088033981,48.078088033981,0.038461538462,,"{""name"": ""run_entropy"", ""null_model"": ""gap_order_shuffle"", ""observed"": 1.260545525125, ""null_mean"": 1.306458389305, ""null_std"": 0.000954964435, ""z_score"": -48.078088033981, ""empirical_p"": 0.038461538462, ""null_samples"": 25}"
outputs\corpus_batch_curated\testdata_datasets_parallel_udhr_cy_udhr_cy.json,corpus_batch_curated,,,,cy,parallel_udhr,udhr,,,,,,,,,utf8_bits,80000,,,bit_transition,Positions where the bitstream changes from the previous bit.,39571,run_entropy,density_shuffle,1.676626684308,2.004445825488,0.006821792995,-48.054689054088,48.054689054088,0.038461538462,,"{""name"": ""run_entropy"", ""null_model"": ""density_shuffle"", ""observed"": 1.676626684308, ""null_mean"": 2.004445825488, ""null_std"": 0.006821792995, ""z_score"": -48.054689054088, ""empirical_p"": 0.038461538462, ""null_samples"": 25}"
outputs\corpus_batch_curated\testdata_datasets_parallel_udhr_cy_udhr_cy.json,corpus_batch_curated,,,,cy,parallel_udhr,udhr,,,,,,,,,utf8_bits,80000,,,bit_one,Positions where the bitstream contains 1.,35977,run_entropy,gap_order_shuffle,1.93253633875,1.975603239082,0.000899997472,-47.852245908692,47.852245908692,0.038461538462,,"{""name"": ""run_entropy"", ""null_model"": ""gap_order_shuffle"", ""observed"": 1.93253633875, ""null_mean"": 1.975603239082, ""null_std"": 0.000899997472, ""z_score"": -47.852245908692, ""empirical_p"": 0.038461538462, ""null_samples"": 25}"
outputs\corpus_batch_curated\testdata_datasets_parallel_udhr_de_udhr_de_text_only.json,corpus_batch_curated,,,,de,parallel_udhr,udhr,,,,,,,,,utf8_bits,96872,,,bit_one,Positions where the bitstream contains 1.,45143,run_entropy,gap_order_shuffle,1.802994499798,1.845828663904,0.000896224853,-47.793992725827,47.793992725827,0.038461538462,,"{""name"": ""run_entropy"", ""null_model"": ""gap_order_shuffle"", ""observed"": 1.802994499798, ""null_mean"": 1.845828663904, ""null_std"": 0.000896224853, ""z_score"": -47.793992725827, ""empirical_p"": 0.038461538462, ""null_samples"": 25}"
outputs\corpus_batch_curated\testdata_datasets_parallel_udhr_es_udhr_es.json,corpus_batch_curated,,,,es,parallel_udhr,udhr,,,,,,,,,utf8_bits,80544,,,bit_transition,Positions where the bitstream changes from the previous bit.,40968,run_entropy,density_shuffle,1.668451584617,2.002329671784,0.007030532881,-47.489726996075,47.489726996075,0.038461538462,,"{""name"": ""run_entropy"", ""null_model"": ""density_shuffle"", ""observed"": 1.668451584617, ""null_mean"": 2.002329671784, ""null_std"": 0.007030532881, ""z_score"": -47.489726996075, ""empirical_p"": 0.038461538462, ""null_samples"": 25}"
outputs\corpus_batch_curated\testdata_datasets_parallel_udhr_la_udhr_la.json,corpus_batch_curated,,,,la,parallel_udhr,udhr,,,,,,,,,grapheme_class,9937,,,consonant,Positions classified as consonant in the grapheme-class stream.,4419,run_entropy,density_shuffle,1.182001921602,2.022436900772,0.017699133392,-47.484527098667,47.484527098667,0.038461538462,,"{""name"": ""run_entropy"", ""null_model"": ""density_shuffle"", ""observed"": 1.182001921602, ""null_mean"": 2.022436900772, ""null_std"": 0.017699133392, ""z_score"": -47.484527098667, ""empirical_p"": 0.038461538462, ""null_samples"": 25}"
outputs\corpus_batch_curated\testdata_datasets_controls_punctuation_noise_udhr_mesu.json,corpus_batch_curated,,,,mesu,controls,controls,,,,,,,,,grapheme_class,1314,,,vowel,Positions classified as vowel in the grapheme-class stream.,217,gap_entropy,density_shuffle,2.386845005385,3.794704639443,0.02966127402,-47.464570574314,47.464570574314,0.038461538462,,"{""name"": ""gap_entropy"", ""null_model"": ""density_shuffle"", ""observed"": 2.386845005385, ""null_mean"": 3.794704639443, ""null_std"": 0.02966127402, ""z_score"": -47.464570574314, ""empirical_p"": 0.038461538462, ""null_samples"": 25}"
outputs\corpus_batch_curated\testdata_datasets_parallel_udhr_zh_udhr_zh.json,corpus_batch_curated,,,,zh,parallel_udhr,udhr,,,,,,,,,grapheme_class,9859,,,whitespace,Positions classified as whitespace in the grapheme-class stream.,2428,gap_entropy,markov_2,0.90288165372,2.328261605141,0.030204214975,-47.191425189818,47.191425189818,0.038461538462,True,"{""name"": ""gap_entropy"", ""null_model"": ""markov_2"", ""observed"": 0.90288165372, ""null_mean"": 2.328261605141, ""null_std"": 0.030204214975, ""z_score"": -47.191425189818, ""empirical_p"": 0.038461538462, ""null_samples"": 25}"
outputs\corpus_batch_curated\testdata_datasets_controls_random_bits_10k.json,corpus_batch_curated,,,,unknown,controls,controls,,,,,,,,,utf8_bits,80024,,,bit_transition,Positions where the bitstream changes from the previous bit.,29908,run_entropy,markov_2,1.158009720562,1.465796722354,0.00652407406,-47.177116471943,47.177116471943,0.038461538462,True,"{""name"": ""run_entropy"", ""null_model"": ""markov_2"", ""observed"": 1.158009720562, ""null_mean"": 1.465796722354, ""null_std"": 0.00652407406, ""z_score"": -47.177116471943, ""empirical_p"": 0.038461538462, ""null_samples"": 25}"
outputs\corpus_batch_curated\testdata_datasets_controls_punctuation_noise_udhr_mesu.json,corpus_batch_curated,,,,mesu,controls,controls,,,,,,,,,grapheme,1314,,,vowel,Basic Latin-vowel positions plus common accented vowels.,217,gap_entropy,density_shuffle,2.386845005385,3.794076839668,0.029829013031,-47.176614017218,47.176614017218,0.038461538462,,"{""name"": ""gap_entropy"", ""null_model"": ""density_shuffle"", ""observed"": 2.386845005385, ""null_mean"": 3.794076839668, ""null_std"": 0.029829013031, ""z_score"": -47.176614017218, ""empirical_p"": 0.038461538462, ""null_samples"": 25}"
outputs\corpus_batch_curated\testdata_datasets_parallel_udhr_la_udhr_la.json,corpus_batch_curated,,,,la,parallel_udhr,udhr,,,,,,,,,utf8_bits,79496,,,bit_one,Positions where the bitstream contains 1.,37601,prime_gap_affinity,density_shuffle,0.519494680851,0.427811702128,0.001970696825,46.523127035705,46.523127035705,0.038461538462,,"{""name"": ""prime_gap_affinity"", ""null_model"": ""density_shuffle"", ""observed"": 0.519494680851, ""null_mean"": 0.427811702128, ""null_std"": 0.001970696825, ""z_score"": 46.523127035705, ""empirical_p"": 0.038461538462, ""null_samples"": 25}"
outputs\corpus_batch_curated\testdata_datasets_parallel_udhr_es_udhr_es.json,corpus_batch_curated,,,,es,parallel_udhr,udhr,,,,,,,,,grapheme,9896,,,consonant,Alphabetic non-vowel positions under the MVP classifier.,4353,prime_gap_affinity,density_shuffle,0.753446691176,0.440579044118,0.006733882892,46.46170004556,46.46170004556,0.038461538462,,"{""name"": ""prime_gap_affinity"", ""null_model"": ""density_shuffle"", ""observed"": 0.753446691176, ""null_mean"": 0.440579044118, ""null_std"": 0.006733882892, ""z_score"": 46.46170004556, ""empirical_p"": 0.038461538462, ""null_samples"": 25}"
outputs\corpus_batch_curated\testdata_datasets_parallel_udhr_zh_udhr_zh.json,corpus_batch_curated,,,,zh,parallel_udhr,udhr,,,,,,,,,grapheme_class,9859,,,vowel,Positions classified as vowel in the grapheme-class stream.,2151,run_entropy,density_shuffle,1.66053085887,2.558064146286,0.019355616997,-46.370688548051,46.370688548051,0.038461538462,,"{""name"": ""run_entropy"", ""null_model"": ""density_shuffle"", ""observed"": 1.66053085887, ""null_mean"": 2.558064146286, ""null_std"": 0.019355616997, ""z_score"": -46.370688548051, ""empirical_p"": 0.038461538462, ""null_samples"": 25}"
outputs\corpus_batch_curated\testdata_datasets_controls_random_bits_10k.json,corpus_batch_curated,,,,unknown,controls,controls,,,,,,,,,utf8_bits,80024,,,bit_transition,Positions where the bitstream changes from the previous bit.,29908,prime_index_occupancy_bias,markov_1,0.277584817709,-0.000574458793,0.00600400072,46.32898786602,46.32898786602,0.038461538462,,"{""name"": ""prime_index_occupancy_bias"", ""null_model"": ""markov_1"", ""observed"": 0.277584817709, ""null_mean"": -0.000574458793, ""null_std"": 0.00600400072, ""z_score"": 46.32898786602, ""empirical_p"": 0.038461538462, ""null_samples"": 25}"
outputs\corpus_batch_curated\testdata_datasets_parallel_udhr_zh_udhr_zh.json,corpus_batch_curated,,,,zh,parallel_udhr,udhr,,,,,,,,,grapheme_class,9859,,,whitespace,Positions classified as whitespace in the grapheme-class stream.,2428,run_entropy,markov_2,1.309148988474,2.018843317182,0.015330413496,-46.293228090199,46.293228090199,0.038461538462,True,"{""name"": ""run_entropy"", ""null_model"": ""markov_2"", ""observed"": 1.309148988474, ""null_mean"": 2.018843317182, ""null_std"": 0.015330413496, ""z_score"": -46.293228090199, ""empirical_p"": 0.038461538462, ""null_samples"": 25}"
outputs\corpus_batch_curated\testdata_datasets_parallel_udhr_es_udhr_es_text_only.json,corpus_batch_curated,,,,es,parallel_udhr,udhr,,,,,,,,,grapheme,11965,,,vowel,Basic Latin-vowel positions plus common accented vowels.,4482,prime_gap_affinity,density_shuffle,0.750055791118,0.466288774827,0.00616538724,46.025822101864,46.025822101864,0.038461538462,,"{""name"": ""prime_gap_affinity"", ""null_model"": ""density_shuffle"", ""observed"": 0.750055791118, ""null_mean"": 0.466288774827, ""null_std"": 0.00616538724, ""z_score"": 46.025822101864, ""empirical_p"": 0.038461538462, ""null_samples"": 25}"
outputs\corpus_batch_curated\testdata_datasets_parallel_udhr_tr_udhr_tr.json,corpus_batch_curated,,,,tr,parallel_udhr,udhr,,,,,,,,,grapheme,9213,,,vowel,Basic Latin-vowel positions plus common accented vowels.,2948,run_entropy,density_shuffle,1.475307676536,2.232725307178,0.016494025293,-45.920726880451,45.920726880451,0.038461538462,,"{""name"": ""run_entropy"", ""null_model"": ""density_shuffle"", ""observed"": 1.475307676536, ""null_mean"": 2.232725307178, ""null_std"": 0.016494025293, ""z_score"": -45.920726880451, ""empirical_p"": 0.038461538462, ""null_samples"": 25}"
outputs\corpus_batch_curated\testdata_datasets_parallel_udhr_zh_udhr_zh.json,corpus_batch_curated,,,,zh,parallel_udhr,udhr,,,,,,,,,grapheme_class,9859,,,whitespace,Positions classified as whitespace in the grapheme-class stream.,2428,run_entropy,density_shuffle,1.309148988474,2.459038630105,0.025091917511,-45.827093171962,45.827093171962,0.038461538462,,"{""name"": ""run_entropy"", ""null_model"": ""density_shuffle"", ""observed"": 1.309148988474, ""null_mean"": 2.459038630105, ""null_std"": 0.025091917511, ""z_score"": -45.827093171962, ""empirical_p"": 0.038461538462, ""null_samples"": 25}"
outputs\corpus_batch_curated\testdata_datasets_parallel_udhr_es_udhr_es_text_only.json,corpus_batch_curated,,,,es,parallel_udhr,udhr,,,,,,,,,grapheme_class,11965,,,consonant,Positions classified as consonant in the grapheme-class stream.,5298,prime_gap_affinity,density_shuffle,0.757787426845,0.441306399849,0.006913928668,45.774413100419,45.774413100419,0.038461538462,,"{""name"": ""prime_gap_affinity"", ""null_model"": ""density_shuffle"", ""observed"": 0.757787426845, ""null_mean"": 0.441306399849, ""null_std"": 0.006913928668, ""z_score"": 45.774413100419, ""empirical_p"": 0.038461538462, ""null_samples"": 25}"
outputs\corpus_batch_curated\testdata_datasets_parallel_udhr_tr_udhr_tr.json,corpus_batch_curated,,,,tr,parallel_udhr,udhr,,,,,,,,,utf8_bits,79624,,,bit_one,Positions where the bitstream contains 1.,37039,run_entropy,gap_order_shuffle,1.831238132165,1.860120432842,0.000632316786,-45.676947598847,45.676947598847,0.038461538462,,"{""name"": ""run_entropy"", ""null_model"": ""gap_order_shuffle"", ""observed"": 1.831238132165, ""null_mean"": 1.860120432842, ""null_std"": 0.000632316786, ""z_score"": -45.676947598847, ""empirical_p"": 0.038461538462, ""null_samples"": 25}"
outputs\corpus_batch_curated\testdata_datasets_parallel_udhr_es_udhr_es.json,corpus_batch_curated,,,,es,parallel_udhr,udhr,,,,,,,,,grapheme_class,9896,,,vowel,Positions classified as vowel in the grapheme-class stream.,3728,run_entropy,density_shuffle,1.344163885978,2.107985436114,0.016823309723,-45.402573139646,45.402573139646,0.038461538462,,"{""name"": ""run_entropy"", ""null_model"": ""density_shuffle"", ""observed"": 1.344163885978, ""null_mean"": 2.107985436114, ""null_std"": 0.016823309723, ""z_score"": -45.402573139646, ""empirical_p"": 0.038461538462, ""null_samples"": 25}"
outputs\corpus_batch_curated\testdata_datasets_parallel_udhr_de_udhr_de.json,corpus_batch_curated,,,,de,parallel_udhr,udhr,,,,,,,,,utf8_bits,80504,,,bit_transition,Positions where the bitstream changes from the previous bit.,42704,run_entropy,density_shuffle,1.669024496621,2.006362061397,0.007487706992,-45.052185555707,45.052185555707,0.038461538462,,"{""name"": ""run_entropy"", ""null_model"": ""density_shuffle"", ""observed"": 1.669024496621, ""null_mean"": 2.006362061397, ""null_std"": 0.007487706992, ""z_score"": -45.052185555707, ""empirical_p"": 0.038461538462, ""null_samples"": 25}"
outputs\corpus_batch_curated\testdata_datasets_parallel_udhr_de_udhr_de_text_only.json,corpus_batch_curated,,,,de,parallel_udhr,udhr,,,,,,,,,grapheme,11932,,,digit,ASCII digit positions.,62,zeta_spectral_coherence,density_shuffle,8.4536418e-05,2.667953e-06,1.817357e-06,45.048102852256,45.048102852256,0.038461538462,,"{""name"": ""zeta_spectral_coherence"", ""null_model"": ""density_shuffle"", ""observed"": 8.4536418e-05, ""null_mean"": 2.667953e-06, ""null_std"": 1.817357e-06, ""z_score"": 45.048102852256, ""empirical_p"": 0.038461538462, ""null_samples"": 25}"
outputs\corpus_batch_curated\testdata_datasets_parallel_udhr_sw_udhr_sw.json,corpus_batch_curated,,,,sw,parallel_udhr,udhr,,,,,,,,,grapheme_class,9909,,,consonant,Positions classified as consonant in the grapheme-class stream.,4045,prime_gap_affinity,density_shuffle,0.748763600396,0.45274975272,0.006575786385,45.015733534242,45.015733534242,0.038461538462,,"{""name"": ""prime_gap_affinity"", ""null_model"": ""density_shuffle"", ""observed"": 0.748763600396, ""null_mean"": 0.45274975272, ""null_std"": 0.006575786385, ""z_score"": 45.015733534242, ""empirical_p"": 0.038461538462, ""null_samples"": 25}"
outputs\corpus_batch_curated\testdata_datasets_parallel_udhr_sw_udhr_sw.json,corpus_batch_curated,,,,sw,parallel_udhr,udhr,,,,,,,,,grapheme,9909,,,consonant,Alphabetic non-vowel positions under the MVP classifier.,4045,prime_gap_affinity,density_shuffle,0.748763600396,0.456953511375,0.006516627453,44.779311250523,44.779311250523,0.038461538462,,"{""name"": ""prime_gap_affinity"", ""null_model"": ""density_shuffle"", ""observed"": 0.748763600396, ""null_mean"": 0.456953511375, ""null_std"": 0.006516627453, ""z_score"": 44.779311250523, ""empirical_p"": 0.038461538462, ""null_samples"": 25}"
outputs\corpus_batch_curated\testdata_datasets_parallel_udhr_fr_udhr_fr.json,corpus_batch_curated,,,,fr,parallel_udhr,udhr,,,,,,,,,utf8_bits,81624,,,bit_one,Positions where the bitstream contains 1.,37521,prime_gap_affinity,density_shuffle,0.50434434968,0.434863539446,0.001556050558,44.65202616735,44.65202616735,0.038461538462,,"{""name"": ""prime_gap_affinity"", ""null_model"": ""density_shuffle"", ""observed"": 0.50434434968, ""null_mean"": 0.434863539446, ""null_std"": 0.001556050558, ""z_score"": 44.65202616735, ""empirical_p"": 0.038461538462, ""null_samples"": 25}"
outputs\corpus_batch_curated\testdata_datasets_parallel_udhr_fr_udhr_fr.json,corpus_batch_curated,,,,fr,parallel_udhr,udhr,,,,,,,,,utf8_bits,81624,,,bit_one,Positions where the bitstream contains 1.,37521,run_entropy,gap_order_shuffle,1.873275591373,1.898491791575,0.000566953989,-44.476625461334,44.476625461334,0.038461538462,,"{""name"": ""run_entropy"", ""null_model"": ""gap_order_shuffle"", ""observed"": 1.873275591373, ""null_mean"": 1.898491791575, ""null_std"": 0.000566953989, ""z_score"": -44.476625461334, ""empirical_p"": 0.038461538462, ""null_samples"": 25}"
outputs\corpus_batch_curated\testdata_datasets_controls_duplicated_udhr_mesu.json,corpus_batch_curated,,,,mesu,controls,controls,,,,,,,,,grapheme_class,2096,,,whitespace,Positions classified as whitespace in the grapheme-class stream.,437,gap_entropy,density_shuffle,2.896741885045,3.49030271277,0.013478510606,-44.03756802618,44.03756802618,0.038461538462,,"{""name"": ""gap_entropy"", ""null_model"": ""density_shuffle"", ""observed"": 2.896741885045, ""null_mean"": 3.49030271277, ""null_std"": 0.013478510606, ""z_score"": -44.03756802618, ""empirical_p"": 0.038461538462, ""null_samples"": 25}"
outputs\corpus_batch_curated\testdata_datasets_controls_punctuation_noise_udhr_mesu.json,corpus_batch_curated,,,,mesu,controls,controls,,,,,,,,,grapheme_class,1314,,,punctuation,Positions classified as punctuation in the grapheme-class stream.,555,gap_entropy,density_shuffle,1.917958836276,2.304408180657,0.008781636646,-44.006528620528,44.006528620528,0.038461538462,,"{""name"": ""gap_entropy"", ""null_model"": ""density_shuffle"", ""observed"": 1.917958836276, ""null_mean"": 2.304408180657, ""null_std"": 0.008781636646, ""z_score"": -44.006528620528, ""empirical_p"": 0.038461538462, ""null_samples"": 25}"
outputs\corpus_batch_curated\testdata_datasets_parallel_udhr_tr_udhr_tr.json,corpus_batch_curated,,,,tr,parallel_udhr,udhr,,,,,,,,,grapheme_class,9213,,,consonant,Positions classified as consonant in the grapheme-class stream.,4756,run_entropy,density_shuffle,1.193903539763,2.004183370393,0.018425533177,-43.975923131321,43.975923131321,0.038461538462,,"{""name"": ""run_entropy"", ""null_model"": ""density_shuffle"", ""observed"": 1.193903539763, ""null_mean"": 2.004183370393, ""null_std"": 0.018425533177, ""z_score"": -43.975923131321, ""empirical_p"": 0.038461538462, ""null_samples"": 25}"
outputs\corpus_batch_curated\testdata_datasets_parallel_udhr_ru_udhr_ru.json,corpus_batch_curated,,,,ru,parallel_udhr,udhr,,,,,,,,,grapheme,5419,,,whitespace,Whitespace positions.,743,gap_entropy,density_shuffle,3.782389184278,4.157261643678,0.008529781413,-43.948659553901,43.948659553901,0.038461538462,,"{""name"": ""gap_entropy"", ""null_model"": ""density_shuffle"", ""observed"": 3.782389184278, ""null_mean"": 4.157261643678, ""null_std"": 0.008529781413, ""z_score"": -43.948659553901, ""empirical_p"": 0.038461538462, ""null_samples"": 25}"
outputs\corpus_batch_curated\testdata_datasets_parallel_udhr_zh_udhr_zh.json,corpus_batch_curated,,,,zh,parallel_udhr,udhr,,,,,,,,,utf8_bits,137592,,,bit_transition,Positions where the bitstream changes from the previous bit.,67387,prime_gap_affinity,density_shuffle,0.351808981094,0.420261181848,0.001559379312,-43.897081491273,43.897081491273,0.038461538462,,"{""name"": ""prime_gap_affinity"", ""null_model"": ""density_shuffle"", ""observed"": 0.351808981094, ""null_mean"": 0.420261181848, ""null_std"": 0.001559379312, ""z_score"": -43.897081491273, ""empirical_p"": 0.038461538462, ""null_samples"": 25}"
outputs\corpus_batch_curated\testdata_datasets_parallel_udhr_es_udhr_es_text_only.json,corpus_batch_curated,,,,es,parallel_udhr,udhr,,,,,,,,,grapheme_class,11965,,,vowel,Positions classified as vowel in the grapheme-class stream.,4482,prime_gap_affinity,density_shuffle,0.750055791118,0.465262218255,0.006562098085,43.399773848446,43.399773848446,0.038461538462,,"{""name"": ""prime_gap_affinity"", ""null_model"": ""density_shuffle"", ""observed"": 0.750055791118, ""null_mean"": 0.465262218255, ""null_std"": 0.006562098085, ""z_score"": 43.399773848446, ""empirical_p"": 0.038461538462, ""null_samples"": 25}"
outputs\corpus_batch_curated\testdata_datasets_parallel_udhr_tr_udhr_tr.json,corpus_batch_curated,,,,tr,parallel_udhr,udhr,,,,,,,,,utf8_bits,79624,,,bit_transition,Positions where the bitstream changes from the previous bit.,42115,run_entropy,density_shuffle,1.727047077224,2.004616651505,0.006404327874,-43.340937523016,43.340937523016,0.038461538462,,"{""name"": ""run_entropy"", ""null_model"": ""density_shuffle"", ""observed"": 1.727047077224, ""null_mean"": 2.004616651505, ""null_std"": 0.006404327874, ""z_score"": -43.340937523016, ""empirical_p"": 0.038461538462, ""null_samples"": 25}"
outputs\corpus_batch_curated\testdata_datasets_parallel_udhr_es_udhr_es_text_only.json,corpus_batch_curated,,,,es,parallel_udhr,udhr,,,,,,,,,grapheme_class,11965,,,consonant,Positions classified as consonant in the grapheme-class stream.,5298,run_entropy,density_shuffle,1.145265048613,2.021193186524,0.020214516476,-43.331639365791,43.331639365791,0.038461538462,,"{""name"": ""run_entropy"", ""null_model"": ""density_shuffle"", ""observed"": 1.145265048613, ""null_mean"": 2.021193186524, ""null_std"": 0.020214516476, ""z_score"": -43.331639365791, ""empirical_p"": 0.038461538462, ""null_samples"": 25}"
outputs\corpus_batch_curated\testdata_datasets_parallel_udhr_zh_udhr_zh.json,corpus_batch_curated,,,,zh,parallel_udhr,udhr,,,,,,,,,word_boundary,9859,,,word_boundary,Positions marked as word boundaries after declared whitespace preprocessing.,2428,prime_gap_affinity,markov_2,0.145447053976,0.657073050201,0.011816502645,-43.29758233956,43.29758233956,0.038461538462,True,"{""name"": ""prime_gap_affinity"", ""null_model"": ""markov_2"", ""observed"": 0.145447053976, ""null_mean"": 0.657073050201, ""null_std"": 0.011816502645, ""z_score"": -43.29758233956, ""empirical_p"": 0.038461538462, ""null_samples"": 25}"
outputs\corpus_batch_curated\testdata_datasets_parallel_udhr_tr_udhr_tr.json,corpus_batch_curated,,,,tr,parallel_udhr,udhr,,,,,,,,,grapheme_class,9213,,,consonant,Positions classified as consonant in the grapheme-class stream.,4756,prime_gap_affinity,density_shuffle,0.653627760252,0.403785488959,0.00578147373,43.214288077123,43.214288077123,0.038461538462,,"{""name"": ""prime_gap_affinity"", ""null_model"": ""density_shuffle"", ""observed"": 0.653627760252, ""null_mean"": 0.403785488959, ""null_std"": 0.00578147373, ""z_score"": 43.214288077123, ""empirical_p"": 0.038461538462, ""null_samples"": 25}"
outputs\corpus_batch_curated\testdata_datasets_controls_random_bits_10k.json,corpus_batch_curated,,,,unknown,controls,controls,,,,,,,,,utf8_bits,80024,,,bit_transition,Positions where the bitstream changes from the previous bit.,29908,prime_index_occupancy_bias,markov_2,0.277584817709,-0.000525255245,0.006460294667,43.049131237416,43.049131237416,0.038461538462,True,"{""name"": ""prime_index_occupancy_bias"", ""null_model"": ""markov_2"", ""observed"": 0.277584817709, ""null_mean"": -0.000525255245, ""null_std"": 0.006460294667, ""z_score"": 43.049131237416, ""empirical_p"": 0.038461538462, ""null_samples"": 25}"
outputs\corpus_batch_curated\testdata_datasets_parallel_udhr_zh_udhr_zh.json,corpus_batch_curated,,,,zh,parallel_udhr,udhr,,,,,,,,,grapheme_class,9859,,,vowel,Positions classified as vowel in the grapheme-class stream.,2151,prime_gap_affinity,markov_2,0.115813953488,0.596487942006,0.011169526609,-43.034410081027,43.034410081027,0.038461538462,True,"{""name"": ""prime_gap_affinity"", ""null_model"": ""markov_2"", ""observed"": 0.115813953488, ""null_mean"": 0.596487942006, ""null_std"": 0.011169526609, ""z_score"": -43.034410081027, ""empirical_p"": 0.038461538462, ""null_samples"": 25}"
outputs\corpus_batch_curated\testdata_datasets_parallel_udhr_es_udhr_es.json,corpus_batch_curated,,,,es,parallel_udhr,udhr,,,,,,,,,grapheme_class,9896,,,consonant,Positions classified as consonant in the grapheme-class stream.,4353,prime_gap_affinity,density_shuffle,0.753446691176,0.442582720588,0.007246350382,42.899384409492,42.899384409492,0.038461538462,,"{""name"": ""prime_gap_affinity"", ""null_model"": ""density_shuffle"", ""observed"": 0.753446691176, ""null_mean"": 0.442582720588, ""null_std"": 0.007246350382, ""z_score"": 42.899384409492, ""empirical_p"": 0.038461538462, ""null_samples"": 25}"
outputs\corpus_batch_curated\testdata_datasets_parallel_udhr_es_udhr_es_text_only.json,corpus_batch_curated,,,,es,parallel_udhr,udhr,,,,,,,,,grapheme,11965,,,vowel,Basic Latin-vowel positions plus common accented vowels.,4482,run_entropy,density_shuffle,1.343530576665,2.116899796718,0.018139509154,-42.634517476228,42.634517476228,0.038461538462,,"{""name"": ""run_entropy"", ""null_model"": ""density_shuffle"", ""observed"": 1.343530576665, ""null_mean"": 2.116899796718, ""null_std"": 0.018139509154, ""z_score"": -42.634517476228, ""empirical_p"": 0.038461538462, ""null_samples"": 25}"
outputs\corpus_batch_curated\testdata_datasets_controls_random_bits_10k.json,corpus_batch_curated,,,,unknown,controls,controls,,,,,,,,,utf8_bits,80024,,,bit_transition,Positions where the bitstream changes from the previous bit.,29908,run_entropy,gap_order_shuffle,1.158009720562,1.204003663361,0.001083440809,-42.451735617519,42.451735617519,0.038461538462,,"{""name"": ""run_entropy"", ""null_model"": ""gap_order_shuffle"", ""observed"": 1.158009720562, ""null_mean"": 1.204003663361, ""null_std"": 0.001083440809, ""z_score"": -42.451735617519, ""empirical_p"": 0.038461538462, ""null_samples"": 25}"
outputs\corpus_batch_curated\testdata_datasets_parallel_udhr_fr_udhr_fr.json,corpus_batch_curated,,,,fr,parallel_udhr,udhr,,,,,,,,,grapheme_class,9899,,,consonant,Positions classified as consonant in the grapheme-class stream.,4394,prime_gap_affinity,density_shuffle,0.701115410881,0.441347598452,0.006133017494,42.355628803651,42.355628803651,0.038461538462,,"{""name"": ""prime_gap_affinity"", ""null_model"": ""density_shuffle"", ""observed"": 0.701115410881, ""null_mean"": 0.441347598452, ""null_std"": 0.006133017494, ""z_score"": 42.355628803651, ""empirical_p"": 0.038461538462, ""null_samples"": 25}"
outputs\corpus_batch_curated\testdata_datasets_parallel_udhr_es_udhr_es.json,corpus_batch_curated,,,,es,parallel_udhr,udhr,,,,,,,,,utf8_bits,80544,,,bit_transition,Positions where the bitstream changes from the previous bit.,40968,run_entropy,gap_order_shuffle,1.668451584617,1.698323342129,0.000710780208,-42.02671538218,42.02671538218,0.038461538462,,"{""name"": ""run_entropy"", ""null_model"": ""gap_order_shuffle"", ""observed"": 1.668451584617, ""null_mean"": 1.698323342129, ""null_std"": 0.000710780208, ""z_score"": -42.02671538218, ""empirical_p"": 0.038461538462, ""null_samples"": 25}"
outputs\corpus_batch_curated\testdata_datasets_parallel_udhr_fr_udhr_fr_text_only.json,corpus_batch_curated,,,,fr,parallel_udhr,udhr,,,,,,,,,utf8_bits,99648,,,bit_transition,Positions where the bitstream changes from the previous bit.,51361,run_entropy,density_shuffle,1.74997159771,2.00158086524,0.005987029049,-42.025730204779,42.025730204779,0.038461538462,,"{""name"": ""run_entropy"", ""null_model"": ""density_shuffle"", ""observed"": 1.74997159771, ""null_mean"": 2.00158086524, ""null_std"": 0.005987029049, ""z_score"": -42.025730204779, ""empirical_p"": 0.038461538462, ""null_samples"": 25}"
outputs\corpus_batch_curated\testdata_datasets_parallel_udhr_de_udhr_de.json,corpus_batch_curated,,,,de,parallel_udhr,udhr,,,,,,,,,utf8_bits,80504,,,bit_one,Positions where the bitstream contains 1.,37508,prime_gap_affinity,density_shuffle,0.511211240568,0.431757271976,0.001895855503,41.909295545659,41.909295545659,0.038461538462,,"{""name"": ""prime_gap_affinity"", ""null_model"": ""density_shuffle"", ""observed"": 0.511211240568, ""null_mean"": 0.431757271976, ""null_std"": 0.001895855503, ""z_score"": 41.909295545659, ""empirical_p"": 0.038461538462, ""null_samples"": 25}"
outputs\corpus_batch_curated\testdata_datasets_parallel_udhr_la_udhr_la.json,corpus_batch_curated,,,,la,parallel_udhr,udhr,,,,,,,,,grapheme,9937,,,consonant,Alphabetic non-vowel positions under the MVP classifier.,4419,run_entropy,density_shuffle,1.182001921602,2.020067843121,0.020015511392,-41.870822339013,41.870822339013,0.038461538462,,"{""name"": ""run_entropy"", ""null_model"": ""density_shuffle"", ""observed"": 1.182001921602, ""null_mean"": 2.020067843121, ""null_std"": 0.020015511392, ""z_score"": -41.870822339013, ""empirical_p"": 0.038461538462, ""null_samples"": 25}"
outputs\corpus_batch_curated\testdata_datasets_parallel_udhr_ja_udhr_ja_text_only.json,corpus_batch_curated,,,,ja,parallel_udhr,udhr,,,,,,,,,utf8_bits,98104,,,bit_one,Positions where the bitstream contains 1.,47624,prime_gap_affinity,density_shuffle,0.346114272515,0.423072884951,0.001838037313,-41.86999462638,41.86999462638,0.038461538462,,"{""name"": ""prime_gap_affinity"", ""null_model"": ""density_shuffle"", ""observed"": 0.346114272515, ""null_mean"": 0.423072884951, ""null_std"": 0.001838037313, ""z_score"": -41.86999462638, ""empirical_p"": 0.038461538462, ""null_samples"": 25}"
outputs\corpus_batch_curated\testdata_datasets_parallel_udhr_en_udhr_en_text_only.json,corpus_batch_curated,,,,en,parallel_udhr,udhr,,,,,,,,,grapheme_class,10638,,,consonant,Positions classified as consonant in the grapheme-class stream.,5292,run_entropy,gap_order_shuffle,1.259413030911,1.305053450028,0.001098963961,-41.530405666642,41.530405666642,0.038461538462,,"{""name"": ""run_entropy"", ""null_model"": ""gap_order_shuffle"", ""observed"": 1.259413030911, ""null_mean"": 1.305053450028, ""null_std"": 0.001098963961, ""z_score"": -41.530405666642, ""empirical_p"": 0.038461538462, ""null_samples"": 25}"
outputs\corpus_batch_curated\testdata_datasets_parallel_udhr_zh_udhr_zh.json,corpus_batch_curated,,,,zh,parallel_udhr,udhr,,,,,,,,,grapheme_class,9859,,,other,Positions classified as other in the grapheme-class stream.,4440,gap_entropy,markov_1,1.602570607351,2.198479812329,0.014376466499,-41.45032473882,41.45032473882,0.038461538462,,"{""name"": ""gap_entropy"", ""null_model"": ""markov_1"", ""observed"": 1.602570607351, ""null_mean"": 2.198479812329, ""null_std"": 0.014376466499, ""z_score"": -41.45032473882, ""empirical_p"": 0.038461538462, ""null_samples"": 25}"
outputs\corpus_batch_curated\testdata_datasets_controls_random_bits_10k.json,corpus_batch_curated,,,,unknown,controls,controls,,,,,,,,,utf8_bits,80024,,,bit_transition,Positions where the bitstream changes from the previous bit.,29908,prime_index_occupancy_bias,gap_order_shuffle,0.277584817709,0.001562297535,0.006666574087,41.403953000759,41.403953000759,0.038461538462,,"{""name"": ""prime_index_occupancy_bias"", ""null_model"": ""gap_order_shuffle"", ""observed"": 0.277584817709, ""null_mean"": 0.001562297535, ""null_std"": 0.006666574087, ""z_score"": 41.403953000759, ""empirical_p"": 0.038461538462, ""null_samples"": 25}"
outputs\corpus_batch_curated\testdata_datasets_parallel_udhr_en_udhr_en_text_only.json,corpus_batch_curated,,,,en,parallel_udhr,udhr,,,,,,,,,utf8_bits,85120,,,bit_transition,Positions where the bitstream changes from the previous bit.,43141,run_entropy,gap_order_shuffle,1.702107290665,1.733692987157,0.000762946486,-41.399622468507,41.399622468507,0.038461538462,,"{""name"": ""run_entropy"", ""null_model"": ""gap_order_shuffle"", ""observed"": 1.702107290665, ""null_mean"": 1.733692987157, ""null_std"": 0.000762946486, ""z_score"": -41.399622468507, ""empirical_p"": 0.038461538462, ""null_samples"": 25}"
outputs\corpus_batch_curated\testdata_datasets_parallel_udhr_zh_udhr_zh.json,corpus_batch_curated,,,,zh,parallel_udhr,udhr,,,,,,,,,grapheme,9859,,,vowel,Basic Latin-vowel positions plus common accented vowels.,2151,prime_gap_affinity,markov_2,0.115813953488,0.595261483238,0.011661790697,-41.112685195931,41.112685195931,0.038461538462,True,"{""name"": ""prime_gap_affinity"", ""null_model"": ""markov_2"", ""observed"": 0.115813953488, ""null_mean"": 0.595261483238, ""null_std"": 0.011661790697, ""z_score"": -41.112685195931, ""empirical_p"": 0.038461538462, ""null_samples"": 25}"
outputs\corpus_batch_curated\testdata_datasets_parallel_udhr_es_udhr_es.json,corpus_batch_curated,,,,es,parallel_udhr,udhr,,,,,,,,,grapheme_class,9896,,,consonant,Positions classified as consonant in the grapheme-class stream.,4353,run_entropy,density_shuffle,1.16660434299,2.025410353035,0.020994453746,-40.906327949978,40.906327949978,0.038461538462,,"{""name"": ""run_entropy"", ""null_model"": ""density_shuffle"", ""observed"": 1.16660434299, ""null_mean"": 2.025410353035, ""null_std"": 0.020994453746, ""z_score"": -40.906327949978, ""empirical_p"": 0.038461538462, ""null_samples"": 25}"
outputs\corpus_batch_curated\testdata_datasets_parallel_udhr_sw_udhr_sw.json,corpus_batch_curated,,,,sw,parallel_udhr,udhr,,,,,,,,,grapheme_class,9909,,,consonant,Positions classified as consonant in the grapheme-class stream.,4045,run_entropy,density_shuffle,1.268335590883,2.071799457186,0.019667736058,-40.851873541243,40.851873541243,0.038461538462,,"{""name"": ""run_entropy"", ""null_model"": ""density_shuffle"", ""observed"": 1.268335590883, ""null_mean"": 2.071799457186, ""null_std"": 0.019667736058, ""z_score"": -40.851873541243, ""empirical_p"": 0.038461538462, ""null_samples"": 25}"
outputs\corpus_batch_curated\testdata_datasets_parallel_udhr_en_udhr_en.json,corpus_batch_curated,,,,en,parallel_udhr,udhr,,,,,,,,,utf8_bits,79104,,,bit_one,Positions where the bitstream contains 1.,36284,run_entropy,gap_order_shuffle,1.888812720335,1.926877848271,0.000935124134,-40.705962499287,40.705962499287,0.038461538462,,"{""name"": ""run_entropy"", ""null_model"": ""gap_order_shuffle"", ""observed"": 1.888812720335, ""null_mean"": 1.926877848271, ""null_std"": 0.000935124134, ""z_score"": -40.705962499287, ""empirical_p"": 0.038461538462, ""null_samples"": 25}"
outputs\corpus_batch_curated\testdata_datasets_parallel_udhr_en_udhr_en.json,corpus_batch_curated,,,,en,parallel_udhr,udhr,,,,,,,,,grapheme,9888,,,consonant,Alphabetic non-vowel positions under the MVP classifier.,4912,run_entropy,density_shuffle,1.260545525125,1.996509562635,0.01808783697,-40.688338729615,40.688338729615,0.038461538462,,"{""name"": ""run_entropy"", ""null_model"": ""density_shuffle"", ""observed"": 1.260545525125, ""null_mean"": 1.996509562635, ""null_std"": 0.01808783697, ""z_score"": -40.688338729615, ""empirical_p"": 0.038461538462, ""null_samples"": 25}"
outputs\corpus_batch_curated\testdata_datasets_parallel_udhr_ru_udhr_ru.json,corpus_batch_curated,,,,ru,parallel_udhr,udhr,,,,,,,,,utf8_bits,79648,,,bit_transition,Positions where the bitstream changes from the previous bit.,39175,prime_gap_affinity,density_shuffle,0.334277837341,0.41947005667,0.002095554969,-40.653774585547,40.653774585547,0.038461538462,,"{""name"": ""prime_gap_affinity"", ""null_model"": ""density_shuffle"", ""observed"": 0.334277837341, ""null_mean"": 0.41947005667, ""null_std"": 0.002095554969, ""z_score"": -40.653774585547, ""empirical_p"": 0.038461538462, ""null_samples"": 25}"
outputs\corpus_batch_curated\testdata_datasets_parallel_udhr_zh_udhr_zh.json,corpus_batch_curated,,,,zh,parallel_udhr,udhr,,,,,,,,,grapheme,9859,,,vowel,Basic Latin-vowel positions plus common accented vowels.,2151,prime_gap_affinity,density_shuffle,0.115813953488,0.473041860465,0.008965289716,-39.84566236063,39.84566236063,0.038461538462,,"{""name"": ""prime_gap_affinity"", ""null_model"": ""density_shuffle"", ""observed"": 0.115813953488, ""null_mean"": 0.473041860465, ""null_std"": 0.008965289716, ""z_score"": -39.84566236063, ""empirical_p"": 0.038461538462, ""null_samples"": 25}"
outputs\corpus_batch_curated\testdata_datasets_parallel_udhr_de_udhr_de_text_only.json,corpus_batch_curated,,,,de,parallel_udhr,udhr,,,,,,,,,grapheme,11932,,,consonant,Alphabetic non-vowel positions under the MVP classifier.,6205,prime_gap_affinity,density_shuffle,0.616054158607,0.402430689877,0.005425087509,39.376962745315,39.376962745315,0.038461538462,,"{""name"": ""prime_gap_affinity"", ""null_model"": ""density_shuffle"", ""observed"": 0.616054158607, ""null_mean"": 0.402430689877, ""null_std"": 0.005425087509, ""z_score"": 39.376962745315, ""empirical_p"": 0.038461538462, ""null_samples"": 25}"
outputs\corpus_batch_curated\testdata_datasets_parallel_udhr_el_udhr_el.json,corpus_batch_curated,,,,el,parallel_udhr,udhr,,,,,,,,,utf8_bits,79984,,,bit_transition,Positions where the bitstream changes from the previous bit.,36517,run_entropy,density_shuffle,1.697932353141,2.012586326654,0.008026192286,-39.203393376696,39.203393376696,0.038461538462,,"{""name"": ""run_entropy"", ""null_model"": ""density_shuffle"", ""observed"": 1.697932353141, ""null_mean"": 2.012586326654, ""null_std"": 0.008026192286, ""z_score"": -39.203393376696, ""empirical_p"": 0.038461538462, ""null_samples"": 25}"
outputs\corpus_batch_curated\testdata_datasets_parallel_udhr_zh_udhr_zh_text_only.json,corpus_batch_curated,,,,zh,parallel_udhr,udhr,,,,,,,,,grapheme_class,2989,,,digit,Positions classified as digit in the grapheme-class stream.,11,gap_entropy,density_shuffle,1.156779649447,3.305928094887,0.055377492419,-38.809060351843,38.809060351843,0.038461538462,,"{""name"": ""gap_entropy"", ""null_model"": ""density_shuffle"", ""observed"": 1.156779649447, ""null_mean"": 3.305928094887, ""null_std"": 0.055377492419, ""z_score"": -38.809060351843, ""empirical_p"": 0.038461538462, ""null_samples"": 25}"
outputs\corpus_batch_curated\testdata_datasets_parallel_udhr_he_udhr_he.json,corpus_batch_curated,,,,he,parallel_udhr,udhr,,,,,,,,,utf8_bits,79656,,,bit_one,Positions where the bitstream contains 1.,44215,run_entropy,density_shuffle,1.735094435873,2.023654376439,0.007439468892,-38.787707128887,38.787707128887,0.038461538462,,"{""name"": ""run_entropy"", ""null_model"": ""density_shuffle"", ""observed"": 1.735094435873, ""null_mean"": 2.023654376439, ""null_std"": 0.007439468892, ""z_score"": -38.787707128887, ""empirical_p"": 0.038461538462, ""null_samples"": 25}"
outputs\corpus_batch_curated\testdata_datasets_parallel_udhr_zh_udhr_zh.json,corpus_batch_curated,,,,zh,parallel_udhr,udhr,,,,,,,,,grapheme_class,9859,,,vowel,Positions classified as vowel in the grapheme-class stream.,2151,prime_gap_affinity,density_shuffle,0.115813953488,0.477506976744,0.00946074409,-38.230927694191,38.230927694191,0.038461538462,,"{""name"": ""prime_gap_affinity"", ""null_model"": ""density_shuffle"", ""observed"": 0.115813953488, ""null_mean"": 0.477506976744, ""null_std"": 0.00946074409, ""z_score"": -38.230927694191, ""empirical_p"": 0.038461538462, ""null_samples"": 25}"
outputs\corpus_batch_curated\testdata_datasets_parallel_udhr_la_udhr_la.json,corpus_batch_curated,,,,la,parallel_udhr,udhr,,,,,,,,,grapheme,9937,,,consonant,Alphabetic non-vowel positions under the MVP classifier.,4419,prime_gap_affinity,density_shuffle,0.736532367587,0.441457673155,0.007724551037,38.199591537928,38.199591537928,0.038461538462,,"{""name"": ""prime_gap_affinity"", ""null_model"": ""density_shuffle"", ""observed"": 0.736532367587, ""null_mean"": 0.441457673155, ""null_std"": 0.007724551037, ""z_score"": 38.199591537928, ""empirical_p"": 0.038461538462, ""null_samples"": 25}"
outputs\corpus_batch_curated\testdata_datasets_controls_random_bits_10k.json,corpus_batch_curated,,,,unknown,controls,controls,,,,,,,,,utf8_bits,80024,,,bit_transition,Positions where the bitstream changes from the previous bit.,29908,prime_index_occupancy_bias,density_shuffle,0.277584817709,-0.00156074451,0.007316439643,38.153196886918,38.153196886918,0.038461538462,,"{""name"": ""prime_index_occupancy_bias"", ""null_model"": ""density_shuffle"", ""observed"": 0.277584817709, ""null_mean"": -0.00156074451, ""null_std"": 0.007316439643, ""z_score"": 38.153196886918, ""empirical_p"": 0.038461538462, ""null_samples"": 25}"
outputs\corpus_batch_curated\testdata_datasets_parallel_udhr_zh_udhr_zh.json,corpus_batch_curated,,,,zh,parallel_udhr,udhr,,,,,,,,,grapheme,9859,,,digit,ASCII digit positions.,11,zeta_spectral_coherence,markov_2,5.5953213e-05,1.088124e-06,1.440397e-06,38.090259632344,38.090259632344,0.038461538462,True,"{""name"": ""zeta_spectral_coherence"", ""null_model"": ""markov_2"", ""observed"": 5.5953213e-05, ""null_mean"": 1.088124e-06, ""null_std"": 1.440397e-06, ""z_score"": 38.090259632344, ""empirical_p"": 0.038461538462, ""null_samples"": 25}"
outputs\corpus_batch_curated\testdata_datasets_controls_duplicated_udhr_mesu.json,corpus_batch_curated,,,,mesu,controls,controls,,,,,,,,,grapheme_class,2096,,,punctuation,Positions classified as punctuation in the grapheme-class stream.,279,gap_entropy,density_shuffle,3.300139438354,4.131740055943,0.021863919639,-38.035294280314,38.035294280314,0.038461538462,,"{""name"": ""gap_entropy"", ""null_model"": ""density_shuffle"", ""observed"": 3.300139438354, ""null_mean"": 4.131740055943, ""null_std"": 0.021863919639, ""z_score"": -38.035294280314, ""empirical_p"": 0.038461538462, ""null_samples"": 25}"
outputs\corpus_batch_curated\testdata_datasets_parallel_udhr_fr_udhr_fr.json,corpus_batch_curated,,,,fr,parallel_udhr,udhr,,,,,,,,,utf8_bits,81624,,,bit_transition,Positions where the bitstream changes from the previous bit.,42129,run_entropy,density_shuffle,1.740832699232,2.000577706538,0.006852083489,-37.907449276015,37.907449276015,0.038461538462,,"{""name"": ""run_entropy"", ""null_model"": ""density_shuffle"", ""observed"": 1.740832699232, ""null_mean"": 2.000577706538, ""null_std"": 0.006852083489, ""z_score"": -37.907449276015, ""empirical_p"": 0.038461538462, ""null_samples"": 25}"
outputs\corpus_batch_curated\testdata_datasets_parallel_udhr_de_udhr_de_text_only.json,corpus_batch_curated,,,,de,parallel_udhr,udhr,,,,,,,,,grapheme,11932,,,consonant,Alphabetic non-vowel positions under the MVP classifier.,6205,run_entropy,density_shuffle,1.287847515434,2.004071239243,0.018940491004,-37.814422217004,37.814422217004,0.038461538462,,"{""name"": ""run_entropy"", ""null_model"": ""density_shuffle"", ""observed"": 1.287847515434, ""null_mean"": 2.004071239243, ""null_std"": 0.018940491004, ""z_score"": -37.814422217004, ""empirical_p"": 0.038461538462, ""null_samples"": 25}"
outputs\corpus_batch_curated\testdata_datasets_parallel_udhr_ru_udhr_ru.json,corpus_batch_curated,,,,ru,parallel_udhr,udhr,,,,,,,,,utf8_bits,79648,,,bit_transition,Positions where the bitstream changes from the previous bit.,39175,run_entropy,markov_1,1.891738122175,2.168723713851,0.007326331935,-37.806858077078,37.806858077078,0.038461538462,,"{""name"": ""run_entropy"", ""null_model"": ""markov_1"", ""observed"": 1.891738122175, ""null_mean"": 2.168723713851, ""null_std"": 0.007326331935, ""z_score"": -37.806858077078, ""empirical_p"": 0.038461538462, ""null_samples"": 25}"
outputs\corpus_batch_curated\testdata_datasets_parallel_udhr_he_udhr_he.json,corpus_batch_curated,,,,he,parallel_udhr,udhr,,,,,,,,,utf8_bits,79656,,,bit_transition,Positions where the bitstream changes from the previous bit.,43170,prime_gap_affinity,density_shuffle,0.304107113901,0.390583983877,0.00229017397,-37.759956721244,37.759956721244,0.038461538462,,"{""name"": ""prime_gap_affinity"", ""null_model"": ""density_shuffle"", ""observed"": 0.304107113901, ""null_mean"": 0.390583983877, ""null_std"": 0.00229017397, ""z_score"": -37.759956721244, ""empirical_p"": 0.038461538462, ""null_samples"": 25}"
outputs\corpus_batch_curated\testdata_datasets_parallel_udhr_fr_udhr_fr_text_only.json,corpus_batch_curated,,,,fr,parallel_udhr,udhr,,,,,,,,,grapheme_class,11902,,,consonant,Positions classified as consonant in the grapheme-class stream.,5295,prime_gap_affinity,density_shuffle,0.700604457877,0.440695126558,0.006902459408,37.654597579248,37.654597579248,0.038461538462,,"{""name"": ""prime_gap_affinity"", ""null_model"": ""density_shuffle"", ""observed"": 0.700604457877, ""null_mean"": 0.440695126558, ""null_std"": 0.006902459408, ""z_score"": 37.654597579248, ""empirical_p"": 0.038461538462, ""null_samples"": 25}"
outputs\corpus_batch_curated\testdata_datasets_parallel_udhr_fr_udhr_fr_text_only.json,corpus_batch_curated,,,,fr,parallel_udhr,udhr,,,,,,,,,utf8_bits,99648,,,bit_transition,Positions where the bitstream changes from the previous bit.,51361,run_entropy,gap_order_shuffle,1.74997159771,1.775870295933,0.000690425127,-37.51123360927,37.51123360927,0.038461538462,,"{""name"": ""run_entropy"", ""null_model"": ""gap_order_shuffle"", ""observed"": 1.74997159771, ""null_mean"": 1.775870295933, ""null_std"": 0.000690425127, ""z_score"": -37.51123360927, ""empirical_p"": 0.038461538462, ""null_samples"": 25}"
outputs\corpus_batch_curated\testdata_datasets_parallel_udhr_en_udhr_en.json,corpus_batch_curated,,,,en,parallel_udhr,udhr,,,,,,,,,grapheme_class,9888,,,consonant,Positions classified as consonant in the grapheme-class stream.,4912,run_entropy,density_shuffle,1.260545525125,1.992755124287,0.01958034163,-37.395139114807,37.395139114807,0.038461538462,,"{""name"": ""run_entropy"", ""null_model"": ""density_shuffle"", ""observed"": 1.260545525125, ""null_mean"": 1.992755124287, ""null_std"": 0.01958034163, ""z_score"": -37.395139114807, ""empirical_p"": 0.038461538462, ""null_samples"": 25}"
outputs\corpus_batch_curated\testdata_datasets_parallel_udhr_fr_udhr_fr_text_only.json,corpus_batch_curated,,,,fr,parallel_udhr,udhr,,,,,,,,,grapheme_class,11902,,,consonant,Positions classified as consonant in the grapheme-class stream.,5295,run_entropy,density_shuffle,1.294930301388,2.021388479123,0.019464481299,-37.322246946832,37.322246946832,0.038461538462,,"{""name"": ""run_entropy"", ""null_model"": ""density_shuffle"", ""observed"": 1.294930301388, ""null_mean"": 2.021388479123, ""null_std"": 0.019464481299, ""z_score"": -37.322246946832, ""empirical_p"": 0.038461538462, ""null_samples"": 25}"
outputs\corpus_batch_curated\testdata_datasets_parallel_udhr_zh_udhr_zh.json,corpus_batch_curated,,,,zh,parallel_udhr,udhr,,,,,,,,,grapheme,9859,,,vowel,Basic Latin-vowel positions plus common accented vowels.,2151,run_entropy,markov_2,1.66053085887,2.240906769221,0.015663828728,-37.051982655047,37.051982655047,0.038461538462,True,"{""name"": ""run_entropy"", ""null_model"": ""markov_2"", ""observed"": 1.66053085887, ""null_mean"": 2.240906769221, ""null_std"": 0.015663828728, ""z_score"": -37.051982655047, ""empirical_p"": 0.038461538462, ""null_samples"": 25}"
outputs\corpus_batch_curated\testdata_datasets_parallel_udhr_en_udhr_en.json,corpus_batch_curated,,,,en,parallel_udhr,udhr,,,,,,,,,utf8_bits,79104,,,bit_transition,Positions where the bitstream changes from the previous bit.,40108,run_entropy,density_shuffle,1.703377602648,1.999061866738,0.007983312065,-37.037793547171,37.037793547171,0.038461538462,,"{""name"": ""run_entropy"", ""null_model"": ""density_shuffle"", ""observed"": 1.703377602648, ""null_mean"": 1.999061866738, ""null_std"": 0.007983312065, ""z_score"": -37.037793547171, ""empirical_p"": 0.038461538462, ""null_samples"": 25}"
outputs\corpus_batch_curated\testdata_datasets_parallel_udhr_la_udhr_la.json,corpus_batch_curated,,,,la,parallel_udhr,udhr,,,,,,,,,utf8_bits,79496,,,bit_one,Positions where the bitstream contains 1.,37601,run_entropy,density_shuffle,1.786962690787,2.004964912452,0.005887521468,-37.027843186223,37.027843186223,0.038461538462,,"{""name"": ""run_entropy"", ""null_model"": ""density_shuffle"", ""observed"": 1.786962690787, ""null_mean"": 2.004964912452, ""null_std"": 0.005887521468, ""z_score"": -37.027843186223, ""empirical_p"": 0.038461538462, ""null_samples"": 25}"
outputs\corpus_batch_curated\testdata_datasets_parallel_udhr_xh_udhr_xh.json,corpus_batch_curated,,,,xh,parallel_udhr,udhr,,,,,,,,,grapheme_class,9942,,,consonant,Positions classified as consonant in the grapheme-class stream.,4734,run_entropy,density_shuffle,1.2981762058,2.001392960758,0.019096881128,-36.823644145969,36.823644145969,0.038461538462,,"{""name"": ""run_entropy"", ""null_model"": ""density_shuffle"", ""observed"": 1.2981762058, ""null_mean"": 2.001392960758, ""null_std"": 0.019096881128, ""z_score"": -36.823644145969, ""empirical_p"": 0.038461538462, ""null_samples"": 25}"
outputs\corpus_batch_curated\testdata_datasets_parallel_udhr_fr_udhr_fr_text_only.json,corpus_batch_curated,,,,fr,parallel_udhr,udhr,,,,,,,,,grapheme,11902,,,digit,ASCII digit positions.,50,gap_entropy,density_shuffle,3.732288091496,5.523065221661,0.048715155211,-36.760164725111,36.760164725111,0.038461538462,,"{""name"": ""gap_entropy"", ""null_model"": ""density_shuffle"", ""observed"": 3.732288091496, ""null_mean"": 5.523065221661, ""null_std"": 0.048715155211, ""z_score"": -36.760164725111, ""empirical_p"": 0.038461538462, ""null_samples"": 25}"
outputs\corpus_batch_curated\testdata_datasets_parallel_udhr_de_udhr_de_text_only.json,corpus_batch_curated,,,,de,parallel_udhr,udhr,,,,,,,,,grapheme_class,11932,,,consonant,Positions classified as consonant in the grapheme-class stream.,6205,run_entropy,density_shuffle,1.287847515434,2.001491426636,0.019461621118,-36.669294242725,36.669294242725,0.038461538462,,"{""name"": ""run_entropy"", ""null_model"": ""density_shuffle"", ""observed"": 1.287847515434, ""null_mean"": 2.001491426636, ""null_std"": 0.019461621118, ""z_score"": -36.669294242725, ""empirical_p"": 0.038461538462, ""null_samples"": 25}"
outputs\corpus_batch_curated\testdata_datasets_parallel_udhr_es_udhr_es_text_only.json,corpus_batch_curated,,,,es,parallel_udhr,udhr,,,,,,,,,grapheme_class,11965,,,vowel,Positions classified as vowel in the grapheme-class stream.,4482,run_entropy,density_shuffle,1.343530576665,2.116872092487,0.021161129211,-36.545380358102,36.545380358102,0.038461538462,,"{""name"": ""run_entropy"", ""null_model"": ""density_shuffle"", ""observed"": 1.343530576665, ""null_mean"": 2.116872092487, ""null_std"": 0.021161129211, ""z_score"": -36.545380358102, ""empirical_p"": 0.038461538462, ""null_samples"": 25}"
outputs\corpus_batch_curated\testdata_datasets_parallel_udhr_zh_udhr_zh.json,corpus_batch_curated,,,,zh,parallel_udhr,udhr,,,,,,,,,grapheme,9859,,,vowel,Basic Latin-vowel positions plus common accented vowels.,2151,gap_entropy,markov_2,1.350218986183,2.508307087595,0.031750217462,-36.474965968796,36.474965968796,0.038461538462,True,"{""name"": ""gap_entropy"", ""null_model"": ""markov_2"", ""observed"": 1.350218986183, ""null_mean"": 2.508307087595, ""null_std"": 0.031750217462, ""z_score"": -36.474965968796, ""empirical_p"": 0.038461538462, ""null_samples"": 25}"
outputs\corpus_batch_curated\testdata_datasets_parallel_udhr_zh_udhr_zh.json,corpus_batch_curated,,,,zh,parallel_udhr,udhr,,,,,,,,,grapheme,9859,,,whitespace,Whitespace positions.,2428,prime_gap_affinity,density_shuffle,0.145447053976,0.480296662546,0.009203098578,-36.384442233402,36.384442233402,0.038461538462,,"{""name"": ""prime_gap_affinity"", ""null_model"": ""density_shuffle"", ""observed"": 0.145447053976, ""null_mean"": 0.480296662546, ""null_std"": 0.009203098578, ""z_score"": -36.384442233402, ""empirical_p"": 0.038461538462, ""null_samples"": 25}"
outputs\corpus_batch_curated\testdata_datasets_parallel_udhr_en_udhr_en.json,corpus_batch_curated,,,,en,parallel_udhr,udhr,,,,,,,,,grapheme_class,9888,,,consonant,Positions classified as consonant in the grapheme-class stream.,4912,run_entropy,gap_order_shuffle,1.260545525125,1.306851642616,0.001273293216,-36.367206636095,36.367206636095,0.038461538462,,"{""name"": ""run_entropy"", ""null_model"": ""gap_order_shuffle"", ""observed"": 1.260545525125, ""null_mean"": 1.306851642616, ""null_std"": 0.001273293216, ""z_score"": -36.367206636095, ""empirical_p"": 0.038461538462, ""null_samples"": 25}"
outputs\corpus_batch_curated\testdata_datasets_parallel_udhr_es_udhr_es_text_only.json,corpus_batch_curated,,,,es,parallel_udhr,udhr,,,,,,,,,utf8_bits,97400,,,bit_transition,Positions where the bitstream changes from the previous bit.,49471,run_entropy,gap_order_shuffle,1.665324648102,1.696514291784,0.0008598301,-36.27419380046,36.27419380046,0.038461538462,,"{""name"": ""run_entropy"", ""null_model"": ""gap_order_shuffle"", ""observed"": 1.665324648102, ""null_mean"": 1.696514291784, ""null_std"": 0.0008598301, ""z_score"": -36.27419380046, ""empirical_p"": 0.038461538462, ""null_samples"": 25}"
outputs\corpus_batch_curated\testdata_datasets_parallel_udhr_tr_udhr_tr.json,corpus_batch_curated,,,,tr,parallel_udhr,udhr,,,,,,,,,grapheme,9213,,,vowel,Basic Latin-vowel positions plus common accented vowels.,2948,prime_gap_affinity,density_shuffle,0.803529012555,0.476280963692,0.009051754111,36.152998067038,36.152998067038,0.038461538462,,"{""name"": ""prime_gap_affinity"", ""null_model"": ""density_shuffle"", ""observed"": 0.803529012555, ""null_mean"": 0.476280963692, ""null_std"": 0.009051754111, ""z_score"": 36.152998067038, ""empirical_p"": 0.038461538462, ""null_samples"": 25}"
outputs\corpus_batch_curated\testdata_datasets_parallel_udhr_de_udhr_de_text_only.json,corpus_batch_curated,,,,de,parallel_udhr,udhr,,,,,,,,,utf8_bits,96872,,,bit_one,Positions where the bitstream contains 1.,45143,prime_gap_affinity,density_shuffle,0.510500199371,0.431767312038,0.002180538137,36.107090263345,36.107090263345,0.038461538462,,"{""name"": ""prime_gap_affinity"", ""null_model"": ""density_shuffle"", ""observed"": 0.510500199371, ""null_mean"": 0.431767312038, ""null_std"": 0.002180538137, ""z_score"": 36.107090263345, ""empirical_p"": 0.038461538462, ""null_samples"": 25}"
outputs\corpus_batch_curated\testdata_datasets_controls_punctuation_noise_udhr_mesu.json,corpus_batch_curated,,,,mesu,controls,controls,,,,,,,,,grapheme,1314,,,consonant,Alphabetic non-vowel positions under the MVP classifier.,243,gap_entropy,density_shuffle,2.575126828764,3.634867061487,0.029366780059,-36.086361207547,36.086361207547,0.038461538462,,"{""name"": ""gap_entropy"", ""null_model"": ""density_shuffle"", ""observed"": 2.575126828764, ""null_mean"": 3.634867061487, ""null_std"": 0.029366780059, ""z_score"": -36.086361207547, ""empirical_p"": 0.038461538462, ""null_samples"": 25}"
outputs\corpus_batch_curated\testdata_datasets_parallel_udhr_xh_udhr_xh.json,corpus_batch_curated,,,,xh,parallel_udhr,udhr,,,,,,,,,utf8_bits,79536,,,bit_one,Positions where the bitstream contains 1.,40135,prime_gap_affinity,density_shuffle,0.506278965466,0.412585837445,0.002625124413,35.690928615772,35.690928615772,0.038461538462,,"{""name"": ""prime_gap_affinity"", ""null_model"": ""density_shuffle"", ""observed"": 0.506278965466, ""null_mean"": 0.412585837445, ""null_std"": 0.002625124413, ""z_score"": 35.690928615772, ""empirical_p"": 0.038461538462, ""null_samples"": 25}"
outputs\corpus_batch_curated\testdata_datasets_controls_duplicated_udhr_mesu.json,corpus_batch_curated,,,,mesu,controls,controls,,,,,,,,,grapheme,2096,,,punctuation,Punctuation positions under the declared punctuation/hyphen policies.,279,gap_entropy,density_shuffle,3.300139438354,4.129776009417,0.023278630187,-35.639406804232,35.639406804232,0.038461538462,,"{""name"": ""gap_entropy"", ""null_model"": ""density_shuffle"", ""observed"": 3.300139438354, ""null_mean"": 4.129776009417, ""null_std"": 0.023278630187, ""z_score"": -35.639406804232, ""empirical_p"": 0.038461538462, ""null_samples"": 25}"
outputs\corpus_batch_curated\testdata_datasets_parallel_udhr_zh_udhr_zh_text_only.json,corpus_batch_curated,,,,zh,parallel_udhr,udhr,,,,,,,,,grapheme_class,2989,,,consonant,Positions classified as consonant in the grapheme-class stream.,2675,gap_entropy,density_shuffle,0.512352626205,0.540922529714,0.000803390192,-35.561678249645,35.561678249645,0.038461538462,,"{""name"": ""gap_entropy"", ""null_model"": ""density_shuffle"", ""observed"": 0.512352626205, ""null_mean"": 0.540922529714, ""null_std"": 0.000803390192, ""z_score"": -35.561678249645, ""empirical_p"": 0.038461538462, ""null_samples"": 25}"
outputs\corpus_batch_curated\testdata_datasets_parallel_udhr_zh_udhr_zh.json,corpus_batch_curated,,,,zh,parallel_udhr,udhr,,,,,,,,,utf8_bits,137592,,,bit_one,Positions where the bitstream contains 1.,55972,gap_entropy,markov_1,2.230086040324,2.396208576382,0.004675607206,-35.529617596485,35.529617596485,0.038461538462,,"{""name"": ""gap_entropy"", ""null_model"": ""markov_1"", ""observed"": 2.230086040324, ""null_mean"": 2.396208576382, ""null_std"": 0.004675607206, ""z_score"": -35.529617596485, ""empirical_p"": 0.038461538462, ""null_samples"": 25}"
outputs\corpus_batch_curated\testdata_datasets_parallel_udhr_xh_udhr_xh.json,corpus_batch_curated,,,,xh,parallel_udhr,udhr,,,,,,,,,grapheme_class,9942,,,consonant,Positions classified as consonant in the grapheme-class stream.,4734,prime_gap_affinity,density_shuffle,0.634903866469,0.428185083457,0.005825294772,35.48640731525,35.48640731525,0.038461538462,,"{""name"": ""prime_gap_affinity"", ""null_model"": ""density_shuffle"", ""observed"": 0.634903866469, ""null_mean"": 0.428185083457, ""null_std"": 0.005825294772, ""z_score"": 35.48640731525, ""empirical_p"": 0.038461538462, ""null_samples"": 25}"
outputs\corpus_batch_curated\testdata_datasets_parallel_udhr_la_udhr_la.json,corpus_batch_curated,,,,la,parallel_udhr,udhr,,,,,,,,,grapheme,9937,,,vowel,Basic Latin-vowel positions plus common accented vowels.,3948,run_entropy,density_shuffle,1.40992846572,2.077889293189,0.018838832531,-35.45659352128,35.45659352128,0.038461538462,,"{""name"": ""run_entropy"", ""null_model"": ""density_shuffle"", ""observed"": 1.40992846572, ""null_mean"": 2.077889293189, ""null_std"": 0.018838832531, ""z_score"": -35.45659352128, ""empirical_p"": 0.038461538462, ""null_samples"": 25}"
outputs\corpus_batch_curated\testdata_datasets_parallel_udhr_el_udhr_el.json,corpus_batch_curated,,,,el,parallel_udhr,udhr,,,,,,,,,utf8_bits,79984,,,bit_transition,Positions where the bitstream changes from the previous bit.,36517,prime_gap_affinity,density_shuffle,0.539106145251,0.436569175156,0.002893610929,35.435645155665,35.435645155665,0.038461538462,,"{""name"": ""prime_gap_affinity"", ""null_model"": ""density_shuffle"", ""observed"": 0.539106145251, ""null_mean"": 0.436569175156, ""null_std"": 0.002893610929, ""z_score"": 35.435645155665, ""empirical_p"": 0.038461538462, ""null_samples"": 25}"
outputs\corpus_batch_curated\testdata_datasets_parallel_udhr_ru_udhr_ru.json,corpus_batch_curated,,,,ru,parallel_udhr,udhr,,,,,,,,,grapheme_class,5419,,,whitespace,Positions classified as whitespace in the grapheme-class stream.,743,gap_entropy,density_shuffle,3.782389184278,4.156801852574,0.010619328718,-35.257658768281,35.257658768281,0.038461538462,,"{""name"": ""gap_entropy"", ""null_model"": ""density_shuffle"", ""observed"": 3.782389184278, ""null_mean"": 4.156801852574, ""null_std"": 0.010619328718, ""z_score"": -35.257658768281, ""empirical_p"": 0.038461538462, ""null_samples"": 25}"
outputs\corpus_batch_curated\testdata_datasets_parallel_udhr_ru_udhr_ru.json,corpus_batch_curated,,,,ru,parallel_udhr,udhr,,,,,,,,,utf8_bits,79648,,,bit_transition,Positions where the bitstream changes from the previous bit.,39175,run_entropy,markov_2,1.891738122175,2.140789437047,0.007082988332,-35.161898226421,35.161898226421,0.038461538462,True,"{""name"": ""run_entropy"", ""null_model"": ""markov_2"", ""observed"": 1.891738122175, ""null_mean"": 2.140789437047, ""null_std"": 0.007082988332, ""z_score"": -35.161898226421, ""empirical_p"": 0.038461538462, ""null_samples"": 25}"
outputs\corpus_batch_curated\testdata_datasets_parallel_udhr_es_udhr_es.json,corpus_batch_curated,,,,es,parallel_udhr,udhr,,,,,,,,,grapheme_class,9896,,,vowel,Positions classified as vowel in the grapheme-class stream.,3728,prime_gap_affinity,density_shuffle,0.744298363295,0.467002951435,0.007891347557,35.13917108103,35.13917108103,0.038461538462,,"{""name"": ""prime_gap_affinity"", ""null_model"": ""density_shuffle"", ""observed"": 0.744298363295, ""null_mean"": 0.467002951435, ""null_std"": 0.007891347557, ""z_score"": 35.13917108103, ""empirical_p"": 0.038461538462, ""null_samples"": 25}"
outputs\corpus_batch_curated\testdata_datasets_parallel_udhr_is_udhr_is.json,corpus_batch_curated,,,,is,parallel_udhr,udhr,,,,,,,,,grapheme_class,9967,,,consonant,Positions classified as consonant in the grapheme-class stream.,5018,run_entropy,density_shuffle,1.363860150794,2.009567262696,0.018422903509,-35.049150183183,35.049150183183,0.038461538462,,"{""name"": ""run_entropy"", ""null_model"": ""density_shuffle"", ""observed"": 1.363860150794, ""null_mean"": 2.009567262696, ""null_std"": 0.018422903509, ""z_score"": -35.049150183183, ""empirical_p"": 0.038461538462, ""null_samples"": 25}"
outputs\corpus_batch_curated\testdata_datasets_parallel_udhr_xh_udhr_xh.json,corpus_batch_curated,,,,xh,parallel_udhr,udhr,,,,,,,,,utf8_bits,79536,,,bit_one,Positions where the bitstream contains 1.,40135,run_entropy,gap_order_shuffle,1.746649682651,1.775348164402,0.000818876864,-35.046150402718,35.046150402718,0.038461538462,,"{""name"": ""run_entropy"", ""null_model"": ""gap_order_shuffle"", ""observed"": 1.746649682651, ""null_mean"": 1.775348164402, ""null_std"": 0.000818876864, ""z_score"": -35.046150402718, ""empirical_p"": 0.038461538462, ""null_samples"": 25}"
outputs\corpus_batch_curated\testdata_datasets_parallel_udhr_de_udhr_de_text_only.json,corpus_batch_curated,,,,de,parallel_udhr,udhr,,,,,,,,,grapheme_class,11932,,,consonant,Positions classified as consonant in the grapheme-class stream.,6205,prime_gap_affinity,density_shuffle,0.616054158607,0.403023855577,0.0060858745,35.004057843992,35.004057843992,0.038461538462,,"{""name"": ""prime_gap_affinity"", ""null_model"": ""density_shuffle"", ""observed"": 0.616054158607, ""null_mean"": 0.403023855577, ""null_std"": 0.0060858745, ""z_score"": 35.004057843992, ""empirical_p"": 0.038461538462, ""null_samples"": 25}"
outputs\corpus_batch_curated\testdata_datasets_parallel_udhr_en_udhr_en.json,corpus_batch_curated,,,,en,parallel_udhr,udhr,,,,,,,,,grapheme,9888,,,consonant,Alphabetic non-vowel positions under the MVP classifier.,4912,prime_gap_affinity,density_shuffle,0.647118713093,0.417185909183,0.006572741594,34.982784673984,34.982784673984,0.038461538462,,"{""name"": ""prime_gap_affinity"", ""null_model"": ""density_shuffle"", ""observed"": 0.647118713093, ""null_mean"": 0.417185909183, ""null_std"": 0.006572741594, ""z_score"": 34.982784673984, ""empirical_p"": 0.038461538462, ""null_samples"": 25}"
outputs\corpus_batch_curated\testdata_datasets_parallel_udhr_tr_udhr_tr.json,corpus_batch_curated,,,,tr,parallel_udhr,udhr,,,,,,,,,grapheme_class,9213,,,vowel,Positions classified as vowel in the grapheme-class stream.,2948,run_entropy,density_shuffle,1.475307676536,2.235898029264,0.02175399382,-34.963251301085,34.963251301085,0.038461538462,,"{""name"": ""run_entropy"", ""null_model"": ""density_shuffle"", ""observed"": 1.475307676536, ""null_mean"": 2.235898029264, ""null_std"": 0.02175399382, ""z_score"": -34.963251301085, ""empirical_p"": 0.038461538462, ""null_samples"": 25}"
outputs\corpus_batch_curated\testdata_datasets_parallel_udhr_de_udhr_de.json,corpus_batch_curated,,,,de,parallel_udhr,udhr,,,,,,,,,grapheme_class,9922,,,digit,Positions classified as digit in the grapheme-class stream.,54,gap_entropy,density_shuffle,3.538503473105,5.569799869654,0.058244191975,-34.875518530983,34.875518530983,0.038461538462,,"{""name"": ""gap_entropy"", ""null_model"": ""density_shuffle"", ""observed"": 3.538503473105, ""null_mean"": 5.569799869654, ""null_std"": 0.058244191975, ""z_score"": -34.875518530983, ""empirical_p"": 0.038461538462, ""null_samples"": 25}"
outputs\corpus_batch_curated\testdata_datasets_parallel_udhr_zh_udhr_zh.json,corpus_batch_curated,,,,zh,parallel_udhr,udhr,,,,,,,,,grapheme_class,9859,,,digit,Positions classified as digit in the grapheme-class stream.,11,zeta_spectral_coherence,density_shuffle,5.5953213e-05,1.02248e-06,1.578783e-06,34.79307551437,34.79307551437,0.038461538462,,"{""name"": ""zeta_spectral_coherence"", ""null_model"": ""density_shuffle"", ""observed"": 5.5953213e-05, ""null_mean"": 1.02248e-06, ""null_std"": 1.578783e-06, ""z_score"": 34.79307551437, ""empirical_p"": 0.038461538462, ""null_samples"": 25}"
outputs\corpus_batch_curated\testdata_datasets_parallel_udhr_en_udhr_en_text_only.json,corpus_batch_curated,,,,en,parallel_udhr,udhr,,,,,,,,,grapheme,10638,,,consonant,Alphabetic non-vowel positions under the MVP classifier.,5292,prime_gap_affinity,density_shuffle,0.64656964657,0.415082215082,0.00666566271,34.728344586626,34.728344586626,0.038461538462,,"{""name"": ""prime_gap_affinity"", ""null_model"": ""density_shuffle"", ""observed"": 0.64656964657, ""null_mean"": 0.415082215082, ""null_std"": 0.00666566271, ""z_score"": 34.728344586626, ""empirical_p"": 0.038461538462, ""null_samples"": 25}"
outputs\corpus_batch_curated\testdata_datasets_parallel_udhr_fr_udhr_fr.json,corpus_batch_curated,,,,fr,parallel_udhr,udhr,,,,,,,,,utf8_bits,81624,,,bit_transition,Positions where the bitstream changes from the previous bit.,42129,run_entropy,gap_order_shuffle,1.740832699232,1.767984823095,0.000784101657,-34.628321001951,34.628321001951,0.038461538462,,"{""name"": ""run_entropy"", ""null_model"": ""gap_order_shuffle"", ""observed"": 1.740832699232, ""null_mean"": 1.767984823095, ""null_std"": 0.000784101657, ""z_score"": -34.628321001951, ""empirical_p"": 0.038461538462, ""null_samples"": 25}"
outputs\corpus_batch_curated\testdata_datasets_parallel_udhr_en_udhr_en_text_only.json,corpus_batch_curated,,,,en,parallel_udhr,udhr,,,,,,,,,grapheme,10638,,,digit,ASCII digit positions.,51,gap_entropy,density_shuffle,3.759082872208,5.53804445977,0.051834042484,-34.320332783116,34.320332783116,0.038461538462,,"{""name"": ""gap_entropy"", ""null_model"": ""density_shuffle"", ""observed"": 3.759082872208, ""null_mean"": 5.53804445977, ""null_std"": 0.051834042484, ""z_score"": -34.320332783116, ""empirical_p"": 0.038461538462, ""null_samples"": 25}"
outputs\corpus_batch_curated\testdata_datasets_parallel_udhr_is_udhr_is.json,corpus_batch_curated,,,,is,parallel_udhr,udhr,,,,,,,,,grapheme_class,9967,,,vowel,Positions classified as vowel in the grapheme-class stream.,2987,run_entropy,density_shuffle,1.711981328651,2.287727359244,0.01678455468,-34.302133215096,34.302133215096,0.038461538462,,"{""name"": ""run_entropy"", ""null_model"": ""density_shuffle"", ""observed"": 1.711981328651, ""null_mean"": 2.287727359244, ""null_std"": 0.01678455468, ""z_score"": -34.302133215096, ""empirical_p"": 0.038461538462, ""null_samples"": 25}"
outputs\corpus_batch_curated\testdata_datasets_parallel_udhr_ru_udhr_ru.json,corpus_batch_curated,,,,ru,parallel_udhr,udhr,,,,,,,,,grapheme_class,5419,,,vowel,Positions classified as vowel in the grapheme-class stream.,3,zeta_spectral_coherence,markov_1,2.1031467e-05,3.48317e-07,6.04948e-07,34.189964632123,34.189964632123,0.038461538462,,"{""name"": ""zeta_spectral_coherence"", ""null_model"": ""markov_1"", ""observed"": 2.1031467e-05, ""null_mean"": 3.48317e-07, ""null_std"": 6.04948e-07, ""z_score"": 34.189964632123, ""empirical_p"": 0.038461538462, ""null_samples"": 25}"
outputs\corpus_batch_curated\testdata_datasets_parallel_udhr_en_udhr_en_text_only.json,corpus_batch_curated,,,,en,parallel_udhr,udhr,,,,,,,,,grapheme,10638,,,consonant,Alphabetic non-vowel positions under the MVP classifier.,5292,run_entropy,density_shuffle,1.259413030911,2.000409643547,0.021684965836,-34.170983631783,34.170983631783,0.038461538462,,"{""name"": ""run_entropy"", ""null_model"": ""density_shuffle"", ""observed"": 1.259413030911, ""null_mean"": 2.000409643547, ""null_std"": 0.021684965836, ""z_score"": -34.170983631783, ""empirical_p"": 0.038461538462, ""null_samples"": 25}"
outputs\corpus_batch_curated\testdata_datasets_parallel_udhr_zh_udhr_zh.json,corpus_batch_curated,,,,zh,parallel_udhr,udhr,,,,,,,,,word_boundary,9859,,,word_boundary,Positions marked as word boundaries after declared whitespace preprocessing.,2428,prime_gap_affinity,density_shuffle,0.145447053976,0.477016893284,0.00970937899,-34.149438356056,34.149438356056,0.038461538462,,"{""name"": ""prime_gap_affinity"", ""null_model"": ""density_shuffle"", ""observed"": 0.145447053976, ""null_mean"": 0.477016893284, ""null_std"": 0.00970937899, ""z_score"": -34.149438356056, ""empirical_p"": 0.038461538462, ""null_samples"": 25}"
outputs\corpus_batch_curated\testdata_datasets_parallel_udhr_is_udhr_is.json,corpus_batch_curated,,,,is,parallel_udhr,udhr,,,,,,,,,utf8_bits,87624,,,bit_transition,Positions where the bitstream changes from the previous bit.,43781,prime_gap_affinity,density_shuffle,0.476244860667,0.413603471905,0.001841232997,34.021435014657,34.021435014657,0.038461538462,,"{""name"": ""prime_gap_affinity"", ""null_model"": ""density_shuffle"", ""observed"": 0.476244860667, ""null_mean"": 0.413603471905, ""null_std"": 0.001841232997, ""z_score"": 34.021435014657, ""empirical_p"": 0.038461538462, ""null_samples"": 25}"
outputs\corpus_batch_curated\testdata_datasets_parallel_udhr_de_udhr_de.json,corpus_batch_curated,,,,de,parallel_udhr,udhr,,,,,,,,,utf8_bits,80504,,,bit_one,Positions where the bitstream contains 1.,37508,run_entropy,density_shuffle,1.803185481599,2.007994573575,0.006024518379,-33.995927819741,33.995927819741,0.038461538462,,"{""name"": ""run_entropy"", ""null_model"": ""density_shuffle"", ""observed"": 1.803185481599, ""null_mean"": 2.007994573575, ""null_std"": 0.006024518379, ""z_score"": -33.995927819741, ""empirical_p"": 0.038461538462, ""null_samples"": 25}"
outputs\corpus_batch_curated\testdata_datasets_parallel_udhr_la_udhr_la.json,corpus_batch_curated,,,,la,parallel_udhr,udhr,,,,,,,,,utf8_bits,79496,,,bit_transition,Positions where the bitstream changes from the previous bit.,42846,run_entropy,density_shuffle,1.759562162321,2.011107631307,0.00743795943,-33.819150448583,33.819150448583,0.038461538462,,"{""name"": ""run_entropy"", ""null_model"": ""density_shuffle"", ""observed"": 1.759562162321, ""null_mean"": 2.011107631307, ""null_std"": 0.00743795943, ""z_score"": -33.819150448583, ""empirical_p"": 0.038461538462, ""null_samples"": 25}"
outputs\corpus_batch_curated\testdata_datasets_parallel_udhr_zh_udhr_zh.json,corpus_batch_curated,,,,zh,parallel_udhr,udhr,,,,,,,,,grapheme_class,9859,,,whitespace,Positions classified as whitespace in the grapheme-class stream.,2428,prime_gap_affinity,density_shuffle,0.145447053976,0.482884219201,0.009985902848,-33.791352705565,33.791352705565,0.038461538462,,"{""name"": ""prime_gap_affinity"", ""null_model"": ""density_shuffle"", ""observed"": 0.145447053976, ""null_mean"": 0.482884219201, ""null_std"": 0.009985902848, ""z_score"": -33.791352705565, ""empirical_p"": 0.038461538462, ""null_samples"": 25}"
outputs\corpus_batch_curated\testdata_datasets_parallel_udhr_fr_udhr_fr_text_only.json,corpus_batch_curated,,,,fr,parallel_udhr,udhr,,,,,,,,,utf8_bits,99648,,,bit_one,Positions where the bitstream contains 1.,45563,prime_gap_affinity,density_shuffle,0.502326500154,0.435194240815,0.001986847144,33.788336225685,33.788336225685,0.038461538462,,"{""name"": ""prime_gap_affinity"", ""null_model"": ""density_shuffle"", ""observed"": 0.502326500154, ""null_mean"": 0.435194240815, ""null_std"": 0.001986847144, ""z_score"": 33.788336225685, ""empirical_p"": 0.038461538462, ""null_samples"": 25}"
outputs\corpus_batch_curated\testdata_datasets_parallel_udhr_zh_udhr_zh.json,corpus_batch_curated,,,,zh,parallel_udhr,udhr,,,,,,,,,grapheme_class,9859,,,digit,Positions classified as digit in the grapheme-class stream.,11,zeta_spectral_coherence,markov_2,5.5953213e-05,1.404285e-06,1.615961e-06,33.756342196188,33.756342196188,0.038461538462,True,"{""name"": ""zeta_spectral_coherence"", ""null_model"": ""markov_2"", ""observed"": 5.5953213e-05, ""null_mean"": 1.404285e-06, ""null_std"": 1.615961e-06, ""z_score"": 33.756342196188, ""empirical_p"": 0.038461538462, ""null_samples"": 25}"
outputs\corpus_batch_curated\testdata_datasets_parallel_udhr_ar_udhr_ar.json,corpus_batch_curated,,,,ar,parallel_udhr,udhr,,,,,,,,,utf8_bits,110584,,,bit_one,Positions where the bitstream contains 1.,53311,gap_entropy,markov_2,1.858827899645,2.044768801358,0.005520026207,-33.684786036559,33.684786036559,0.038461538462,True,"{""name"": ""gap_entropy"", ""null_model"": ""markov_2"", ""observed"": 1.858827899645, ""null_mean"": 2.044768801358, ""null_std"": 0.005520026207, ""z_score"": -33.684786036559, ""empirical_p"": 0.038461538462, ""null_samples"": 25}"
outputs\corpus_batch_curated\testdata_datasets_parallel_udhr_fr_udhr_fr_text_only.json,corpus_batch_curated,,,,fr,parallel_udhr,udhr,,,,,,,,,grapheme_class,11902,,,consonant,Positions classified as consonant in the grapheme-class stream.,5295,run_entropy,gap_order_shuffle,1.294930301388,1.316302563054,0.000634591273,-33.678782820504,33.678782820504,0.038461538462,,"{""name"": ""run_entropy"", ""null_model"": ""gap_order_shuffle"", ""observed"": 1.294930301388, ""null_mean"": 1.316302563054, ""null_std"": 0.000634591273, ""z_score"": -33.678782820504, ""empirical_p"": 0.038461538462, ""null_samples"": 25}"
outputs\corpus_batch_curated\testdata_datasets_parallel_udhr_ja_udhr_ja_text_only.json,corpus_batch_curated,,,,ja,parallel_udhr,udhr,,,,,,,,,grapheme_class,4183,,,consonant,Positions classified as consonant in the grapheme-class stream.,3759,gap_entropy,density_shuffle,0.501401940168,0.525878574566,0.000731604642,-33.456095000634,33.456095000634,0.038461538462,,"{""name"": ""gap_entropy"", ""null_model"": ""density_shuffle"", ""observed"": 0.501401940168, ""null_mean"": 0.525878574566, ""null_std"": 0.000731604642, ""z_score"": -33.456095000634, ""empirical_p"": 0.038461538462, ""null_samples"": 25}"
outputs\corpus_batch_curated\testdata_datasets_parallel_udhr_en_udhr_en.json,corpus_batch_curated,,,,en,parallel_udhr,udhr,,,,,,,,,grapheme_class,9888,,,consonant,Positions classified as consonant in the grapheme-class stream.,4912,prime_gap_affinity,density_shuffle,0.647118713093,0.41751985339,0.006864864686,33.44550405811,33.44550405811,0.038461538462,,"{""name"": ""prime_gap_affinity"", ""null_model"": ""density_shuffle"", ""observed"": 0.647118713093, ""null_mean"": 0.41751985339, ""null_std"": 0.006864864686, ""z_score"": 33.44550405811, ""empirical_p"": 0.038461538462, ""null_samples"": 25}"
outputs\corpus_batch_curated\testdata_datasets_parallel_udhr_ja_udhr_ja.json,corpus_batch_curated,,,,ja,parallel_udhr,udhr,,,,,,,,,grapheme,3334,,,consonant,Alphabetic non-vowel positions under the MVP classifier.,2935,gap_entropy,density_shuffle,0.577388232362,0.599288021982,0.000659801117,-33.191501273088,33.191501273088,0.038461538462,,"{""name"": ""gap_entropy"", ""null_model"": ""density_shuffle"", ""observed"": 0.577388232362, ""null_mean"": 0.599288021982, ""null_std"": 0.000659801117, ""z_score"": -33.191501273088, ""empirical_p"": 0.038461538462, ""null_samples"": 25}"
outputs\corpus_batch_curated\testdata_datasets_parallel_udhr_ja_udhr_ja_text_only.json,corpus_batch_curated,,,,ja,parallel_udhr,udhr,,,,,,,,,utf8_bits,98104,,,bit_one,Positions where the bitstream contains 1.,47624,run_entropy,gap_order_shuffle,2.162552855752,2.193333468544,0.000927506746,-33.186403144793,33.186403144793,0.038461538462,,"{""name"": ""run_entropy"", ""null_model"": ""gap_order_shuffle"", ""observed"": 2.162552855752, ""null_mean"": 2.193333468544, ""null_std"": 0.000927506746, ""z_score"": -33.186403144793, ""empirical_p"": 0.038461538462, ""null_samples"": 25}"
outputs\corpus_batch_curated\testdata_datasets_parallel_udhr_tr_udhr_tr.json,corpus_batch_curated,,,,tr,parallel_udhr,udhr,,,,,,,,,grapheme_class,9213,,,vowel,Positions classified as vowel in the grapheme-class stream.,2948,prime_gap_affinity,density_shuffle,0.803529012555,0.474475738039,0.009923302931,33.159652264822,33.159652264822,0.038461538462,,"{""name"": ""prime_gap_affinity"", ""null_model"": ""density_shuffle"", ""observed"": 0.803529012555, ""null_mean"": 0.474475738039, ""null_std"": 0.009923302931, ""z_score"": 33.159652264822, ""empirical_p"": 0.038461538462, ""null_samples"": 25}"
outputs\corpus_batch_curated\testdata_datasets_parallel_udhr_ru_udhr_ru.json,corpus_batch_curated,,,,ru,parallel_udhr,udhr,,,,,,,,,word_boundary,5419,,,word_boundary,Positions marked as word boundaries after declared whitespace preprocessing.,743,gap_entropy,density_shuffle,3.782389184278,4.157929466348,0.011331720892,-33.140622299263,33.140622299263,0.038461538462,,"{""name"": ""gap_entropy"", ""null_model"": ""density_shuffle"", ""observed"": 3.782389184278, ""null_mean"": 4.157929466348, ""null_std"": 0.011331720892, ""z_score"": -33.140622299263, ""empirical_p"": 0.038461538462, ""null_samples"": 25}"
outputs\corpus_batch_curated\testdata_datasets_parallel_udhr_fr_udhr_fr.json,corpus_batch_curated,,,,fr,parallel_udhr,udhr,,,,,,,,,grapheme_class,9899,,,consonant,Positions classified as consonant in the grapheme-class stream.,4394,run_entropy,density_shuffle,1.297163208257,2.025010189133,0.022056707196,-32.998895727832,32.998895727832,0.038461538462,,"{""name"": ""run_entropy"", ""null_model"": ""density_shuffle"", ""observed"": 1.297163208257, ""null_mean"": 2.025010189133, ""null_std"": 0.022056707196, ""z_score"": -32.998895727832, ""empirical_p"": 0.038461538462, ""null_samples"": 25}"
outputs\corpus_batch_curated\testdata_datasets_parallel_udhr_xh_udhr_xh.json,corpus_batch_curated,,,,xh,parallel_udhr,udhr,,,,,,,,,utf8_bits,79536,,,bit_transition,Positions where the bitstream changes from the previous bit.,43826,run_entropy,density_shuffle,1.7940966443,2.022366251185,0.006932761839,-32.926215005028,32.926215005028,0.038461538462,,"{""name"": ""run_entropy"", ""null_model"": ""density_shuffle"", ""observed"": 1.7940966443, ""null_mean"": 2.022366251185, ""null_std"": 0.006932761839, ""z_score"": -32.926215005028, ""empirical_p"": 0.038461538462, ""null_samples"": 25}"
outputs\corpus_batch_curated\testdata_datasets_parallel_udhr_zh_udhr_zh.json,corpus_batch_curated,,,,zh,parallel_udhr,udhr,,,,,,,,,word_boundary,9859,,,word_boundary,Positions marked as word boundaries after declared whitespace preprocessing.,2428,run_entropy,markov_1,1.309148988474,1.858866907063,0.016698434987,-32.92032570778,32.92032570778,0.038461538462,,"{""name"": ""run_entropy"", ""null_model"": ""markov_1"", ""observed"": 1.309148988474, ""null_mean"": 1.858866907063, ""null_std"": 0.016698434987, ""z_score"": -32.92032570778, ""empirical_p"": 0.038461538462, ""null_samples"": 25}"
outputs\corpus_batch_curated\testdata_datasets_parallel_udhr_is_udhr_is.json,corpus_batch_curated,,,,is,parallel_udhr,udhr,,,,,,,,,grapheme,9967,,,vowel,Basic Latin-vowel positions plus common accented vowels.,2987,run_entropy,density_shuffle,1.711981328651,2.288833606549,0.01763345384,-32.713516201452,32.713516201452,0.038461538462,,"{""name"": ""run_entropy"", ""null_model"": ""density_shuffle"", ""observed"": 1.711981328651, ""null_mean"": 2.288833606549, ""null_std"": 0.01763345384, ""z_score"": -32.713516201452, ""empirical_p"": 0.038461538462, ""null_samples"": 25}"
outputs\corpus_batch_curated\testdata_datasets_parallel_udhr_ja_udhr_ja_text_only.json,corpus_batch_curated,,,,ja,parallel_udhr,udhr,,,,,,,,,grapheme,4183,,,consonant,Alphabetic non-vowel positions under the MVP classifier.,3759,gap_entropy,density_shuffle,0.501401940168,0.525868324077,0.000754474842,-32.428362802044,32.428362802044,0.038461538462,,"{""name"": ""gap_entropy"", ""null_model"": ""density_shuffle"", ""observed"": 0.501401940168, ""null_mean"": 0.525868324077, ""null_std"": 0.000754474842, ""z_score"": -32.428362802044, ""empirical_p"": 0.038461538462, ""null_samples"": 25}"
outputs\corpus_batch_curated\testdata_datasets_parallel_udhr_en_udhr_en.json,corpus_batch_curated,,,,en,parallel_udhr,udhr,,,,,,,,,grapheme,9888,,,vowel,Basic Latin-vowel positions plus common accented vowels.,3152,run_entropy,density_shuffle,1.699020325063,2.241053537064,0.01675117403,-32.357923751341,32.357923751341,0.038461538462,,"{""name"": ""run_entropy"", ""null_model"": ""density_shuffle"", ""observed"": 1.699020325063, ""null_mean"": 2.241053537064, ""null_std"": 0.01675117403, ""z_score"": -32.357923751341, ""empirical_p"": 0.038461538462, ""null_samples"": 25}"
outputs\corpus_batch_curated\testdata_datasets_parallel_udhr_fr_udhr_fr_text_only.json,corpus_batch_curated,,,,fr,parallel_udhr,udhr,,,,,,,,,grapheme_class,11902,,,digit,Positions classified as digit in the grapheme-class stream.,50,gap_entropy,density_shuffle,3.732288091496,5.52817923187,0.055666047743,-32.261876191972,32.261876191972,0.038461538462,,"{""name"": ""gap_entropy"", ""null_model"": ""density_shuffle"", ""observed"": 3.732288091496, ""null_mean"": 5.52817923187, ""null_std"": 0.055666047743, ""z_score"": -32.261876191972, ""empirical_p"": 0.038461538462, ""null_samples"": 25}"
outputs\corpus_batch_curated\testdata_datasets_parallel_udhr_de_udhr_de.json,corpus_batch_curated,,,,de,parallel_udhr,udhr,,,,,,,,,grapheme,9922,,,consonant,Alphabetic non-vowel positions under the MVP classifier.,5167,run_entropy,density_shuffle,1.295640052,2.002910046186,0.021927784158,-32.254512772351,32.254512772351,0.038461538462,,"{""name"": ""run_entropy"", ""null_model"": ""density_shuffle"", ""observed"": 1.295640052, ""null_mean"": 2.002910046186, ""null_std"": 0.021927784158, ""z_score"": -32.254512772351, ""empirical_p"": 0.038461538462, ""null_samples"": 25}"
outputs\corpus_batch_curated\testdata_datasets_parallel_udhr_is_udhr_is.json,corpus_batch_curated,,,,is,parallel_udhr,udhr,,,,,,,,,grapheme_class,9967,,,consonant,Positions classified as consonant in the grapheme-class stream.,5018,prime_gap_affinity,density_shuffle,0.608929639227,0.409734901335,0.006192607501,32.166536934828,32.166536934828,0.038461538462,,"{""name"": ""prime_gap_affinity"", ""null_model"": ""density_shuffle"", ""observed"": 0.608929639227, ""null_mean"": 0.409734901335, ""null_std"": 0.006192607501, ""z_score"": 32.166536934828, ""empirical_p"": 0.038461538462, ""null_samples"": 25}"
outputs\corpus_batch_curated\testdata_datasets_parallel_udhr_ja_udhr_ja_text_only.json,corpus_batch_curated,,,,ja,parallel_udhr,udhr,,,,,,,,,utf8_bits,98104,,,bit_one,Positions where the bitstream contains 1.,47624,run_entropy,density_shuffle,2.162552855752,1.999008499107,0.005095886487,32.093406530415,32.093406530415,0.038461538462,,"{""name"": ""run_entropy"", ""null_model"": ""density_shuffle"", ""observed"": 2.162552855752, ""null_mean"": 1.999008499107, ""null_std"": 0.005095886487, ""z_score"": 32.093406530415, ""empirical_p"": 0.038461538462, ""null_samples"": 25}"
outputs\corpus_batch_curated\testdata_datasets_parallel_udhr_zh_udhr_zh.json,corpus_batch_curated,,,,zh,parallel_udhr,udhr,,,,,,,,,grapheme,9859,,,digit,ASCII digit positions.,11,zeta_spectral_coherence,markov_1,5.5953213e-05,1.492721e-06,1.698609e-06,32.061810015189,32.061810015189,0.038461538462,,"{""name"": ""zeta_spectral_coherence"", ""null_model"": ""markov_1"", ""observed"": 5.5953213e-05, ""null_mean"": 1.492721e-06, ""null_std"": 1.698609e-06, ""z_score"": 32.061810015189, ""empirical_p"": 0.038461538462, ""null_samples"": 25}"
outputs\corpus_batch_curated\testdata_datasets_parallel_udhr_de_udhr_de_text_only.json,corpus_batch_curated,,,,de,parallel_udhr,udhr,,,,,,,,,utf8_bits,96872,,,bit_one,Positions where the bitstream contains 1.,45143,run_entropy,density_shuffle,1.802994499798,2.008158111038,0.006406937293,-32.022103832682,32.022103832682,0.038461538462,,"{""name"": ""run_entropy"", ""null_model"": ""density_shuffle"", ""observed"": 1.802994499798, ""null_mean"": 2.008158111038, ""null_std"": 0.006406937293, ""z_score"": -32.022103832682, ""empirical_p"": 0.038461538462, ""null_samples"": 25}"
outputs\corpus_batch_curated\testdata_datasets_parallel_udhr_fr_udhr_fr.json,corpus_batch_curated,,,,fr,parallel_udhr,udhr,,,,,,,,,grapheme_class,9899,,,vowel,Positions classified as vowel in the grapheme-class stream.,3610,run_entropy,density_shuffle,1.55511200839,2.135710526033,0.018212990901,-31.878263202177,31.878263202177,0.038461538462,,"{""name"": ""run_entropy"", ""null_model"": ""density_shuffle"", ""observed"": 1.55511200839, ""null_mean"": 2.135710526033, ""null_std"": 0.018212990901, ""z_score"": -31.878263202177, ""empirical_p"": 0.038461538462, ""null_samples"": 25}"
outputs\corpus_batch_curated\testdata_datasets_parallel_udhr_de_udhr_de_text_only.json,corpus_batch_curated,,,,de,parallel_udhr,udhr,,,,,,,,,utf8_bits,96872,,,bit_transition,Positions where the bitstream changes from the previous bit.,51371,prime_gap_affinity,density_shuffle,0.464220362079,0.397930309519,0.002081249699,31.851080907314,31.851080907314,0.038461538462,,"{""name"": ""prime_gap_affinity"", ""null_model"": ""density_shuffle"", ""observed"": 0.464220362079, ""null_mean"": 0.397930309519, ""null_std"": 0.002081249699, ""z_score"": 31.851080907314, ""empirical_p"": 0.038461538462, ""null_samples"": 25}"
outputs\corpus_batch_curated\testdata_datasets_parallel_udhr_sw_udhr_sw.json,corpus_batch_curated,,,,sw,parallel_udhr,udhr,,,,,,,,,utf8_bits,79272,,,bit_one,Positions where the bitstream contains 1.,35855,run_entropy,density_shuffle,1.800517964161,2.017375334341,0.006809275508,-31.84734850423,31.84734850423,0.038461538462,,"{""name"": ""run_entropy"", ""null_model"": ""density_shuffle"", ""observed"": 1.800517964161, ""null_mean"": 2.017375334341, ""null_std"": 0.006809275508, ""z_score"": -31.84734850423, ""empirical_p"": 0.038461538462, ""null_samples"": 25}"
outputs\corpus_batch_curated\testdata_datasets_parallel_udhr_tr_udhr_tr.json,corpus_batch_curated,,,,tr,parallel_udhr,udhr,,,,,,,,,grapheme,9213,,,consonant,Alphabetic non-vowel positions under the MVP classifier.,4756,run_entropy,density_shuffle,1.193903539763,1.995636083065,0.025216380118,-31.794117139372,31.794117139372,0.038461538462,,"{""name"": ""run_entropy"", ""null_model"": ""density_shuffle"", ""observed"": 1.193903539763, ""null_mean"": 1.995636083065, ""null_std"": 0.025216380118, ""z_score"": -31.794117139372, ""empirical_p"": 0.038461538462, ""null_samples"": 25}"
outputs\corpus_batch_curated\testdata_datasets_parallel_udhr_en_udhr_en_text_only.json,corpus_batch_curated,,,,en,parallel_udhr,udhr,,,,,,,,,grapheme,10638,,,consonant,Alphabetic non-vowel positions under the MVP classifier.,5292,run_entropy,gap_order_shuffle,1.259413030911,1.304366963464,0.001428628586,-31.466493800747,31.466493800747,0.038461538462,,"{""name"": ""run_entropy"", ""null_model"": ""gap_order_shuffle"", ""observed"": 1.259413030911, ""null_mean"": 1.304366963464, ""null_std"": 0.001428628586, ""z_score"": -31.466493800747, ""empirical_p"": 0.038461538462, ""null_samples"": 25}"
outputs\corpus_batch_curated\testdata_datasets_parallel_udhr_de_udhr_de.json,corpus_batch_curated,,,,de,parallel_udhr,udhr,,,,,,,,,utf8_bits,80504,,,bit_transition,Positions where the bitstream changes from the previous bit.,42704,prime_gap_affinity,density_shuffle,0.464018921387,0.398040418706,0.002097224208,31.459918513949,31.459918513949,0.038461538462,,"{""name"": ""prime_gap_affinity"", ""null_model"": ""density_shuffle"", ""observed"": 0.464018921387, ""null_mean"": 0.398040418706, ""null_std"": 0.002097224208, ""z_score"": 31.459918513949, ""empirical_p"": 0.038461538462, ""null_samples"": 25}"
outputs\corpus_batch_curated\testdata_datasets_parallel_udhr_xh_udhr_xh.json,corpus_batch_curated,,,,xh,parallel_udhr,udhr,,,,,,,,,utf8_bits,79536,,,bit_one,Positions where the bitstream contains 1.,40135,run_entropy,density_shuffle,1.746649682651,1.999219212201,0.008031503786,-31.447352361528,31.447352361528,0.038461538462,,"{""name"": ""run_entropy"", ""null_model"": ""density_shuffle"", ""observed"": 1.746649682651, ""null_mean"": 1.999219212201, ""null_std"": 0.008031503786, ""z_score"": -31.447352361528, ""empirical_p"": 0.038461538462, ""null_samples"": 25}"
outputs\corpus_batch_curated\testdata_datasets_parallel_udhr_en_udhr_en.json,corpus_batch_curated,,,,en,parallel_udhr,udhr,,,,,,,,,utf8_bits,79104,,,bit_transition,Positions where the bitstream changes from the previous bit.,40108,run_entropy,gap_order_shuffle,1.703377602648,1.735318373242,0.001025866081,-31.135419313053,31.135419313053,0.038461538462,,"{""name"": ""run_entropy"", ""null_model"": ""gap_order_shuffle"", ""observed"": 1.703377602648, ""null_mean"": 1.735318373242, ""null_std"": 0.001025866081, ""z_score"": -31.135419313053, ""empirical_p"": 0.038461538462, ""null_samples"": 25}"
outputs\corpus_batch_curated\testdata_datasets_parallel_udhr_la_udhr_la.json,corpus_batch_curated,,,,la,parallel_udhr,udhr,,,,,,,,,utf8_bits,79496,,,bit_one,Positions where the bitstream contains 1.,37601,run_entropy,gap_order_shuffle,1.786962690787,1.811735153556,0.00079818675,-31.035923315829,31.035923315829,0.038461538462,,"{""name"": ""run_entropy"", ""null_model"": ""gap_order_shuffle"", ""observed"": 1.786962690787, ""null_mean"": 1.811735153556, ""null_std"": 0.00079818675, ""z_score"": -31.035923315829, ""empirical_p"": 0.038461538462, ""null_samples"": 25}"
outputs\corpus_batch_curated\testdata_datasets_parallel_udhr_fr_udhr_fr_text_only.json,corpus_batch_curated,,,,fr,parallel_udhr,udhr,,,,,,,,,grapheme,11902,,,consonant,Alphabetic non-vowel positions under the MVP classifier.,5295,prime_gap_affinity,density_shuffle,0.700604457877,0.440838685304,0.008389809293,30.962059269059,30.962059269059,0.038461538462,,"{""name"": ""prime_gap_affinity"", ""null_model"": ""density_shuffle"", ""observed"": 0.700604457877, ""null_mean"": 0.440838685304, ""null_std"": 0.008389809293, ""z_score"": 30.962059269059, ""empirical_p"": 0.038461538462, ""null_samples"": 25}"
outputs\corpus_batch_curated\testdata_datasets_parallel_udhr_de_udhr_de_text_only.json,corpus_batch_curated,,,,de,parallel_udhr,udhr,,,,,,,,,grapheme_class,11932,,,digit,Positions classified as digit in the grapheme-class stream.,62,gap_entropy,density_shuffle,3.65850884875,5.794986812967,0.069101306529,-30.918054542662,30.918054542662,0.038461538462,,"{""name"": ""gap_entropy"", ""null_model"": ""density_shuffle"", ""observed"": 3.65850884875, ""null_mean"": 5.794986812967, ""null_std"": 0.069101306529, ""z_score"": -30.918054542662, ""empirical_p"": 0.038461538462, ""null_samples"": 25}"
outputs\corpus_batch_curated\testdata_datasets_parallel_udhr_la_udhr_la.json,corpus_batch_curated,,,,la,parallel_udhr,udhr,,,,,,,,,grapheme_class,9937,,,vowel,Positions classified as vowel in the grapheme-class stream.,3948,run_entropy,density_shuffle,1.40992846572,2.080467568105,0.021892595998,-30.628578833694,30.628578833694,0.038461538462,,"{""name"": ""run_entropy"", ""null_model"": ""density_shuffle"", ""observed"": 1.40992846572, ""null_mean"": 2.080467568105, ""null_std"": 0.021892595998, ""z_score"": -30.628578833694, ""empirical_p"": 0.038461538462, ""null_samples"": 25}"
outputs\corpus_batch_curated\testdata_datasets_parallel_udhr_zh_udhr_zh.json,corpus_batch_curated,,,,zh,parallel_udhr,udhr,,,,,,,,,utf8_bits,137592,,,bit_one,Positions where the bitstream contains 1.,55972,gap_entropy,markov_2,2.230086040324,2.39636358645,0.005431290279,-30.614741174469,30.614741174469,0.038461538462,True,"{""name"": ""gap_entropy"", ""null_model"": ""markov_2"", ""observed"": 2.230086040324, ""null_mean"": 2.39636358645, ""null_std"": 0.005431290279, ""z_score"": -30.614741174469, ""empirical_p"": 0.038461538462, ""null_samples"": 25}"
outputs\corpus_batch_curated\testdata_datasets_parallel_udhr_es_udhr_es_text_only.json,corpus_batch_curated,,,,es,parallel_udhr,udhr,,,,,,,,,grapheme,11965,,,digit,ASCII digit positions.,60,gap_entropy,density_shuffle,3.70667758227,5.724484261216,0.065938996893,-30.601112756041,30.601112756041,0.038461538462,,"{""name"": ""gap_entropy"", ""null_model"": ""density_shuffle"", ""observed"": 3.70667758227, ""null_mean"": 5.724484261216, ""null_std"": 0.065938996893, ""z_score"": -30.601112756041, ""empirical_p"": 0.038461538462, ""null_samples"": 25}"
outputs\corpus_batch_curated\testdata_datasets_parallel_udhr_la_udhr_la.json,corpus_batch_curated,,,,la,parallel_udhr,udhr,,,,,,,,,grapheme,9937,,,vowel,Basic Latin-vowel positions plus common accented vowels.,3948,prime_gap_affinity,density_shuffle,0.679250063339,0.459356473271,0.00719764246,30.5507798288,30.5507798288,0.038461538462,,"{""name"": ""prime_gap_affinity"", ""null_model"": ""density_shuffle"", ""observed"": 0.679250063339, ""null_mean"": 0.459356473271, ""null_std"": 0.00719764246, ""z_score"": 30.5507798288, ""empirical_p"": 0.038461538462, ""null_samples"": 25}"
outputs\corpus_batch_curated\testdata_datasets_parallel_udhr_zh_udhr_zh.json,corpus_batch_curated,,,,zh,parallel_udhr,udhr,,,,,,,,,grapheme_class,9859,,,vowel,Positions classified as vowel in the grapheme-class stream.,2151,gap_entropy,markov_2,1.350218986183,2.516864444984,0.038230784681,-30.515864859179,30.515864859179,0.038461538462,True,"{""name"": ""gap_entropy"", ""null_model"": ""markov_2"", ""observed"": 1.350218986183, ""null_mean"": 2.516864444984, ""null_std"": 0.038230784681, ""z_score"": -30.515864859179, ""empirical_p"": 0.038461538462, ""null_samples"": 25}"
outputs\corpus_batch_curated\testdata_datasets_parallel_udhr_zh_udhr_zh.json,corpus_batch_curated,,,,zh,parallel_udhr,udhr,,,,,,,,,utf8_bits,137592,,,bit_one,Positions where the bitstream contains 1.,55972,prime_index_occupancy_bias,gap_order_shuffle,0.1230055933,0.00026519522,0.004023083564,30.509035201591,30.509035201591,0.038461538462,,"{""name"": ""prime_index_occupancy_bias"", ""null_model"": ""gap_order_shuffle"", ""observed"": 0.1230055933, ""null_mean"": 0.00026519522, ""null_std"": 0.004023083564, ""z_score"": 30.509035201591, ""empirical_p"": 0.038461538462, ""null_samples"": 25}"
outputs\corpus_batch_curated\testdata_datasets_parallel_udhr_xh_udhr_xh.json,corpus_batch_curated,,,,xh,parallel_udhr,udhr,,,,,,,,,grapheme,9942,,,consonant,Alphabetic non-vowel positions under the MVP classifier.,4734,run_entropy,density_shuffle,1.2981762058,2.00321599853,0.023153124776,-30.451172338366,30.451172338366,0.038461538462,,"{""name"": ""run_entropy"", ""null_model"": ""density_shuffle"", ""observed"": 1.2981762058, ""null_mean"": 2.00321599853, ""null_std"": 0.023153124776, ""z_score"": -30.451172338366, ""empirical_p"": 0.038461538462, ""null_samples"": 25}"
outputs\corpus_batch_curated\testdata_datasets_parallel_udhr_en_udhr_en_text_only.json,corpus_batch_curated,,,,en,parallel_udhr,udhr,,,,,,,,,utf8_bits,85120,,,bit_one,Positions where the bitstream contains 1.,39046,run_entropy,gap_order_shuffle,1.88906146177,1.927566454976,0.00126632955,-30.406771445696,30.406771445696,0.038461538462,,"{""name"": ""run_entropy"", ""null_model"": ""gap_order_shuffle"", ""observed"": 1.88906146177, ""null_mean"": 1.927566454976, ""null_std"": 0.00126632955, ""z_score"": -30.406771445696, ""empirical_p"": 0.038461538462, ""null_samples"": 25}"
outputs\corpus_batch_curated\testdata_datasets_parallel_udhr_de_udhr_de_text_only.json,corpus_batch_curated,,,,de,parallel_udhr,udhr,,,,,,,,,grapheme,11932,,,digit,ASCII digit positions.,62,gap_entropy,density_shuffle,3.65850884875,5.75331541951,0.069111143805,-30.310691669072,30.310691669072,0.038461538462,,"{""name"": ""gap_entropy"", ""null_model"": ""density_shuffle"", ""observed"": 3.65850884875, ""null_mean"": 5.75331541951, ""null_std"": 0.069111143805, ""z_score"": -30.310691669072, ""empirical_p"": 0.038461538462, ""null_samples"": 25}"
outputs\corpus_batch_curated\testdata_datasets_parallel_udhr_zh_udhr_zh.json,corpus_batch_curated,,,,zh,parallel_udhr,udhr,,,,,,,,,grapheme_class,9859,,,vowel,Positions classified as vowel in the grapheme-class stream.,2151,run_entropy,markov_2,1.66053085887,2.244605089447,0.019340573844,-30.199426102844,30.199426102844,0.038461538462,True,"{""name"": ""run_entropy"", ""null_model"": ""markov_2"", ""observed"": 1.66053085887, ""null_mean"": 2.244605089447, ""null_std"": 0.019340573844, ""z_score"": -30.199426102844, ""empirical_p"": 0.038461538462, ""null_samples"": 25}"
outputs\corpus_batch_curated\testdata_datasets_parallel_udhr_xh_udhr_xh.json,corpus_batch_curated,,,,xh,parallel_udhr,udhr,,,,,,,,,grapheme,9942,,,consonant,Alphabetic non-vowel positions under the MVP classifier.,4734,prime_gap_affinity,density_shuffle,0.634903866469,0.426427213184,0.006936890169,30.053330558365,30.053330558365,0.038461538462,,"{""name"": ""prime_gap_affinity"", ""null_model"": ""density_shuffle"", ""observed"": 0.634903866469, ""null_mean"": 0.426427213184, ""null_std"": 0.006936890169, ""z_score"": 30.053330558365, ""empirical_p"": 0.038461538462, ""null_samples"": 25}"
outputs\corpus_batch_curated\testdata_datasets_parallel_udhr_de_udhr_de.json,corpus_batch_curated,,,,de,parallel_udhr,udhr,,,,,,,,,grapheme,9922,,,consonant,Alphabetic non-vowel positions under the MVP classifier.,5167,prime_gap_affinity,density_shuffle,0.612466124661,0.403538521099,0.006988489964,29.895958159884,29.895958159884,0.038461538462,,"{""name"": ""prime_gap_affinity"", ""null_model"": ""density_shuffle"", ""observed"": 0.612466124661, ""null_mean"": 0.403538521099, ""null_std"": 0.006988489964, ""z_score"": 29.895958159884, ""empirical_p"": 0.038461538462, ""null_samples"": 25}"
outputs\corpus_batch_curated\testdata_datasets_parallel_udhr_de_udhr_de.json,corpus_batch_curated,,,,de,parallel_udhr,udhr,,,,,,,,,grapheme_class,9922,,,consonant,Positions classified as consonant in the grapheme-class stream.,5167,prime_gap_affinity,density_shuffle,0.612466124661,0.404305071622,0.006971302241,29.859708538481,29.859708538481,0.038461538462,,"{""name"": ""prime_gap_affinity"", ""null_model"": ""density_shuffle"", ""observed"": 0.612466124661, ""null_mean"": 0.404305071622, ""null_std"": 0.006971302241, ""z_score"": 29.859708538481, ""empirical_p"": 0.038461538462, ""null_samples"": 25}"
outputs\corpus_batch_curated\testdata_datasets_parallel_udhr_ja_udhr_ja.json,corpus_batch_curated,,,,ja,parallel_udhr,udhr,,,,,,,,,utf8_bits,77248,,,bit_one,Positions where the bitstream contains 1.,37344,run_entropy,gap_order_shuffle,2.164775583229,2.197160376806,0.001084886381,-29.850861925906,29.850861925906,0.038461538462,,"{""name"": ""run_entropy"", ""null_model"": ""gap_order_shuffle"", ""observed"": 2.164775583229, ""null_mean"": 2.197160376806, ""null_std"": 0.001084886381, ""z_score"": -29.850861925906, ""empirical_p"": 0.038461538462, ""null_samples"": 25}"
outputs\corpus_batch_curated\testdata_datasets_parallel_udhr_es_udhr_es.json,corpus_batch_curated,,,,es,parallel_udhr,udhr,,,,,,,,,grapheme,9896,,,vowel,Basic Latin-vowel positions plus common accented vowels.,3728,run_entropy,density_shuffle,1.344163885978,2.103062021564,0.025566394676,-29.683424089216,29.683424089216,0.038461538462,,"{""name"": ""run_entropy"", ""null_model"": ""density_shuffle"", ""observed"": 1.344163885978, ""null_mean"": 2.103062021564, ""null_std"": 0.025566394676, ""z_score"": -29.683424089216, ""empirical_p"": 0.038461538462, ""null_samples"": 25}"
outputs\corpus_batch_curated\testdata_datasets_parallel_udhr_ar_udhr_ar.json,corpus_batch_curated,,,,ar,parallel_udhr,udhr,,,,,,,,,utf8_bits,110584,,,bit_one,Positions where the bitstream contains 1.,53311,run_entropy,markov_2,2.12982814374,2.279591046217,0.005066419669,-29.55990862749,29.55990862749,0.038461538462,True,"{""name"": ""run_entropy"", ""null_model"": ""markov_2"", ""observed"": 2.12982814374, ""null_mean"": 2.279591046217, ""null_std"": 0.005066419669, ""z_score"": -29.55990862749, ""empirical_p"": 0.038461538462, ""null_samples"": 25}"
outputs\corpus_batch_curated\testdata_datasets_parallel_udhr_es_udhr_es.json,corpus_batch_curated,,,,es,parallel_udhr,udhr,,,,,,,,,grapheme,9896,,,vowel,Basic Latin-vowel positions plus common accented vowels.,3728,prime_gap_affinity,density_shuffle,0.744298363295,0.468687952777,0.009336793111,29.518744524481,29.518744524481,0.038461538462,,"{""name"": ""prime_gap_affinity"", ""null_model"": ""density_shuffle"", ""observed"": 0.744298363295, ""null_mean"": 0.468687952777, ""null_std"": 0.009336793111, ""z_score"": 29.518744524481, ""empirical_p"": 0.038461538462, ""null_samples"": 25}"
outputs\corpus_batch_curated\testdata_datasets_parallel_udhr_fr_udhr_fr.json,corpus_batch_curated,,,,fr,parallel_udhr,udhr,,,,,,,,,grapheme,9899,,,digit,ASCII digit positions.,42,gap_entropy,density_shuffle,3.662750338734,5.255352114372,0.054014111263,-29.484920484583,29.484920484583,0.038461538462,,"{""name"": ""gap_entropy"", ""null_model"": ""density_shuffle"", ""observed"": 3.662750338734, ""null_mean"": 5.255352114372, ""null_std"": 0.054014111263, ""z_score"": -29.484920484583, ""empirical_p"": 0.038461538462, ""null_samples"": 25}"
outputs\corpus_batch_curated\testdata_datasets_parallel_udhr_es_udhr_es.json,corpus_batch_curated,,,,es,parallel_udhr,udhr,,,,,,,,,grapheme,9896,,,digit,ASCII digit positions.,52,gap_entropy,density_shuffle,3.632387597083,5.542406175296,0.064789113955,-29.480547913477,29.480547913477,0.038461538462,,"{""name"": ""gap_entropy"", ""null_model"": ""density_shuffle"", ""observed"": 3.632387597083, ""null_mean"": 5.542406175296, ""null_std"": 0.064789113955, ""z_score"": -29.480547913477, ""empirical_p"": 0.038461538462, ""null_samples"": 25}"
outputs\corpus_batch_curated\testdata_datasets_parallel_udhr_is_udhr_is.json,corpus_batch_curated,,,,is,parallel_udhr,udhr,,,,,,,,,utf8_bits,87624,,,bit_one,Positions where the bitstream contains 1.,40837,run_entropy,gap_order_shuffle,1.941489825984,1.965410394044,0.000812080592,-29.455904109427,29.455904109427,0.038461538462,,"{""name"": ""run_entropy"", ""null_model"": ""gap_order_shuffle"", ""observed"": 1.941489825984, ""null_mean"": 1.965410394044, ""null_std"": 0.000812080592, ""z_score"": -29.455904109427, ""empirical_p"": 0.038461538462, ""null_samples"": 25}"
outputs\corpus_batch_curated\testdata_datasets_parallel_udhr_de_udhr_de.json,corpus_batch_curated,,,,de,parallel_udhr,udhr,,,,,,,,,grapheme,9922,,,digit,ASCII digit positions.,54,gap_entropy,density_shuffle,3.538503473105,5.579026709269,0.069518686556,-29.352154611109,29.352154611109,0.038461538462,,"{""name"": ""gap_entropy"", ""null_model"": ""density_shuffle"", ""observed"": 3.538503473105, ""null_mean"": 5.579026709269, ""null_std"": 0.069518686556, ""z_score"": -29.352154611109, ""empirical_p"": 0.038461538462, ""null_samples"": 25}"
outputs\corpus_batch_curated\testdata_datasets_parallel_udhr_zh_udhr_zh.json,corpus_batch_curated,,,,zh,parallel_udhr,udhr,,,,,,,,,utf8_bits,137592,,,bit_one,Positions where the bitstream contains 1.,55972,prime_index_occupancy_bias,markov_1,0.1230055933,0.000239674338,0.004196209001,29.256388071974,29.256388071974,0.038461538462,,"{""name"": ""prime_index_occupancy_bias"", ""null_model"": ""markov_1"", ""observed"": 0.1230055933, ""null_mean"": 0.000239674338, ""null_std"": 0.004196209001, ""z_score"": 29.256388071974, ""empirical_p"": 0.038461538462, ""null_samples"": 25}"
outputs\corpus_batch_curated\testdata_datasets_parallel_udhr_xh_udhr_xh.json,corpus_batch_curated,,,,xh,parallel_udhr,udhr,,,,,,,,,utf8_bits,79536,,,bit_transition,Positions where the bitstream changes from the previous bit.,43826,run_entropy,gap_order_shuffle,1.7940966443,1.815066561457,0.000720085349,-29.121432868698,29.121432868698,0.038461538462,,"{""name"": ""run_entropy"", ""null_model"": ""gap_order_shuffle"", ""observed"": 1.7940966443, ""null_mean"": 1.815066561457, ""null_std"": 0.000720085349, ""z_score"": -29.121432868698, ""empirical_p"": 0.038461538462, ""null_samples"": 25}"
outputs\corpus_batch_curated\testdata_datasets_parallel_udhr_ar_udhr_ar.json,corpus_batch_curated,,,,ar,parallel_udhr,udhr,,,,,,,,,utf8_bits,110584,,,bit_one,Positions where the bitstream contains 1.,53311,prime_gap_affinity,markov_2,0.398330519602,0.348939134812,0.001699466018,29.062884618626,29.062884618626,0.038461538462,True,"{""name"": ""prime_gap_affinity"", ""null_model"": ""markov_2"", ""observed"": 0.398330519602, ""null_mean"": 0.348939134812, ""null_std"": 0.001699466018, ""z_score"": 29.062884618626, ""empirical_p"": 0.038461538462, ""null_samples"": 25}"
outputs\corpus_batch_curated\testdata_datasets_parallel_udhr_is_udhr_is.json,corpus_batch_curated,,,,is,parallel_udhr,udhr,,,,,,,,,grapheme,9967,,,consonant,Alphabetic non-vowel positions under the MVP classifier.,5018,run_entropy,density_shuffle,1.363860150794,1.994027960242,0.021719014266,-29.014567684158,29.014567684158,0.038461538462,,"{""name"": ""run_entropy"", ""null_model"": ""density_shuffle"", ""observed"": 1.363860150794, ""null_mean"": 1.994027960242, ""null_std"": 0.021719014266, ""z_score"": -29.014567684158, ""empirical_p"": 0.038461538462, ""null_samples"": 25}"
outputs\corpus_batch_curated\testdata_datasets_parallel_udhr_ja_udhr_ja.json,corpus_batch_curated,,,,ja,parallel_udhr,udhr,,,,,,,,,grapheme,3334,,,digit,ASCII digit positions.,40,gap_entropy,density_shuffle,2.869026170699,5.06564359065,0.075769545599,-28.990769346556,28.990769346556,0.038461538462,,"{""name"": ""gap_entropy"", ""null_model"": ""density_shuffle"", ""observed"": 2.869026170699, ""null_mean"": 5.06564359065, ""null_std"": 0.075769545599, ""z_score"": -28.990769346556, ""empirical_p"": 0.038461538462, ""null_samples"": 25}"
outputs\corpus_batch_curated\testdata_datasets_parallel_udhr_is_udhr_is.json,corpus_batch_curated,,,,is,parallel_udhr,udhr,,,,,,,,,utf8_bits,87624,,,bit_transition,Positions where the bitstream changes from the previous bit.,43781,run_entropy,gap_order_shuffle,1.702754339987,1.723175725877,0.000706181547,-28.918039519985,28.918039519985,0.038461538462,,"{""name"": ""run_entropy"", ""null_model"": ""gap_order_shuffle"", ""observed"": 1.702754339987, ""null_mean"": 1.723175725877, ""null_std"": 0.000706181547, ""z_score"": -28.918039519985, ""empirical_p"": 0.038461538462, ""null_samples"": 25}"
outputs\corpus_batch_curated\testdata_datasets_parallel_udhr_tr_udhr_tr.json,corpus_batch_curated,,,,tr,parallel_udhr,udhr,,,,,,,,,utf8_bits,79624,,,bit_transition,Positions where the bitstream changes from the previous bit.,42115,prime_gap_affinity,density_shuffle,0.454931851641,0.399284798404,0.001924756529,28.911216763592,28.911216763592,0.038461538462,,"{""name"": ""prime_gap_affinity"", ""null_model"": ""density_shuffle"", ""observed"": 0.454931851641, ""null_mean"": 0.399284798404, ""null_std"": 0.001924756529, ""z_score"": 28.911216763592, ""empirical_p"": 0.038461538462, ""null_samples"": 25}"
outputs\corpus_batch_curated\testdata_datasets_parallel_udhr_sw_udhr_sw.json,corpus_batch_curated,,,,sw,parallel_udhr,udhr,,,,,,,,,utf8_bits,79272,,,bit_one,Positions where the bitstream contains 1.,35855,prime_gap_affinity,markov_1,0.554833491382,0.47662611187,0.002706381339,28.897398298046,28.897398298046,0.038461538462,,"{""name"": ""prime_gap_affinity"", ""null_model"": ""markov_1"", ""observed"": 0.554833491382, ""null_mean"": 0.47662611187, ""null_std"": 0.002706381339, ""z_score"": 28.897398298046, ""empirical_p"": 0.038461538462, ""null_samples"": 25}"
outputs\corpus_batch_curated\testdata_datasets_parallel_udhr_fr_udhr_fr_text_only.json,corpus_batch_curated,,,,fr,parallel_udhr,udhr,,,,,,,,,grapheme_class,11902,,,vowel,Positions classified as vowel in the grapheme-class stream.,4330,run_entropy,density_shuffle,1.566615374999,2.140336939892,0.019865401881,-28.880440895145,28.880440895145,0.038461538462,,"{""name"": ""run_entropy"", ""null_model"": ""density_shuffle"", ""observed"": 1.566615374999, ""null_mean"": 2.140336939892, ""null_std"": 0.019865401881, ""z_score"": -28.880440895145, ""empirical_p"": 0.038461538462, ""null_samples"": 25}"
outputs\corpus_batch_curated\testdata_datasets_parallel_udhr_fr_udhr_fr.json,corpus_batch_curated,,,,fr,parallel_udhr,udhr,,,,,,,,,grapheme,9899,,,consonant,Alphabetic non-vowel positions under the MVP classifier.,4394,prime_gap_affinity,density_shuffle,0.701115410881,0.438579558388,0.009100347641,28.848991581731,28.848991581731,0.038461538462,,"{""name"": ""prime_gap_affinity"", ""null_model"": ""density_shuffle"", ""observed"": 0.701115410881, ""null_mean"": 0.438579558388, ""null_std"": 0.009100347641, ""z_score"": 28.848991581731, ""empirical_p"": 0.038461538462, ""null_samples"": 25}"
outputs\corpus_batch_curated\testdata_datasets_parallel_udhr_fr_udhr_fr_text_only.json,corpus_batch_curated,,,,fr,parallel_udhr,udhr,,,,,,,,,utf8_bits,99648,,,bit_one,Positions where the bitstream contains 1.,45563,run_entropy,gap_order_shuffle,1.878739234399,1.903398511712,0.000856680604,-28.784680297317,28.784680297317,0.038461538462,,"{""name"": ""run_entropy"", ""null_model"": ""gap_order_shuffle"", ""observed"": 1.878739234399, ""null_mean"": 1.903398511712, ""null_std"": 0.000856680604, ""z_score"": -28.784680297317, ""empirical_p"": 0.038461538462, ""null_samples"": 25}"
outputs\corpus_batch_curated\testdata_datasets_parallel_udhr_tr_udhr_tr.json,corpus_batch_curated,,,,tr,parallel_udhr,udhr,,,,,,,,,grapheme,9213,,,consonant,Alphabetic non-vowel positions under the MVP classifier.,4756,prime_gap_affinity,density_shuffle,0.653627760252,0.408033648791,0.008550605156,28.72242454994,28.72242454994,0.038461538462,,"{""name"": ""prime_gap_affinity"", ""null_model"": ""density_shuffle"", ""observed"": 0.653627760252, ""null_mean"": 0.408033648791, ""null_std"": 0.008550605156, ""z_score"": 28.72242454994, ""empirical_p"": 0.038461538462, ""null_samples"": 25}"
outputs\corpus_batch_curated\testdata_datasets_parallel_udhr_ar_udhr_ar.json,corpus_batch_curated,,,,ar,parallel_udhr,udhr,,,,,,,,,grapheme,7656,,,digit,ASCII digit positions.,61,gap_entropy,density_shuffle,3.733857886302,5.654008387254,0.067104836278,-28.614189490039,28.614189490039,0.038461538462,,"{""name"": ""gap_entropy"", ""null_model"": ""density_shuffle"", ""observed"": 3.733857886302, ""null_mean"": 5.654008387254, ""null_std"": 0.067104836278, ""z_score"": -28.614189490039, ""empirical_p"": 0.038461538462, ""null_samples"": 25}"
outputs\corpus_batch_curated\testdata_datasets_parallel_udhr_es_udhr_es_text_only.json,corpus_batch_curated,,,,es,parallel_udhr,udhr,,,,,,,,,grapheme_class,11965,,,digit,Positions classified as digit in the grapheme-class stream.,60,gap_entropy,density_shuffle,3.70667758227,5.742623167997,0.071403728066,-28.513155277153,28.513155277153,0.038461538462,,"{""name"": ""gap_entropy"", ""null_model"": ""density_shuffle"", ""observed"": 3.70667758227, ""null_mean"": 5.742623167997, ""null_std"": 0.071403728066, ""z_score"": -28.513155277153, ""empirical_p"": 0.038461538462, ""null_samples"": 25}"
outputs\corpus_batch_curated\testdata_datasets_parallel_udhr_zh_udhr_zh_text_only.json,corpus_batch_curated,,,,zh,parallel_udhr,udhr,,,,,,,,,grapheme,2989,,,digit,ASCII digit positions.,11,gap_entropy,density_shuffle,1.156779649447,3.289928094887,0.074833147735,-28.505395135597,28.505395135597,0.038461538462,,"{""name"": ""gap_entropy"", ""null_model"": ""density_shuffle"", ""observed"": 1.156779649447, ""null_mean"": 3.289928094887, ""null_std"": 0.074833147735, ""z_score"": -28.505395135597, ""empirical_p"": 0.038461538462, ""null_samples"": 25}"
outputs\corpus_batch_curated\testdata_datasets_parallel_udhr_de_udhr_de.json,corpus_batch_curated,,,,de,parallel_udhr,udhr,,,,,,,,,grapheme_class,9922,,,consonant,Positions classified as consonant in the grapheme-class stream.,5167,run_entropy,density_shuffle,1.295640052,2.001026478633,0.024904773434,-28.323342451101,28.323342451101,0.038461538462,,"{""name"": ""run_entropy"", ""null_model"": ""density_shuffle"", ""observed"": 1.295640052, ""null_mean"": 2.001026478633, ""null_std"": 0.024904773434, ""z_score"": -28.323342451101, ""empirical_p"": 0.038461538462, ""null_samples"": 25}"
outputs\corpus_batch_curated\testdata_datasets_parallel_udhr_zh_udhr_zh_text_only.json,corpus_batch_curated,,,,zh,parallel_udhr,udhr,,,,,,,,,grapheme,2989,,,consonant,Alphabetic non-vowel positions under the MVP classifier.,2675,gap_entropy,density_shuffle,0.512352626205,0.540463348368,0.00099250787,-28.322921175666,28.322921175666,0.038461538462,,"{""name"": ""gap_entropy"", ""null_model"": ""density_shuffle"", ""observed"": 0.512352626205, ""null_mean"": 0.540463348368, ""null_std"": 0.00099250787, ""z_score"": -28.322921175666, ""empirical_p"": 0.038461538462, ""null_samples"": 25}"
outputs\corpus_batch_curated\testdata_datasets_parallel_udhr_es_udhr_es_text_only.json,corpus_batch_curated,,,,es,parallel_udhr,udhr,,,,,,,,,utf8_bits,97400,,,bit_one,Positions where the bitstream contains 1.,44602,prime_gap_affinity,density_shuffle,0.493262482904,0.436197394677,0.002016382975,28.300719129755,28.300719129755,0.038461538462,,"{""name"": ""prime_gap_affinity"", ""null_model"": ""density_shuffle"", ""observed"": 0.493262482904, ""null_mean"": 0.436197394677, ""null_std"": 0.002016382975, ""z_score"": 28.300719129755, ""empirical_p"": 0.038461538462, ""null_samples"": 25}"
outputs\corpus_batch_curated\testdata_datasets_parallel_udhr_zh_udhr_zh.json,corpus_batch_curated,,,,zh,parallel_udhr,udhr,,,,,,,,,utf8_bits,137592,,,bit_one,Positions where the bitstream contains 1.,55972,prime_gap_affinity,density_shuffle,0.512104482679,0.456059030569,0.001994011093,28.106890830077,28.106890830077,0.038461538462,,"{""name"": ""prime_gap_affinity"", ""null_model"": ""density_shuffle"", ""observed"": 0.512104482679, ""null_mean"": 0.456059030569, ""null_std"": 0.001994011093, ""z_score"": 28.106890830077, ""empirical_p"": 0.038461538462, ""null_samples"": 25}"
outputs\corpus_batch_curated\testdata_datasets_parallel_udhr_ja_udhr_ja_text_only.json,corpus_batch_curated,,,,ja,parallel_udhr,udhr,,,,,,,,,grapheme_class,4183,,,digit,Positions classified as digit in the grapheme-class stream.,50,gap_entropy,density_shuffle,3.038966320204,5.352004915521,0.082781973115,-27.941332010676,27.941332010676,0.038461538462,,"{""name"": ""gap_entropy"", ""null_model"": ""density_shuffle"", ""observed"": 3.038966320204, ""null_mean"": 5.352004915521, ""null_std"": 0.082781973115, ""z_score"": -27.941332010676, ""empirical_p"": 0.038461538462, ""null_samples"": 25}"
outputs\corpus_batch_curated\testdata_datasets_parallel_udhr_zh_udhr_zh.json,corpus_batch_curated,,,,zh,parallel_udhr,udhr,,,,,,,,,utf8_bits,137592,,,bit_transition,Positions where the bitstream changes from the previous bit.,67387,prime_gap_affinity,markov_1,0.351808981094,0.396595864023,0.001603584358,-27.929234091454,27.929234091454,0.038461538462,,"{""name"": ""prime_gap_affinity"", ""null_model"": ""markov_1"", ""observed"": 0.351808981094, ""null_mean"": 0.396595864023, ""null_std"": 0.001603584358, ""z_score"": -27.929234091454, ""empirical_p"": 0.038461538462, ""null_samples"": 25}"
outputs\corpus_batch_curated\testdata_datasets_parallel_udhr_es_udhr_es.json,corpus_batch_curated,,,,es,parallel_udhr,udhr,,,,,,,,,grapheme_class,9896,,,digit,Positions classified as digit in the grapheme-class stream.,52,gap_entropy,density_shuffle,3.632387597083,5.56868835177,0.069350258423,-27.920598981375,27.920598981375,0.038461538462,,"{""name"": ""gap_entropy"", ""null_model"": ""density_shuffle"", ""observed"": 3.632387597083, ""null_mean"": 5.56868835177, ""null_std"": 0.069350258423, ""z_score"": -27.920598981375, ""empirical_p"": 0.038461538462, ""null_samples"": 25}"
outputs\corpus_batch_curated\testdata_datasets_parallel_udhr_sw_udhr_sw.json,corpus_batch_curated,,,,sw,parallel_udhr,udhr,,,,,,,,,utf8_bits,79272,,,bit_one,Positions where the bitstream contains 1.,35855,prime_gap_affinity,markov_2,0.554833491382,0.479897909456,0.002684837822,27.910654900168,27.910654900168,0.038461538462,True,"{""name"": ""prime_gap_affinity"", ""null_model"": ""markov_2"", ""observed"": 0.554833491382, ""null_mean"": 0.479897909456, ""null_std"": 0.002684837822, ""z_score"": 27.910654900168, ""empirical_p"": 0.038461538462, ""null_samples"": 25}"
outputs\corpus_batch_curated\testdata_datasets_controls_random_bits_10k.json,corpus_batch_curated,,,,unknown,controls,controls,,,,,,,,,utf8_bits,80024,,,bit_one,Positions where the bitstream contains 1.,24970,prime_gap_affinity,density_shuffle,0.40065681445,0.477031519084,0.002740598859,-27.86788894148,27.86788894148,0.038461538462,,"{""name"": ""prime_gap_affinity"", ""null_model"": ""density_shuffle"", ""observed"": 0.40065681445, ""null_mean"": 0.477031519084, ""null_std"": 0.002740598859, ""z_score"": -27.86788894148, ""empirical_p"": 0.038461538462, ""null_samples"": 25}"
outputs\corpus_batch_curated\testdata_datasets_parallel_udhr_es_udhr_es.json,corpus_batch_curated,,,,es,parallel_udhr,udhr,,,,,,,,,utf8_bits,80544,,,bit_transition,Positions where the bitstream changes from the previous bit.,40968,prime_gap_affinity,density_shuffle,0.468181707228,0.409846949984,0.002095048003,27.844114865204,27.844114865204,0.038461538462,,"{""name"": ""prime_gap_affinity"", ""null_model"": ""density_shuffle"", ""observed"": 0.468181707228, ""null_mean"": 0.409846949984, ""null_std"": 0.002095048003, ""z_score"": 27.844114865204, ""empirical_p"": 0.038461538462, ""null_samples"": 25}"
outputs\corpus_batch_curated\testdata_datasets_parallel_udhr_he_udhr_he.json,corpus_batch_curated,,,,he,parallel_udhr,udhr,,,,,,,,,utf8_bits,79656,,,bit_one,Positions where the bitstream contains 1.,44215,prime_gap_affinity,density_shuffle,0.442733070973,0.383057854978,0.002147133546,27.792968961758,27.792968961758,0.038461538462,,"{""name"": ""prime_gap_affinity"", ""null_model"": ""density_shuffle"", ""observed"": 0.442733070973, ""null_mean"": 0.383057854978, ""null_std"": 0.002147133546, ""z_score"": 27.792968961758, ""empirical_p"": 0.038461538462, ""null_samples"": 25}"
outputs\corpus_batch_curated\testdata_datasets_parallel_udhr_ja_udhr_ja.json,corpus_batch_curated,,,,ja,parallel_udhr,udhr,,,,,,,,,utf8_bits,77248,,,bit_one,Positions where the bitstream contains 1.,37344,prime_gap_affinity,density_shuffle,0.345205259352,0.423526765391,0.002820199738,-27.771616662784,27.771616662784,0.038461538462,,"{""name"": ""prime_gap_affinity"", ""null_model"": ""density_shuffle"", ""observed"": 0.345205259352, ""null_mean"": 0.423526765391, ""null_std"": 0.002820199738, ""z_score"": -27.771616662784, ""empirical_p"": 0.038461538462, ""null_samples"": 25}"
outputs\corpus_batch_curated\testdata_datasets_parallel_udhr_en_udhr_en_text_only.json,corpus_batch_curated,,,,en,parallel_udhr,udhr,,,,,,,,,grapheme_class,10638,,,consonant,Positions classified as consonant in the grapheme-class stream.,5292,run_entropy,density_shuffle,1.259413030911,2.002825208354,0.026797282945,-27.742072916665,27.742072916665,0.038461538462,,"{""name"": ""run_entropy"", ""null_model"": ""density_shuffle"", ""observed"": 1.259413030911, ""null_mean"": 2.002825208354, ""null_std"": 0.026797282945, ""z_score"": -27.742072916665, ""empirical_p"": 0.038461538462, ""null_samples"": 25}"
outputs\corpus_batch_curated\testdata_datasets_parallel_udhr_zh_udhr_zh.json,corpus_batch_curated,,,,zh,parallel_udhr,udhr,,,,,,,,,utf8_bits,137592,,,bit_transition,Positions where the bitstream changes from the previous bit.,67387,prime_index_occupancy_bias,markov_2,0.09376192498,-0.000776313527,0.003409747353,27.725877818353,27.725877818353,0.038461538462,True,"{""name"": ""prime_index_occupancy_bias"", ""null_model"": ""markov_2"", ""observed"": 0.09376192498, ""null_mean"": -0.000776313527, ""null_std"": 0.003409747353, ""z_score"": 27.725877818353, ""empirical_p"": 0.038461538462, ""null_samples"": 25}"
outputs\corpus_batch_curated\testdata_datasets_parallel_udhr_zh_udhr_zh.json,corpus_batch_curated,,,,zh,parallel_udhr,udhr,,,,,,,,,utf8_bits,137592,,,bit_one,Positions where the bitstream contains 1.,55972,prime_index_occupancy_bias,markov_2,0.1230055933,-5.139065e-06,0.004457729263,27.594931213017,27.594931213017,0.038461538462,True,"{""name"": ""prime_index_occupancy_bias"", ""null_model"": ""markov_2"", ""observed"": 0.1230055933, ""null_mean"": -5.139065e-06, ""null_std"": 0.004457729263, ""z_score"": 27.594931213017, ""empirical_p"": 0.038461538462, ""null_samples"": 25}"
outputs\corpus_batch_curated\testdata_datasets_parallel_udhr_en_udhr_en.json,corpus_batch_curated,,,,en,parallel_udhr,udhr,,,,,,,,,grapheme_class,9888,,,vowel,Positions classified as vowel in the grapheme-class stream.,3152,run_entropy,density_shuffle,1.699020325063,2.237258650529,0.019525088858,-27.566498128763,27.566498128763,0.038461538462,,"{""name"": ""run_entropy"", ""null_model"": ""density_shuffle"", ""observed"": 1.699020325063, ""null_mean"": 2.237258650529, ""null_std"": 0.019525088858, ""z_score"": -27.566498128763, ""empirical_p"": 0.038461538462, ""null_samples"": 25}"
outputs\corpus_batch_curated\testdata_datasets_parallel_udhr_fr_udhr_fr_text_only.json,corpus_batch_curated,,,,fr,parallel_udhr,udhr,,,,,,,,,grapheme,11902,,,consonant,Alphabetic non-vowel positions under the MVP classifier.,5295,run_entropy,density_shuffle,1.294930301388,2.022423400961,0.026419829631,-27.535873990552,27.535873990552,0.038461538462,,"{""name"": ""run_entropy"", ""null_model"": ""density_shuffle"", ""observed"": 1.294930301388, ""null_mean"": 2.022423400961, ""null_std"": 0.026419829631, ""z_score"": -27.535873990552, ""empirical_p"": 0.038461538462, ""null_samples"": 25}"
outputs\corpus_batch_curated\testdata_datasets_parallel_udhr_fr_udhr_fr.json,corpus_batch_curated,,,,fr,parallel_udhr,udhr,,,,,,,,,grapheme,9899,,,consonant,Alphabetic non-vowel positions under the MVP classifier.,4394,run_entropy,density_shuffle,1.297163208257,2.028951261045,0.026723429071,-27.383763171031,27.383763171031,0.038461538462,,"{""name"": ""run_entropy"", ""null_model"": ""density_shuffle"", ""observed"": 1.297163208257, ""null_mean"": 2.028951261045, ""null_std"": 0.026723429071, ""z_score"": -27.383763171031, ""empirical_p"": 0.038461538462, ""null_samples"": 25}"
outputs\corpus_batch_curated\testdata_datasets_parallel_udhr_is_udhr_is.json,corpus_batch_curated,,,,is,parallel_udhr,udhr,,,,,,,,,grapheme,9967,,,consonant,Alphabetic non-vowel positions under the MVP classifier.,5018,prime_gap_affinity,density_shuffle,0.608929639227,0.41309946183,0.00721657773,27.13615576672,27.13615576672,0.038461538462,,"{""name"": ""prime_gap_affinity"", ""null_model"": ""density_shuffle"", ""observed"": 0.608929639227, ""null_mean"": 0.41309946183, ""null_std"": 0.00721657773, ""z_score"": 27.13615576672, ""empirical_p"": 0.038461538462, ""null_samples"": 25}"
outputs\corpus_batch_curated\testdata_datasets_parallel_udhr_es_udhr_es_text_only.json,corpus_batch_curated,,,,es,parallel_udhr,udhr,,,,,,,,,utf8_bits,97400,,,bit_transition,Positions where the bitstream changes from the previous bit.,49471,prime_gap_affinity,density_shuffle,0.469799878714,0.411053163533,0.002167856902,27.098982006337,27.098982006337,0.038461538462,,"{""name"": ""prime_gap_affinity"", ""null_model"": ""density_shuffle"", ""observed"": 0.469799878714, ""null_mean"": 0.411053163533, ""null_std"": 0.002167856902, ""z_score"": 27.098982006337, ""empirical_p"": 0.038461538462, ""null_samples"": 25}"
outputs\corpus_batch_curated\testdata_datasets_parallel_udhr_en_udhr_en_text_only.json,corpus_batch_curated,,,,en,parallel_udhr,udhr,,,,,,,,,utf8_bits,85120,,,bit_transition,Positions where the bitstream changes from the previous bit.,43141,prime_index_occupancy_bias,density_shuffle,-0.104670877966,0.000381604427,0.003877719051,-27.091308322673,27.091308322673,0.038461538462,,"{""name"": ""prime_index_occupancy_bias"", ""null_model"": ""density_shuffle"", ""observed"": -0.104670877966, ""null_mean"": 0.000381604427, ""null_std"": 0.003877719051, ""z_score"": -27.091308322673, ""empirical_p"": 0.038461538462, ""null_samples"": 25}"
outputs\corpus_batch_curated\testdata_datasets_parallel_udhr_is_udhr_is.json,corpus_batch_curated,,,,is,parallel_udhr,udhr,,,,,,,,,grapheme_class,9967,,,vowel,Positions classified as vowel in the grapheme-class stream.,2987,prime_gap_affinity,density_shuffle,0.678834561286,0.478231748158,0.007406936547,27.083101340028,27.083101340028,0.038461538462,,"{""name"": ""prime_gap_affinity"", ""null_model"": ""density_shuffle"", ""observed"": 0.678834561286, ""null_mean"": 0.478231748158, ""null_std"": 0.007406936547, ""z_score"": 27.083101340028, ""empirical_p"": 0.038461538462, ""null_samples"": 25}"
outputs\corpus_batch_curated\testdata_datasets_parallel_udhr_ar_udhr_ar.json,corpus_batch_curated,,,,ar,parallel_udhr,udhr,,,,,,,,,utf8_bits,110584,,,bit_transition,Positions where the bitstream changes from the previous bit.,47783,prime_index_occupancy_bias,density_shuffle,0.098491479423,0.00057257302,0.003652673006,26.807465722331,26.807465722331,0.038461538462,,"{""name"": ""prime_index_occupancy_bias"", ""null_model"": ""density_shuffle"", ""observed"": 0.098491479423, ""null_mean"": 0.00057257302, ""null_std"": 0.003652673006, ""z_score"": 26.807465722331, ""empirical_p"": 0.038461538462, ""null_samples"": 25}"
outputs\corpus_batch_curated\testdata_datasets_parallel_udhr_zh_udhr_zh_text_only.json,corpus_batch_curated,,,,zh,parallel_udhr,udhr,,,,,,,,,utf8_bits,68568,,,bit_transition,Positions where the bitstream changes from the previous bit.,35497,run_entropy,gap_order_shuffle,1.867195688032,1.878334904733,0.000416759478,-26.728166433206,26.728166433206,0.038461538462,,"{""name"": ""run_entropy"", ""null_model"": ""gap_order_shuffle"", ""observed"": 1.867195688032, ""null_mean"": 1.878334904733, ""null_std"": 0.000416759478, ""z_score"": -26.728166433206, ""empirical_p"": 0.038461538462, ""null_samples"": 25}"
