report_file,report_group,experiment,status,language_reported,language_guess,corpus_family,source,input,input_bytes,input_chars,cleaned_chars,null_samples,seed,tool_version,hyphen_policy,encoding,encoding_sequence_len,encoding_unique_symbols,encoding_symbol_entropy_bits,event,event_description,event_count,metric,null_model,observed,null_mean,null_std,z,abs_z,p_emp,survives_markov_2,raw_metric_json
outputs\canonical_udhr_v0_3_nulls100\zh_udhr_zh_canonical.json,canonical_udhr_v0_3_nulls100,,,,unknown,unknown,unknown,,,,,,,,,grapheme,2989,,,vowel,Basic Latin-vowel positions plus common accented vowels.,4,gap_entropy,density_shuffle,0.918295834054,1.584962500721,0.0,-271577275817679.62,271577275817679.62,0.009900990099,,"{""name"": ""gap_entropy"", ""null_model"": ""density_shuffle"", ""observed"": 0.918295834054, ""null_mean"": 1.584962500721, ""null_std"": 0.0, ""z_score"": -271577275817679.62, ""empirical_p"": 0.009900990099, ""null_samples"": 100}"
outputs\canonical_udhr_v0_3_nulls100\zh_udhr_zh_canonical.json,canonical_udhr_v0_3_nulls100,,,,unknown,unknown,unknown,,,,,,,,,grapheme_class,2989,,,vowel,Positions classified as vowel in the grapheme-class stream.,4,gap_entropy,density_shuffle,0.918295834054,1.584962500721,0.0,-271577275817679.62,271577275817679.62,0.009900990099,,"{""name"": ""gap_entropy"", ""null_model"": ""density_shuffle"", ""observed"": 0.918295834054, ""null_mean"": 1.584962500721, ""null_std"": 0.0, ""z_score"": -271577275817679.62, ""empirical_p"": 0.009900990099, ""null_samples"": 100}"
outputs\canonical_udhr_v0_3_nulls100\de_udhr_de_canonical.json,canonical_udhr_v0_3_nulls100,,,,unknown,unknown,unknown,,,,,,,,,grapheme_class,11932,,,other,Positions classified as other in the grapheme-class stream.,1,run_entropy,density_shuffle,1.0,1.584962500721,0.0,-238293783602023.7,238293783602023.7,0.009900990099,,"{""name"": ""run_entropy"", ""null_model"": ""density_shuffle"", ""observed"": 1, ""null_mean"": 1.584962500721, ""null_std"": 0.0, ""z_score"": -238293783602023.7, ""empirical_p"": 0.009900990099, ""null_samples"": 100}"
outputs\canonical_udhr_v0_3_nulls100\el_udhr_el_canonical.json,canonical_udhr_v0_3_nulls100,,,,unknown,unknown,unknown,,,,,,,,,grapheme_class,5470,,,other,Positions classified as other in the grapheme-class stream.,1,run_entropy,density_shuffle,1.0,1.584962500721,0.0,-238293783602023.7,238293783602023.7,0.009900990099,,"{""name"": ""run_entropy"", ""null_model"": ""density_shuffle"", ""observed"": 1, ""null_mean"": 1.584962500721, ""null_std"": 0.0, ""z_score"": -238293783602023.7, ""empirical_p"": 0.009900990099, ""null_samples"": 100}"
outputs\canonical_udhr_v0_3_nulls100\en_udhr_en_canonical.json,canonical_udhr_v0_3_nulls100,,,,unknown,unknown,unknown,,,,,,,,,grapheme_class,10638,,,other,Positions classified as other in the grapheme-class stream.,1,run_entropy,density_shuffle,1.0,1.584962500721,0.0,-238293783602023.7,238293783602023.7,0.009900990099,,"{""name"": ""run_entropy"", ""null_model"": ""density_shuffle"", ""observed"": 1, ""null_mean"": 1.584962500721, ""null_std"": 0.0, ""z_score"": -238293783602023.7, ""empirical_p"": 0.009900990099, ""null_samples"": 100}"
outputs\canonical_udhr_v0_3_nulls100\es_udhr_es_canonical.json,canonical_udhr_v0_3_nulls100,,,,unknown,unknown,unknown,,,,,,,,,grapheme_class,11965,,,other,Positions classified as other in the grapheme-class stream.,1,run_entropy,density_shuffle,1.0,1.584962500721,0.0,-238293783602023.7,238293783602023.7,0.009900990099,,"{""name"": ""run_entropy"", ""null_model"": ""density_shuffle"", ""observed"": 1, ""null_mean"": 1.584962500721, ""null_std"": 0.0, ""z_score"": -238293783602023.7, ""empirical_p"": 0.009900990099, ""null_samples"": 100}"
outputs\canonical_udhr_v0_3_nulls100\fr_udhr_fr_canonical.json,canonical_udhr_v0_3_nulls100,,,,unknown,unknown,unknown,,,,,,,,,grapheme_class,11902,,,other,Positions classified as other in the grapheme-class stream.,1,run_entropy,density_shuffle,1.0,1.584962500721,0.0,-238293783602023.7,238293783602023.7,0.009900990099,,"{""name"": ""run_entropy"", ""null_model"": ""density_shuffle"", ""observed"": 1, ""null_mean"": 1.584962500721, ""null_std"": 0.0, ""z_score"": -238293783602023.7, ""empirical_p"": 0.009900990099, ""null_samples"": 100}"
outputs\canonical_udhr_v0_3_nulls100\he_udhr_he_canonical.json,canonical_udhr_v0_3_nulls100,,,,unknown,unknown,unknown,,,,,,,,,grapheme_class,5572,,,other,Positions classified as other in the grapheme-class stream.,1,run_entropy,density_shuffle,1.0,1.584962500721,0.0,-238293783602023.7,238293783602023.7,0.009900990099,,"{""name"": ""run_entropy"", ""null_model"": ""density_shuffle"", ""observed"": 1, ""null_mean"": 1.584962500721, ""null_std"": 0.0, ""z_score"": -238293783602023.7, ""empirical_p"": 0.009900990099, ""null_samples"": 100}"
outputs\canonical_udhr_v0_3_nulls100\ru_udhr_ru_canonical.json,canonical_udhr_v0_3_nulls100,,,,unknown,unknown,unknown,,,,,,,,,grapheme_class,5419,,,other,Positions classified as other in the grapheme-class stream.,1,run_entropy,density_shuffle,1.0,1.584962500721,0.0,-238293783602023.7,238293783602023.7,0.009900990099,,"{""name"": ""run_entropy"", ""null_model"": ""density_shuffle"", ""observed"": 1, ""null_mean"": 1.584962500721, ""null_std"": 0.0, ""z_score"": -238293783602023.7, ""empirical_p"": 0.009900990099, ""null_samples"": 100}"
outputs\canonical_udhr_v0_3_nulls100\ru_udhr_ru_canonical.json,canonical_udhr_v0_3_nulls100,,,,unknown,unknown,unknown,,,,,,,,,grapheme,5419,,,vowel,Basic Latin-vowel positions plus common accented vowels.,3,run_entropy,density_shuffle,1.584962500721,2.128085278891,0.0,-164758570745797.25,164758570745797.25,0.009900990099,,"{""name"": ""run_entropy"", ""null_model"": ""density_shuffle"", ""observed"": 1.584962500721, ""null_mean"": 2.128085278891, ""null_std"": 0.0, ""z_score"": -164758570745797.25, ""empirical_p"": 0.009900990099, ""null_samples"": 100}"
outputs\canonical_udhr_v0_3_nulls100\ru_udhr_ru_canonical.json,canonical_udhr_v0_3_nulls100,,,,unknown,unknown,unknown,,,,,,,,,grapheme_class,5419,,,vowel,Positions classified as vowel in the grapheme-class stream.,3,run_entropy,density_shuffle,1.584962500721,2.128085278891,0.0,-164532512687246.88,164532512687246.88,0.009900990099,,"{""name"": ""run_entropy"", ""null_model"": ""density_shuffle"", ""observed"": 1.584962500721, ""null_mean"": 2.128085278891, ""null_std"": 0.0, ""z_score"": -164532512687246.88, ""empirical_p"": 0.009900990099, ""null_samples"": 100}"
outputs\canonical_udhr_v0_3_nulls100\es_udhr_es_canonical.json,canonical_udhr_v0_3_nulls100,,,,unknown,unknown,unknown,,,,,,,,,grapheme_class,11965,,,other,Positions classified as other in the grapheme-class stream.,1,zeta_spectral_coherence,density_shuffle,8.3604435e-05,3.1442e-08,5.6762e-08,1472.353241943585,1472.353241943585,0.009900990099,,"{""name"": ""zeta_spectral_coherence"", ""null_model"": ""density_shuffle"", ""observed"": 8.3604435e-05, ""null_mean"": 3.1442e-08, ""null_std"": 5.6762e-08, ""z_score"": 1472.353241943585, ""empirical_p"": 0.009900990099, ""null_samples"": 100}"
outputs\canonical_udhr_v0_3_nulls100\de_udhr_de_canonical.json,canonical_udhr_v0_3_nulls100,,,,unknown,unknown,unknown,,,,,,,,,grapheme_class,11932,,,other,Positions classified as other in the grapheme-class stream.,1,zeta_spectral_coherence,density_shuffle,8.3834403e-05,3.5274e-08,7.1393e-08,1173.765549570152,1173.765549570152,0.009900990099,,"{""name"": ""zeta_spectral_coherence"", ""null_model"": ""density_shuffle"", ""observed"": 8.3834403e-05, ""null_mean"": 3.5274e-08, ""null_std"": 7.1393e-08, ""z_score"": 1173.765549570152, ""empirical_p"": 0.009900990099, ""null_samples"": 100}"
outputs\canonical_udhr_v0_3_nulls100\he_udhr_he_canonical.json,canonical_udhr_v0_3_nulls100,,,,unknown,unknown,unknown,,,,,,,,,grapheme_class,5572,,,other,Positions classified as other in the grapheme-class stream.,1,zeta_spectral_coherence,density_shuffle,0.00017955819,1.25647e-07,1.70589e-07,1051.841590106344,1051.841590106344,0.009900990099,,"{""name"": ""zeta_spectral_coherence"", ""null_model"": ""density_shuffle"", ""observed"": 0.00017955819, ""null_mean"": 1.25647e-07, ""null_std"": 1.70589e-07, ""z_score"": 1051.841590106344, ""empirical_p"": 0.009900990099, ""null_samples"": 100}"
outputs\canonical_udhr_v0_3_nulls100\el_udhr_el_canonical.json,canonical_udhr_v0_3_nulls100,,,,unknown,unknown,unknown,,,,,,,,,grapheme_class,5470,,,other,Positions classified as other in the grapheme-class stream.,1,zeta_spectral_coherence,density_shuffle,0.000182898265,1.25846e-07,2.14685e-07,851.353077390097,851.353077390097,0.009900990099,,"{""name"": ""zeta_spectral_coherence"", ""null_model"": ""density_shuffle"", ""observed"": 0.000182898265, ""null_mean"": 1.25846e-07, ""null_std"": 2.14685e-07, ""z_score"": 851.353077390097, ""empirical_p"": 0.009900990099, ""null_samples"": 100}"
outputs\canonical_udhr_v0_3_nulls100\xh_udhr_xh_canonical.json,canonical_udhr_v0_3_nulls100,,,,unknown,unknown,unknown,,,,,,,,,grapheme,9942,,,vowel,Basic Latin-vowel positions plus common accented vowels.,3854,gap_entropy,density_shuffle,1.483805828585,2.480964207461,0.001195697687,-833.955262536157,833.955262536157,0.009900990099,,"{""name"": ""gap_entropy"", ""null_model"": ""density_shuffle"", ""observed"": 1.483805828585, ""null_mean"": 2.480964207461, ""null_std"": 0.001195697687, ""z_score"": -833.955262536157, ""empirical_p"": 0.009900990099, ""null_samples"": 100}"
outputs\canonical_udhr_v0_3_nulls100\xh_udhr_xh_canonical.json,canonical_udhr_v0_3_nulls100,,,,unknown,unknown,unknown,,,,,,,,,grapheme_class,9942,,,vowel,Positions classified as vowel in the grapheme-class stream.,3854,gap_entropy,density_shuffle,1.483805828585,2.480923306425,0.001286110191,-775.297081601038,775.297081601038,0.009900990099,,"{""name"": ""gap_entropy"", ""null_model"": ""density_shuffle"", ""observed"": 1.483805828585, ""null_mean"": 2.480923306425, ""null_std"": 0.001286110191, ""z_score"": -775.297081601038, ""empirical_p"": 0.009900990099, ""null_samples"": 100}"
outputs\canonical_udhr_v0_3_nulls100\sw_udhr_sw_canonical.json,canonical_udhr_v0_3_nulls100,,,,unknown,unknown,unknown,,,,,,,,,grapheme,9909,,,vowel,Basic Latin-vowel positions plus common accented vowels.,3933,gap_entropy,density_shuffle,1.747967752696,2.438221865317,0.001038446631,-664.698687608574,664.698687608574,0.009900990099,,"{""name"": ""gap_entropy"", ""null_model"": ""density_shuffle"", ""observed"": 1.747967752696, ""null_mean"": 2.438221865317, ""null_std"": 0.001038446631, ""z_score"": -664.698687608574, ""empirical_p"": 0.009900990099, ""null_samples"": 100}"
outputs\canonical_udhr_v0_3_nulls100\sw_udhr_sw_canonical.json,canonical_udhr_v0_3_nulls100,,,,unknown,unknown,unknown,,,,,,,,,grapheme_class,9909,,,vowel,Positions classified as vowel in the grapheme-class stream.,3933,gap_entropy,density_shuffle,1.747967752696,2.437761457251,0.001225229865,-562.991259104607,562.991259104607,0.009900990099,,"{""name"": ""gap_entropy"", ""null_model"": ""density_shuffle"", ""observed"": 1.747967752696, ""null_mean"": 2.437761457251, ""null_std"": 0.001225229865, ""z_score"": -562.991259104607, ""empirical_p"": 0.009900990099, ""null_samples"": 100}"
outputs\canonical_udhr_v0_3_nulls100\es_udhr_es_canonical.json,canonical_udhr_v0_3_nulls100,,,,unknown,unknown,unknown,,,,,,,,,grapheme,11965,,,consonant,Alphabetic non-vowel positions under the MVP classifier.,5298,gap_entropy,density_shuffle,1.832103850521,2.234622523514,0.000846137044,-475.713332438533,475.713332438533,0.009900990099,,"{""name"": ""gap_entropy"", ""null_model"": ""density_shuffle"", ""observed"": 1.832103850521, ""null_mean"": 2.234622523514, ""null_std"": 0.000846137044, ""z_score"": -475.713332438533, ""empirical_p"": 0.009900990099, ""null_samples"": 100}"
outputs\canonical_udhr_v0_3_nulls100\es_udhr_es_canonical.json,canonical_udhr_v0_3_nulls100,,,,unknown,unknown,unknown,,,,,,,,,grapheme_class,11965,,,consonant,Positions classified as consonant in the grapheme-class stream.,5298,gap_entropy,density_shuffle,1.832103850521,2.234402617267,0.000854896347,-470.581922506413,470.581922506413,0.009900990099,,"{""name"": ""gap_entropy"", ""null_model"": ""density_shuffle"", ""observed"": 1.832103850521, ""null_mean"": 2.234402617267, ""null_std"": 0.000854896347, ""z_score"": -470.581922506413, ""empirical_p"": 0.009900990099, ""null_samples"": 100}"
outputs\canonical_udhr_v0_3_nulls100\en_udhr_en_canonical.json,canonical_udhr_v0_3_nulls100,,,,unknown,unknown,unknown,,,,,,,,,grapheme_class,10638,,,other,Positions classified as other in the grapheme-class stream.,1,zeta_spectral_coherence,density_shuffle,9.4021896e-05,4.6525e-08,2.02243e-07,464.664867878081,464.664867878081,0.009900990099,,"{""name"": ""zeta_spectral_coherence"", ""null_model"": ""density_shuffle"", ""observed"": 9.4021896e-05, ""null_mean"": 4.6525e-08, ""null_std"": 2.02243e-07, ""z_score"": 464.664867878081, ""empirical_p"": 0.009900990099, ""null_samples"": 100}"
outputs\canonical_udhr_v0_3_nulls100\ru_udhr_ru_canonical.json,canonical_udhr_v0_3_nulls100,,,,unknown,unknown,unknown,,,,,,,,,grapheme_class,5419,,,other,Positions classified as other in the grapheme-class stream.,1,zeta_spectral_coherence,density_shuffle,0.000184615194,1.7628e-07,4.00244e-07,460.815682733768,460.815682733768,0.009900990099,,"{""name"": ""zeta_spectral_coherence"", ""null_model"": ""density_shuffle"", ""observed"": 0.000184615194, ""null_mean"": 1.7628e-07, ""null_std"": 4.00244e-07, ""z_score"": 460.815682733768, ""empirical_p"": 0.009900990099, ""null_samples"": 100}"
outputs\canonical_udhr_v0_3_nulls100\tr_udhr_tr_canonical.json,canonical_udhr_v0_3_nulls100,,,,unknown,unknown,unknown,,,,,,,,,grapheme_class,9213,,,vowel,Positions classified as vowel in the grapheme-class stream.,2948,gap_entropy,density_shuffle,2.140584185139,2.820120579135,0.00152302645,-446.175044488951,446.175044488951,0.009900990099,,"{""name"": ""gap_entropy"", ""null_model"": ""density_shuffle"", ""observed"": 2.140584185139, ""null_mean"": 2.820120579135, ""null_std"": 0.00152302645, ""z_score"": -446.175044488951, ""empirical_p"": 0.009900990099, ""null_samples"": 100}"
outputs\canonical_udhr_v0_3_nulls100\es_udhr_es_canonical.json,canonical_udhr_v0_3_nulls100,,,,unknown,unknown,unknown,,,,,,,,,grapheme,11965,,,vowel,Basic Latin-vowel positions plus common accented vowels.,4482,gap_entropy,density_shuffle,2.040954856963,2.543623373448,0.001138385141,-441.562788015429,441.562788015429,0.009900990099,,"{""name"": ""gap_entropy"", ""null_model"": ""density_shuffle"", ""observed"": 2.040954856963, ""null_mean"": 2.543623373448, ""null_std"": 0.001138385141, ""z_score"": -441.562788015429, ""empirical_p"": 0.009900990099, ""null_samples"": 100}"
outputs\canonical_udhr_v0_3_nulls100\tr_udhr_tr_canonical.json,canonical_udhr_v0_3_nulls100,,,,unknown,unknown,unknown,,,,,,,,,grapheme,9213,,,vowel,Basic Latin-vowel positions plus common accented vowels.,2948,gap_entropy,density_shuffle,2.140584185139,2.820022648601,0.001679165327,-404.628688260134,404.628688260134,0.009900990099,,"{""name"": ""gap_entropy"", ""null_model"": ""density_shuffle"", ""observed"": 2.140584185139, ""null_mean"": 2.820022648601, ""null_std"": 0.001679165327, ""z_score"": -404.628688260134, ""empirical_p"": 0.009900990099, ""null_samples"": 100}"
outputs\canonical_udhr_v0_3_nulls100\es_udhr_es_canonical.json,canonical_udhr_v0_3_nulls100,,,,unknown,unknown,unknown,,,,,,,,,grapheme_class,11965,,,vowel,Positions classified as vowel in the grapheme-class stream.,4482,gap_entropy,density_shuffle,2.040954856963,2.543450199744,0.001298988136,-386.835975637552,386.835975637552,0.009900990099,,"{""name"": ""gap_entropy"", ""null_model"": ""density_shuffle"", ""observed"": 2.040954856963, ""null_mean"": 2.543450199744, ""null_std"": 0.001298988136, ""z_score"": -386.835975637552, ""empirical_p"": 0.009900990099, ""null_samples"": 100}"
outputs\canonical_udhr_v0_3_nulls100\sw_udhr_sw_canonical.json,canonical_udhr_v0_3_nulls100,,,,unknown,unknown,unknown,,,,,,,,,grapheme_class,9909,,,consonant,Positions classified as consonant in the grapheme-class stream.,4045,gap_entropy,density_shuffle,1.962862628125,2.386062843776,0.001133544355,-373.342440286344,373.342440286344,0.009900990099,,"{""name"": ""gap_entropy"", ""null_model"": ""density_shuffle"", ""observed"": 1.962862628125, ""null_mean"": 2.386062843776, ""null_std"": 0.001133544355, ""z_score"": -373.342440286344, ""empirical_p"": 0.009900990099, ""null_samples"": 100}"
outputs\canonical_udhr_v0_3_nulls100\la_udhr_la_canonical.json,canonical_udhr_v0_3_nulls100,,,,unknown,unknown,unknown,,,,,,,,,grapheme,9937,,,consonant,Alphabetic non-vowel positions under the MVP classifier.,4419,gap_entropy,density_shuffle,1.860589832892,2.226004844919,0.000982303718,-371.997993556702,371.997993556702,0.009900990099,,"{""name"": ""gap_entropy"", ""null_model"": ""density_shuffle"", ""observed"": 1.860589832892, ""null_mean"": 2.226004844919, ""null_std"": 0.000982303718, ""z_score"": -371.997993556702, ""empirical_p"": 0.009900990099, ""null_samples"": 100}"
outputs\canonical_udhr_v0_3_nulls100\la_udhr_la_canonical.json,canonical_udhr_v0_3_nulls100,,,,unknown,unknown,unknown,,,,,,,,,grapheme_class,9937,,,consonant,Positions classified as consonant in the grapheme-class stream.,4419,gap_entropy,density_shuffle,1.860589832892,2.225833711942,0.001035090943,-352.861631803331,352.861631803331,0.009900990099,,"{""name"": ""gap_entropy"", ""null_model"": ""density_shuffle"", ""observed"": 1.860589832892, ""null_mean"": 2.225833711942, ""null_std"": 0.001035090943, ""z_score"": -352.861631803331, ""empirical_p"": 0.009900990099, ""null_samples"": 100}"
outputs\canonical_udhr_v0_3_nulls100\tr_udhr_tr_canonical.json,canonical_udhr_v0_3_nulls100,,,,unknown,unknown,unknown,,,,,,,,,grapheme,9213,,,consonant,Alphabetic non-vowel positions under the MVP classifier.,4756,gap_entropy,density_shuffle,1.654973855777,1.93350501507,0.000812254488,-342.911197699479,342.911197699479,0.009900990099,,"{""name"": ""gap_entropy"", ""null_model"": ""density_shuffle"", ""observed"": 1.654973855777, ""null_mean"": 1.93350501507, ""null_std"": 0.000812254488, ""z_score"": -342.911197699479, ""empirical_p"": 0.009900990099, ""null_samples"": 100}"
outputs\canonical_udhr_v0_3_nulls100\sw_udhr_sw_canonical.json,canonical_udhr_v0_3_nulls100,,,,unknown,unknown,unknown,,,,,,,,,grapheme,9909,,,consonant,Alphabetic non-vowel positions under the MVP classifier.,4045,gap_entropy,density_shuffle,1.962862628125,2.386327794045,0.001240001343,-341.503796068286,341.503796068286,0.009900990099,,"{""name"": ""gap_entropy"", ""null_model"": ""density_shuffle"", ""observed"": 1.962862628125, ""null_mean"": 2.386327794045, ""null_std"": 0.001240001343, ""z_score"": -341.503796068286, ""empirical_p"": 0.009900990099, ""null_samples"": 100}"
outputs\canonical_udhr_v0_3_nulls100\fr_udhr_fr_canonical.json,canonical_udhr_v0_3_nulls100,,,,unknown,unknown,unknown,,,,,,,,,grapheme_class,11902,,,consonant,Positions classified as consonant in the grapheme-class stream.,5295,gap_entropy,density_shuffle,1.960262705055,2.22553583893,0.000807174657,-328.644032271114,328.644032271114,0.009900990099,,"{""name"": ""gap_entropy"", ""null_model"": ""density_shuffle"", ""observed"": 1.960262705055, ""null_mean"": 2.22553583893, ""null_std"": 0.000807174657, ""z_score"": -328.644032271114, ""empirical_p"": 0.009900990099, ""null_samples"": 100}"
outputs\canonical_udhr_v0_3_nulls100\de_udhr_de_canonical.json,canonical_udhr_v0_3_nulls100,,,,unknown,unknown,unknown,,,,,,,,,grapheme_class,11932,,,consonant,Positions classified as consonant in the grapheme-class stream.,6205,gap_entropy,density_shuffle,1.706573876176,1.919068420972,0.000654358373,-324.737259626193,324.737259626193,0.009900990099,,"{""name"": ""gap_entropy"", ""null_model"": ""density_shuffle"", ""observed"": 1.706573876176, ""null_mean"": 1.919068420972, ""null_std"": 0.000654358373, ""z_score"": -324.737259626193, ""empirical_p"": 0.009900990099, ""null_samples"": 100}"
outputs\canonical_udhr_v0_3_nulls100\is_udhr_is_canonical.json,canonical_udhr_v0_3_nulls100,,,,unknown,unknown,unknown,,,,,,,,,grapheme_class,9967,,,vowel,Positions classified as vowel in the grapheme-class stream.,2987,gap_entropy,density_shuffle,2.38202886279,2.932966238555,0.001730180018,-318.427776350157,318.427776350157,0.009900990099,,"{""name"": ""gap_entropy"", ""null_model"": ""density_shuffle"", ""observed"": 2.38202886279, ""null_mean"": 2.932966238555, ""null_std"": 0.001730180018, ""z_score"": -318.427776350157, ""empirical_p"": 0.009900990099, ""null_samples"": 100}"
outputs\canonical_udhr_v0_3_nulls100\tr_udhr_tr_canonical.json,canonical_udhr_v0_3_nulls100,,,,unknown,unknown,unknown,,,,,,,,,grapheme_class,9213,,,consonant,Positions classified as consonant in the grapheme-class stream.,4756,gap_entropy,density_shuffle,1.654973855777,1.933464214694,0.000884314377,-314.922346979244,314.922346979244,0.009900990099,,"{""name"": ""gap_entropy"", ""null_model"": ""density_shuffle"", ""observed"": 1.654973855777, ""null_mean"": 1.933464214694, ""null_std"": 0.000884314377, ""z_score"": -314.922346979244, ""empirical_p"": 0.009900990099, ""null_samples"": 100}"
outputs\canonical_udhr_v0_3_nulls100\is_udhr_is_canonical.json,canonical_udhr_v0_3_nulls100,,,,unknown,unknown,unknown,,,,,,,,,grapheme,9967,,,vowel,Basic Latin-vowel positions plus common accented vowels.,2987,gap_entropy,density_shuffle,2.38202886279,2.932889194723,0.001760324743,-312.931085137909,312.931085137909,0.009900990099,,"{""name"": ""gap_entropy"", ""null_model"": ""density_shuffle"", ""observed"": 2.38202886279, ""null_mean"": 2.932889194723, ""null_std"": 0.001760324743, ""z_score"": -312.931085137909, ""empirical_p"": 0.009900990099, ""null_samples"": 100}"
outputs\canonical_udhr_v0_3_nulls100\de_udhr_de_canonical.json,canonical_udhr_v0_3_nulls100,,,,unknown,unknown,unknown,,,,,,,,,grapheme,11932,,,consonant,Alphabetic non-vowel positions under the MVP classifier.,6205,gap_entropy,density_shuffle,1.706573876176,1.918992424669,0.000689000328,-308.299633171113,308.299633171113,0.009900990099,,"{""name"": ""gap_entropy"", ""null_model"": ""density_shuffle"", ""observed"": 1.706573876176, ""null_mean"": 1.918992424669, ""null_std"": 0.000689000328, ""z_score"": -308.299633171113, ""empirical_p"": 0.009900990099, ""null_samples"": 100}"
outputs\canonical_udhr_v0_3_nulls100\fr_udhr_fr_canonical.json,canonical_udhr_v0_3_nulls100,,,,unknown,unknown,unknown,,,,,,,,,grapheme,11902,,,consonant,Alphabetic non-vowel positions under the MVP classifier.,5295,gap_entropy,density_shuffle,1.960262705055,2.225455115872,0.000869473069,-305.003594002667,305.003594002667,0.009900990099,,"{""name"": ""gap_entropy"", ""null_model"": ""density_shuffle"", ""observed"": 1.960262705055, ""null_mean"": 2.225455115872, ""null_std"": 0.000869473069, ""z_score"": -305.003594002667, ""empirical_p"": 0.009900990099, ""null_samples"": 100}"
outputs\canonical_udhr_v0_3_nulls100\en_udhr_en_canonical.json,canonical_udhr_v0_3_nulls100,,,,unknown,unknown,unknown,,,,,,,,,grapheme_class,10638,,,consonant,Positions classified as consonant in the grapheme-class stream.,5292,gap_entropy,density_shuffle,1.782864319219,2.008050160759,0.000766608026,-293.743130822211,293.743130822211,0.009900990099,,"{""name"": ""gap_entropy"", ""null_model"": ""density_shuffle"", ""observed"": 1.782864319219, ""null_mean"": 2.008050160759, ""null_std"": 0.000766608026, ""z_score"": -293.743130822211, ""empirical_p"": 0.009900990099, ""null_samples"": 100}"
outputs\canonical_udhr_v0_3_nulls100\en_udhr_en_canonical.json,canonical_udhr_v0_3_nulls100,,,,unknown,unknown,unknown,,,,,,,,,grapheme,10638,,,consonant,Alphabetic non-vowel positions under the MVP classifier.,5292,gap_entropy,density_shuffle,1.782864319219,2.008009875626,0.000768772059,-292.863864805235,292.863864805235,0.009900990099,,"{""name"": ""gap_entropy"", ""null_model"": ""density_shuffle"", ""observed"": 1.782864319219, ""null_mean"": 2.008009875626, ""null_std"": 0.000768772059, ""z_score"": -292.863864805235, ""empirical_p"": 0.009900990099, ""null_samples"": 100}"
outputs\canonical_udhr_v0_3_nulls100\fr_udhr_fr_canonical.json,canonical_udhr_v0_3_nulls100,,,,unknown,unknown,unknown,,,,,,,,,grapheme,11902,,,vowel,Basic Latin-vowel positions plus common accented vowels.,4330,gap_entropy,density_shuffle,2.246560162711,2.596123392902,0.001203540292,-290.445806125533,290.445806125533,0.009900990099,,"{""name"": ""gap_entropy"", ""null_model"": ""density_shuffle"", ""observed"": 2.246560162711, ""null_mean"": 2.596123392902, ""null_std"": 0.001203540292, ""z_score"": -290.445806125533, ""empirical_p"": 0.009900990099, ""null_samples"": 100}"
outputs\canonical_udhr_v0_3_nulls100\xh_udhr_xh_canonical.json,canonical_udhr_v0_3_nulls100,,,,unknown,unknown,unknown,,,,,,,,,grapheme_class,9942,,,consonant,Positions classified as consonant in the grapheme-class stream.,4734,gap_entropy,density_shuffle,1.856600175673,2.094309584351,0.000826606538,-287.572620909592,287.572620909592,0.009900990099,,"{""name"": ""gap_entropy"", ""null_model"": ""density_shuffle"", ""observed"": 1.856600175673, ""null_mean"": 2.094309584351, ""null_std"": 0.000826606538, ""z_score"": -287.572620909592, ""empirical_p"": 0.009900990099, ""null_samples"": 100}"
outputs\canonical_udhr_v0_3_nulls100\la_udhr_la_canonical.json,canonical_udhr_v0_3_nulls100,,,,unknown,unknown,unknown,,,,,,,,,grapheme,9937,,,vowel,Basic Latin-vowel positions plus common accented vowels.,3948,gap_entropy,density_shuffle,2.108792706326,2.436003034914,0.001167244398,-280.327178364309,280.327178364309,0.009900990099,,"{""name"": ""gap_entropy"", ""null_model"": ""density_shuffle"", ""observed"": 2.108792706326, ""null_mean"": 2.436003034914, ""null_std"": 0.001167244398, ""z_score"": -280.327178364309, ""empirical_p"": 0.009900990099, ""null_samples"": 100}"
outputs\canonical_udhr_v0_3_nulls100\fr_udhr_fr_canonical.json,canonical_udhr_v0_3_nulls100,,,,unknown,unknown,unknown,,,,,,,,,grapheme_class,11902,,,vowel,Positions classified as vowel in the grapheme-class stream.,4330,gap_entropy,density_shuffle,2.246560162711,2.595864422146,0.00125190021,-279.019251299864,279.019251299864,0.009900990099,,"{""name"": ""gap_entropy"", ""null_model"": ""density_shuffle"", ""observed"": 2.246560162711, ""null_mean"": 2.595864422146, ""null_std"": 0.00125190021, ""z_score"": -279.019251299864, ""empirical_p"": 0.009900990099, ""null_samples"": 100}"
outputs\canonical_udhr_v0_3_nulls100\xh_udhr_xh_canonical.json,canonical_udhr_v0_3_nulls100,,,,unknown,unknown,unknown,,,,,,,,,grapheme,9942,,,consonant,Alphabetic non-vowel positions under the MVP classifier.,4734,gap_entropy,density_shuffle,1.856600175673,2.094210722966,0.000893931161,-265.804077270542,265.804077270542,0.009900990099,,"{""name"": ""gap_entropy"", ""null_model"": ""density_shuffle"", ""observed"": 1.856600175673, ""null_mean"": 2.094210722966, ""null_std"": 0.000893931161, ""z_score"": -265.804077270542, ""empirical_p"": 0.009900990099, ""null_samples"": 100}"
outputs\canonical_udhr_v0_3_nulls100\la_udhr_la_canonical.json,canonical_udhr_v0_3_nulls100,,,,unknown,unknown,unknown,,,,,,,,,grapheme_class,9937,,,vowel,Positions classified as vowel in the grapheme-class stream.,3948,gap_entropy,density_shuffle,2.108792706326,2.436164709554,0.0012456391,-262.814488644691,262.814488644691,0.009900990099,,"{""name"": ""gap_entropy"", ""null_model"": ""density_shuffle"", ""observed"": 2.108792706326, ""null_mean"": 2.436164709554, ""null_std"": 0.0012456391, ""z_score"": -262.814488644691, ""empirical_p"": 0.009900990099, ""null_samples"": 100}"
outputs\canonical_udhr_v0_3_nulls100\de_udhr_de_canonical.json,canonical_udhr_v0_3_nulls100,,,,unknown,unknown,unknown,,,,,,,,,grapheme_class,11932,,,vowel,Positions classified as vowel in the grapheme-class stream.,3830,gap_entropy,density_shuffle,2.484328284486,2.816006927239,0.001292060285,-256.705237803329,256.705237803329,0.009900990099,,"{""name"": ""gap_entropy"", ""null_model"": ""density_shuffle"", ""observed"": 2.484328284486, ""null_mean"": 2.816006927239, ""null_std"": 0.001292060285, ""z_score"": -256.705237803329, ""empirical_p"": 0.009900990099, ""null_samples"": 100}"
outputs\canonical_udhr_v0_3_nulls100\de_udhr_de_canonical.json,canonical_udhr_v0_3_nulls100,,,,unknown,unknown,unknown,,,,,,,,,grapheme,11932,,,vowel,Basic Latin-vowel positions plus common accented vowels.,3830,gap_entropy,density_shuffle,2.484328284486,2.816184877188,0.001322599371,-250.9124077998,250.9124077998,0.009900990099,,"{""name"": ""gap_entropy"", ""null_model"": ""density_shuffle"", ""observed"": 2.484328284486, ""null_mean"": 2.816184877188, ""null_std"": 0.001322599371, ""z_score"": -250.9124077998, ""empirical_p"": 0.009900990099, ""null_samples"": 100}"
outputs\canonical_udhr_v0_3_nulls100\en_udhr_en_canonical.json,canonical_udhr_v0_3_nulls100,,,,unknown,unknown,unknown,,,,,,,,,grapheme,10638,,,vowel,Basic Latin-vowel positions plus common accented vowels.,3383,gap_entropy,density_shuffle,2.45916214079,2.83134915731,0.001513087456,-245.978522310605,245.978522310605,0.009900990099,,"{""name"": ""gap_entropy"", ""null_model"": ""density_shuffle"", ""observed"": 2.45916214079, ""null_mean"": 2.83134915731, ""null_std"": 0.001513087456, ""z_score"": -245.978522310605, ""empirical_p"": 0.009900990099, ""null_samples"": 100}"
outputs\canonical_udhr_v0_3_nulls100\en_udhr_en_canonical.json,canonical_udhr_v0_3_nulls100,,,,unknown,unknown,unknown,,,,,,,,,grapheme_class,10638,,,vowel,Positions classified as vowel in the grapheme-class stream.,3383,gap_entropy,density_shuffle,2.45916214079,2.83154380421,0.00155046365,-240.174391300914,240.174391300914,0.009900990099,,"{""name"": ""gap_entropy"", ""null_model"": ""density_shuffle"", ""observed"": 2.45916214079, ""null_mean"": 2.83154380421, ""null_std"": 0.00155046365, ""z_score"": -240.174391300914, ""empirical_p"": 0.009900990099, ""null_samples"": 100}"
outputs\canonical_udhr_v0_3_nulls100\is_udhr_is_canonical.json,canonical_udhr_v0_3_nulls100,,,,unknown,unknown,unknown,,,,,,,,,grapheme_class,9967,,,consonant,Positions classified as consonant in the grapheme-class stream.,5018,gap_entropy,density_shuffle,1.813472375873,1.983997389645,0.000864709813,-197.204901811892,197.204901811892,0.009900990099,,"{""name"": ""gap_entropy"", ""null_model"": ""density_shuffle"", ""observed"": 1.813472375873, ""null_mean"": 1.983997389645, ""null_std"": 0.000864709813, ""z_score"": -197.204901811892, ""empirical_p"": 0.009900990099, ""null_samples"": 100}"
outputs\canonical_udhr_v0_3_nulls100\is_udhr_is_canonical.json,canonical_udhr_v0_3_nulls100,,,,unknown,unknown,unknown,,,,,,,,,grapheme,9967,,,consonant,Alphabetic non-vowel positions under the MVP classifier.,5018,gap_entropy,density_shuffle,1.813472375873,1.9839304713,0.000891950959,-191.107026344492,191.107026344492,0.009900990099,,"{""name"": ""gap_entropy"", ""null_model"": ""density_shuffle"", ""observed"": 1.813472375873, ""null_mean"": 1.9839304713, ""null_std"": 0.000891950959, ""z_score"": -191.107026344492, ""empirical_p"": 0.009900990099, ""null_samples"": 100}"
outputs\canonical_udhr_v0_3_nulls100\en_udhr_en_canonical.json,canonical_udhr_v0_3_nulls100,,,,unknown,unknown,unknown,,,,,,,,,grapheme_class,10638,,,whitespace,Positions classified as whitespace in the grapheme-class stream.,1746,gap_entropy,density_shuffle,3.263981624553,3.904356635058,0.0035681627,-179.469117392559,179.469117392559,0.009900990099,,"{""name"": ""gap_entropy"", ""null_model"": ""density_shuffle"", ""observed"": 3.263981624553, ""null_mean"": 3.904356635058, ""null_std"": 0.0035681627, ""z_score"": -179.469117392559, ""empirical_p"": 0.009900990099, ""null_samples"": 100}"
outputs\canonical_udhr_v0_3_nulls100\sw_udhr_sw_canonical.json,canonical_udhr_v0_3_nulls100,,,,unknown,unknown,unknown,,,,,,,,,grapheme_class,9909,,,whitespace,Positions classified as whitespace in the grapheme-class stream.,1696,gap_entropy,density_shuffle,3.114502212951,3.83869387687,0.004149677963,-174.517557827132,174.517557827132,0.009900990099,,"{""name"": ""gap_entropy"", ""null_model"": ""density_shuffle"", ""observed"": 3.114502212951, ""null_mean"": 3.83869387687, ""null_std"": 0.004149677963, ""z_score"": -174.517557827132, ""empirical_p"": 0.009900990099, ""null_samples"": 100}"
outputs\canonical_udhr_v0_3_nulls100\sw_udhr_sw_canonical.json,canonical_udhr_v0_3_nulls100,,,,unknown,unknown,unknown,,,,,,,,,word_boundary,9909,,,word_boundary,Positions marked as word boundaries after declared whitespace preprocessing.,1696,gap_entropy,density_shuffle,3.114502212951,3.838962784184,0.004197833807,-172.579621894896,172.579621894896,0.009900990099,,"{""name"": ""gap_entropy"", ""null_model"": ""density_shuffle"", ""observed"": 3.114502212951, ""null_mean"": 3.838962784184, ""null_std"": 0.004197833807, ""z_score"": -172.579621894896, ""empirical_p"": 0.009900990099, ""null_samples"": 100}"
outputs\canonical_udhr_v0_3_nulls100\sw_udhr_sw_canonical.json,canonical_udhr_v0_3_nulls100,,,,unknown,unknown,unknown,,,,,,,,,grapheme,9909,,,whitespace,Whitespace positions.,1696,gap_entropy,density_shuffle,3.114502212951,3.83862393247,0.004261767879,-169.911112034018,169.911112034018,0.009900990099,,"{""name"": ""gap_entropy"", ""null_model"": ""density_shuffle"", ""observed"": 3.114502212951, ""null_mean"": 3.83862393247, ""null_std"": 0.004261767879, ""z_score"": -169.911112034018, ""empirical_p"": 0.009900990099, ""null_samples"": 100}"
outputs\canonical_udhr_v0_3_nulls100\ar_udhr_ar_canonical.json,canonical_udhr_v0_3_nulls100,,,,unknown,unknown,unknown,,,,,,,,,grapheme_class,7656,,,whitespace,Positions classified as whitespace in the grapheme-class stream.,1350,gap_entropy,density_shuffle,2.941187947255,3.787499236356,0.005031224445,-168.211793846873,168.211793846873,0.009900990099,,"{""name"": ""gap_entropy"", ""null_model"": ""density_shuffle"", ""observed"": 2.941187947255, ""null_mean"": 3.787499236356, ""null_std"": 0.005031224445, ""z_score"": -168.211793846873, ""empirical_p"": 0.009900990099, ""null_samples"": 100}"
outputs\canonical_udhr_v0_3_nulls100\ar_udhr_ar_canonical.json,canonical_udhr_v0_3_nulls100,,,,unknown,unknown,unknown,,,,,,,,,word_boundary,7656,,,word_boundary,Positions marked as word boundaries after declared whitespace preprocessing.,1350,gap_entropy,density_shuffle,2.941187947255,3.787414807711,0.005105656105,-165.743019728479,165.743019728479,0.009900990099,,"{""name"": ""gap_entropy"", ""null_model"": ""density_shuffle"", ""observed"": 2.941187947255, ""null_mean"": 3.787414807711, ""null_std"": 0.005105656105, ""z_score"": -165.743019728479, ""empirical_p"": 0.009900990099, ""null_samples"": 100}"
outputs\canonical_udhr_v0_3_nulls100\de_udhr_de_canonical.json,canonical_udhr_v0_3_nulls100,,,,unknown,unknown,unknown,,,,,,,,,grapheme,11932,,,whitespace,Whitespace positions.,1641,gap_entropy,density_shuffle,3.551874814698,4.175735759021,0.004005423272,-155.75406190999,155.75406190999,0.009900990099,,"{""name"": ""gap_entropy"", ""null_model"": ""density_shuffle"", ""observed"": 3.551874814698, ""null_mean"": 4.175735759021, ""null_std"": 0.004005423272, ""z_score"": -155.75406190999, ""empirical_p"": 0.009900990099, ""null_samples"": 100}"
outputs\canonical_udhr_v0_3_nulls100\he_udhr_he_canonical.json,canonical_udhr_v0_3_nulls100,,,,unknown,unknown,unknown,,,,,,,,,grapheme_class,5572,,,whitespace,Positions classified as whitespace in the grapheme-class stream.,1004,gap_entropy,density_shuffle,2.874069889037,3.747344955905,0.005647049647,-154.642711063319,154.642711063319,0.009900990099,,"{""name"": ""gap_entropy"", ""null_model"": ""density_shuffle"", ""observed"": 2.874069889037, ""null_mean"": 3.747344955905, ""null_std"": 0.005647049647, ""z_score"": -154.642711063319, ""empirical_p"": 0.009900990099, ""null_samples"": 100}"
outputs\canonical_udhr_v0_3_nulls100\ar_udhr_ar_canonical.json,canonical_udhr_v0_3_nulls100,,,,unknown,unknown,unknown,,,,,,,,,grapheme,7656,,,whitespace,Whitespace positions.,1350,gap_entropy,density_shuffle,2.941187947255,3.788432553977,0.00553586628,-153.046436433038,153.046436433038,0.009900990099,,"{""name"": ""gap_entropy"", ""null_model"": ""density_shuffle"", ""observed"": 2.941187947255, ""null_mean"": 3.788432553977, ""null_std"": 0.00553586628, ""z_score"": -153.046436433038, ""empirical_p"": 0.009900990099, ""null_samples"": 100}"
outputs\canonical_udhr_v0_3_nulls100\en_udhr_en_canonical.json,canonical_udhr_v0_3_nulls100,,,,unknown,unknown,unknown,,,,,,,,,grapheme,10638,,,whitespace,Whitespace positions.,1746,gap_entropy,density_shuffle,3.263981624553,3.904046171012,0.004204990022,-152.215473307929,152.215473307929,0.009900990099,,"{""name"": ""gap_entropy"", ""null_model"": ""density_shuffle"", ""observed"": 3.263981624553, ""null_mean"": 3.904046171012, ""null_std"": 0.004204990022, ""z_score"": -152.215473307929, ""empirical_p"": 0.009900990099, ""null_samples"": 100}"
outputs\canonical_udhr_v0_3_nulls100\tr_udhr_tr_canonical.json,canonical_udhr_v0_3_nulls100,,,,unknown,unknown,unknown,,,,,,,,,grapheme_class,9213,,,other,Positions classified as other in the grapheme-class stream.,8,zeta_spectral_coherence,markov_1,0.000132181201,5.12054e-07,8.95903e-07,146.968120281111,146.968120281111,0.009900990099,,"{""name"": ""zeta_spectral_coherence"", ""null_model"": ""markov_1"", ""observed"": 0.000132181201, ""null_mean"": 5.12054e-07, ""null_std"": 8.95903e-07, ""z_score"": 146.968120281111, ""empirical_p"": 0.009900990099, ""null_samples"": 100}"
outputs\canonical_udhr_v0_3_nulls100\fr_udhr_fr_canonical.json,canonical_udhr_v0_3_nulls100,,,,unknown,unknown,unknown,,,,,,,,,grapheme,11902,,,whitespace,Whitespace positions.,1948,gap_entropy,density_shuffle,3.41106256247,3.910829383058,0.003464849459,-144.239115293858,144.239115293858,0.009900990099,,"{""name"": ""gap_entropy"", ""null_model"": ""density_shuffle"", ""observed"": 3.41106256247, ""null_mean"": 3.910829383058, ""null_std"": 0.003464849459, ""z_score"": -144.239115293858, ""empirical_p"": 0.009900990099, ""null_samples"": 100}"
outputs\canonical_udhr_v0_3_nulls100\he_udhr_he_canonical.json,canonical_udhr_v0_3_nulls100,,,,unknown,unknown,unknown,,,,,,,,,word_boundary,5572,,,word_boundary,Positions marked as word boundaries after declared whitespace preprocessing.,1004,gap_entropy,density_shuffle,2.874069889037,3.747801361788,0.006134928783,-142.419171227139,142.419171227139,0.009900990099,,"{""name"": ""gap_entropy"", ""null_model"": ""density_shuffle"", ""observed"": 2.874069889037, ""null_mean"": 3.747801361788, ""null_std"": 0.006134928783, ""z_score"": -142.419171227139, ""empirical_p"": 0.009900990099, ""null_samples"": 100}"
outputs\canonical_udhr_v0_3_nulls100\en_udhr_en_canonical.json,canonical_udhr_v0_3_nulls100,,,,unknown,unknown,unknown,,,,,,,,,word_boundary,10638,,,word_boundary,Positions marked as word boundaries after declared whitespace preprocessing.,1746,gap_entropy,density_shuffle,3.263981624553,3.904345425147,0.004517701195,-141.745496875283,141.745496875283,0.009900990099,,"{""name"": ""gap_entropy"", ""null_model"": ""density_shuffle"", ""observed"": 3.263981624553, ""null_mean"": 3.904345425147, ""null_std"": 0.004517701195, ""z_score"": -141.745496875283, ""empirical_p"": 0.009900990099, ""null_samples"": 100}"
outputs\canonical_udhr_v0_3_nulls100\de_udhr_de_canonical.json,canonical_udhr_v0_3_nulls100,,,,unknown,unknown,unknown,,,,,,,,,word_boundary,11932,,,word_boundary,Positions marked as word boundaries after declared whitespace preprocessing.,1641,gap_entropy,density_shuffle,3.551874814698,4.176036265017,0.004497450839,-138.781161289985,138.781161289985,0.009900990099,,"{""name"": ""gap_entropy"", ""null_model"": ""density_shuffle"", ""observed"": 3.551874814698, ""null_mean"": 4.176036265017, ""null_std"": 0.004497450839, ""z_score"": -138.781161289985, ""empirical_p"": 0.009900990099, ""null_samples"": 100}"
outputs\canonical_udhr_v0_3_nulls100\fr_udhr_fr_canonical.json,canonical_udhr_v0_3_nulls100,,,,unknown,unknown,unknown,,,,,,,,,word_boundary,11902,,,word_boundary,Positions marked as word boundaries after declared whitespace preprocessing.,1948,gap_entropy,density_shuffle,3.41106256247,3.910861418071,0.003713976067,-134.572449195962,134.572449195962,0.009900990099,,"{""name"": ""gap_entropy"", ""null_model"": ""density_shuffle"", ""observed"": 3.41106256247, ""null_mean"": 3.910861418071, ""null_std"": 0.003713976067, ""z_score"": -134.572449195962, ""empirical_p"": 0.009900990099, ""null_samples"": 100}"
outputs\canonical_udhr_v0_3_nulls100\he_udhr_he_canonical.json,canonical_udhr_v0_3_nulls100,,,,unknown,unknown,unknown,,,,,,,,,grapheme,5572,,,whitespace,Whitespace positions.,1004,gap_entropy,density_shuffle,2.874069889037,3.746548964795,0.006519460063,-133.826891703258,133.826891703258,0.009900990099,,"{""name"": ""gap_entropy"", ""null_model"": ""density_shuffle"", ""observed"": 2.874069889037, ""null_mean"": 3.746548964795, ""null_std"": 0.006519460063, ""z_score"": -133.826891703258, ""empirical_p"": 0.009900990099, ""null_samples"": 100}"
outputs\canonical_udhr_v0_3_nulls100\fr_udhr_fr_canonical.json,canonical_udhr_v0_3_nulls100,,,,unknown,unknown,unknown,,,,,,,,,grapheme_class,11902,,,whitespace,Positions classified as whitespace in the grapheme-class stream.,1948,gap_entropy,density_shuffle,3.41106256247,3.910099414212,0.003744938211,-133.256364622935,133.256364622935,0.009900990099,,"{""name"": ""gap_entropy"", ""null_model"": ""density_shuffle"", ""observed"": 3.41106256247, ""null_mean"": 3.910099414212, ""null_std"": 0.003744938211, ""z_score"": -133.256364622935, ""empirical_p"": 0.009900990099, ""null_samples"": 100}"
outputs\canonical_udhr_v0_3_nulls100\de_udhr_de_canonical.json,canonical_udhr_v0_3_nulls100,,,,unknown,unknown,unknown,,,,,,,,,grapheme_class,11932,,,whitespace,Positions classified as whitespace in the grapheme-class stream.,1641,gap_entropy,density_shuffle,3.551874814698,4.175837363645,0.004725683128,-132.036476420631,132.036476420631,0.009900990099,,"{""name"": ""gap_entropy"", ""null_model"": ""density_shuffle"", ""observed"": 3.551874814698, ""null_mean"": 4.175837363645, ""null_std"": 0.004725683128, ""z_score"": -132.036476420631, ""empirical_p"": 0.009900990099, ""null_samples"": 100}"
outputs\canonical_udhr_v0_3_nulls100\tr_udhr_tr_canonical.json,canonical_udhr_v0_3_nulls100,,,,unknown,unknown,unknown,,,,,,,,,grapheme_class,9213,,,whitespace,Positions classified as whitespace in the grapheme-class stream.,1241,gap_entropy,density_shuffle,3.540405948848,4.201027470636,0.005082019484,-129.991930142425,129.991930142425,0.009900990099,,"{""name"": ""gap_entropy"", ""null_model"": ""density_shuffle"", ""observed"": 3.540405948848, ""null_mean"": 4.201027470636, ""null_std"": 0.005082019484, ""z_score"": -129.991930142425, ""empirical_p"": 0.009900990099, ""null_samples"": 100}"
outputs\canonical_udhr_v0_3_nulls100\xh_udhr_xh_canonical.json,canonical_udhr_v0_3_nulls100,,,,unknown,unknown,unknown,,,,,,,,,grapheme,9942,,,whitespace,Whitespace positions.,1068,gap_entropy,density_shuffle,3.699708459436,4.53498608443,0.006628635228,-126.01049783193,126.01049783193,0.009900990099,,"{""name"": ""gap_entropy"", ""null_model"": ""density_shuffle"", ""observed"": 3.699708459436, ""null_mean"": 4.53498608443, ""null_std"": 0.006628635228, ""z_score"": -126.01049783193, ""empirical_p"": 0.009900990099, ""null_samples"": 100}"
outputs\canonical_udhr_v0_3_nulls100\es_udhr_es_canonical.json,canonical_udhr_v0_3_nulls100,,,,unknown,unknown,unknown,,,,,,,,,word_boundary,11965,,,word_boundary,Positions marked as word boundaries after declared whitespace preprocessing.,1926,gap_entropy,density_shuffle,3.452659044359,3.936387273865,0.00389801775,-124.095953507625,124.095953507625,0.009900990099,,"{""name"": ""gap_entropy"", ""null_model"": ""density_shuffle"", ""observed"": 3.452659044359, ""null_mean"": 3.936387273865, ""null_std"": 0.00389801775, ""z_score"": -124.095953507625, ""empirical_p"": 0.009900990099, ""null_samples"": 100}"
outputs\canonical_udhr_v0_3_nulls100\es_udhr_es_canonical.json,canonical_udhr_v0_3_nulls100,,,,unknown,unknown,unknown,,,,,,,,,grapheme_class,11965,,,whitespace,Positions classified as whitespace in the grapheme-class stream.,1926,gap_entropy,density_shuffle,3.452659044359,3.93667044586,0.003933365004,-123.052755328488,123.052755328488,0.009900990099,,"{""name"": ""gap_entropy"", ""null_model"": ""density_shuffle"", ""observed"": 3.452659044359, ""null_mean"": 3.93667044586, ""null_std"": 0.003933365004, ""z_score"": -123.052755328488, ""empirical_p"": 0.009900990099, ""null_samples"": 100}"
outputs\canonical_udhr_v0_3_nulls100\is_udhr_is_canonical.json,canonical_udhr_v0_3_nulls100,,,,unknown,unknown,unknown,,,,,,,,,word_boundary,9967,,,word_boundary,Positions marked as word boundaries after declared whitespace preprocessing.,1591,gap_entropy,density_shuffle,3.462449169807,3.94580718859,0.003988079069,-121.200711030307,121.200711030307,0.009900990099,,"{""name"": ""gap_entropy"", ""null_model"": ""density_shuffle"", ""observed"": 3.462449169807, ""null_mean"": 3.94580718859, ""null_std"": 0.003988079069, ""z_score"": -121.200711030307, ""empirical_p"": 0.009900990099, ""null_samples"": 100}"
outputs\canonical_udhr_v0_3_nulls100\xh_udhr_xh_canonical.json,canonical_udhr_v0_3_nulls100,,,,unknown,unknown,unknown,,,,,,,,,grapheme_class,9942,,,whitespace,Positions classified as whitespace in the grapheme-class stream.,1068,gap_entropy,density_shuffle,3.699708459436,4.536736358191,0.007040958336,-118.879825562441,118.879825562441,0.009900990099,,"{""name"": ""gap_entropy"", ""null_model"": ""density_shuffle"", ""observed"": 3.699708459436, ""null_mean"": 4.536736358191, ""null_std"": 0.007040958336, ""z_score"": -118.879825562441, ""empirical_p"": 0.009900990099, ""null_samples"": 100}"
outputs\canonical_udhr_v0_3_nulls100\es_udhr_es_canonical.json,canonical_udhr_v0_3_nulls100,,,,unknown,unknown,unknown,,,,,,,,,grapheme,11965,,,whitespace,Whitespace positions.,1926,gap_entropy,density_shuffle,3.452659044359,3.936556846818,0.004108060113,-117.792288613823,117.792288613823,0.009900990099,,"{""name"": ""gap_entropy"", ""null_model"": ""density_shuffle"", ""observed"": 3.452659044359, ""null_mean"": 3.936556846818, ""null_std"": 0.004108060113, ""z_score"": -117.792288613823, ""empirical_p"": 0.009900990099, ""null_samples"": 100}"
outputs\canonical_udhr_v0_3_nulls100\la_udhr_la_canonical.json,canonical_udhr_v0_3_nulls100,,,,unknown,unknown,unknown,,,,,,,,,grapheme_class,9937,,,whitespace,Positions classified as whitespace in the grapheme-class stream.,1342,gap_entropy,density_shuffle,3.529656578477,4.198494062321,0.00568652246,-117.61801498013,117.61801498013,0.009900990099,,"{""name"": ""gap_entropy"", ""null_model"": ""density_shuffle"", ""observed"": 3.529656578477, ""null_mean"": 4.198494062321, ""null_std"": 0.00568652246, ""z_score"": -117.61801498013, ""empirical_p"": 0.009900990099, ""null_samples"": 100}"
outputs\canonical_udhr_v0_3_nulls100\tr_udhr_tr_canonical.json,canonical_udhr_v0_3_nulls100,,,,unknown,unknown,unknown,,,,,,,,,word_boundary,9213,,,word_boundary,Positions marked as word boundaries after declared whitespace preprocessing.,1241,gap_entropy,density_shuffle,3.540405948848,4.201874675428,0.005880546648,-112.484224039368,112.484224039368,0.009900990099,,"{""name"": ""gap_entropy"", ""null_model"": ""density_shuffle"", ""observed"": 3.540405948848, ""null_mean"": 4.201874675428, ""null_std"": 0.005880546648, ""z_score"": -112.484224039368, ""empirical_p"": 0.009900990099, ""null_samples"": 100}"
outputs\canonical_udhr_v0_3_nulls100\xh_udhr_xh_canonical.json,canonical_udhr_v0_3_nulls100,,,,unknown,unknown,unknown,,,,,,,,,word_boundary,9942,,,word_boundary,Positions marked as word boundaries after declared whitespace preprocessing.,1068,gap_entropy,density_shuffle,3.699708459436,4.536179887518,0.007511816836,-111.354076696331,111.354076696331,0.009900990099,,"{""name"": ""gap_entropy"", ""null_model"": ""density_shuffle"", ""observed"": 3.699708459436, ""null_mean"": 4.536179887518, ""null_std"": 0.007511816836, ""z_score"": -111.354076696331, ""empirical_p"": 0.009900990099, ""null_samples"": 100}"
outputs\canonical_udhr_v0_3_nulls100\is_udhr_is_canonical.json,canonical_udhr_v0_3_nulls100,,,,unknown,unknown,unknown,,,,,,,,,grapheme_class,9967,,,whitespace,Positions classified as whitespace in the grapheme-class stream.,1591,gap_entropy,density_shuffle,3.462449169807,3.945426329435,0.004350820555,-111.008292241451,111.008292241451,0.009900990099,,"{""name"": ""gap_entropy"", ""null_model"": ""density_shuffle"", ""observed"": 3.462449169807, ""null_mean"": 3.945426329435, ""null_std"": 0.004350820555, ""z_score"": -111.008292241451, ""empirical_p"": 0.009900990099, ""null_samples"": 100}"
outputs\canonical_udhr_v0_3_nulls100\is_udhr_is_canonical.json,canonical_udhr_v0_3_nulls100,,,,unknown,unknown,unknown,,,,,,,,,grapheme,9967,,,whitespace,Whitespace positions.,1591,gap_entropy,density_shuffle,3.462449169807,3.945534203286,0.004484575283,-107.721468138632,107.721468138632,0.009900990099,,"{""name"": ""gap_entropy"", ""null_model"": ""density_shuffle"", ""observed"": 3.462449169807, ""null_mean"": 3.945534203286, ""null_std"": 0.004484575283, ""z_score"": -107.721468138632, ""empirical_p"": 0.009900990099, ""null_samples"": 100}"
outputs\canonical_udhr_v0_3_nulls100\la_udhr_la_canonical.json,canonical_udhr_v0_3_nulls100,,,,unknown,unknown,unknown,,,,,,,,,word_boundary,9937,,,word_boundary,Positions marked as word boundaries after declared whitespace preprocessing.,1342,gap_entropy,density_shuffle,3.529656578477,4.198056886666,0.006258838155,-106.793032762487,106.793032762487,0.009900990099,,"{""name"": ""gap_entropy"", ""null_model"": ""density_shuffle"", ""observed"": 3.529656578477, ""null_mean"": 4.198056886666, ""null_std"": 0.006258838155, ""z_score"": -106.793032762487, ""empirical_p"": 0.009900990099, ""null_samples"": 100}"
outputs\canonical_udhr_v0_3_nulls100\la_udhr_la_canonical.json,canonical_udhr_v0_3_nulls100,,,,unknown,unknown,unknown,,,,,,,,,grapheme,9937,,,whitespace,Whitespace positions.,1342,gap_entropy,density_shuffle,3.529656578477,4.199371905858,0.006313623879,-106.074631660018,106.074631660018,0.009900990099,,"{""name"": ""gap_entropy"", ""null_model"": ""density_shuffle"", ""observed"": 3.529656578477, ""null_mean"": 4.199371905858, ""null_std"": 0.006313623879, ""z_score"": -106.074631660018, ""empirical_p"": 0.009900990099, ""null_samples"": 100}"
outputs\canonical_udhr_v0_3_nulls100\tr_udhr_tr_canonical.json,canonical_udhr_v0_3_nulls100,,,,unknown,unknown,unknown,,,,,,,,,grapheme,9213,,,whitespace,Whitespace positions.,1241,gap_entropy,density_shuffle,3.540405948848,4.200838411287,0.006257096653,-105.549346462546,105.549346462546,0.009900990099,,"{""name"": ""gap_entropy"", ""null_model"": ""density_shuffle"", ""observed"": 3.540405948848, ""null_mean"": 4.200838411287, ""null_std"": 0.006257096653, ""z_score"": -105.549346462546, ""empirical_p"": 0.009900990099, ""null_samples"": 100}"
outputs\canonical_udhr_v0_3_nulls100\tr_udhr_tr_canonical.json,canonical_udhr_v0_3_nulls100,,,,unknown,unknown,unknown,,,,,,,,,grapheme_class,9213,,,other,Positions classified as other in the grapheme-class stream.,8,zeta_spectral_coherence,markov_2,0.000132181201,6.71301e-07,1.430388e-06,91.940013584792,91.940013584792,0.009900990099,True,"{""name"": ""zeta_spectral_coherence"", ""null_model"": ""markov_2"", ""observed"": 0.000132181201, ""null_mean"": 6.71301e-07, ""null_std"": 1.430388e-06, ""z_score"": 91.940013584792, ""empirical_p"": 0.009900990099, ""null_samples"": 100}"
outputs\canonical_udhr_v0_3_nulls100\cy_udhr_cy_canonical.json,canonical_udhr_v0_3_nulls100,,,,unknown,unknown,unknown,,,,,,,,,word_boundary,9967,,,word_boundary,Positions marked as word boundaries after declared whitespace preprocessing.,1687,gap_entropy,density_shuffle,3.480241066126,3.855844623763,0.004168978047,-90.09487538174,90.09487538174,0.009900990099,,"{""name"": ""gap_entropy"", ""null_model"": ""density_shuffle"", ""observed"": 3.480241066126, ""null_mean"": 3.855844623763, ""null_std"": 0.004168978047, ""z_score"": -90.09487538174, ""empirical_p"": 0.009900990099, ""null_samples"": 100}"
outputs\canonical_udhr_v0_3_nulls100\cy_udhr_cy_canonical.json,canonical_udhr_v0_3_nulls100,,,,unknown,unknown,unknown,,,,,,,,,grapheme,9967,,,whitespace,Whitespace positions.,1687,gap_entropy,density_shuffle,3.480241066126,3.854658494058,0.004348084451,-86.110891403758,86.110891403758,0.009900990099,,"{""name"": ""gap_entropy"", ""null_model"": ""density_shuffle"", ""observed"": 3.480241066126, ""null_mean"": 3.854658494058, ""null_std"": 0.004348084451, ""z_score"": -86.110891403758, ""empirical_p"": 0.009900990099, ""null_samples"": 100}"
outputs\canonical_udhr_v0_3_nulls100\fr_udhr_fr_canonical.json,canonical_udhr_v0_3_nulls100,,,,unknown,unknown,unknown,,,,,,,,,grapheme_class,11902,,,other,Positions classified as other in the grapheme-class stream.,1,zeta_spectral_coherence,density_shuffle,8.4044607e-05,1.28632e-07,1.041611e-06,80.563666429485,80.563666429485,0.009900990099,,"{""name"": ""zeta_spectral_coherence"", ""null_model"": ""density_shuffle"", ""observed"": 8.4044607e-05, ""null_mean"": 1.28632e-07, ""null_std"": 1.041611e-06, ""z_score"": 80.563666429485, ""empirical_p"": 0.009900990099, ""null_samples"": 100}"
outputs\canonical_udhr_v0_3_nulls100\mesu_udhr_mesu_canonical.json,canonical_udhr_v0_3_nulls100,,,,mesu,unknown,unknown,,,,,,,,,grapheme_class,698,,,vowel,Positions classified as vowel in the grapheme-class stream.,217,gap_entropy,density_shuffle,1.402282642423,2.813907380754,0.018863561034,-74.83341749809,74.83341749809,0.009900990099,,"{""name"": ""gap_entropy"", ""null_model"": ""density_shuffle"", ""observed"": 1.402282642423, ""null_mean"": 2.813907380754, ""null_std"": 0.018863561034, ""z_score"": -74.83341749809, ""empirical_p"": 0.009900990099, ""null_samples"": 100}"
outputs\canonical_udhr_v0_3_nulls100\cy_udhr_cy_canonical.json,canonical_udhr_v0_3_nulls100,,,,unknown,unknown,unknown,,,,,,,,,grapheme_class,9967,,,whitespace,Positions classified as whitespace in the grapheme-class stream.,1687,gap_entropy,density_shuffle,3.480241066126,3.855611456934,0.005162618151,-72.709307529889,72.709307529889,0.009900990099,,"{""name"": ""gap_entropy"", ""null_model"": ""density_shuffle"", ""observed"": 3.480241066126, ""null_mean"": 3.855611456934, ""null_std"": 0.005162618151, ""z_score"": -72.709307529889, ""empirical_p"": 0.009900990099, ""null_samples"": 100}"
outputs\canonical_udhr_v0_3_nulls100\mesu_udhr_mesu_canonical.json,canonical_udhr_v0_3_nulls100,,,,mesu,unknown,unknown,,,,,,,,,grapheme,698,,,vowel,Basic Latin-vowel positions plus common accented vowels.,217,gap_entropy,density_shuffle,1.402282642423,2.813533558637,0.020632300468,-68.400075813687,68.400075813687,0.009900990099,,"{""name"": ""gap_entropy"", ""null_model"": ""density_shuffle"", ""observed"": 1.402282642423, ""null_mean"": 2.813533558637, ""null_std"": 0.020632300468, ""z_score"": -68.400075813687, ""empirical_p"": 0.009900990099, ""null_samples"": 100}"
outputs\canonical_udhr_v0_3_nulls100\el_udhr_el_canonical.json,canonical_udhr_v0_3_nulls100,,,,unknown,unknown,unknown,,,,,,,,,word_boundary,5470,,,word_boundary,Positions marked as word boundaries after declared whitespace preprocessing.,827,gap_entropy,density_shuffle,3.479224871707,4.013818694752,0.007846838835,-68.128559068123,68.128559068123,0.009900990099,,"{""name"": ""gap_entropy"", ""null_model"": ""density_shuffle"", ""observed"": 3.479224871707, ""null_mean"": 4.013818694752, ""null_std"": 0.007846838835, ""z_score"": -68.128559068123, ""empirical_p"": 0.009900990099, ""null_samples"": 100}"
outputs\canonical_udhr_v0_3_nulls100\sw_udhr_sw_canonical.json,canonical_udhr_v0_3_nulls100,,,,unknown,unknown,unknown,,,,,,,,,grapheme,9909,,,vowel,Basic Latin-vowel positions plus common accented vowels.,3933,run_entropy,density_shuffle,1.110892090849,2.081023427127,0.015192708807,-63.85506025355,63.85506025355,0.009900990099,,"{""name"": ""run_entropy"", ""null_model"": ""density_shuffle"", ""observed"": 1.110892090849, ""null_mean"": 2.081023427127, ""null_std"": 0.015192708807, ""z_score"": -63.85506025355, ""empirical_p"": 0.009900990099, ""null_samples"": 100}"
outputs\canonical_udhr_v0_3_nulls100\xh_udhr_xh_canonical.json,canonical_udhr_v0_3_nulls100,,,,unknown,unknown,unknown,,,,,,,,,grapheme,9942,,,vowel,Basic Latin-vowel positions plus common accented vowels.,3854,prime_gap_affinity,density_shuffle,0.915390604724,0.462530495718,0.007127973803,63.532796485072,63.532796485072,0.009900990099,,"{""name"": ""prime_gap_affinity"", ""null_model"": ""density_shuffle"", ""observed"": 0.915390604724, ""null_mean"": 0.462530495718, ""null_std"": 0.007127973803, ""z_score"": 63.532796485072, ""empirical_p"": 0.009900990099, ""null_samples"": 100}"
outputs\canonical_udhr_v0_3_nulls100\el_udhr_el_canonical.json,canonical_udhr_v0_3_nulls100,,,,unknown,unknown,unknown,,,,,,,,,grapheme_class,5470,,,whitespace,Positions classified as whitespace in the grapheme-class stream.,827,gap_entropy,density_shuffle,3.479224871707,4.012321331657,0.008610867241,-61.909729300034,61.909729300034,0.009900990099,,"{""name"": ""gap_entropy"", ""null_model"": ""density_shuffle"", ""observed"": 3.479224871707, ""null_mean"": 4.012321331657, ""null_std"": 0.008610867241, ""z_score"": -61.909729300034, ""empirical_p"": 0.009900990099, ""null_samples"": 100}"
outputs\canonical_udhr_v0_3_nulls100\xh_udhr_xh_canonical.json,canonical_udhr_v0_3_nulls100,,,,unknown,unknown,unknown,,,,,,,,,grapheme,9942,,,vowel,Basic Latin-vowel positions plus common accented vowels.,3854,run_entropy,density_shuffle,1.004077397439,2.093998492379,0.018776445487,-58.047253709339,58.047253709339,0.009900990099,,"{""name"": ""run_entropy"", ""null_model"": ""density_shuffle"", ""observed"": 1.004077397439, ""null_mean"": 2.093998492379, ""null_std"": 0.018776445487, ""z_score"": -58.047253709339, ""empirical_p"": 0.009900990099, ""null_samples"": 100}"
outputs\canonical_udhr_v0_3_nulls100\sw_udhr_sw_canonical.json,canonical_udhr_v0_3_nulls100,,,,unknown,unknown,unknown,,,,,,,,,grapheme,9909,,,vowel,Basic Latin-vowel positions plus common accented vowels.,3933,prime_gap_affinity,density_shuffle,0.840284842319,0.458301119023,0.00662059881,57.696249882404,57.696249882404,0.009900990099,,"{""name"": ""prime_gap_affinity"", ""null_model"": ""density_shuffle"", ""observed"": 0.840284842319, ""null_mean"": 0.458301119023, ""null_std"": 0.00662059881, ""z_score"": 57.696249882404, ""empirical_p"": 0.009900990099, ""null_samples"": 100}"
outputs\canonical_udhr_v0_3_nulls100\el_udhr_el_canonical.json,canonical_udhr_v0_3_nulls100,,,,unknown,unknown,unknown,,,,,,,,,grapheme,5470,,,whitespace,Whitespace positions.,827,gap_entropy,density_shuffle,3.479224871707,4.011658443168,0.009411199148,-56.574466556695,56.574466556695,0.009900990099,,"{""name"": ""gap_entropy"", ""null_model"": ""density_shuffle"", ""observed"": 3.479224871707, ""null_mean"": 4.011658443168, ""null_std"": 0.009411199148, ""z_score"": -56.574466556695, ""empirical_p"": 0.009900990099, ""null_samples"": 100}"
outputs\canonical_udhr_v0_3_nulls100\xh_udhr_xh_canonical.json,canonical_udhr_v0_3_nulls100,,,,unknown,unknown,unknown,,,,,,,,,grapheme_class,9942,,,vowel,Positions classified as vowel in the grapheme-class stream.,3854,prime_gap_affinity,density_shuffle,0.915390604724,0.461785621594,0.008021805353,56.546495855242,56.546495855242,0.009900990099,,"{""name"": ""prime_gap_affinity"", ""null_model"": ""density_shuffle"", ""observed"": 0.915390604724, ""null_mean"": 0.461785621594, ""null_std"": 0.008021805353, ""z_score"": 56.546495855242, ""empirical_p"": 0.009900990099, ""null_samples"": 100}"
outputs\canonical_udhr_v0_3_nulls100\mesu_udhr_mesu_canonical.json,canonical_udhr_v0_3_nulls100,,,,mesu,unknown,unknown,,,,,,,,,grapheme_class,698,,,consonant,Positions classified as consonant in the grapheme-class stream.,243,gap_entropy,density_shuffle,1.727400626605,2.628670584608,0.016163242912,-55.760466072923,55.760466072923,0.009900990099,,"{""name"": ""gap_entropy"", ""null_model"": ""density_shuffle"", ""observed"": 1.727400626605, ""null_mean"": 2.628670584608, ""null_std"": 0.016163242912, ""z_score"": -55.760466072923, ""empirical_p"": 0.009900990099, ""null_samples"": 100}"
outputs\canonical_udhr_v0_3_nulls100\es_udhr_es_canonical.json,canonical_udhr_v0_3_nulls100,,,,unknown,unknown,unknown,,,,,,,,,grapheme,11965,,,consonant,Alphabetic non-vowel positions under the MVP classifier.,5298,prime_gap_affinity,density_shuffle,0.757787426845,0.440851425335,0.005754118545,55.079852638116,55.079852638116,0.009900990099,,"{""name"": ""prime_gap_affinity"", ""null_model"": ""density_shuffle"", ""observed"": 0.757787426845, ""null_mean"": 0.440851425335, ""null_std"": 0.005754118545, ""z_score"": 55.079852638116, ""empirical_p"": 0.009900990099, ""null_samples"": 100}"
outputs\canonical_udhr_v0_3_nulls100\zh_udhr_zh_canonical.json,canonical_udhr_v0_3_nulls100,,,,unknown,unknown,unknown,,,,,,,,,grapheme_class,2989,,,other,Positions classified as other in the grapheme-class stream.,8,zeta_spectral_coherence,markov_2,0.000428149532,6.171735e-06,8.041164e-06,52.477201239853,52.477201239853,0.009900990099,True,"{""name"": ""zeta_spectral_coherence"", ""null_model"": ""markov_2"", ""observed"": 0.000428149532, ""null_mean"": 6.171735e-06, ""null_std"": 8.041164e-06, ""z_score"": 52.477201239853, ""empirical_p"": 0.009900990099, ""null_samples"": 100}"
outputs\canonical_udhr_v0_3_nulls100\es_udhr_es_canonical.json,canonical_udhr_v0_3_nulls100,,,,unknown,unknown,unknown,,,,,,,,,grapheme,11965,,,consonant,Alphabetic non-vowel positions under the MVP classifier.,5298,run_entropy,density_shuffle,1.145265048613,2.027167252345,0.017151898703,-51.417176546095,51.417176546095,0.009900990099,,"{""name"": ""run_entropy"", ""null_model"": ""density_shuffle"", ""observed"": 1.145265048613, ""null_mean"": 2.027167252345, ""null_std"": 0.017151898703, ""z_score"": -51.417176546095, ""empirical_p"": 0.009900990099, ""null_samples"": 100}"
outputs\canonical_udhr_v0_3_nulls100\he_udhr_he_canonical.json,canonical_udhr_v0_3_nulls100,,,,unknown,unknown,unknown,,,,,,,,,grapheme,5572,,,consonant,Alphabetic non-vowel positions under the MVP classifier.,4383,gap_entropy,density_shuffle,0.915594091832,0.949730197863,0.000664598329,-51.363514654901,51.363514654901,0.009900990099,,"{""name"": ""gap_entropy"", ""null_model"": ""density_shuffle"", ""observed"": 0.915594091832, ""null_mean"": 0.949730197863, ""null_std"": 0.000664598329, ""z_score"": -51.363514654901, ""empirical_p"": 0.009900990099, ""null_samples"": 100}"
outputs\canonical_udhr_v0_3_nulls100\xh_udhr_xh_canonical.json,canonical_udhr_v0_3_nulls100,,,,unknown,unknown,unknown,,,,,,,,,grapheme_class,9942,,,vowel,Positions classified as vowel in the grapheme-class stream.,3854,run_entropy,density_shuffle,1.004077397439,2.093774745712,0.021507160364,-50.666723538458,50.666723538458,0.009900990099,,"{""name"": ""run_entropy"", ""null_model"": ""density_shuffle"", ""observed"": 1.004077397439, ""null_mean"": 2.093774745712, ""null_std"": 0.021507160364, ""z_score"": -50.666723538458, ""empirical_p"": 0.009900990099, ""null_samples"": 100}"
outputs\canonical_udhr_v0_3_nulls100\la_udhr_la_canonical.json,canonical_udhr_v0_3_nulls100,,,,unknown,unknown,unknown,,,,,,,,,grapheme,9937,,,consonant,Alphabetic non-vowel positions under the MVP classifier.,4419,run_entropy,density_shuffle,1.182001921602,2.024975961954,0.016709323702,-50.449321312312,50.449321312312,0.009900990099,,"{""name"": ""run_entropy"", ""null_model"": ""density_shuffle"", ""observed"": 1.182001921602, ""null_mean"": 2.024975961954, ""null_std"": 0.016709323702, ""z_score"": -50.449321312312, ""empirical_p"": 0.009900990099, ""null_samples"": 100}"
outputs\canonical_udhr_v0_3_nulls100\he_udhr_he_canonical.json,canonical_udhr_v0_3_nulls100,,,,unknown,unknown,unknown,,,,,,,,,grapheme_class,5572,,,consonant,Positions classified as consonant in the grapheme-class stream.,4383,gap_entropy,density_shuffle,0.915594091832,0.949657580359,0.000686081665,-49.649320559129,49.649320559129,0.009900990099,,"{""name"": ""gap_entropy"", ""null_model"": ""density_shuffle"", ""observed"": 0.915594091832, ""null_mean"": 0.949657580359, ""null_std"": 0.000686081665, ""z_score"": -49.649320559129, ""empirical_p"": 0.009900990099, ""null_samples"": 100}"
outputs\canonical_udhr_v0_3_nulls100\la_udhr_la_canonical.json,canonical_udhr_v0_3_nulls100,,,,unknown,unknown,unknown,,,,,,,,,grapheme,9937,,,consonant,Alphabetic non-vowel positions under the MVP classifier.,4419,prime_gap_affinity,density_shuffle,0.736532367587,0.440479855138,0.006072576827,48.752370016951,48.752370016951,0.009900990099,,"{""name"": ""prime_gap_affinity"", ""null_model"": ""density_shuffle"", ""observed"": 0.736532367587, ""null_mean"": 0.440479855138, ""null_std"": 0.006072576827, ""z_score"": 48.752370016951, ""empirical_p"": 0.009900990099, ""null_samples"": 100}"
outputs\canonical_udhr_v0_3_nulls100\es_udhr_es_canonical.json,canonical_udhr_v0_3_nulls100,,,,unknown,unknown,unknown,,,,,,,,,grapheme_class,11965,,,consonant,Positions classified as consonant in the grapheme-class stream.,5298,prime_gap_affinity,density_shuffle,0.757787426845,0.442050217104,0.006570903812,48.05080378382,48.05080378382,0.009900990099,,"{""name"": ""prime_gap_affinity"", ""null_model"": ""density_shuffle"", ""observed"": 0.757787426845, ""null_mean"": 0.442050217104, ""null_std"": 0.006570903812, ""z_score"": 48.05080378382, ""empirical_p"": 0.009900990099, ""null_samples"": 100}"
outputs\canonical_udhr_v0_3_nulls100\es_udhr_es_canonical.json,canonical_udhr_v0_3_nulls100,,,,unknown,unknown,unknown,,,,,,,,,grapheme_class,11965,,,consonant,Positions classified as consonant in the grapheme-class stream.,5298,run_entropy,density_shuffle,1.145265048613,2.021877402613,0.018313902083,-47.865951779472,47.865951779472,0.009900990099,,"{""name"": ""run_entropy"", ""null_model"": ""density_shuffle"", ""observed"": 1.145265048613, ""null_mean"": 2.021877402613, ""null_std"": 0.018313902083, ""z_score"": -47.865951779472, ""empirical_p"": 0.009900990099, ""null_samples"": 100}"
outputs\canonical_udhr_v0_3_nulls100\zh_udhr_zh_canonical.json,canonical_udhr_v0_3_nulls100,,,,unknown,unknown,unknown,,,,,,,,,grapheme_class,2989,,,other,Positions classified as other in the grapheme-class stream.,8,zeta_spectral_coherence,markov_1,0.000428149532,6.001708e-06,8.870396e-06,47.590638635534,47.590638635534,0.009900990099,,"{""name"": ""zeta_spectral_coherence"", ""null_model"": ""markov_1"", ""observed"": 0.000428149532, ""null_mean"": 6.001708e-06, ""null_std"": 8.870396e-06, ""z_score"": 47.590638635534, ""empirical_p"": 0.009900990099, ""null_samples"": 100}"
outputs\canonical_udhr_v0_3_nulls100\mesu_udhr_mesu_canonical.json,canonical_udhr_v0_3_nulls100,,,,mesu,unknown,unknown,,,,,,,,,grapheme,698,,,consonant,Alphabetic non-vowel positions under the MVP classifier.,243,gap_entropy,density_shuffle,1.727400626605,2.626875913342,0.019183787734,-46.887262265935,46.887262265935,0.009900990099,,"{""name"": ""gap_entropy"", ""null_model"": ""density_shuffle"", ""observed"": 1.727400626605, ""null_mean"": 2.626875913342, ""null_std"": 0.019183787734, ""z_score"": -46.887262265935, ""empirical_p"": 0.009900990099, ""null_samples"": 100}"
outputs\canonical_udhr_v0_3_nulls100\ru_udhr_ru_canonical.json,canonical_udhr_v0_3_nulls100,,,,unknown,unknown,unknown,,,,,,,,,grapheme_class,5419,,,whitespace,Positions classified as whitespace in the grapheme-class stream.,743,gap_entropy,density_shuffle,3.782389184278,4.157840033197,0.008091529565,-46.400479154638,46.400479154638,0.009900990099,,"{""name"": ""gap_entropy"", ""null_model"": ""density_shuffle"", ""observed"": 3.782389184278, ""null_mean"": 4.157840033197, ""null_std"": 0.008091529565, ""z_score"": -46.400479154638, ""empirical_p"": 0.009900990099, ""null_samples"": 100}"
outputs\canonical_udhr_v0_3_nulls100\sw_udhr_sw_canonical.json,canonical_udhr_v0_3_nulls100,,,,unknown,unknown,unknown,,,,,,,,,grapheme_class,9909,,,vowel,Positions classified as vowel in the grapheme-class stream.,3933,run_entropy,density_shuffle,1.110892090849,2.077473147847,0.020911414291,-46.222653502022,46.222653502022,0.009900990099,,"{""name"": ""run_entropy"", ""null_model"": ""density_shuffle"", ""observed"": 1.110892090849, ""null_mean"": 2.077473147847, ""null_std"": 0.020911414291, ""z_score"": -46.222653502022, ""empirical_p"": 0.009900990099, ""null_samples"": 100}"
outputs\canonical_udhr_v0_3_nulls100\ja_udhr_ja_canonical.json,canonical_udhr_v0_3_nulls100,,,,unknown,unknown,unknown,,,,,,,,,grapheme_class,4183,,,other,Positions classified as other in the grapheme-class stream.,17,zeta_spectral_coherence,markov_2,0.000400772802,6.997224e-06,8.550674e-06,46.051994170624,46.051994170624,0.009900990099,True,"{""name"": ""zeta_spectral_coherence"", ""null_model"": ""markov_2"", ""observed"": 0.000400772802, ""null_mean"": 6.997224e-06, ""null_std"": 8.550674e-06, ""z_score"": 46.051994170624, ""empirical_p"": 0.009900990099, ""null_samples"": 100}"
outputs\canonical_udhr_v0_3_nulls100\fr_udhr_fr_canonical.json,canonical_udhr_v0_3_nulls100,,,,unknown,unknown,unknown,,,,,,,,,grapheme,11902,,,consonant,Alphabetic non-vowel positions under the MVP classifier.,5295,run_entropy,density_shuffle,1.294930301388,2.020644817078,0.015823676995,-45.862571381814,45.862571381814,0.009900990099,,"{""name"": ""run_entropy"", ""null_model"": ""density_shuffle"", ""observed"": 1.294930301388, ""null_mean"": 2.020644817078, ""null_std"": 0.015823676995, ""z_score"": -45.862571381814, ""empirical_p"": 0.009900990099, ""null_samples"": 100}"
outputs\canonical_udhr_v0_3_nulls100\sw_udhr_sw_canonical.json,canonical_udhr_v0_3_nulls100,,,,unknown,unknown,unknown,,,,,,,,,grapheme_class,9909,,,vowel,Positions classified as vowel in the grapheme-class stream.,3933,prime_gap_affinity,density_shuffle,0.840284842319,0.458972533062,0.008412610015,45.326279073349,45.326279073349,0.009900990099,,"{""name"": ""prime_gap_affinity"", ""null_model"": ""density_shuffle"", ""observed"": 0.840284842319, ""null_mean"": 0.458972533062, ""null_std"": 0.008412610015, ""z_score"": 45.326279073349, ""empirical_p"": 0.009900990099, ""null_samples"": 100}"
outputs\canonical_udhr_v0_3_nulls100\la_udhr_la_canonical.json,canonical_udhr_v0_3_nulls100,,,,unknown,unknown,unknown,,,,,,,,,grapheme_class,9937,,,consonant,Positions classified as consonant in the grapheme-class stream.,4419,run_entropy,density_shuffle,1.182001921602,2.021545297392,0.018682441731,-44.937561583138,44.937561583138,0.009900990099,,"{""name"": ""run_entropy"", ""null_model"": ""density_shuffle"", ""observed"": 1.182001921602, ""null_mean"": 2.021545297392, ""null_std"": 0.018682441731, ""z_score"": -44.937561583138, ""empirical_p"": 0.009900990099, ""null_samples"": 100}"
outputs\canonical_udhr_v0_3_nulls100\de_udhr_de_canonical.json,canonical_udhr_v0_3_nulls100,,,,unknown,unknown,unknown,,,,,,,,,grapheme_class,11932,,,consonant,Positions classified as consonant in the grapheme-class stream.,6205,run_entropy,density_shuffle,1.287847515434,2.00162141411,0.016169320539,-44.143716302448,44.143716302448,0.009900990099,,"{""name"": ""run_entropy"", ""null_model"": ""density_shuffle"", ""observed"": 1.287847515434, ""null_mean"": 2.00162141411, ""null_std"": 0.016169320539, ""z_score"": -44.143716302448, ""empirical_p"": 0.009900990099, ""null_samples"": 100}"
outputs\canonical_udhr_v0_3_nulls100\la_udhr_la_canonical.json,canonical_udhr_v0_3_nulls100,,,,unknown,unknown,unknown,,,,,,,,,grapheme_class,9937,,,consonant,Positions classified as consonant in the grapheme-class stream.,4419,prime_gap_affinity,density_shuffle,0.736532367587,0.441996378452,0.006688090056,44.03887906537,44.03887906537,0.009900990099,,"{""name"": ""prime_gap_affinity"", ""null_model"": ""density_shuffle"", ""observed"": 0.736532367587, ""null_mean"": 0.441996378452, ""null_std"": 0.006688090056, ""z_score"": 44.03887906537, ""empirical_p"": 0.009900990099, ""null_samples"": 100}"
outputs\canonical_udhr_v0_3_nulls100\de_udhr_de_canonical.json,canonical_udhr_v0_3_nulls100,,,,unknown,unknown,unknown,,,,,,,,,grapheme_class,11932,,,consonant,Positions classified as consonant in the grapheme-class stream.,6205,prime_gap_affinity,density_shuffle,0.616054158607,0.40387169568,0.005103322671,41.577316704271,41.577316704271,0.009900990099,,"{""name"": ""prime_gap_affinity"", ""null_model"": ""density_shuffle"", ""observed"": 0.616054158607, ""null_mean"": 0.40387169568, ""null_std"": 0.005103322671, ""z_score"": 41.577316704271, ""empirical_p"": 0.009900990099, ""null_samples"": 100}"
outputs\canonical_udhr_v0_3_nulls100\fr_udhr_fr_canonical.json,canonical_udhr_v0_3_nulls100,,,,unknown,unknown,unknown,,,,,,,,,grapheme,11902,,,consonant,Alphabetic non-vowel positions under the MVP classifier.,5295,prime_gap_affinity,density_shuffle,0.700604457877,0.441326029467,0.006387351777,40.592476737865,40.592476737865,0.009900990099,,"{""name"": ""prime_gap_affinity"", ""null_model"": ""density_shuffle"", ""observed"": 0.700604457877, ""null_mean"": 0.441326029467, ""null_std"": 0.006387351777, ""z_score"": 40.592476737865, ""empirical_p"": 0.009900990099, ""null_samples"": 100}"
outputs\canonical_udhr_v0_3_nulls100\es_udhr_es_canonical.json,canonical_udhr_v0_3_nulls100,,,,unknown,unknown,unknown,,,,,,,,,grapheme_class,11965,,,vowel,Positions classified as vowel in the grapheme-class stream.,4482,run_entropy,density_shuffle,1.343530576665,2.116058984155,0.019042696671,-40.568225228121,40.568225228121,0.009900990099,,"{""name"": ""run_entropy"", ""null_model"": ""density_shuffle"", ""observed"": 1.343530576665, ""null_mean"": 2.116058984155, ""null_std"": 0.019042696671, ""z_score"": -40.568225228121, ""empirical_p"": 0.009900990099, ""null_samples"": 100}"
outputs\canonical_udhr_v0_3_nulls100\tr_udhr_tr_canonical.json,canonical_udhr_v0_3_nulls100,,,,unknown,unknown,unknown,,,,,,,,,grapheme,9213,,,consonant,Alphabetic non-vowel positions under the MVP classifier.,4756,run_entropy,density_shuffle,1.193903539763,2.00105252364,0.019896655313,-40.567068744324,40.567068744324,0.009900990099,,"{""name"": ""run_entropy"", ""null_model"": ""density_shuffle"", ""observed"": 1.193903539763, ""null_mean"": 2.00105252364, ""null_std"": 0.019896655313, ""z_score"": -40.567068744324, ""empirical_p"": 0.009900990099, ""null_samples"": 100}"
outputs\canonical_udhr_v0_3_nulls100\tr_udhr_tr_canonical.json,canonical_udhr_v0_3_nulls100,,,,unknown,unknown,unknown,,,,,,,,,grapheme_class,9213,,,vowel,Positions classified as vowel in the grapheme-class stream.,2948,run_entropy,density_shuffle,1.475307676536,2.23645999332,0.018999532111,-40.061634800002,40.061634800002,0.009900990099,,"{""name"": ""run_entropy"", ""null_model"": ""density_shuffle"", ""observed"": 1.475307676536, ""null_mean"": 2.23645999332, ""null_std"": 0.018999532111, ""z_score"": -40.061634800002, ""empirical_p"": 0.009900990099, ""null_samples"": 100}"
outputs\canonical_udhr_v0_3_nulls100\sw_udhr_sw_canonical.json,canonical_udhr_v0_3_nulls100,,,,unknown,unknown,unknown,,,,,,,,,grapheme,9909,,,consonant,Alphabetic non-vowel positions under the MVP classifier.,4045,run_entropy,density_shuffle,1.268335590883,2.063214818473,0.019968496648,-39.806663546796,39.806663546796,0.009900990099,,"{""name"": ""run_entropy"", ""null_model"": ""density_shuffle"", ""observed"": 1.268335590883, ""null_mean"": 2.063214818473, ""null_std"": 0.019968496648, ""z_score"": -39.806663546796, ""empirical_p"": 0.009900990099, ""null_samples"": 100}"
outputs\canonical_udhr_v0_3_nulls100\de_udhr_de_canonical.json,canonical_udhr_v0_3_nulls100,,,,unknown,unknown,unknown,,,,,,,,,grapheme,11932,,,consonant,Alphabetic non-vowel positions under the MVP classifier.,6205,run_entropy,density_shuffle,1.287847515434,2.00323126614,0.017999256673,-39.745183021099,39.745183021099,0.009900990099,,"{""name"": ""run_entropy"", ""null_model"": ""density_shuffle"", ""observed"": 1.287847515434, ""null_mean"": 2.00323126614, ""null_std"": 0.017999256673, ""z_score"": -39.745183021099, ""empirical_p"": 0.009900990099, ""null_samples"": 100}"
outputs\canonical_udhr_v0_3_nulls100\es_udhr_es_canonical.json,canonical_udhr_v0_3_nulls100,,,,unknown,unknown,unknown,,,,,,,,,grapheme,11965,,,vowel,Basic Latin-vowel positions plus common accented vowels.,4482,run_entropy,density_shuffle,1.343530576665,2.11952141546,0.01955622048,-39.680000519437,39.680000519437,0.009900990099,,"{""name"": ""run_entropy"", ""null_model"": ""density_shuffle"", ""observed"": 1.343530576665, ""null_mean"": 2.11952141546, ""null_std"": 0.01955622048, ""z_score"": -39.680000519437, ""empirical_p"": 0.009900990099, ""null_samples"": 100}"
outputs\canonical_udhr_v0_3_nulls100\ru_udhr_ru_canonical.json,canonical_udhr_v0_3_nulls100,,,,unknown,unknown,unknown,,,,,,,,,grapheme,5419,,,whitespace,Whitespace positions.,743,gap_entropy,density_shuffle,3.782389184278,4.155495769036,0.009415474681,-39.626954283721,39.626954283721,0.009900990099,,"{""name"": ""gap_entropy"", ""null_model"": ""density_shuffle"", ""observed"": 3.782389184278, ""null_mean"": 4.155495769036, ""null_std"": 0.009415474681, ""z_score"": -39.626954283721, ""empirical_p"": 0.009900990099, ""null_samples"": 100}"
outputs\canonical_udhr_v0_3_nulls100\tr_udhr_tr_canonical.json,canonical_udhr_v0_3_nulls100,,,,unknown,unknown,unknown,,,,,,,,,grapheme_class,9213,,,vowel,Positions classified as vowel in the grapheme-class stream.,2948,prime_gap_affinity,density_shuffle,0.803529012555,0.476006107906,0.008404524897,38.969829782419,38.969829782419,0.009900990099,,"{""name"": ""prime_gap_affinity"", ""null_model"": ""density_shuffle"", ""observed"": 0.803529012555, ""null_mean"": 0.476006107906, ""null_std"": 0.008404524897, ""z_score"": 38.969829782419, ""empirical_p"": 0.009900990099, ""null_samples"": 100}"
outputs\canonical_udhr_v0_3_nulls100\fr_udhr_fr_canonical.json,canonical_udhr_v0_3_nulls100,,,,unknown,unknown,unknown,,,,,,,,,grapheme_class,11902,,,consonant,Positions classified as consonant in the grapheme-class stream.,5295,run_entropy,density_shuffle,1.294930301388,2.018939678131,0.018608659354,-38.907121838361,38.907121838361,0.009900990099,,"{""name"": ""run_entropy"", ""null_model"": ""density_shuffle"", ""observed"": 1.294930301388, ""null_mean"": 2.018939678131, ""null_std"": 0.018608659354, ""z_score"": -38.907121838361, ""empirical_p"": 0.009900990099, ""null_samples"": 100}"
outputs\canonical_udhr_v0_3_nulls100\en_udhr_en_canonical.json,canonical_udhr_v0_3_nulls100,,,,unknown,unknown,unknown,,,,,,,,,grapheme,10638,,,consonant,Alphabetic non-vowel positions under the MVP classifier.,5292,run_entropy,density_shuffle,1.259413030911,1.99701662568,0.018964984857,-38.892917676554,38.892917676554,0.009900990099,,"{""name"": ""run_entropy"", ""null_model"": ""density_shuffle"", ""observed"": 1.259413030911, ""null_mean"": 1.99701662568, ""null_std"": 0.018964984857, ""z_score"": -38.892917676554, ""empirical_p"": 0.009900990099, ""null_samples"": 100}"
outputs\canonical_udhr_v0_3_nulls100\en_udhr_en_canonical.json,canonical_udhr_v0_3_nulls100,,,,unknown,unknown,unknown,,,,,,,,,grapheme_class,10638,,,consonant,Positions classified as consonant in the grapheme-class stream.,5292,prime_gap_affinity,density_shuffle,0.64656964657,0.4163995464,0.005989739969,38.427394403456,38.427394403456,0.009900990099,,"{""name"": ""prime_gap_affinity"", ""null_model"": ""density_shuffle"", ""observed"": 0.64656964657, ""null_mean"": 0.4163995464, ""null_std"": 0.005989739969, ""z_score"": 38.427394403456, ""empirical_p"": 0.009900990099, ""null_samples"": 100}"
outputs\canonical_udhr_v0_3_nulls100\ru_udhr_ru_canonical.json,canonical_udhr_v0_3_nulls100,,,,unknown,unknown,unknown,,,,,,,,,word_boundary,5419,,,word_boundary,Positions marked as word boundaries after declared whitespace preprocessing.,743,gap_entropy,density_shuffle,3.782389184278,4.154872185795,0.00970176891,-38.393307959645,38.393307959645,0.009900990099,,"{""name"": ""gap_entropy"", ""null_model"": ""density_shuffle"", ""observed"": 3.782389184278, ""null_mean"": 4.154872185795, ""null_std"": 0.00970176891, ""z_score"": -38.393307959645, ""empirical_p"": 0.009900990099, ""null_samples"": 100}"
outputs\canonical_udhr_v0_3_nulls100\sw_udhr_sw_canonical.json,canonical_udhr_v0_3_nulls100,,,,unknown,unknown,unknown,,,,,,,,,grapheme_class,9909,,,consonant,Positions classified as consonant in the grapheme-class stream.,4045,run_entropy,density_shuffle,1.268335590883,2.061894527543,0.020751899833,-38.240302962247,38.240302962247,0.009900990099,,"{""name"": ""run_entropy"", ""null_model"": ""density_shuffle"", ""observed"": 1.268335590883, ""null_mean"": 2.061894527543, ""null_std"": 0.020751899833, ""z_score"": -38.240302962247, ""empirical_p"": 0.009900990099, ""null_samples"": 100}"
outputs\canonical_udhr_v0_3_nulls100\es_udhr_es_canonical.json,canonical_udhr_v0_3_nulls100,,,,unknown,unknown,unknown,,,,,,,,,grapheme,11965,,,vowel,Basic Latin-vowel positions plus common accented vowels.,4482,prime_gap_affinity,density_shuffle,0.750055791118,0.464496764115,0.007497895208,38.085225130818,38.085225130818,0.009900990099,,"{""name"": ""prime_gap_affinity"", ""null_model"": ""density_shuffle"", ""observed"": 0.750055791118, ""null_mean"": 0.464496764115, ""null_std"": 0.007497895208, ""z_score"": 38.085225130818, ""empirical_p"": 0.009900990099, ""null_samples"": 100}"
outputs\canonical_udhr_v0_3_nulls100\en_udhr_en_canonical.json,canonical_udhr_v0_3_nulls100,,,,unknown,unknown,unknown,,,,,,,,,grapheme_class,10638,,,consonant,Positions classified as consonant in the grapheme-class stream.,5292,run_entropy,density_shuffle,1.259413030911,1.996553287768,0.019451181011,-37.896940882325,37.896940882325,0.009900990099,,"{""name"": ""run_entropy"", ""null_model"": ""density_shuffle"", ""observed"": 1.259413030911, ""null_mean"": 1.996553287768, ""null_std"": 0.019451181011, ""z_score"": -37.896940882325, ""empirical_p"": 0.009900990099, ""null_samples"": 100}"
outputs\canonical_udhr_v0_3_nulls100\sw_udhr_sw_canonical.json,canonical_udhr_v0_3_nulls100,,,,unknown,unknown,unknown,,,,,,,,,grapheme,9909,,,consonant,Alphabetic non-vowel positions under the MVP classifier.,4045,prime_gap_affinity,density_shuffle,0.748763600396,0.454421364985,0.007811686483,37.679729728791,37.679729728791,0.009900990099,,"{""name"": ""prime_gap_affinity"", ""null_model"": ""density_shuffle"", ""observed"": 0.748763600396, ""null_mean"": 0.454421364985, ""null_std"": 0.007811686483, ""z_score"": 37.679729728791, ""empirical_p"": 0.009900990099, ""null_samples"": 100}"
outputs\canonical_udhr_v0_3_nulls100\es_udhr_es_canonical.json,canonical_udhr_v0_3_nulls100,,,,unknown,unknown,unknown,,,,,,,,,grapheme_class,11965,,,vowel,Positions classified as vowel in the grapheme-class stream.,4482,prime_gap_affinity,density_shuffle,0.750055791118,0.465706315555,0.007605144794,37.38909425753,37.38909425753,0.009900990099,,"{""name"": ""prime_gap_affinity"", ""null_model"": ""density_shuffle"", ""observed"": 0.750055791118, ""null_mean"": 0.465706315555, ""null_std"": 0.007605144794, ""z_score"": 37.38909425753, ""empirical_p"": 0.009900990099, ""null_samples"": 100}"
outputs\canonical_udhr_v0_3_nulls100\tr_udhr_tr_canonical.json,canonical_udhr_v0_3_nulls100,,,,unknown,unknown,unknown,,,,,,,,,grapheme,9213,,,consonant,Alphabetic non-vowel positions under the MVP classifier.,4756,prime_gap_affinity,density_shuffle,0.653627760252,0.405556256572,0.006636989518,37.377112472423,37.377112472423,0.009900990099,,"{""name"": ""prime_gap_affinity"", ""null_model"": ""density_shuffle"", ""observed"": 0.653627760252, ""null_mean"": 0.405556256572, ""null_std"": 0.006636989518, ""z_score"": 37.377112472423, ""empirical_p"": 0.009900990099, ""null_samples"": 100}"
outputs\canonical_udhr_v0_3_nulls100\de_udhr_de_canonical.json,canonical_udhr_v0_3_nulls100,,,,unknown,unknown,unknown,,,,,,,,,grapheme,11932,,,consonant,Alphabetic non-vowel positions under the MVP classifier.,6205,prime_gap_affinity,density_shuffle,0.616054158607,0.403562217924,0.005714961362,37.181693318077,37.181693318077,0.009900990099,,"{""name"": ""prime_gap_affinity"", ""null_model"": ""density_shuffle"", ""observed"": 0.616054158607, ""null_mean"": 0.403562217924, ""null_std"": 0.005714961362, ""z_score"": 37.181693318077, ""empirical_p"": 0.009900990099, ""null_samples"": 100}"
outputs\canonical_udhr_v0_3_nulls100\en_udhr_en_canonical.json,canonical_udhr_v0_3_nulls100,,,,unknown,unknown,unknown,,,,,,,,,grapheme,10638,,,consonant,Alphabetic non-vowel positions under the MVP classifier.,5292,prime_gap_affinity,density_shuffle,0.64656964657,0.416407106407,0.006204047759,37.098769887017,37.098769887017,0.009900990099,,"{""name"": ""prime_gap_affinity"", ""null_model"": ""density_shuffle"", ""observed"": 0.64656964657, ""null_mean"": 0.416407106407, ""null_std"": 0.006204047759, ""z_score"": 37.098769887017, ""empirical_p"": 0.009900990099, ""null_samples"": 100}"
outputs\canonical_udhr_v0_3_nulls100\ja_udhr_ja_canonical.json,canonical_udhr_v0_3_nulls100,,,,unknown,unknown,unknown,,,,,,,,,grapheme_class,4183,,,consonant,Positions classified as consonant in the grapheme-class stream.,3759,gap_entropy,density_shuffle,0.501401940168,0.525964135154,0.000662746336,-37.061230878657,37.061230878657,0.009900990099,,"{""name"": ""gap_entropy"", ""null_model"": ""density_shuffle"", ""observed"": 0.501401940168, ""null_mean"": 0.525964135154, ""null_std"": 0.000662746336, ""z_score"": -37.061230878657, ""empirical_p"": 0.009900990099, ""null_samples"": 100}"
outputs\canonical_udhr_v0_3_nulls100\zh_udhr_zh_canonical.json,canonical_udhr_v0_3_nulls100,,,,unknown,unknown,unknown,,,,,,,,,grapheme_class,2989,,,consonant,Positions classified as consonant in the grapheme-class stream.,2675,gap_entropy,density_shuffle,0.512352626205,0.540802492598,0.000768515818,-37.019233327995,37.019233327995,0.009900990099,,"{""name"": ""gap_entropy"", ""null_model"": ""density_shuffle"", ""observed"": 0.512352626205, ""null_mean"": 0.540802492598, ""null_std"": 0.000768515818, ""z_score"": -37.019233327995, ""empirical_p"": 0.009900990099, ""null_samples"": 100}"
outputs\canonical_udhr_v0_3_nulls100\tr_udhr_tr_canonical.json,canonical_udhr_v0_3_nulls100,,,,unknown,unknown,unknown,,,,,,,,,grapheme_class,9213,,,consonant,Positions classified as consonant in the grapheme-class stream.,4756,run_entropy,density_shuffle,1.193903539763,2.000005518858,0.021841686146,-36.906581923774,36.906581923774,0.009900990099,,"{""name"": ""run_entropy"", ""null_model"": ""density_shuffle"", ""observed"": 1.193903539763, ""null_mean"": 2.000005518858, ""null_std"": 0.021841686146, ""z_score"": -36.906581923774, ""empirical_p"": 0.009900990099, ""null_samples"": 100}"
outputs\canonical_udhr_v0_3_nulls100\de_udhr_de_canonical.json,canonical_udhr_v0_3_nulls100,,,,unknown,unknown,unknown,,,,,,,,,grapheme,11932,,,digit,ASCII digit positions.,62,gap_entropy,density_shuffle,3.65850884875,5.786709726902,0.057819861735,-36.807436307812,36.807436307812,0.009900990099,,"{""name"": ""gap_entropy"", ""null_model"": ""density_shuffle"", ""observed"": 3.65850884875, ""null_mean"": 5.786709726902, ""null_std"": 0.057819861735, ""z_score"": -36.807436307812, ""empirical_p"": 0.009900990099, ""null_samples"": 100}"
outputs\canonical_udhr_v0_3_nulls100\tr_udhr_tr_canonical.json,canonical_udhr_v0_3_nulls100,,,,unknown,unknown,unknown,,,,,,,,,grapheme,9213,,,vowel,Basic Latin-vowel positions plus common accented vowels.,2948,prime_gap_affinity,density_shuffle,0.803529012555,0.477156430268,0.008931328812,36.542443924035,36.542443924035,0.009900990099,,"{""name"": ""prime_gap_affinity"", ""null_model"": ""density_shuffle"", ""observed"": 0.803529012555, ""null_mean"": 0.477156430268, ""null_std"": 0.008931328812, ""z_score"": 36.542443924035, ""empirical_p"": 0.009900990099, ""null_samples"": 100}"
outputs\canonical_udhr_v0_3_nulls100\sw_udhr_sw_canonical.json,canonical_udhr_v0_3_nulls100,,,,unknown,unknown,unknown,,,,,,,,,grapheme_class,9909,,,consonant,Positions classified as consonant in the grapheme-class stream.,4045,prime_gap_affinity,density_shuffle,0.748763600396,0.455506923838,0.008177911215,35.859606305162,35.859606305162,0.009900990099,,"{""name"": ""prime_gap_affinity"", ""null_model"": ""density_shuffle"", ""observed"": 0.748763600396, ""null_mean"": 0.455506923838, ""null_std"": 0.008177911215, ""z_score"": 35.859606305162, ""empirical_p"": 0.009900990099, ""null_samples"": 100}"
outputs\canonical_udhr_v0_3_nulls100\zh_udhr_zh_canonical.json,canonical_udhr_v0_3_nulls100,,,,unknown,unknown,unknown,,,,,,,,,grapheme,2989,,,digit,ASCII digit positions.,11,gap_entropy,density_shuffle,1.156779649447,3.301928094887,0.060302268916,-35.573262565699,35.573262565699,0.009900990099,,"{""name"": ""gap_entropy"", ""null_model"": ""density_shuffle"", ""observed"": 1.156779649447, ""null_mean"": 3.301928094887, ""null_std"": 0.060302268916, ""z_score"": -35.573262565699, ""empirical_p"": 0.009900990099, ""null_samples"": 100}"
outputs\canonical_udhr_v0_3_nulls100\tr_udhr_tr_canonical.json,canonical_udhr_v0_3_nulls100,,,,unknown,unknown,unknown,,,,,,,,,grapheme_class,9213,,,consonant,Positions classified as consonant in the grapheme-class stream.,4756,prime_gap_affinity,density_shuffle,0.653627760252,0.406107255521,0.00697380367,35.492898346743,35.492898346743,0.009900990099,,"{""name"": ""prime_gap_affinity"", ""null_model"": ""density_shuffle"", ""observed"": 0.653627760252, ""null_mean"": 0.406107255521, ""null_std"": 0.00697380367, ""z_score"": 35.492898346743, ""empirical_p"": 0.009900990099, ""null_samples"": 100}"
outputs\canonical_udhr_v0_3_nulls100\fr_udhr_fr_canonical.json,canonical_udhr_v0_3_nulls100,,,,unknown,unknown,unknown,,,,,,,,,grapheme_class,11902,,,consonant,Positions classified as consonant in the grapheme-class stream.,5295,prime_gap_affinity,density_shuffle,0.700604457877,0.442100491122,0.007340854218,35.214425877925,35.214425877925,0.009900990099,,"{""name"": ""prime_gap_affinity"", ""null_model"": ""density_shuffle"", ""observed"": 0.700604457877, ""null_mean"": 0.442100491122, ""null_std"": 0.007340854218, ""z_score"": 35.214425877925, ""empirical_p"": 0.009900990099, ""null_samples"": 100}"
outputs\canonical_udhr_v0_3_nulls100\xh_udhr_xh_canonical.json,canonical_udhr_v0_3_nulls100,,,,unknown,unknown,unknown,,,,,,,,,grapheme_class,9942,,,consonant,Positions classified as consonant in the grapheme-class stream.,4734,run_entropy,density_shuffle,1.2981762058,2.00206949021,0.02005976651,-35.08980446344,35.08980446344,0.009900990099,,"{""name"": ""run_entropy"", ""null_model"": ""density_shuffle"", ""observed"": 1.2981762058, ""null_mean"": 2.00206949021, ""null_std"": 0.02005976651, ""z_score"": -35.08980446344, ""empirical_p"": 0.009900990099, ""null_samples"": 100}"
outputs\canonical_udhr_v0_3_nulls100\zh_udhr_zh_canonical.json,canonical_udhr_v0_3_nulls100,,,,unknown,unknown,unknown,,,,,,,,,grapheme_class,2989,,,digit,Positions classified as digit in the grapheme-class stream.,11,gap_entropy,density_shuffle,1.156779649447,3.305928094887,0.061496489183,-34.947498206762,34.947498206762,0.009900990099,,"{""name"": ""gap_entropy"", ""null_model"": ""density_shuffle"", ""observed"": 1.156779649447, ""null_mean"": 3.305928094887, ""null_std"": 0.061496489183, ""z_score"": -34.947498206762, ""empirical_p"": 0.009900990099, ""null_samples"": 100}"
outputs\canonical_udhr_v0_3_nulls100\fr_udhr_fr_canonical.json,canonical_udhr_v0_3_nulls100,,,,unknown,unknown,unknown,,,,,,,,,grapheme,11902,,,digit,ASCII digit positions.,50,gap_entropy,density_shuffle,3.732288091496,5.519753882377,0.051914363774,-34.431044916127,34.431044916127,0.009900990099,,"{""name"": ""gap_entropy"", ""null_model"": ""density_shuffle"", ""observed"": 3.732288091496, ""null_mean"": 5.519753882377, ""null_std"": 0.051914363774, ""z_score"": -34.431044916127, ""empirical_p"": 0.009900990099, ""null_samples"": 100}"
outputs\canonical_udhr_v0_3_nulls100\tr_udhr_tr_canonical.json,canonical_udhr_v0_3_nulls100,,,,unknown,unknown,unknown,,,,,,,,,grapheme,9213,,,vowel,Basic Latin-vowel positions plus common accented vowels.,2948,run_entropy,density_shuffle,1.475307676536,2.235931873681,0.022261698761,-34.16739240402,34.16739240402,0.009900990099,,"{""name"": ""run_entropy"", ""null_model"": ""density_shuffle"", ""observed"": 1.475307676536, ""null_mean"": 2.235931873681, ""null_std"": 0.022261698761, ""z_score"": -34.16739240402, ""empirical_p"": 0.009900990099, ""null_samples"": 100}"
outputs\canonical_udhr_v0_3_nulls100\en_udhr_en_canonical.json,canonical_udhr_v0_3_nulls100,,,,unknown,unknown,unknown,,,,,,,,,grapheme,10638,,,consonant,Alphabetic non-vowel positions under the MVP classifier.,5292,run_entropy,gap_order_shuffle,1.259413030911,1.304741881221,0.001347655874,-33.635330198451,33.635330198451,0.009900990099,,"{""name"": ""run_entropy"", ""null_model"": ""gap_order_shuffle"", ""observed"": 1.259413030911, ""null_mean"": 1.304741881221, ""null_std"": 0.001347655874, ""z_score"": -33.635330198451, ""empirical_p"": 0.009900990099, ""null_samples"": 100}"
outputs\canonical_udhr_v0_3_nulls100\ja_udhr_ja_canonical.json,canonical_udhr_v0_3_nulls100,,,,unknown,unknown,unknown,,,,,,,,,grapheme,4183,,,consonant,Alphabetic non-vowel positions under the MVP classifier.,3759,gap_entropy,density_shuffle,0.501401940168,0.525802477046,0.000729243462,-33.460069451731,33.460069451731,0.009900990099,,"{""name"": ""gap_entropy"", ""null_model"": ""density_shuffle"", ""observed"": 0.501401940168, ""null_mean"": 0.525802477046, ""null_std"": 0.000729243462, ""z_score"": -33.460069451731, ""empirical_p"": 0.009900990099, ""null_samples"": 100}"
outputs\canonical_udhr_v0_3_nulls100\xh_udhr_xh_canonical.json,canonical_udhr_v0_3_nulls100,,,,unknown,unknown,unknown,,,,,,,,,grapheme,9942,,,consonant,Alphabetic non-vowel positions under the MVP classifier.,4734,run_entropy,density_shuffle,1.2981762058,2.002985712414,0.021443998559,-32.867447955758,32.867447955758,0.009900990099,,"{""name"": ""run_entropy"", ""null_model"": ""density_shuffle"", ""observed"": 1.2981762058, ""null_mean"": 2.002985712414, ""null_std"": 0.021443998559, ""z_score"": -32.867447955758, ""empirical_p"": 0.009900990099, ""null_samples"": 100}"
outputs\canonical_udhr_v0_3_nulls100\de_udhr_de_canonical.json,canonical_udhr_v0_3_nulls100,,,,unknown,unknown,unknown,,,,,,,,,grapheme_class,11932,,,digit,Positions classified as digit in the grapheme-class stream.,62,gap_entropy,density_shuffle,3.65850884875,5.785391841653,0.065727793317,-32.358959362257,32.358959362257,0.009900990099,,"{""name"": ""gap_entropy"", ""null_model"": ""density_shuffle"", ""observed"": 3.65850884875, ""null_mean"": 5.785391841653, ""null_std"": 0.065727793317, ""z_score"": -32.358959362257, ""empirical_p"": 0.009900990099, ""null_samples"": 100}"
outputs\canonical_udhr_v0_3_nulls100\la_udhr_la_canonical.json,canonical_udhr_v0_3_nulls100,,,,unknown,unknown,unknown,,,,,,,,,grapheme_class,9937,,,vowel,Positions classified as vowel in the grapheme-class stream.,3948,run_entropy,density_shuffle,1.40992846572,2.0779869133,0.020647794238,-32.354954716965,32.354954716965,0.009900990099,,"{""name"": ""run_entropy"", ""null_model"": ""density_shuffle"", ""observed"": 1.40992846572, ""null_mean"": 2.0779869133, ""null_std"": 0.020647794238, ""z_score"": -32.354954716965, ""empirical_p"": 0.009900990099, ""null_samples"": 100}"
outputs\canonical_udhr_v0_3_nulls100\zh_udhr_zh_canonical.json,canonical_udhr_v0_3_nulls100,,,,unknown,unknown,unknown,,,,,,,,,grapheme,2989,,,consonant,Alphabetic non-vowel positions under the MVP classifier.,2675,gap_entropy,density_shuffle,0.512352626205,0.540632985848,0.000881675893,-32.075686613169,32.075686613169,0.009900990099,,"{""name"": ""gap_entropy"", ""null_model"": ""density_shuffle"", ""observed"": 0.512352626205, ""null_mean"": 0.540632985848, ""null_std"": 0.000881675893, ""z_score"": -32.075686613169, ""empirical_p"": 0.009900990099, ""null_samples"": 100}"
outputs\canonical_udhr_v0_3_nulls100\ja_udhr_ja_canonical.json,canonical_udhr_v0_3_nulls100,,,,unknown,unknown,unknown,,,,,,,,,grapheme_class,4183,,,other,Positions classified as other in the grapheme-class stream.,17,zeta_spectral_coherence,markov_1,0.000400772802,7.148222e-06,1.2284013e-05,32.043646521849,32.043646521849,0.009900990099,,"{""name"": ""zeta_spectral_coherence"", ""null_model"": ""markov_1"", ""observed"": 0.000400772802, ""null_mean"": 7.148222e-06, ""null_std"": 1.2284013e-05, ""z_score"": 32.043646521849, ""empirical_p"": 0.009900990099, ""null_samples"": 100}"
outputs\canonical_udhr_v0_3_nulls100\es_udhr_es_canonical.json,canonical_udhr_v0_3_nulls100,,,,unknown,unknown,unknown,,,,,,,,,grapheme,11965,,,digit,ASCII digit positions.,60,gap_entropy,density_shuffle,3.70667758227,5.737659742147,0.063909432915,-31.779067146091,31.779067146091,0.009900990099,,"{""name"": ""gap_entropy"", ""null_model"": ""density_shuffle"", ""observed"": 3.70667758227, ""null_mean"": 5.737659742147, ""null_std"": 0.063909432915, ""z_score"": -31.779067146091, ""empirical_p"": 0.009900990099, ""null_samples"": 100}"
outputs\canonical_udhr_v0_3_nulls100\fr_udhr_fr_canonical.json,canonical_udhr_v0_3_nulls100,,,,unknown,unknown,unknown,,,,,,,,,grapheme_class,11902,,,vowel,Positions classified as vowel in the grapheme-class stream.,4330,run_entropy,density_shuffle,1.566615374999,2.136610524181,0.018025400028,-31.621775288506,31.621775288506,0.009900990099,,"{""name"": ""run_entropy"", ""null_model"": ""density_shuffle"", ""observed"": 1.566615374999, ""null_mean"": 2.136610524181, ""null_std"": 0.018025400028, ""z_score"": -31.621775288506, ""empirical_p"": 0.009900990099, ""null_samples"": 100}"
outputs\canonical_udhr_v0_3_nulls100\es_udhr_es_canonical.json,canonical_udhr_v0_3_nulls100,,,,unknown,unknown,unknown,,,,,,,,,grapheme_class,11965,,,digit,Positions classified as digit in the grapheme-class stream.,60,gap_entropy,density_shuffle,3.70667758227,5.751526443423,0.066254913174,-30.863354326278,30.863354326278,0.009900990099,,"{""name"": ""gap_entropy"", ""null_model"": ""density_shuffle"", ""observed"": 3.70667758227, ""null_mean"": 5.751526443423, ""null_std"": 0.066254913174, ""z_score"": -30.863354326278, ""empirical_p"": 0.009900990099, ""null_samples"": 100}"
outputs\canonical_udhr_v0_3_nulls100\fr_udhr_fr_canonical.json,canonical_udhr_v0_3_nulls100,,,,unknown,unknown,unknown,,,,,,,,,grapheme_class,11902,,,digit,Positions classified as digit in the grapheme-class stream.,50,gap_entropy,density_shuffle,3.732288091496,5.519191660438,0.057959395983,-30.830265544289,30.830265544289,0.009900990099,,"{""name"": ""gap_entropy"", ""null_model"": ""density_shuffle"", ""observed"": 3.732288091496, ""null_mean"": 5.519191660438, ""null_std"": 0.057959395983, ""z_score"": -30.830265544289, ""empirical_p"": 0.009900990099, ""null_samples"": 100}"
outputs\canonical_udhr_v0_3_nulls100\la_udhr_la_canonical.json,canonical_udhr_v0_3_nulls100,,,,unknown,unknown,unknown,,,,,,,,,grapheme,9937,,,vowel,Basic Latin-vowel positions plus common accented vowels.,3948,run_entropy,density_shuffle,1.40992846572,2.076986265631,0.02170590186,-30.731632540538,30.731632540538,0.009900990099,,"{""name"": ""run_entropy"", ""null_model"": ""density_shuffle"", ""observed"": 1.40992846572, ""null_mean"": 2.076986265631, ""null_std"": 0.02170590186, ""z_score"": -30.731632540538, ""empirical_p"": 0.009900990099, ""null_samples"": 100}"
outputs\canonical_udhr_v0_3_nulls100\is_udhr_is_canonical.json,canonical_udhr_v0_3_nulls100,,,,unknown,unknown,unknown,,,,,,,,,grapheme_class,9967,,,consonant,Positions classified as consonant in the grapheme-class stream.,5018,run_entropy,density_shuffle,1.363860150794,1.997094219126,0.020645037579,-30.672458982917,30.672458982917,0.009900990099,,"{""name"": ""run_entropy"", ""null_model"": ""density_shuffle"", ""observed"": 1.363860150794, ""null_mean"": 1.997094219126, ""null_std"": 0.020645037579, ""z_score"": -30.672458982917, ""empirical_p"": 0.009900990099, ""null_samples"": 100}"
outputs\canonical_udhr_v0_3_nulls100\en_udhr_en_canonical.json,canonical_udhr_v0_3_nulls100,,,,unknown,unknown,unknown,,,,,,,,,grapheme_class,10638,,,vowel,Positions classified as vowel in the grapheme-class stream.,3383,run_entropy,density_shuffle,1.698053272222,2.241850443027,0.01780334022,-30.544671060377,30.544671060377,0.009900990099,,"{""name"": ""run_entropy"", ""null_model"": ""density_shuffle"", ""observed"": 1.698053272222, ""null_mean"": 2.241850443027, ""null_std"": 0.01780334022, ""z_score"": -30.544671060377, ""empirical_p"": 0.009900990099, ""null_samples"": 100}"
outputs\canonical_udhr_v0_3_nulls100\is_udhr_is_canonical.json,canonical_udhr_v0_3_nulls100,,,,unknown,unknown,unknown,,,,,,,,,grapheme,9967,,,consonant,Alphabetic non-vowel positions under the MVP classifier.,5018,run_entropy,density_shuffle,1.363860150794,1.99954462401,0.021000224476,-30.270365630973,30.270365630973,0.009900990099,,"{""name"": ""run_entropy"", ""null_model"": ""density_shuffle"", ""observed"": 1.363860150794, ""null_mean"": 1.99954462401, ""null_std"": 0.021000224476, ""z_score"": -30.270365630973, ""empirical_p"": 0.009900990099, ""null_samples"": 100}"
outputs\canonical_udhr_v0_3_nulls100\en_udhr_en_canonical.json,canonical_udhr_v0_3_nulls100,,,,unknown,unknown,unknown,,,,,,,,,grapheme_class,10638,,,consonant,Positions classified as consonant in the grapheme-class stream.,5292,run_entropy,gap_order_shuffle,1.259413030911,1.304684440458,0.001500510183,-30.170677990688,30.170677990688,0.009900990099,,"{""name"": ""run_entropy"", ""null_model"": ""gap_order_shuffle"", ""observed"": 1.259413030911, ""null_mean"": 1.304684440458, ""null_std"": 0.001500510183, ""z_score"": -30.170677990688, ""empirical_p"": 0.009900990099, ""null_samples"": 100}"
outputs\canonical_udhr_v0_3_nulls100\is_udhr_is_canonical.json,canonical_udhr_v0_3_nulls100,,,,unknown,unknown,unknown,,,,,,,,,grapheme,9967,,,consonant,Alphabetic non-vowel positions under the MVP classifier.,5018,prime_gap_affinity,density_shuffle,0.608929639227,0.412439705003,0.006553908541,29.980573116697,29.980573116697,0.009900990099,,"{""name"": ""prime_gap_affinity"", ""null_model"": ""density_shuffle"", ""observed"": 0.608929639227, ""null_mean"": 0.412439705003, ""null_std"": 0.006553908541, ""z_score"": 29.980573116697, ""empirical_p"": 0.009900990099, ""null_samples"": 100}"
outputs\canonical_udhr_v0_3_nulls100\de_udhr_de_canonical.json,canonical_udhr_v0_3_nulls100,,,,unknown,unknown,unknown,,,,,,,,,grapheme_class,11932,,,digit,Positions classified as digit in the grapheme-class stream.,62,zeta_spectral_coherence,density_shuffle,8.4536418e-05,3.108975e-06,2.719138e-06,29.946049735602,29.946049735602,0.009900990099,,"{""name"": ""zeta_spectral_coherence"", ""null_model"": ""density_shuffle"", ""observed"": 8.4536418e-05, ""null_mean"": 3.108975e-06, ""null_std"": 2.719138e-06, ""z_score"": 29.946049735602, ""empirical_p"": 0.009900990099, ""null_samples"": 100}"
outputs\canonical_udhr_v0_3_nulls100\de_udhr_de_canonical.json,canonical_udhr_v0_3_nulls100,,,,unknown,unknown,unknown,,,,,,,,,grapheme,11932,,,digit,ASCII digit positions.,62,zeta_spectral_coherence,density_shuffle,8.4536418e-05,3.363182e-06,2.723886e-06,29.800530747508,29.800530747508,0.009900990099,,"{""name"": ""zeta_spectral_coherence"", ""null_model"": ""density_shuffle"", ""observed"": 8.4536418e-05, ""null_mean"": 3.363182e-06, ""null_std"": 2.723886e-06, ""z_score"": 29.800530747508, ""empirical_p"": 0.009900990099, ""null_samples"": 100}"
outputs\canonical_udhr_v0_3_nulls100\fr_udhr_fr_canonical.json,canonical_udhr_v0_3_nulls100,,,,unknown,unknown,unknown,,,,,,,,,grapheme,11902,,,vowel,Basic Latin-vowel positions plus common accented vowels.,4330,run_entropy,density_shuffle,1.566615374999,2.138343077102,0.0193826816,-29.496831960653,29.496831960653,0.009900990099,,"{""name"": ""run_entropy"", ""null_model"": ""density_shuffle"", ""observed"": 1.566615374999, ""null_mean"": 2.138343077102, ""null_std"": 0.0193826816, ""z_score"": -29.496831960653, ""empirical_p"": 0.009900990099, ""null_samples"": 100}"
outputs\canonical_udhr_v0_3_nulls100\xh_udhr_xh_canonical.json,canonical_udhr_v0_3_nulls100,,,,unknown,unknown,unknown,,,,,,,,,grapheme_class,9942,,,consonant,Positions classified as consonant in the grapheme-class stream.,4734,prime_gap_affinity,density_shuffle,0.634903866469,0.426982886119,0.007146164965,29.095463283849,29.095463283849,0.009900990099,,"{""name"": ""prime_gap_affinity"", ""null_model"": ""density_shuffle"", ""observed"": 0.634903866469, ""null_mean"": 0.426982886119, ""null_std"": 0.007146164965, ""z_score"": 29.095463283849, ""empirical_p"": 0.009900990099, ""null_samples"": 100}"
outputs\canonical_udhr_v0_3_nulls100\en_udhr_en_canonical.json,canonical_udhr_v0_3_nulls100,,,,unknown,unknown,unknown,,,,,,,,,grapheme,10638,,,digit,ASCII digit positions.,51,gap_entropy,density_shuffle,3.759082872208,5.53074641477,0.061365777037,-28.870546876355,28.870546876355,0.009900990099,,"{""name"": ""gap_entropy"", ""null_model"": ""density_shuffle"", ""observed"": 3.759082872208, ""null_mean"": 5.53074641477, ""null_std"": 0.061365777037, ""z_score"": -28.870546876355, ""empirical_p"": 0.009900990099, ""null_samples"": 100}"
outputs\canonical_udhr_v0_3_nulls100\is_udhr_is_canonical.json,canonical_udhr_v0_3_nulls100,,,,unknown,unknown,unknown,,,,,,,,,grapheme_class,9967,,,consonant,Positions classified as consonant in the grapheme-class stream.,5018,prime_gap_affinity,density_shuffle,0.608929639227,0.413296790911,0.006904116574,28.33568150501,28.33568150501,0.009900990099,,"{""name"": ""prime_gap_affinity"", ""null_model"": ""density_shuffle"", ""observed"": 0.608929639227, ""null_mean"": 0.413296790911, ""null_std"": 0.006904116574, ""z_score"": 28.33568150501, ""empirical_p"": 0.009900990099, ""null_samples"": 100}"
outputs\canonical_udhr_v0_3_nulls100\en_udhr_en_canonical.json,canonical_udhr_v0_3_nulls100,,,,unknown,unknown,unknown,,,,,,,,,grapheme_class,10638,,,digit,Positions classified as digit in the grapheme-class stream.,51,gap_entropy,density_shuffle,3.759082872208,5.535493482269,0.063757803504,-27.861853960339,27.861853960339,0.009900990099,,"{""name"": ""gap_entropy"", ""null_model"": ""density_shuffle"", ""observed"": 3.759082872208, ""null_mean"": 5.535493482269, ""null_std"": 0.063757803504, ""z_score"": -27.861853960339, ""empirical_p"": 0.009900990099, ""null_samples"": 100}"
outputs\canonical_udhr_v0_3_nulls100\is_udhr_is_canonical.json,canonical_udhr_v0_3_nulls100,,,,unknown,unknown,unknown,,,,,,,,,grapheme_class,9967,,,vowel,Positions classified as vowel in the grapheme-class stream.,2987,run_entropy,density_shuffle,1.711981328651,2.290817184975,0.020964621191,-27.610127130073,27.610127130073,0.009900990099,,"{""name"": ""run_entropy"", ""null_model"": ""density_shuffle"", ""observed"": 1.711981328651, ""null_mean"": 2.290817184975, ""null_std"": 0.020964621191, ""z_score"": -27.610127130073, ""empirical_p"": 0.009900990099, ""null_samples"": 100}"
outputs\canonical_udhr_v0_3_nulls100\is_udhr_is_canonical.json,canonical_udhr_v0_3_nulls100,,,,unknown,unknown,unknown,,,,,,,,,grapheme,9967,,,vowel,Basic Latin-vowel positions plus common accented vowels.,2987,run_entropy,density_shuffle,1.711981328651,2.291461277135,0.021200554538,-27.333244866027,27.333244866027,0.009900990099,,"{""name"": ""run_entropy"", ""null_model"": ""density_shuffle"", ""observed"": 1.711981328651, ""null_mean"": 2.291461277135, ""null_std"": 0.021200554538, ""z_score"": -27.333244866027, ""empirical_p"": 0.009900990099, ""null_samples"": 100}"
outputs\canonical_udhr_v0_3_nulls100\xh_udhr_xh_canonical.json,canonical_udhr_v0_3_nulls100,,,,unknown,unknown,unknown,,,,,,,,,grapheme,9942,,,consonant,Alphabetic non-vowel positions under the MVP classifier.,4734,prime_gap_affinity,density_shuffle,0.634903866469,0.42730614832,0.007607314698,27.289224434725,27.289224434725,0.009900990099,,"{""name"": ""prime_gap_affinity"", ""null_model"": ""density_shuffle"", ""observed"": 0.634903866469, ""null_mean"": 0.42730614832, ""null_std"": 0.007607314698, ""z_score"": 27.289224434725, ""empirical_p"": 0.009900990099, ""null_samples"": 100}"
outputs\canonical_udhr_v0_3_nulls100\fr_udhr_fr_canonical.json,canonical_udhr_v0_3_nulls100,,,,unknown,unknown,unknown,,,,,,,,,grapheme_class,11902,,,consonant,Positions classified as consonant in the grapheme-class stream.,5295,run_entropy,gap_order_shuffle,1.294930301388,1.316441393004,0.000797958125,-26.957669761755,26.957669761755,0.009900990099,,"{""name"": ""run_entropy"", ""null_model"": ""gap_order_shuffle"", ""observed"": 1.294930301388, ""null_mean"": 1.316441393004, ""null_std"": 0.000797958125, ""z_score"": -26.957669761755, ""empirical_p"": 0.009900990099, ""null_samples"": 100}"
outputs\canonical_udhr_v0_3_nulls100\sw_udhr_sw_canonical.json,canonical_udhr_v0_3_nulls100,,,,unknown,unknown,unknown,,,,,,,,,grapheme_class,9909,,,digit,Positions classified as digit in the grapheme-class stream.,51,gap_entropy,density_shuffle,3.799082872208,5.527689572267,0.064310570398,-26.879044756946,26.879044756946,0.009900990099,,"{""name"": ""gap_entropy"", ""null_model"": ""density_shuffle"", ""observed"": 3.799082872208, ""null_mean"": 5.527689572267, ""null_std"": 0.064310570398, ""z_score"": -26.879044756946, ""empirical_p"": 0.009900990099, ""null_samples"": 100}"
outputs\canonical_udhr_v0_3_nulls100\la_udhr_la_canonical.json,canonical_udhr_v0_3_nulls100,,,,unknown,unknown,unknown,,,,,,,,,grapheme_class,9937,,,vowel,Positions classified as vowel in the grapheme-class stream.,3948,prime_gap_affinity,density_shuffle,0.679250063339,0.459911325057,0.008379399221,26.175950385813,26.175950385813,0.009900990099,,"{""name"": ""prime_gap_affinity"", ""null_model"": ""density_shuffle"", ""observed"": 0.679250063339, ""null_mean"": 0.459911325057, ""null_std"": 0.008379399221, ""z_score"": 26.175950385813, ""empirical_p"": 0.009900990099, ""null_samples"": 100}"
outputs\canonical_udhr_v0_3_nulls100\ja_udhr_ja_canonical.json,canonical_udhr_v0_3_nulls100,,,,unknown,unknown,unknown,,,,,,,,,grapheme_class,4183,,,digit,Positions classified as digit in the grapheme-class stream.,50,gap_entropy,density_shuffle,3.038966320204,5.340006142558,0.088242554723,-26.076305582774,26.076305582774,0.009900990099,,"{""name"": ""gap_entropy"", ""null_model"": ""density_shuffle"", ""observed"": 3.038966320204, ""null_mean"": 5.340006142558, ""null_std"": 0.088242554723, ""z_score"": -26.076305582774, ""empirical_p"": 0.009900990099, ""null_samples"": 100}"
outputs\canonical_udhr_v0_3_nulls100\en_udhr_en_canonical.json,canonical_udhr_v0_3_nulls100,,,,unknown,unknown,unknown,,,,,,,,,grapheme_class,10638,,,vowel,Positions classified as vowel in the grapheme-class stream.,3383,prime_gap_affinity,density_shuffle,0.680662329982,0.477134831461,0.007835564171,25.974836538641,25.974836538641,0.009900990099,,"{""name"": ""prime_gap_affinity"", ""null_model"": ""density_shuffle"", ""observed"": 0.680662329982, ""null_mean"": 0.477134831461, ""null_std"": 0.007835564171, ""z_score"": 25.974836538641, ""empirical_p"": 0.009900990099, ""null_samples"": 100}"
outputs\canonical_udhr_v0_3_nulls100\la_udhr_la_canonical.json,canonical_udhr_v0_3_nulls100,,,,unknown,unknown,unknown,,,,,,,,,grapheme,9937,,,vowel,Basic Latin-vowel positions plus common accented vowels.,3948,prime_gap_affinity,density_shuffle,0.679250063339,0.459156321257,0.008478662979,25.958543536673,25.958543536673,0.009900990099,,"{""name"": ""prime_gap_affinity"", ""null_model"": ""density_shuffle"", ""observed"": 0.679250063339, ""null_mean"": 0.459156321257, ""null_std"": 0.008478662979, ""z_score"": 25.958543536673, ""empirical_p"": 0.009900990099, ""null_samples"": 100}"
outputs\canonical_udhr_v0_3_nulls100\de_udhr_de_canonical.json,canonical_udhr_v0_3_nulls100,,,,unknown,unknown,unknown,,,,,,,,,grapheme_class,11932,,,vowel,Positions classified as vowel in the grapheme-class stream.,3830,run_entropy,density_shuffle,1.775340879127,2.234000554023,0.017910452669,-25.608491497846,25.608491497846,0.009900990099,,"{""name"": ""run_entropy"", ""null_model"": ""density_shuffle"", ""observed"": 1.775340879127, ""null_mean"": 2.234000554023, ""null_std"": 0.017910452669, ""z_score"": -25.608491497846, ""empirical_p"": 0.009900990099, ""null_samples"": 100}"
outputs\canonical_udhr_v0_3_nulls100\cy_udhr_cy_canonical.json,canonical_udhr_v0_3_nulls100,,,,unknown,unknown,unknown,,,,,,,,,grapheme,9967,,,consonant,Alphabetic non-vowel positions under the MVP classifier.,5292,gap_entropy,density_shuffle,1.857777640767,1.876406885288,0.000738812726,-25.215110500506,25.215110500506,0.009900990099,,"{""name"": ""gap_entropy"", ""null_model"": ""density_shuffle"", ""observed"": 1.857777640767, ""null_mean"": 1.876406885288, ""null_std"": 0.000738812726, ""z_score"": -25.215110500506, ""empirical_p"": 0.009900990099, ""null_samples"": 100}"
outputs\canonical_udhr_v0_3_nulls100\zh_udhr_zh_canonical.json,canonical_udhr_v0_3_nulls100,,,,unknown,unknown,unknown,,,,,,,,,grapheme,2989,,,vowel,Basic Latin-vowel positions plus common accented vowels.,4,zeta_spectral_coherence,density_shuffle,0.000132345705,3.12345e-06,5.299085e-06,24.385768246719,24.385768246719,0.009900990099,,"{""name"": ""zeta_spectral_coherence"", ""null_model"": ""density_shuffle"", ""observed"": 0.000132345705, ""null_mean"": 3.12345e-06, ""null_std"": 5.299085e-06, ""z_score"": 24.385768246719, ""empirical_p"": 0.009900990099, ""null_samples"": 100}"
outputs\canonical_udhr_v0_3_nulls100\cy_udhr_cy_canonical.json,canonical_udhr_v0_3_nulls100,,,,unknown,unknown,unknown,,,,,,,,,grapheme,9967,,,vowel,Basic Latin-vowel positions plus common accented vowels.,2630,gap_entropy,density_shuffle,3.096154074603,3.146524269348,0.002073822224,-24.288578919043,24.288578919043,0.009900990099,,"{""name"": ""gap_entropy"", ""null_model"": ""density_shuffle"", ""observed"": 3.096154074603, ""null_mean"": 3.146524269348, ""null_std"": 0.002073822224, ""z_score"": -24.288578919043, ""empirical_p"": 0.009900990099, ""null_samples"": 100}"
outputs\canonical_udhr_v0_3_nulls100\de_udhr_de_canonical.json,canonical_udhr_v0_3_nulls100,,,,unknown,unknown,unknown,,,,,,,,,grapheme,11932,,,vowel,Basic Latin-vowel positions plus common accented vowels.,3830,run_entropy,density_shuffle,1.775340879127,2.233759548608,0.018888578901,-24.26962197043,24.26962197043,0.009900990099,,"{""name"": ""run_entropy"", ""null_model"": ""density_shuffle"", ""observed"": 1.775340879127, ""null_mean"": 2.233759548608, ""null_std"": 0.018888578901, ""z_score"": -24.26962197043, ""empirical_p"": 0.009900990099, ""null_samples"": 100}"
outputs\canonical_udhr_v0_3_nulls100\fr_udhr_fr_canonical.json,canonical_udhr_v0_3_nulls100,,,,unknown,unknown,unknown,,,,,,,,,grapheme_class,11902,,,vowel,Positions classified as vowel in the grapheme-class stream.,4330,prime_gap_affinity,density_shuffle,0.657426657427,0.468399168399,0.007844772022,24.095982457071,24.095982457071,0.009900990099,,"{""name"": ""prime_gap_affinity"", ""null_model"": ""density_shuffle"", ""observed"": 0.657426657427, ""null_mean"": 0.468399168399, ""null_std"": 0.007844772022, ""z_score"": 24.095982457071, ""empirical_p"": 0.009900990099, ""null_samples"": 100}"
outputs\canonical_udhr_v0_3_nulls100\ar_udhr_ar_canonical.json,canonical_udhr_v0_3_nulls100,,,,unknown,unknown,unknown,,,,,,,,,grapheme_class,7656,,,digit,Positions classified as digit in the grapheme-class stream.,61,gap_entropy,density_shuffle,3.733857886302,5.680215906003,0.081258356686,-23.952712054281,23.952712054281,0.009900990099,,"{""name"": ""gap_entropy"", ""null_model"": ""density_shuffle"", ""observed"": 3.733857886302, ""null_mean"": 5.680215906003, ""null_std"": 0.081258356686, ""z_score"": -23.952712054281, ""empirical_p"": 0.009900990099, ""null_samples"": 100}"
outputs\canonical_udhr_v0_3_nulls100\cy_udhr_cy_canonical.json,canonical_udhr_v0_3_nulls100,,,,unknown,unknown,unknown,,,,,,,,,grapheme_class,9967,,,vowel,Positions classified as vowel in the grapheme-class stream.,2630,gap_entropy,density_shuffle,3.096154074603,3.146757752023,0.002126954096,-23.791617085184,23.791617085184,0.009900990099,,"{""name"": ""gap_entropy"", ""null_model"": ""density_shuffle"", ""observed"": 3.096154074603, ""null_mean"": 3.146757752023, ""null_std"": 0.002126954096, ""z_score"": -23.791617085184, ""empirical_p"": 0.009900990099, ""null_samples"": 100}"
outputs\canonical_udhr_v0_3_nulls100\ar_udhr_ar_canonical.json,canonical_udhr_v0_3_nulls100,,,,unknown,unknown,unknown,,,,,,,,,grapheme,7656,,,digit,ASCII digit positions.,61,gap_entropy,density_shuffle,3.733857886302,5.677933199757,0.082133819761,-23.669607953439,23.669607953439,0.009900990099,,"{""name"": ""gap_entropy"", ""null_model"": ""density_shuffle"", ""observed"": 3.733857886302, ""null_mean"": 5.677933199757, ""null_std"": 0.082133819761, ""z_score"": -23.669607953439, ""empirical_p"": 0.009900990099, ""null_samples"": 100}"
outputs\canonical_udhr_v0_3_nulls100\fr_udhr_fr_canonical.json,canonical_udhr_v0_3_nulls100,,,,unknown,unknown,unknown,,,,,,,,,grapheme,11902,,,vowel,Basic Latin-vowel positions plus common accented vowels.,4330,prime_gap_affinity,density_shuffle,0.657426657427,0.467939477939,0.008006143029,23.667723495854,23.667723495854,0.009900990099,,"{""name"": ""prime_gap_affinity"", ""null_model"": ""density_shuffle"", ""observed"": 0.657426657427, ""null_mean"": 0.467939477939, ""null_std"": 0.008006143029, ""z_score"": 23.667723495854, ""empirical_p"": 0.009900990099, ""null_samples"": 100}"
outputs\canonical_udhr_v0_3_nulls100\tr_udhr_tr_canonical.json,canonical_udhr_v0_3_nulls100,,,,unknown,unknown,unknown,,,,,,,,,grapheme_class,9213,,,other,Positions classified as other in the grapheme-class stream.,8,zeta_spectral_coherence,density_shuffle,0.000132181201,1.124475e-06,5.562551e-06,23.560544596404,23.560544596404,0.009900990099,,"{""name"": ""zeta_spectral_coherence"", ""null_model"": ""density_shuffle"", ""observed"": 0.000132181201, ""null_mean"": 1.124475e-06, ""null_std"": 5.562551e-06, ""z_score"": 23.560544596404, ""empirical_p"": 0.009900990099, ""null_samples"": 100}"
outputs\canonical_udhr_v0_3_nulls100\fr_udhr_fr_canonical.json,canonical_udhr_v0_3_nulls100,,,,unknown,unknown,unknown,,,,,,,,,grapheme,11902,,,consonant,Alphabetic non-vowel positions under the MVP classifier.,5295,run_entropy,gap_order_shuffle,1.294930301388,1.31643425925,0.000931341501,-23.089229723695,23.089229723695,0.009900990099,,"{""name"": ""run_entropy"", ""null_model"": ""gap_order_shuffle"", ""observed"": 1.294930301388, ""null_mean"": 1.31643425925, ""null_std"": 0.000931341501, ""z_score"": -23.089229723695, ""empirical_p"": 0.009900990099, ""null_samples"": 100}"
outputs\canonical_udhr_v0_3_nulls100\cy_udhr_cy_canonical.json,canonical_udhr_v0_3_nulls100,,,,unknown,unknown,unknown,,,,,,,,,grapheme_class,9967,,,consonant,Positions classified as consonant in the grapheme-class stream.,5292,gap_entropy,density_shuffle,1.857777640767,1.876270933134,0.000803540352,-23.014764994331,23.014764994331,0.009900990099,,"{""name"": ""gap_entropy"", ""null_model"": ""density_shuffle"", ""observed"": 1.857777640767, ""null_mean"": 1.876270933134, ""null_std"": 0.000803540352, ""z_score"": -23.014764994331, ""empirical_p"": 0.009900990099, ""null_samples"": 100}"
outputs\canonical_udhr_v0_3_nulls100\sw_udhr_sw_canonical.json,canonical_udhr_v0_3_nulls100,,,,unknown,unknown,unknown,,,,,,,,,grapheme,9909,,,digit,ASCII digit positions.,51,gap_entropy,density_shuffle,3.799082872208,5.521138594767,0.075402135983,-22.838288333675,22.838288333675,0.009900990099,,"{""name"": ""gap_entropy"", ""null_model"": ""density_shuffle"", ""observed"": 3.799082872208, ""null_mean"": 5.521138594767, ""null_std"": 0.075402135983, ""z_score"": -22.838288333675, ""empirical_p"": 0.009900990099, ""null_samples"": 100}"
outputs\canonical_udhr_v0_3_nulls100\en_udhr_en_canonical.json,canonical_udhr_v0_3_nulls100,,,,unknown,unknown,unknown,,,,,,,,,grapheme,10638,,,vowel,Basic Latin-vowel positions plus common accented vowels.,3383,run_entropy,density_shuffle,1.698053272222,2.244397741792,0.024042756628,-22.723869730306,22.723869730306,0.009900990099,,"{""name"": ""run_entropy"", ""null_model"": ""density_shuffle"", ""observed"": 1.698053272222, ""null_mean"": 2.244397741792, ""null_std"": 0.024042756628, ""z_score"": -22.723869730306, ""empirical_p"": 0.009900990099, ""null_samples"": 100}"
outputs\canonical_udhr_v0_3_nulls100\is_udhr_is_canonical.json,canonical_udhr_v0_3_nulls100,,,,unknown,unknown,unknown,,,,,,,,,grapheme_class,9967,,,vowel,Positions classified as vowel in the grapheme-class stream.,2987,prime_gap_affinity,density_shuffle,0.678834561286,0.478784326859,0.00890087911,22.475334396569,22.475334396569,0.009900990099,,"{""name"": ""prime_gap_affinity"", ""null_model"": ""density_shuffle"", ""observed"": 0.678834561286, ""null_mean"": 0.478784326859, ""null_std"": 0.00890087911, ""z_score"": 22.475334396569, ""empirical_p"": 0.009900990099, ""null_samples"": 100}"
outputs\canonical_udhr_v0_3_nulls100\is_udhr_is_canonical.json,canonical_udhr_v0_3_nulls100,,,,unknown,unknown,unknown,,,,,,,,,grapheme,9967,,,vowel,Basic Latin-vowel positions plus common accented vowels.,2987,prime_gap_affinity,density_shuffle,0.678834561286,0.478683858004,0.008934797628,22.401257601753,22.401257601753,0.009900990099,,"{""name"": ""prime_gap_affinity"", ""null_model"": ""density_shuffle"", ""observed"": 0.678834561286, ""null_mean"": 0.478683858004, ""null_std"": 0.008934797628, ""z_score"": 22.401257601753, ""empirical_p"": 0.009900990099, ""null_samples"": 100}"
outputs\canonical_udhr_v0_3_nulls100\xh_udhr_xh_canonical.json,canonical_udhr_v0_3_nulls100,,,,unknown,unknown,unknown,,,,,,,,,grapheme_class,9942,,,digit,Positions classified as digit in the grapheme-class stream.,74,gap_entropy,density_shuffle,4.490123188543,5.941264166326,0.066880150213,-21.697633351057,21.697633351057,0.009900990099,,"{""name"": ""gap_entropy"", ""null_model"": ""density_shuffle"", ""observed"": 4.490123188543, ""null_mean"": 5.941264166326, ""null_std"": 0.066880150213, ""z_score"": -21.697633351057, ""empirical_p"": 0.009900990099, ""null_samples"": 100}"
outputs\canonical_udhr_v0_3_nulls100\en_udhr_en_canonical.json,canonical_udhr_v0_3_nulls100,,,,unknown,unknown,unknown,,,,,,,,,grapheme,10638,,,vowel,Basic Latin-vowel positions plus common accented vowels.,3383,prime_gap_affinity,density_shuffle,0.680662329982,0.477078651685,0.009733161546,20.916500496134,20.916500496134,0.009900990099,,"{""name"": ""prime_gap_affinity"", ""null_model"": ""density_shuffle"", ""observed"": 0.680662329982, ""null_mean"": 0.477078651685, ""null_std"": 0.009733161546, ""z_score"": 20.916500496134, ""empirical_p"": 0.009900990099, ""null_samples"": 100}"
outputs\canonical_udhr_v0_3_nulls100\ru_udhr_ru_canonical.json,canonical_udhr_v0_3_nulls100,,,,unknown,unknown,unknown,,,,,,,,,grapheme_class,5419,,,digit,Positions classified as digit in the grapheme-class stream.,26,gap_entropy,density_shuffle,3.31508495182,4.592354234774,0.06134265339,-20.821878617528,20.821878617528,0.009900990099,,"{""name"": ""gap_entropy"", ""null_model"": ""density_shuffle"", ""observed"": 3.31508495182, ""null_mean"": 4.592354234774, ""null_std"": 0.06134265339, ""z_score"": -20.821878617528, ""empirical_p"": 0.009900990099, ""null_samples"": 100}"
outputs\canonical_udhr_v0_3_nulls100\el_udhr_el_canonical.json,canonical_udhr_v0_3_nulls100,,,,unknown,unknown,unknown,,,,,,,,,grapheme_class,5470,,,digit,Positions classified as digit in the grapheme-class stream.,23,gap_entropy,density_shuffle,3.277613436819,4.421249800455,0.055093663843,-20.758037927845,20.758037927845,0.009900990099,,"{""name"": ""gap_entropy"", ""null_model"": ""density_shuffle"", ""observed"": 3.277613436819, ""null_mean"": 4.421249800455, ""null_std"": 0.055093663843, ""z_score"": -20.758037927845, ""empirical_p"": 0.009900990099, ""null_samples"": 100}"
outputs\canonical_udhr_v0_3_nulls100\ja_udhr_ja_canonical.json,canonical_udhr_v0_3_nulls100,,,,unknown,unknown,unknown,,,,,,,,,grapheme,4183,,,digit,ASCII digit positions.,50,gap_entropy,density_shuffle,3.038966320204,5.350872492047,0.112336509171,-20.58018527458,20.58018527458,0.009900990099,,"{""name"": ""gap_entropy"", ""null_model"": ""density_shuffle"", ""observed"": 3.038966320204, ""null_mean"": 5.350872492047, ""null_std"": 0.112336509171, ""z_score"": -20.58018527458, ""empirical_p"": 0.009900990099, ""null_samples"": 100}"
outputs\canonical_udhr_v0_3_nulls100\ja_udhr_ja_canonical.json,canonical_udhr_v0_3_nulls100,,,,unknown,unknown,unknown,,,,,,,,,grapheme_class,4183,,,other,Positions classified as other in the grapheme-class stream.,17,zeta_spectral_coherence,density_shuffle,0.000400772802,9.217512e-06,1.9057141e-05,20.546381144263,20.546381144263,0.009900990099,,"{""name"": ""zeta_spectral_coherence"", ""null_model"": ""density_shuffle"", ""observed"": 0.000400772802, ""null_mean"": 9.217512e-06, ""null_std"": 1.9057141e-05, ""z_score"": 20.546381144263, ""empirical_p"": 0.009900990099, ""null_samples"": 100}"
outputs\canonical_udhr_v0_3_nulls100\tr_udhr_tr_canonical.json,canonical_udhr_v0_3_nulls100,,,,unknown,unknown,unknown,,,,,,,,,grapheme_class,9213,,,digit,Positions classified as digit in the grapheme-class stream.,73,gap_entropy,density_shuffle,4.474394445406,5.90042082086,0.070393715827,-20.257864764072,20.257864764072,0.009900990099,,"{""name"": ""gap_entropy"", ""null_model"": ""density_shuffle"", ""observed"": 4.474394445406, ""null_mean"": 5.90042082086, ""null_std"": 0.070393715827, ""z_score"": -20.257864764072, ""empirical_p"": 0.009900990099, ""null_samples"": 100}"
outputs\canonical_udhr_v0_3_nulls100\xh_udhr_xh_canonical.json,canonical_udhr_v0_3_nulls100,,,,unknown,unknown,unknown,,,,,,,,,grapheme,9942,,,digit,ASCII digit positions.,74,gap_entropy,density_shuffle,4.490123188543,5.931683449265,0.073338316452,-19.656304241385,19.656304241385,0.009900990099,,"{""name"": ""gap_entropy"", ""null_model"": ""density_shuffle"", ""observed"": 4.490123188543, ""null_mean"": 5.931683449265, ""null_std"": 0.073338316452, ""z_score"": -19.656304241385, ""empirical_p"": 0.009900990099, ""null_samples"": 100}"
outputs\canonical_udhr_v0_3_nulls100\cy_udhr_cy_canonical.json,canonical_udhr_v0_3_nulls100,,,,unknown,unknown,unknown,,,,,,,,,grapheme_class,9967,,,digit,Positions classified as digit in the grapheme-class stream.,81,gap_entropy,density_shuffle,4.590124616968,6.026944255791,0.07585231101,-18.942331745688,18.942331745688,0.009900990099,,"{""name"": ""gap_entropy"", ""null_model"": ""density_shuffle"", ""observed"": 4.590124616968, ""null_mean"": 6.026944255791, ""null_std"": 0.07585231101, ""z_score"": -18.942331745688, ""empirical_p"": 0.009900990099, ""null_samples"": 100}"
outputs\canonical_udhr_v0_3_nulls100\es_udhr_es_canonical.json,canonical_udhr_v0_3_nulls100,,,,unknown,unknown,unknown,,,,,,,,,grapheme_class,11965,,,whitespace,Positions classified as whitespace in the grapheme-class stream.,1926,run_entropy,density_shuffle,2.462135547476,2.838989874266,0.020122878249,-18.727655265559,18.727655265559,0.009900990099,,"{""name"": ""run_entropy"", ""null_model"": ""density_shuffle"", ""observed"": 2.462135547476, ""null_mean"": 2.838989874266, ""null_std"": 0.020122878249, ""z_score"": -18.727655265559, ""empirical_p"": 0.009900990099, ""null_samples"": 100}"
outputs\canonical_udhr_v0_3_nulls100\is_udhr_is_canonical.json,canonical_udhr_v0_3_nulls100,,,,unknown,unknown,unknown,,,,,,,,,grapheme_class,9967,,,digit,Positions classified as digit in the grapheme-class stream.,80,gap_entropy,density_shuffle,4.563804648096,6.01171716745,0.077354193304,-18.717957715155,18.717957715155,0.009900990099,,"{""name"": ""gap_entropy"", ""null_model"": ""density_shuffle"", ""observed"": 4.563804648096, ""null_mean"": 6.01171716745, ""null_std"": 0.077354193304, ""z_score"": -18.717957715155, ""empirical_p"": 0.009900990099, ""null_samples"": 100}"
outputs\canonical_udhr_v0_3_nulls100\cy_udhr_cy_canonical.json,canonical_udhr_v0_3_nulls100,,,,unknown,unknown,unknown,,,,,,,,,grapheme,9967,,,whitespace,Whitespace positions.,1687,run_entropy,density_shuffle,2.422815979731,2.791652008718,0.020372862317,-18.104281236978,18.104281236978,0.009900990099,,"{""name"": ""run_entropy"", ""null_model"": ""density_shuffle"", ""observed"": 2.422815979731, ""null_mean"": 2.791652008718, ""null_std"": 0.020372862317, ""z_score"": -18.104281236978, ""empirical_p"": 0.009900990099, ""null_samples"": 100}"
outputs\canonical_udhr_v0_3_nulls100\de_udhr_de_canonical.json,canonical_udhr_v0_3_nulls100,,,,unknown,unknown,unknown,,,,,,,,,grapheme_class,11932,,,whitespace,Positions classified as whitespace in the grapheme-class stream.,1641,prime_gap_affinity,markov_1,0.324390243902,0.539254521376,0.011910501655,-18.039901567461,18.039901567461,0.009900990099,,"{""name"": ""prime_gap_affinity"", ""null_model"": ""markov_1"", ""observed"": 0.324390243902, ""null_mean"": 0.539254521376, ""null_std"": 0.011910501655, ""z_score"": -18.039901567461, ""empirical_p"": 0.009900990099, ""null_samples"": 100}"
outputs\canonical_udhr_v0_3_nulls100\cy_udhr_cy_canonical.json,canonical_udhr_v0_3_nulls100,,,,unknown,unknown,unknown,,,,,,,,,grapheme,9967,,,digit,ASCII digit positions.,81,gap_entropy,density_shuffle,4.590124616968,6.023387865168,0.07968638404,-17.986300488703,17.986300488703,0.009900990099,,"{""name"": ""gap_entropy"", ""null_model"": ""density_shuffle"", ""observed"": 4.590124616968, ""null_mean"": 6.023387865168, ""null_std"": 0.07968638404, ""z_score"": -17.986300488703, ""empirical_p"": 0.009900990099, ""null_samples"": 100}"
outputs\canonical_udhr_v0_3_nulls100\tr_udhr_tr_canonical.json,canonical_udhr_v0_3_nulls100,,,,unknown,unknown,unknown,,,,,,,,,grapheme,9213,,,digit,ASCII digit positions.,73,gap_entropy,density_shuffle,4.474394445406,5.913085313505,0.080298455937,-17.9167936831,17.9167936831,0.009900990099,,"{""name"": ""gap_entropy"", ""null_model"": ""density_shuffle"", ""observed"": 4.474394445406, ""null_mean"": 5.913085313505, ""null_std"": 0.080298455937, ""z_score"": -17.9167936831, ""empirical_p"": 0.009900990099, ""null_samples"": 100}"
outputs\canonical_udhr_v0_3_nulls100\is_udhr_is_canonical.json,canonical_udhr_v0_3_nulls100,,,,unknown,unknown,unknown,,,,,,,,,grapheme,9967,,,digit,ASCII digit positions.,80,gap_entropy,density_shuffle,4.563804648096,6.002169929728,0.080676268637,-17.828852349415,17.828852349415,0.009900990099,,"{""name"": ""gap_entropy"", ""null_model"": ""density_shuffle"", ""observed"": 4.563804648096, ""null_mean"": 6.002169929728, ""null_std"": 0.080676268637, ""z_score"": -17.828852349415, ""empirical_p"": 0.009900990099, ""null_samples"": 100}"
outputs\canonical_udhr_v0_3_nulls100\el_udhr_el_canonical.json,canonical_udhr_v0_3_nulls100,,,,unknown,unknown,unknown,,,,,,,,,grapheme,5470,,,digit,ASCII digit positions.,23,gap_entropy,density_shuffle,3.277613436819,4.414886164092,0.063950425328,-17.783661663667,17.783661663667,0.009900990099,,"{""name"": ""gap_entropy"", ""null_model"": ""density_shuffle"", ""observed"": 3.277613436819, ""null_mean"": 4.414886164092, ""null_std"": 0.063950425328, ""z_score"": -17.783661663667, ""empirical_p"": 0.009900990099, ""null_samples"": 100}"
outputs\canonical_udhr_v0_3_nulls100\es_udhr_es_canonical.json,canonical_udhr_v0_3_nulls100,,,,unknown,unknown,unknown,,,,,,,,,grapheme,11965,,,whitespace,Whitespace positions.,1926,run_entropy,density_shuffle,2.462135547476,2.837415009003,0.021184200729,-17.715063519283,17.715063519283,0.009900990099,,"{""name"": ""run_entropy"", ""null_model"": ""density_shuffle"", ""observed"": 2.462135547476, ""null_mean"": 2.837415009003, ""null_std"": 0.021184200729, ""z_score"": -17.715063519283, ""empirical_p"": 0.009900990099, ""null_samples"": 100}"
outputs\canonical_udhr_v0_3_nulls100\ru_udhr_ru_canonical.json,canonical_udhr_v0_3_nulls100,,,,unknown,unknown,unknown,,,,,,,,,grapheme,5419,,,digit,ASCII digit positions.,26,gap_entropy,density_shuffle,3.31508495182,4.582452279773,0.071649382004,-17.688461400621,17.688461400621,0.009900990099,,"{""name"": ""gap_entropy"", ""null_model"": ""density_shuffle"", ""observed"": 3.31508495182, ""null_mean"": 4.582452279773, ""null_std"": 0.071649382004, ""z_score"": -17.688461400621, ""empirical_p"": 0.009900990099, ""null_samples"": 100}"
outputs\canonical_udhr_v0_3_nulls100\zh_udhr_zh_canonical.json,canonical_udhr_v0_3_nulls100,,,,unknown,unknown,unknown,,,,,,,,,grapheme_class,2989,,,vowel,Positions classified as vowel in the grapheme-class stream.,4,zeta_spectral_coherence,density_shuffle,0.000132345705,2.894787e-06,7.42728e-06,17.429114929138,17.429114929138,0.009900990099,,"{""name"": ""zeta_spectral_coherence"", ""null_model"": ""density_shuffle"", ""observed"": 0.000132345705, ""null_mean"": 2.894787e-06, ""null_std"": 7.42728e-06, ""z_score"": 17.429114929138, ""empirical_p"": 0.009900990099, ""null_samples"": 100}"
outputs\canonical_udhr_v0_3_nulls100\de_udhr_de_canonical.json,canonical_udhr_v0_3_nulls100,,,,unknown,unknown,unknown,,,,,,,,,grapheme,11932,,,whitespace,Whitespace positions.,1641,prime_gap_affinity,markov_1,0.324390243902,0.54209511646,0.012595271859,-17.284650541782,17.284650541782,0.009900990099,,"{""name"": ""prime_gap_affinity"", ""null_model"": ""markov_1"", ""observed"": 0.324390243902, ""null_mean"": 0.54209511646, ""null_std"": 0.012595271859, ""z_score"": -17.284650541782, ""empirical_p"": 0.009900990099, ""null_samples"": 100}"
outputs\canonical_udhr_v0_3_nulls100\es_udhr_es_canonical.json,canonical_udhr_v0_3_nulls100,,,,unknown,unknown,unknown,,,,,,,,,word_boundary,11965,,,word_boundary,Positions marked as word boundaries after declared whitespace preprocessing.,1926,run_entropy,density_shuffle,2.462135547476,2.83630076961,0.021917282155,-17.071698009637,17.071698009637,0.009900990099,,"{""name"": ""run_entropy"", ""null_model"": ""density_shuffle"", ""observed"": 2.462135547476, ""null_mean"": 2.83630076961, ""null_std"": 0.021917282155, ""z_score"": -17.071698009637, ""empirical_p"": 0.009900990099, ""null_samples"": 100}"
outputs\canonical_udhr_v0_3_nulls100\zh_udhr_zh_canonical.json,canonical_udhr_v0_3_nulls100,,,,unknown,unknown,unknown,,,,,,,,,grapheme_class,2989,,,digit,Positions classified as digit in the grapheme-class stream.,11,zeta_spectral_coherence,density_shuffle,0.000376717558,1.013595e-05,2.1816264e-05,16.803133681465,16.803133681465,0.009900990099,,"{""name"": ""zeta_spectral_coherence"", ""null_model"": ""density_shuffle"", ""observed"": 0.000376717558, ""null_mean"": 1.013595e-05, ""null_std"": 2.1816264e-05, ""z_score"": 16.803133681465, ""empirical_p"": 0.009900990099, ""null_samples"": 100}"
outputs\canonical_udhr_v0_3_nulls100\xh_udhr_xh_canonical.json,canonical_udhr_v0_3_nulls100,,,,unknown,unknown,unknown,,,,,,,,,word_boundary,9942,,,word_boundary,Positions marked as word boundaries after declared whitespace preprocessing.,1068,gap_entropy,markov_1,3.699708459436,4.365252391495,0.039889804038,-16.684562587125,16.684562587125,0.009900990099,,"{""name"": ""gap_entropy"", ""null_model"": ""markov_1"", ""observed"": 3.699708459436, ""null_mean"": 4.365252391495, ""null_std"": 0.039889804038, ""z_score"": -16.684562587125, ""empirical_p"": 0.009900990099, ""null_samples"": 100}"
outputs\canonical_udhr_v0_3_nulls100\xh_udhr_xh_canonical.json,canonical_udhr_v0_3_nulls100,,,,unknown,unknown,unknown,,,,,,,,,grapheme_class,9942,,,whitespace,Positions classified as whitespace in the grapheme-class stream.,1068,gap_entropy,markov_1,3.699708459436,4.375800040708,0.040578149675,-16.661468960342,16.661468960342,0.009900990099,,"{""name"": ""gap_entropy"", ""null_model"": ""markov_1"", ""observed"": 3.699708459436, ""null_mean"": 4.375800040708, ""null_std"": 0.040578149675, ""z_score"": -16.661468960342, ""empirical_p"": 0.009900990099, ""null_samples"": 100}"
outputs\canonical_udhr_v0_3_nulls100\zh_udhr_zh_canonical.json,canonical_udhr_v0_3_nulls100,,,,unknown,unknown,unknown,,,,,,,,,grapheme,2989,,,digit,ASCII digit positions.,11,zeta_spectral_coherence,density_shuffle,0.000376717558,1.0970646e-05,2.2173602e-05,16.494699676325,16.494699676325,0.009900990099,,"{""name"": ""zeta_spectral_coherence"", ""null_model"": ""density_shuffle"", ""observed"": 0.000376717558, ""null_mean"": 1.0970646e-05, ""null_std"": 2.2173602e-05, ""z_score"": 16.494699676325, ""empirical_p"": 0.009900990099, ""null_samples"": 100}"
outputs\canonical_udhr_v0_3_nulls100\de_udhr_de_canonical.json,canonical_udhr_v0_3_nulls100,,,,unknown,unknown,unknown,,,,,,,,,word_boundary,11932,,,word_boundary,Positions marked as word boundaries after declared whitespace preprocessing.,1641,prime_gap_affinity,markov_1,0.324390243902,0.537900712926,0.012951884756,-16.484895676538,16.484895676538,0.009900990099,,"{""name"": ""prime_gap_affinity"", ""null_model"": ""markov_1"", ""observed"": 0.324390243902, ""null_mean"": 0.537900712926, ""null_std"": 0.012951884756, ""z_score"": -16.484895676538, ""empirical_p"": 0.009900990099, ""null_samples"": 100}"
outputs\canonical_udhr_v0_3_nulls100\cy_udhr_cy_canonical.json,canonical_udhr_v0_3_nulls100,,,,unknown,unknown,unknown,,,,,,,,,word_boundary,9967,,,word_boundary,Positions marked as word boundaries after declared whitespace preprocessing.,1687,run_entropy,density_shuffle,2.422815979731,2.794964892282,0.02277089598,-16.343182669363,16.343182669363,0.009900990099,,"{""name"": ""run_entropy"", ""null_model"": ""density_shuffle"", ""observed"": 2.422815979731, ""null_mean"": 2.794964892282, ""null_std"": 0.02277089598, ""z_score"": -16.343182669363, ""empirical_p"": 0.009900990099, ""null_samples"": 100}"
outputs\canonical_udhr_v0_3_nulls100\xh_udhr_xh_canonical.json,canonical_udhr_v0_3_nulls100,,,,unknown,unknown,unknown,,,,,,,,,grapheme,9942,,,whitespace,Whitespace positions.,1068,gap_entropy,markov_1,3.699708459436,4.369766201233,0.041063635309,-16.317545603571,16.317545603571,0.009900990099,,"{""name"": ""gap_entropy"", ""null_model"": ""markov_1"", ""observed"": 3.699708459436, ""null_mean"": 4.369766201233, ""null_std"": 0.041063635309, ""z_score"": -16.317545603571, ""empirical_p"": 0.009900990099, ""null_samples"": 100}"
outputs\canonical_udhr_v0_3_nulls100\xh_udhr_xh_canonical.json,canonical_udhr_v0_3_nulls100,,,,unknown,unknown,unknown,,,,,,,,,word_boundary,9942,,,word_boundary,Positions marked as word boundaries after declared whitespace preprocessing.,1068,run_entropy,density_shuffle,2.851508963169,3.174215680326,0.02022527461,-15.955616098577,15.955616098577,0.009900990099,,"{""name"": ""run_entropy"", ""null_model"": ""density_shuffle"", ""observed"": 2.851508963169, ""null_mean"": 3.174215680326, ""null_std"": 0.02022527461, ""z_score"": -15.955616098577, ""empirical_p"": 0.009900990099, ""null_samples"": 100}"
outputs\canonical_udhr_v0_3_nulls100\ar_udhr_ar_canonical.json,canonical_udhr_v0_3_nulls100,,,,unknown,unknown,unknown,,,,,,,,,grapheme,7656,,,consonant,Alphabetic non-vowel positions under the MVP classifier.,1729,gap_entropy,density_shuffle,3.349697382038,3.398781374272,0.003099025777,-15.83852338312,15.83852338312,0.009900990099,,"{""name"": ""gap_entropy"", ""null_model"": ""density_shuffle"", ""observed"": 3.349697382038, ""null_mean"": 3.398781374272, ""null_std"": 0.003099025777, ""z_score"": -15.83852338312, ""empirical_p"": 0.009900990099, ""null_samples"": 100}"
outputs\canonical_udhr_v0_3_nulls100\en_udhr_en_canonical.json,canonical_udhr_v0_3_nulls100,,,,unknown,unknown,unknown,,,,,,,,,grapheme_class,10638,,,whitespace,Positions classified as whitespace in the grapheme-class stream.,1746,prime_gap_affinity,markov_1,0.416045845272,0.58206473559,0.010919198499,-15.204311042974,15.204311042974,0.009900990099,,"{""name"": ""prime_gap_affinity"", ""null_model"": ""markov_1"", ""observed"": 0.416045845272, ""null_mean"": 0.58206473559, ""null_std"": 0.010919198499, ""z_score"": -15.204311042974, ""empirical_p"": 0.009900990099, ""null_samples"": 100}"
outputs\canonical_udhr_v0_3_nulls100\el_udhr_el_canonical.json,canonical_udhr_v0_3_nulls100,,,,unknown,unknown,unknown,,,,,,,,,grapheme_class,5470,,,digit,Positions classified as digit in the grapheme-class stream.,23,zeta_spectral_coherence,density_shuffle,7.2185678e-05,4.84034e-06,4.44237e-06,15.159777730165,15.159777730165,0.009900990099,,"{""name"": ""zeta_spectral_coherence"", ""null_model"": ""density_shuffle"", ""observed"": 7.2185678e-05, ""null_mean"": 4.84034e-06, ""null_std"": 4.44237e-06, ""z_score"": 15.159777730165, ""empirical_p"": 0.009900990099, ""null_samples"": 100}"
outputs\canonical_udhr_v0_3_nulls100\zh_udhr_zh_canonical.json,canonical_udhr_v0_3_nulls100,,,,unknown,unknown,unknown,,,,,,,,,grapheme_class,2989,,,vowel,Positions classified as vowel in the grapheme-class stream.,4,run_entropy,density_shuffle,1.921928094887,2.283442157791,0.024060452379,-15.025239642612,15.025239642612,0.009900990099,,"{""name"": ""run_entropy"", ""null_model"": ""density_shuffle"", ""observed"": 1.921928094887, ""null_mean"": 2.283442157791, ""null_std"": 0.024060452379, ""z_score"": -15.025239642612, ""empirical_p"": 0.009900990099, ""null_samples"": 100}"
outputs\canonical_udhr_v0_3_nulls100\ja_udhr_ja_canonical.json,canonical_udhr_v0_3_nulls100,,,,unknown,unknown,unknown,,,,,,,,,grapheme_class,4183,,,digit,Positions classified as digit in the grapheme-class stream.,50,zeta_spectral_coherence,density_shuffle,0.000358151011,2.1858026e-05,2.2686405e-05,14.823546960566,14.823546960566,0.009900990099,,"{""name"": ""zeta_spectral_coherence"", ""null_model"": ""density_shuffle"", ""observed"": 0.000358151011, ""null_mean"": 2.1858026e-05, ""null_std"": 2.2686405e-05, ""z_score"": 14.823546960566, ""empirical_p"": 0.009900990099, ""null_samples"": 100}"
outputs\canonical_udhr_v0_3_nulls100\cy_udhr_cy_canonical.json,canonical_udhr_v0_3_nulls100,,,,unknown,unknown,unknown,,,,,,,,,grapheme_class,9967,,,whitespace,Positions classified as whitespace in the grapheme-class stream.,1687,run_entropy,density_shuffle,2.422815979731,2.794605992307,0.025105606739,-14.809043112966,14.809043112966,0.009900990099,,"{""name"": ""run_entropy"", ""null_model"": ""density_shuffle"", ""observed"": 2.422815979731, ""null_mean"": 2.794605992307, ""null_std"": 0.025105606739, ""z_score"": -14.809043112966, ""empirical_p"": 0.009900990099, ""null_samples"": 100}"
outputs\canonical_udhr_v0_3_nulls100\de_udhr_de_canonical.json,canonical_udhr_v0_3_nulls100,,,,unknown,unknown,unknown,,,,,,,,,grapheme_class,11932,,,vowel,Positions classified as vowel in the grapheme-class stream.,3830,prime_gap_affinity,density_shuffle,0.604596500392,0.476479498564,0.008664983265,14.785602916408,14.785602916408,0.009900990099,,"{""name"": ""prime_gap_affinity"", ""null_model"": ""density_shuffle"", ""observed"": 0.604596500392, ""null_mean"": 0.476479498564, ""null_std"": 0.008664983265, ""z_score"": 14.785602916408, ""empirical_p"": 0.009900990099, ""null_samples"": 100}"
outputs\canonical_udhr_v0_3_nulls100\de_udhr_de_canonical.json,canonical_udhr_v0_3_nulls100,,,,unknown,unknown,unknown,,,,,,,,,grapheme,11932,,,vowel,Basic Latin-vowel positions plus common accented vowels.,3830,prime_gap_affinity,density_shuffle,0.604596500392,0.477093235832,0.008753423063,14.566103299745,14.566103299745,0.009900990099,,"{""name"": ""prime_gap_affinity"", ""null_model"": ""density_shuffle"", ""observed"": 0.604596500392, ""null_mean"": 0.477093235832, ""null_std"": 0.008753423063, ""z_score"": 14.566103299745, ""empirical_p"": 0.009900990099, ""null_samples"": 100}"
outputs\canonical_udhr_v0_3_nulls100\ar_udhr_ar_canonical.json,canonical_udhr_v0_3_nulls100,,,,unknown,unknown,unknown,,,,,,,,,word_boundary,7656,,,word_boundary,Positions marked as word boundaries after declared whitespace preprocessing.,1350,gap_entropy,markov_1,2.941187947255,3.479724014458,0.037191403209,-14.480122306117,14.480122306117,0.009900990099,,"{""name"": ""gap_entropy"", ""null_model"": ""markov_1"", ""observed"": 2.941187947255, ""null_mean"": 3.479724014458, ""null_std"": 0.037191403209, ""z_score"": -14.480122306117, ""empirical_p"": 0.009900990099, ""null_samples"": 100}"
outputs\canonical_udhr_v0_3_nulls100\mesu_udhr_mesu_canonical.json,canonical_udhr_v0_3_nulls100,,,,mesu,unknown,unknown,,,,,,,,,word_boundary,698,,,word_boundary,Positions marked as word boundaries after declared whitespace preprocessing.,145,gap_entropy,density_shuffle,2.889813988368,3.413183248794,0.03617147518,-14.469115727779,14.469115727779,0.009900990099,,"{""name"": ""gap_entropy"", ""null_model"": ""density_shuffle"", ""observed"": 2.889813988368, ""null_mean"": 3.413183248794, ""null_std"": 0.03617147518, ""z_score"": -14.469115727779, ""empirical_p"": 0.009900990099, ""null_samples"": 100}"
outputs\canonical_udhr_v0_3_nulls100\ar_udhr_ar_canonical.json,canonical_udhr_v0_3_nulls100,,,,unknown,unknown,unknown,,,,,,,,,grapheme,7656,,,whitespace,Whitespace positions.,1350,gap_entropy,markov_1,2.941187947255,3.480849308697,0.037614567301,-14.34713729727,14.34713729727,0.009900990099,,"{""name"": ""gap_entropy"", ""null_model"": ""markov_1"", ""observed"": 2.941187947255, ""null_mean"": 3.480849308697, ""null_std"": 0.037614567301, ""z_score"": -14.34713729727, ""empirical_p"": 0.009900990099, ""null_samples"": 100}"
outputs\canonical_udhr_v0_3_nulls100\sw_udhr_sw_canonical.json,canonical_udhr_v0_3_nulls100,,,,unknown,unknown,unknown,,,,,,,,,word_boundary,9909,,,word_boundary,Positions marked as word boundaries after declared whitespace preprocessing.,1696,gap_entropy,markov_1,3.114502212951,3.541526266266,0.029764956324,-14.346537205307,14.346537205307,0.009900990099,,"{""name"": ""gap_entropy"", ""null_model"": ""markov_1"", ""observed"": 3.114502212951, ""null_mean"": 3.541526266266, ""null_std"": 0.029764956324, ""z_score"": -14.346537205307, ""empirical_p"": 0.009900990099, ""null_samples"": 100}"
outputs\canonical_udhr_v0_3_nulls100\ar_udhr_ar_canonical.json,canonical_udhr_v0_3_nulls100,,,,unknown,unknown,unknown,,,,,,,,,grapheme,7656,,,vowel,Basic Latin-vowel positions plus common accented vowels.,4414,gap_entropy,density_shuffle,1.690138723336,1.702987147313,0.000896483931,-14.332018165544,14.332018165544,0.009900990099,,"{""name"": ""gap_entropy"", ""null_model"": ""density_shuffle"", ""observed"": 1.690138723336, ""null_mean"": 1.702987147313, ""null_std"": 0.000896483931, ""z_score"": -14.332018165544, ""empirical_p"": 0.009900990099, ""null_samples"": 100}"
outputs\canonical_udhr_v0_3_nulls100\mesu_udhr_mesu_canonical.json,canonical_udhr_v0_3_nulls100,,,,mesu,unknown,unknown,,,,,,,,,grapheme,698,,,whitespace,Whitespace positions.,145,gap_entropy,density_shuffle,2.889813988368,3.415553931205,0.036973184537,-14.219493111469,14.219493111469,0.009900990099,,"{""name"": ""gap_entropy"", ""null_model"": ""density_shuffle"", ""observed"": 2.889813988368, ""null_mean"": 3.415553931205, ""null_std"": 0.036973184537, ""z_score"": -14.219493111469, ""empirical_p"": 0.009900990099, ""null_samples"": 100}"
outputs\canonical_udhr_v0_3_nulls100\ar_udhr_ar_canonical.json,canonical_udhr_v0_3_nulls100,,,,unknown,unknown,unknown,,,,,,,,,grapheme,7656,,,vowel,Basic Latin-vowel positions plus common accented vowels.,4414,run_entropy,gap_order_shuffle,1.871665128583,1.887894300817,0.001163555396,-13.947915412749,13.947915412749,0.009900990099,,"{""name"": ""run_entropy"", ""null_model"": ""gap_order_shuffle"", ""observed"": 1.871665128583, ""null_mean"": 1.887894300817, ""null_std"": 0.001163555396, ""z_score"": -13.947915412749, ""empirical_p"": 0.009900990099, ""null_samples"": 100}"
outputs\canonical_udhr_v0_3_nulls100\tr_udhr_tr_canonical.json,canonical_udhr_v0_3_nulls100,,,,unknown,unknown,unknown,,,,,,,,,grapheme_class,9213,,,consonant,Positions classified as consonant in the grapheme-class stream.,4756,run_entropy,gap_order_shuffle,1.193903539763,1.203258252141,0.00067126281,-13.935990848845,13.935990848845,0.009900990099,,"{""name"": ""run_entropy"", ""null_model"": ""gap_order_shuffle"", ""observed"": 1.193903539763, ""null_mean"": 1.203258252141, ""null_std"": 0.00067126281, ""z_score"": -13.935990848845, ""empirical_p"": 0.009900990099, ""null_samples"": 100}"
outputs\canonical_udhr_v0_3_nulls100\he_udhr_he_canonical.json,canonical_udhr_v0_3_nulls100,,,,unknown,unknown,unknown,,,,,,,,,grapheme,5572,,,whitespace,Whitespace positions.,1004,gap_entropy,markov_1,2.874069889037,3.428976864778,0.040088113047,-13.842182471681,13.842182471681,0.009900990099,,"{""name"": ""gap_entropy"", ""null_model"": ""markov_1"", ""observed"": 2.874069889037, ""null_mean"": 3.428976864778, ""null_std"": 0.040088113047, ""z_score"": -13.842182471681, ""empirical_p"": 0.009900990099, ""null_samples"": 100}"
outputs\canonical_udhr_v0_3_nulls100\mesu_udhr_mesu_canonical.json,canonical_udhr_v0_3_nulls100,,,,mesu,unknown,unknown,,,,,,,,,grapheme,698,,,consonant,Alphabetic non-vowel positions under the MVP classifier.,243,prime_gap_affinity,density_shuffle,0.876033057851,0.475454545455,0.029347806826,13.649350862178,13.649350862178,0.009900990099,,"{""name"": ""prime_gap_affinity"", ""null_model"": ""density_shuffle"", ""observed"": 0.876033057851, ""null_mean"": 0.475454545455, ""null_std"": 0.029347806826, ""z_score"": 13.649350862178, ""empirical_p"": 0.009900990099, ""null_samples"": 100}"
outputs\canonical_udhr_v0_3_nulls100\en_udhr_en_canonical.json,canonical_udhr_v0_3_nulls100,,,,unknown,unknown,unknown,,,,,,,,,grapheme,10638,,,digit,ASCII digit positions.,51,run_entropy,gap_order_shuffle,3.918147322951,4.249469469996,0.024491181779,-13.528222118367,13.528222118367,0.009900990099,,"{""name"": ""run_entropy"", ""null_model"": ""gap_order_shuffle"", ""observed"": 3.918147322951, ""null_mean"": 4.249469469996, ""null_std"": 0.024491181779, ""z_score"": -13.528222118367, ""empirical_p"": 0.009900990099, ""null_samples"": 100}"
outputs\canonical_udhr_v0_3_nulls100\sw_udhr_sw_canonical.json,canonical_udhr_v0_3_nulls100,,,,unknown,unknown,unknown,,,,,,,,,grapheme,9909,,,digit,ASCII digit positions.,51,run_entropy,gap_order_shuffle,3.950934208197,4.282256355242,0.024491181779,-13.528222118367,13.528222118367,0.009900990099,,"{""name"": ""run_entropy"", ""null_model"": ""gap_order_shuffle"", ""observed"": 3.950934208197, ""null_mean"": 4.282256355242, ""null_std"": 0.024491181779, ""z_score"": -13.528222118367, ""empirical_p"": 0.009900990099, ""null_samples"": 100}"
outputs\canonical_udhr_v0_3_nulls100\xh_udhr_xh_canonical.json,canonical_udhr_v0_3_nulls100,,,,unknown,unknown,unknown,,,,,,,,,grapheme_class,9942,,,whitespace,Positions classified as whitespace in the grapheme-class stream.,1068,run_entropy,density_shuffle,2.851508963169,3.176211537602,0.024181289801,-13.427843473238,13.427843473238,0.009900990099,,"{""name"": ""run_entropy"", ""null_model"": ""density_shuffle"", ""observed"": 2.851508963169, ""null_mean"": 3.176211537602, ""null_std"": 0.024181289801, ""z_score"": -13.427843473238, ""empirical_p"": 0.009900990099, ""null_samples"": 100}"
outputs\canonical_udhr_v0_3_nulls100\fr_udhr_fr_canonical.json,canonical_udhr_v0_3_nulls100,,,,unknown,unknown,unknown,,,,,,,,,word_boundary,11902,,,word_boundary,Positions marked as word boundaries after declared whitespace preprocessing.,1948,run_entropy,density_shuffle,2.546697196471,2.819388166918,0.020403909303,-13.364643333576,13.364643333576,0.009900990099,,"{""name"": ""run_entropy"", ""null_model"": ""density_shuffle"", ""observed"": 2.546697196471, ""null_mean"": 2.819388166918, ""null_std"": 0.020403909303, ""z_score"": -13.364643333576, ""empirical_p"": 0.009900990099, ""null_samples"": 100}"
outputs\canonical_udhr_v0_3_nulls100\mesu_udhr_mesu_canonical.json,canonical_udhr_v0_3_nulls100,,,,mesu,unknown,unknown,,,,,,,,,grapheme_class,698,,,whitespace,Positions classified as whitespace in the grapheme-class stream.,145,gap_entropy,density_shuffle,2.889813988368,3.416487684622,0.039468219946,-13.344247523032,13.344247523032,0.009900990099,,"{""name"": ""gap_entropy"", ""null_model"": ""density_shuffle"", ""observed"": 2.889813988368, ""null_mean"": 3.416487684622, ""null_std"": 0.039468219946, ""z_score"": -13.344247523032, ""empirical_p"": 0.009900990099, ""null_samples"": 100}"
outputs\canonical_udhr_v0_3_nulls100\ja_udhr_ja_canonical.json,canonical_udhr_v0_3_nulls100,,,,unknown,unknown,unknown,,,,,,,,,grapheme_class,4183,,,digit,Positions classified as digit in the grapheme-class stream.,50,run_entropy,gap_order_shuffle,3.409772599435,4.048964170252,0.048328384531,-13.226007387215,13.226007387215,0.009900990099,,"{""name"": ""run_entropy"", ""null_model"": ""gap_order_shuffle"", ""observed"": 3.409772599435, ""null_mean"": 4.048964170252, ""null_std"": 0.048328384531, ""z_score"": -13.226007387215, ""empirical_p"": 0.009900990099, ""null_samples"": 100}"
outputs\canonical_udhr_v0_3_nulls100\mesu_udhr_mesu_canonical.json,canonical_udhr_v0_3_nulls100,,,,mesu,unknown,unknown,,,,,,,,,grapheme,698,,,consonant,Alphabetic non-vowel positions under the MVP classifier.,243,run_entropy,density_shuffle,1.244878233357,2.12843660004,0.067366351643,-13.115722391624,13.115722391624,0.009900990099,,"{""name"": ""run_entropy"", ""null_model"": ""density_shuffle"", ""observed"": 1.244878233357, ""null_mean"": 2.12843660004, ""null_std"": 0.067366351643, ""z_score"": -13.115722391624, ""empirical_p"": 0.009900990099, ""null_samples"": 100}"
outputs\canonical_udhr_v0_3_nulls100\fr_udhr_fr_canonical.json,canonical_udhr_v0_3_nulls100,,,,unknown,unknown,unknown,,,,,,,,,grapheme_class,11902,,,whitespace,Positions classified as whitespace in the grapheme-class stream.,1948,run_entropy,density_shuffle,2.546697196471,2.822317526073,0.021080165241,-13.074865706824,13.074865706824,0.009900990099,,"{""name"": ""run_entropy"", ""null_model"": ""density_shuffle"", ""observed"": 2.546697196471, ""null_mean"": 2.822317526073, ""null_std"": 0.021080165241, ""z_score"": -13.074865706824, ""empirical_p"": 0.009900990099, ""null_samples"": 100}"
outputs\canonical_udhr_v0_3_nulls100\ru_udhr_ru_canonical.json,canonical_udhr_v0_3_nulls100,,,,unknown,unknown,unknown,,,,,,,,,grapheme_class,5419,,,digit,Positions classified as digit in the grapheme-class stream.,26,zeta_spectral_coherence,density_shuffle,7.3689635e-05,5.71258e-06,5.199602e-06,13.073510404222,13.073510404222,0.009900990099,,"{""name"": ""zeta_spectral_coherence"", ""null_model"": ""density_shuffle"", ""observed"": 7.3689635e-05, ""null_mean"": 5.71258e-06, ""null_std"": 5.199602e-06, ""z_score"": 13.073510404222, ""empirical_p"": 0.009900990099, ""null_samples"": 100}"
outputs\canonical_udhr_v0_3_nulls100\ar_udhr_ar_canonical.json,canonical_udhr_v0_3_nulls100,,,,unknown,unknown,unknown,,,,,,,,,grapheme_class,7656,,,vowel,Positions classified as vowel in the grapheme-class stream.,4414,gap_entropy,density_shuffle,1.690138723336,1.703044543791,0.000989273794,-13.045751882713,13.045751882713,0.009900990099,,"{""name"": ""gap_entropy"", ""null_model"": ""density_shuffle"", ""observed"": 1.690138723336, ""null_mean"": 1.703044543791, ""null_std"": 0.000989273794, ""z_score"": -13.045751882713, ""empirical_p"": 0.009900990099, ""null_samples"": 100}"
outputs\canonical_udhr_v0_3_nulls100\en_udhr_en_canonical.json,canonical_udhr_v0_3_nulls100,,,,unknown,unknown,unknown,,,,,,,,,grapheme,10638,,,whitespace,Whitespace positions.,1746,prime_gap_affinity,markov_1,0.416045845272,0.584647906492,0.013026401566,-12.94310330911,12.94310330911,0.009900990099,,"{""name"": ""prime_gap_affinity"", ""null_model"": ""markov_1"", ""observed"": 0.416045845272, ""null_mean"": 0.584647906492, ""null_std"": 0.013026401566, ""z_score"": -12.94310330911, ""empirical_p"": 0.009900990099, ""null_samples"": 100}"
outputs\canonical_udhr_v0_3_nulls100\en_udhr_en_canonical.json,canonical_udhr_v0_3_nulls100,,,,unknown,unknown,unknown,,,,,,,,,word_boundary,10638,,,word_boundary,Positions marked as word boundaries after declared whitespace preprocessing.,1746,prime_gap_affinity,markov_1,0.416045845272,0.581216538967,0.012825172726,-12.878633077726,12.878633077726,0.009900990099,,"{""name"": ""prime_gap_affinity"", ""null_model"": ""markov_1"", ""observed"": 0.416045845272, ""null_mean"": 0.581216538967, ""null_std"": 0.012825172726, ""z_score"": -12.878633077726, ""empirical_p"": 0.009900990099, ""null_samples"": 100}"
outputs\canonical_udhr_v0_3_nulls100\de_udhr_de_canonical.json,canonical_udhr_v0_3_nulls100,,,,unknown,unknown,unknown,,,,,,,,,grapheme_class,11932,,,whitespace,Positions classified as whitespace in the grapheme-class stream.,1641,prime_gap_affinity,markov_2,0.324390243902,0.480342868495,0.012207576641,-12.775068236132,12.775068236132,0.009900990099,True,"{""name"": ""prime_gap_affinity"", ""null_model"": ""markov_2"", ""observed"": 0.324390243902, ""null_mean"": 0.480342868495, ""null_std"": 0.012207576641, ""z_score"": -12.775068236132, ""empirical_p"": 0.009900990099, ""null_samples"": 100}"
outputs\canonical_udhr_v0_3_nulls100\he_udhr_he_canonical.json,canonical_udhr_v0_3_nulls100,,,,unknown,unknown,unknown,,,,,,,,,grapheme_class,5572,,,punctuation,Positions classified as punctuation in the grapheme-class stream.,160,run_entropy,density_shuffle,3.222811570401,3.909435924745,0.053913395777,-12.735691092236,12.735691092236,0.009900990099,,"{""name"": ""run_entropy"", ""null_model"": ""density_shuffle"", ""observed"": 3.222811570401, ""null_mean"": 3.909435924745, ""null_std"": 0.053913395777, ""z_score"": -12.735691092236, ""empirical_p"": 0.009900990099, ""null_samples"": 100}"
outputs\canonical_udhr_v0_3_nulls100\de_udhr_de_canonical.json,canonical_udhr_v0_3_nulls100,,,,unknown,unknown,unknown,,,,,,,,,word_boundary,11932,,,word_boundary,Positions marked as word boundaries after declared whitespace preprocessing.,1641,prime_gap_affinity,markov_2,0.324390243902,0.476399637647,0.012050362523,-12.614507941893,12.614507941893,0.009900990099,True,"{""name"": ""prime_gap_affinity"", ""null_model"": ""markov_2"", ""observed"": 0.324390243902, ""null_mean"": 0.476399637647, ""null_std"": 0.012050362523, ""z_score"": -12.614507941893, ""empirical_p"": 0.009900990099, ""null_samples"": 100}"
outputs\canonical_udhr_v0_3_nulls100\tr_udhr_tr_canonical.json,canonical_udhr_v0_3_nulls100,,,,unknown,unknown,unknown,,,,,,,,,grapheme,9213,,,consonant,Alphabetic non-vowel positions under the MVP classifier.,4756,run_entropy,gap_order_shuffle,1.193903539763,1.203143733761,0.000734545502,-12.579471213972,12.579471213972,0.009900990099,,"{""name"": ""run_entropy"", ""null_model"": ""gap_order_shuffle"", ""observed"": 1.193903539763, ""null_mean"": 1.203143733761, ""null_std"": 0.000734545502, ""z_score"": -12.579471213972, ""empirical_p"": 0.009900990099, ""null_samples"": 100}"
outputs\canonical_udhr_v0_3_nulls100\sw_udhr_sw_canonical.json,canonical_udhr_v0_3_nulls100,,,,unknown,unknown,unknown,,,,,,,,,grapheme,9909,,,whitespace,Whitespace positions.,1696,gap_entropy,markov_1,3.114502212951,3.542831662427,0.034067965062,-12.572792319682,12.572792319682,0.009900990099,,"{""name"": ""gap_entropy"", ""null_model"": ""markov_1"", ""observed"": 3.114502212951, ""null_mean"": 3.542831662427, ""null_std"": 0.034067965062, ""z_score"": -12.572792319682, ""empirical_p"": 0.009900990099, ""null_samples"": 100}"
outputs\canonical_udhr_v0_3_nulls100\ar_udhr_ar_canonical.json,canonical_udhr_v0_3_nulls100,,,,unknown,unknown,unknown,,,,,,,,,grapheme_class,7656,,,consonant,Positions classified as consonant in the grapheme-class stream.,1729,gap_entropy,density_shuffle,3.349697382038,3.397847087911,0.003832693246,-12.562890577989,12.562890577989,0.009900990099,,"{""name"": ""gap_entropy"", ""null_model"": ""density_shuffle"", ""observed"": 3.349697382038, ""null_mean"": 3.397847087911, ""null_std"": 0.003832693246, ""z_score"": -12.562890577989, ""empirical_p"": 0.009900990099, ""null_samples"": 100}"
outputs\canonical_udhr_v0_3_nulls100\ar_udhr_ar_canonical.json,canonical_udhr_v0_3_nulls100,,,,unknown,unknown,unknown,,,,,,,,,grapheme,7656,,,whitespace,Whitespace positions.,1350,run_entropy,density_shuffle,2.439546041259,2.751005461372,0.025007167637,-12.454805943455,12.454805943455,0.009900990099,,"{""name"": ""run_entropy"", ""null_model"": ""density_shuffle"", ""observed"": 2.439546041259, ""null_mean"": 2.751005461372, ""null_std"": 0.025007167637, ""z_score"": -12.454805943455, ""empirical_p"": 0.009900990099, ""null_samples"": 100}"
outputs\canonical_udhr_v0_3_nulls100\he_udhr_he_canonical.json,canonical_udhr_v0_3_nulls100,,,,unknown,unknown,unknown,,,,,,,,,grapheme,5572,,,whitespace,Whitespace positions.,1004,run_entropy,density_shuffle,2.386781515828,2.732415112246,0.027854202993,-12.408669402691,12.408669402691,0.009900990099,,"{""name"": ""run_entropy"", ""null_model"": ""density_shuffle"", ""observed"": 2.386781515828, ""null_mean"": 2.732415112246, ""null_std"": 0.027854202993, ""z_score"": -12.408669402691, ""empirical_p"": 0.009900990099, ""null_samples"": 100}"
outputs\canonical_udhr_v0_3_nulls100\xh_udhr_xh_canonical.json,canonical_udhr_v0_3_nulls100,,,,unknown,unknown,unknown,,,,,,,,,grapheme,9942,,,whitespace,Whitespace positions.,1068,run_entropy,density_shuffle,2.851508963169,3.174455233214,0.026249875658,-12.302773325617,12.302773325617,0.009900990099,,"{""name"": ""run_entropy"", ""null_model"": ""density_shuffle"", ""observed"": 2.851508963169, ""null_mean"": 3.174455233214, ""null_std"": 0.026249875658, ""z_score"": -12.302773325617, ""empirical_p"": 0.009900990099, ""null_samples"": 100}"
outputs\canonical_udhr_v0_3_nulls100\zh_udhr_zh_canonical.json,canonical_udhr_v0_3_nulls100,,,,unknown,unknown,unknown,,,,,,,,,grapheme_class,2989,,,other,Positions classified as other in the grapheme-class stream.,8,zeta_spectral_coherence,density_shuffle,0.000428149532,9.256822e-06,3.426348e-05,12.225632447399,12.225632447399,0.009900990099,,"{""name"": ""zeta_spectral_coherence"", ""null_model"": ""density_shuffle"", ""observed"": 0.000428149532, ""null_mean"": 9.256822e-06, ""null_std"": 3.426348e-05, ""z_score"": 12.225632447399, ""empirical_p"": 0.009900990099, ""null_samples"": 100}"
outputs\canonical_udhr_v0_3_nulls100\ar_udhr_ar_canonical.json,canonical_udhr_v0_3_nulls100,,,,unknown,unknown,unknown,,,,,,,,,grapheme_class,7656,,,whitespace,Positions classified as whitespace in the grapheme-class stream.,1350,gap_entropy,markov_1,2.941187947255,3.483278474046,0.044714630666,-12.123336785109,12.123336785109,0.009900990099,,"{""name"": ""gap_entropy"", ""null_model"": ""markov_1"", ""observed"": 2.941187947255, ""null_mean"": 3.483278474046, ""null_std"": 0.044714630666, ""z_score"": -12.123336785109, ""empirical_p"": 0.009900990099, ""null_samples"": 100}"
outputs\canonical_udhr_v0_3_nulls100\ar_udhr_ar_canonical.json,canonical_udhr_v0_3_nulls100,,,,unknown,unknown,unknown,,,,,,,,,grapheme_class,7656,,,vowel,Positions classified as vowel in the grapheme-class stream.,4414,run_entropy,gap_order_shuffle,1.871665128583,1.888028352117,0.001354237674,-12.082977636875,12.082977636875,0.009900990099,,"{""name"": ""run_entropy"", ""null_model"": ""gap_order_shuffle"", ""observed"": 1.871665128583, ""null_mean"": 1.888028352117, ""null_std"": 0.001354237674, ""z_score"": -12.082977636875, ""empirical_p"": 0.009900990099, ""null_samples"": 100}"
outputs\canonical_udhr_v0_3_nulls100\la_udhr_la_canonical.json,canonical_udhr_v0_3_nulls100,,,,unknown,unknown,unknown,,,,,,,,,word_boundary,9937,,,word_boundary,Positions marked as word boundaries after declared whitespace preprocessing.,1342,gap_entropy,markov_1,3.529656578477,3.975256882541,0.03715108389,-11.994274659074,11.994274659074,0.009900990099,,"{""name"": ""gap_entropy"", ""null_model"": ""markov_1"", ""observed"": 3.529656578477, ""null_mean"": 3.975256882541, ""null_std"": 0.03715108389, ""z_score"": -11.994274659074, ""empirical_p"": 0.009900990099, ""null_samples"": 100}"
outputs\canonical_udhr_v0_3_nulls100\cy_udhr_cy_canonical.json,canonical_udhr_v0_3_nulls100,,,,unknown,unknown,unknown,,,,,,,,,grapheme,9967,,,consonant,Alphabetic non-vowel positions under the MVP classifier.,5292,run_entropy,density_shuffle,1.789025247497,2.007256588216,0.018243444378,-11.962178643212,11.962178643212,0.009900990099,,"{""name"": ""run_entropy"", ""null_model"": ""density_shuffle"", ""observed"": 1.789025247497, ""null_mean"": 2.007256588216, ""null_std"": 0.018243444378, ""z_score"": -11.962178643212, ""empirical_p"": 0.009900990099, ""null_samples"": 100}"
outputs\canonical_udhr_v0_3_nulls100\mesu_udhr_mesu_canonical.json,canonical_udhr_v0_3_nulls100,,,,mesu,unknown,unknown,,,,,,,,,grapheme_class,698,,,consonant,Positions classified as consonant in the grapheme-class stream.,243,prime_gap_affinity,density_shuffle,0.876033057851,0.472561983471,0.033757517757,11.952036203898,11.952036203898,0.009900990099,,"{""name"": ""prime_gap_affinity"", ""null_model"": ""density_shuffle"", ""observed"": 0.876033057851, ""null_mean"": 0.472561983471, ""null_std"": 0.033757517757, ""z_score"": 11.952036203898, ""empirical_p"": 0.009900990099, ""null_samples"": 100}"
outputs\canonical_udhr_v0_3_nulls100\he_udhr_he_canonical.json,canonical_udhr_v0_3_nulls100,,,,unknown,unknown,unknown,,,,,,,,,word_boundary,5572,,,word_boundary,Positions marked as word boundaries after declared whitespace preprocessing.,1004,gap_entropy,markov_1,2.874069889037,3.434734690447,0.046969612428,-11.93675596677,11.93675596677,0.009900990099,,"{""name"": ""gap_entropy"", ""null_model"": ""markov_1"", ""observed"": 2.874069889037, ""null_mean"": 3.434734690447, ""null_std"": 0.046969612428, ""z_score"": -11.93675596677, ""empirical_p"": 0.009900990099, ""null_samples"": 100}"
outputs\canonical_udhr_v0_3_nulls100\ru_udhr_ru_canonical.json,canonical_udhr_v0_3_nulls100,,,,unknown,unknown,unknown,,,,,,,,,grapheme,5419,,,whitespace,Whitespace positions.,743,run_entropy,density_shuffle,2.608794022701,2.959423453404,0.029431203381,-11.91352681568,11.91352681568,0.009900990099,,"{""name"": ""run_entropy"", ""null_model"": ""density_shuffle"", ""observed"": 2.608794022701, ""null_mean"": 2.959423453404, ""null_std"": 0.029431203381, ""z_score"": -11.91352681568, ""empirical_p"": 0.009900990099, ""null_samples"": 100}"
outputs\canonical_udhr_v0_3_nulls100\de_udhr_de_canonical.json,canonical_udhr_v0_3_nulls100,,,,unknown,unknown,unknown,,,,,,,,,grapheme,11932,,,digit,ASCII digit positions.,62,zeta_spectral_coherence,markov_2,8.4536418e-05,6.03789e-06,6.625284e-06,11.848326379514,11.848326379514,0.009900990099,True,"{""name"": ""zeta_spectral_coherence"", ""null_model"": ""markov_2"", ""observed"": 8.4536418e-05, ""null_mean"": 6.03789e-06, ""null_std"": 6.625284e-06, ""z_score"": 11.848326379514, ""empirical_p"": 0.009900990099, ""null_samples"": 100}"
outputs\canonical_udhr_v0_3_nulls100\ar_udhr_ar_canonical.json,canonical_udhr_v0_3_nulls100,,,,unknown,unknown,unknown,,,,,,,,,word_boundary,7656,,,word_boundary,Positions marked as word boundaries after declared whitespace preprocessing.,1350,run_entropy,density_shuffle,2.439546041259,2.753013528952,0.026528588812,-11.816214194816,11.816214194816,0.009900990099,,"{""name"": ""run_entropy"", ""null_model"": ""density_shuffle"", ""observed"": 2.439546041259, ""null_mean"": 2.753013528952, ""null_std"": 0.026528588812, ""z_score"": -11.816214194816, ""empirical_p"": 0.009900990099, ""null_samples"": 100}"
outputs\canonical_udhr_v0_3_nulls100\ru_udhr_ru_canonical.json,canonical_udhr_v0_3_nulls100,,,,unknown,unknown,unknown,,,,,,,,,grapheme_class,5419,,,whitespace,Positions classified as whitespace in the grapheme-class stream.,743,run_entropy,density_shuffle,2.608794022701,2.960016434469,0.029811906797,-11.781279680031,11.781279680031,0.009900990099,,"{""name"": ""run_entropy"", ""null_model"": ""density_shuffle"", ""observed"": 2.608794022701, ""null_mean"": 2.960016434469, ""null_std"": 0.029811906797, ""z_score"": -11.781279680031, ""empirical_p"": 0.009900990099, ""null_samples"": 100}"
outputs\canonical_udhr_v0_3_nulls100\ar_udhr_ar_canonical.json,canonical_udhr_v0_3_nulls100,,,,unknown,unknown,unknown,,,,,,,,,grapheme_class,7656,,,whitespace,Positions classified as whitespace in the grapheme-class stream.,1350,run_entropy,density_shuffle,2.439546041259,2.757556579646,0.026993050249,-11.781200547993,11.781200547993,0.009900990099,,"{""name"": ""run_entropy"", ""null_model"": ""density_shuffle"", ""observed"": 2.439546041259, ""null_mean"": 2.757556579646, ""null_std"": 0.026993050249, ""z_score"": -11.781200547993, ""empirical_p"": 0.009900990099, ""null_samples"": 100}"
outputs\canonical_udhr_v0_3_nulls100\is_udhr_is_canonical.json,canonical_udhr_v0_3_nulls100,,,,unknown,unknown,unknown,,,,,,,,,grapheme,9967,,,punctuation,Punctuation positions under the declared punctuation/hyphen policies.,291,gap_entropy,density_shuffle,5.647520835863,6.103699848194,0.038836743502,-11.746067543263,11.746067543263,0.009900990099,,"{""name"": ""gap_entropy"", ""null_model"": ""density_shuffle"", ""observed"": 5.647520835863, ""null_mean"": 6.103699848194, ""null_std"": 0.038836743502, ""z_score"": -11.746067543263, ""empirical_p"": 0.009900990099, ""null_samples"": 100}"
outputs\canonical_udhr_v0_3_nulls100\he_udhr_he_canonical.json,canonical_udhr_v0_3_nulls100,,,,unknown,unknown,unknown,,,,,,,,,word_boundary,5572,,,word_boundary,Positions marked as word boundaries after declared whitespace preprocessing.,1004,run_entropy,density_shuffle,2.386781515828,2.731356290505,0.029413798571,-11.714732248617,11.714732248617,0.009900990099,,"{""name"": ""run_entropy"", ""null_model"": ""density_shuffle"", ""observed"": 2.386781515828, ""null_mean"": 2.731356290505, ""null_std"": 0.029413798571, ""z_score"": -11.714732248617, ""empirical_p"": 0.009900990099, ""null_samples"": 100}"
outputs\canonical_udhr_v0_3_nulls100\sw_udhr_sw_canonical.json,canonical_udhr_v0_3_nulls100,,,,unknown,unknown,unknown,,,,,,,,,grapheme_class,9909,,,whitespace,Positions classified as whitespace in the grapheme-class stream.,1696,gap_entropy,markov_1,3.114502212951,3.54475500217,0.03677499039,-11.699603036227,11.699603036227,0.009900990099,,"{""name"": ""gap_entropy"", ""null_model"": ""markov_1"", ""observed"": 3.114502212951, ""null_mean"": 3.54475500217, ""null_std"": 0.03677499039, ""z_score"": -11.699603036227, ""empirical_p"": 0.009900990099, ""null_samples"": 100}"
outputs\canonical_udhr_v0_3_nulls100\fr_udhr_fr_canonical.json,canonical_udhr_v0_3_nulls100,,,,unknown,unknown,unknown,,,,,,,,,grapheme,11902,,,vowel,Basic Latin-vowel positions plus common accented vowels.,4330,run_entropy,gap_order_shuffle,1.566615374999,1.571750452051,0.00044267346,-11.60014665104,11.60014665104,0.009900990099,,"{""name"": ""run_entropy"", ""null_model"": ""gap_order_shuffle"", ""observed"": 1.566615374999, ""null_mean"": 1.571750452051, ""null_std"": 0.00044267346, ""z_score"": -11.60014665104, ""empirical_p"": 0.009900990099, ""null_samples"": 100}"
outputs\canonical_udhr_v0_3_nulls100\he_udhr_he_canonical.json,canonical_udhr_v0_3_nulls100,,,,unknown,unknown,unknown,,,,,,,,,grapheme,5572,,,punctuation,Punctuation positions under the declared punctuation/hyphen policies.,160,run_entropy,markov_1,3.222811570401,3.84146223567,0.053340622928,-11.598114744669,11.598114744669,0.009900990099,,"{""name"": ""run_entropy"", ""null_model"": ""markov_1"", ""observed"": 3.222811570401, ""null_mean"": 3.84146223567, ""null_std"": 0.053340622928, ""z_score"": -11.598114744669, ""empirical_p"": 0.009900990099, ""null_samples"": 100}"
outputs\canonical_udhr_v0_3_nulls100\ru_udhr_ru_canonical.json,canonical_udhr_v0_3_nulls100,,,,unknown,unknown,unknown,,,,,,,,,word_boundary,5419,,,word_boundary,Positions marked as word boundaries after declared whitespace preprocessing.,743,run_entropy,density_shuffle,2.608794022701,2.955927786736,0.030020323944,-11.56329174481,11.56329174481,0.009900990099,,"{""name"": ""run_entropy"", ""null_model"": ""density_shuffle"", ""observed"": 2.608794022701, ""null_mean"": 2.955927786736, ""null_std"": 0.030020323944, ""z_score"": -11.56329174481, ""empirical_p"": 0.009900990099, ""null_samples"": 100}"
outputs\canonical_udhr_v0_3_nulls100\la_udhr_la_canonical.json,canonical_udhr_v0_3_nulls100,,,,unknown,unknown,unknown,,,,,,,,,grapheme_class,9937,,,whitespace,Positions classified as whitespace in the grapheme-class stream.,1342,gap_entropy,markov_1,3.529656578477,3.982456786749,0.039171524181,-11.559422762692,11.559422762692,0.009900990099,,"{""name"": ""gap_entropy"", ""null_model"": ""markov_1"", ""observed"": 3.529656578477, ""null_mean"": 3.982456786749, ""null_std"": 0.039171524181, ""z_score"": -11.559422762692, ""empirical_p"": 0.009900990099, ""null_samples"": 100}"
outputs\canonical_udhr_v0_3_nulls100\ru_udhr_ru_canonical.json,canonical_udhr_v0_3_nulls100,,,,unknown,unknown,unknown,,,,,,,,,grapheme,5419,,,vowel,Basic Latin-vowel positions plus common accented vowels.,3,zeta_spectral_coherence,density_shuffle,2.1031467e-05,7.44678e-07,1.75902e-06,11.533006280382,11.533006280382,0.009900990099,,"{""name"": ""zeta_spectral_coherence"", ""null_model"": ""density_shuffle"", ""observed"": 2.1031467e-05, ""null_mean"": 7.44678e-07, ""null_std"": 1.75902e-06, ""z_score"": 11.533006280382, ""empirical_p"": 0.009900990099, ""null_samples"": 100}"
outputs\canonical_udhr_v0_3_nulls100\is_udhr_is_canonical.json,canonical_udhr_v0_3_nulls100,,,,unknown,unknown,unknown,,,,,,,,,grapheme_class,9967,,,punctuation,Positions classified as punctuation in the grapheme-class stream.,291,gap_entropy,density_shuffle,5.647520835863,6.102867554681,0.039523160337,-11.521009831661,11.521009831661,0.009900990099,,"{""name"": ""gap_entropy"", ""null_model"": ""density_shuffle"", ""observed"": 5.647520835863, ""null_mean"": 6.102867554681, ""null_std"": 0.039523160337, ""z_score"": -11.521009831661, ""empirical_p"": 0.009900990099, ""null_samples"": 100}"
outputs\canonical_udhr_v0_3_nulls100\he_udhr_he_canonical.json,canonical_udhr_v0_3_nulls100,,,,unknown,unknown,unknown,,,,,,,,,grapheme_class,5572,,,whitespace,Positions classified as whitespace in the grapheme-class stream.,1004,run_entropy,density_shuffle,2.386781515828,2.737790386418,0.030522846564,-11.499873376908,11.499873376908,0.009900990099,,"{""name"": ""run_entropy"", ""null_model"": ""density_shuffle"", ""observed"": 2.386781515828, ""null_mean"": 2.737790386418, ""null_std"": 0.030522846564, ""z_score"": -11.499873376908, ""empirical_p"": 0.009900990099, ""null_samples"": 100}"
outputs\canonical_udhr_v0_3_nulls100\cy_udhr_cy_canonical.json,canonical_udhr_v0_3_nulls100,,,,unknown,unknown,unknown,,,,,,,,,grapheme_class,9967,,,consonant,Positions classified as consonant in the grapheme-class stream.,5292,run_entropy,density_shuffle,1.789025247497,2.004635540405,0.018796374657,-11.470844609011,11.470844609011,0.009900990099,,"{""name"": ""run_entropy"", ""null_model"": ""density_shuffle"", ""observed"": 1.789025247497, ""null_mean"": 2.004635540405, ""null_std"": 0.018796374657, ""z_score"": -11.470844609011, ""empirical_p"": 0.009900990099, ""null_samples"": 100}"
outputs\canonical_udhr_v0_3_nulls100\ja_udhr_ja_canonical.json,canonical_udhr_v0_3_nulls100,,,,unknown,unknown,unknown,,,,,,,,,grapheme_class,4183,,,whitespace,Positions classified as whitespace in the grapheme-class stream.,91,gap_entropy,markov_1,4.770725506002,5.68510163723,0.079733941744,-11.467840561148,11.467840561148,0.009900990099,,"{""name"": ""gap_entropy"", ""null_model"": ""markov_1"", ""observed"": 4.770725506002, ""null_mean"": 5.68510163723, ""null_std"": 0.079733941744, ""z_score"": -11.467840561148, ""empirical_p"": 0.009900990099, ""null_samples"": 100}"
outputs\canonical_udhr_v0_3_nulls100\la_udhr_la_canonical.json,canonical_udhr_v0_3_nulls100,,,,unknown,unknown,unknown,,,,,,,,,grapheme,9937,,,whitespace,Whitespace positions.,1342,gap_entropy,markov_1,3.529656578477,3.977494903649,0.039162503585,-11.435385487939,11.435385487939,0.009900990099,,"{""name"": ""gap_entropy"", ""null_model"": ""markov_1"", ""observed"": 3.529656578477, ""null_mean"": 3.977494903649, ""null_std"": 0.039162503585, ""z_score"": -11.435385487939, ""empirical_p"": 0.009900990099, ""null_samples"": 100}"
outputs\canonical_udhr_v0_3_nulls100\he_udhr_he_canonical.json,canonical_udhr_v0_3_nulls100,,,,unknown,unknown,unknown,,,,,,,,,grapheme_class,5572,,,whitespace,Positions classified as whitespace in the grapheme-class stream.,1004,gap_entropy,markov_1,2.874069889037,3.435910157361,0.049304023846,-11.39542423722,11.39542423722,0.009900990099,,"{""name"": ""gap_entropy"", ""null_model"": ""markov_1"", ""observed"": 2.874069889037, ""null_mean"": 3.435910157361, ""null_std"": 0.049304023846, ""z_score"": -11.39542423722, ""empirical_p"": 0.009900990099, ""null_samples"": 100}"
outputs\canonical_udhr_v0_3_nulls100\mesu_udhr_mesu_canonical.json,canonical_udhr_v0_3_nulls100,,,,mesu,unknown,unknown,,,,,,,,,grapheme_class,698,,,consonant,Positions classified as consonant in the grapheme-class stream.,243,run_entropy,density_shuffle,1.244878233357,2.142335191867,0.078858343406,-11.380621501085,11.380621501085,0.009900990099,,"{""name"": ""run_entropy"", ""null_model"": ""density_shuffle"", ""observed"": 1.244878233357, ""null_mean"": 2.142335191867, ""null_std"": 0.078858343406, ""z_score"": -11.380621501085, ""empirical_p"": 0.009900990099, ""null_samples"": 100}"
outputs\canonical_udhr_v0_3_nulls100\tr_udhr_tr_canonical.json,canonical_udhr_v0_3_nulls100,,,,unknown,unknown,unknown,,,,,,,,,word_boundary,9213,,,word_boundary,Positions marked as word boundaries after declared whitespace preprocessing.,1241,gap_entropy,markov_1,3.540405948848,3.97778888146,0.038750934467,-11.287029296912,11.287029296912,0.009900990099,,"{""name"": ""gap_entropy"", ""null_model"": ""markov_1"", ""observed"": 3.540405948848, ""null_mean"": 3.97778888146, ""null_std"": 0.038750934467, ""z_score"": -11.287029296912, ""empirical_p"": 0.009900990099, ""null_samples"": 100}"
outputs\canonical_udhr_v0_3_nulls100\ja_udhr_ja_canonical.json,canonical_udhr_v0_3_nulls100,,,,unknown,unknown,unknown,,,,,,,,,word_boundary,4183,,,word_boundary,Positions marked as word boundaries after declared whitespace preprocessing.,91,gap_entropy,density_shuffle,4.770725506002,5.70144857367,0.082612848577,-11.26608129,11.26608129,0.009900990099,,"{""name"": ""gap_entropy"", ""null_model"": ""density_shuffle"", ""observed"": 4.770725506002, ""null_mean"": 5.70144857367, ""null_std"": 0.082612848577, ""z_score"": -11.26608129, ""empirical_p"": 0.009900990099, ""null_samples"": 100}"
outputs\canonical_udhr_v0_3_nulls100\tr_udhr_tr_canonical.json,canonical_udhr_v0_3_nulls100,,,,unknown,unknown,unknown,,,,,,,,,grapheme_class,9213,,,whitespace,Positions classified as whitespace in the grapheme-class stream.,1241,gap_entropy,markov_1,3.540405948848,3.983865178204,0.039387144838,-11.25898389385,11.25898389385,0.009900990099,,"{""name"": ""gap_entropy"", ""null_model"": ""markov_1"", ""observed"": 3.540405948848, ""null_mean"": 3.983865178204, ""null_std"": 0.039387144838, ""z_score"": -11.25898389385, ""empirical_p"": 0.009900990099, ""null_samples"": 100}"
outputs\canonical_udhr_v0_3_nulls100\ja_udhr_ja_canonical.json,canonical_udhr_v0_3_nulls100,,,,unknown,unknown,unknown,,,,,,,,,grapheme,4183,,,digit,ASCII digit positions.,50,run_entropy,gap_order_shuffle,3.409772599435,4.036559454357,0.055691354426,-11.254652744342,11.254652744342,0.009900990099,,"{""name"": ""run_entropy"", ""null_model"": ""gap_order_shuffle"", ""observed"": 3.409772599435, ""null_mean"": 4.036559454357, ""null_std"": 0.055691354426, ""z_score"": -11.254652744342, ""empirical_p"": 0.009900990099, ""null_samples"": 100}"
outputs\canonical_udhr_v0_3_nulls100\he_udhr_he_canonical.json,canonical_udhr_v0_3_nulls100,,,,unknown,unknown,unknown,,,,,,,,,grapheme_class,5572,,,other,Positions classified as other in the grapheme-class stream.,1,critical_line_symmetry,density_shuffle,0.999107130811,0.640681240645,0.031878081808,11.243646726423,11.243646726423,0.009900990099,,"{""name"": ""critical_line_symmetry"", ""null_model"": ""density_shuffle"", ""observed"": 0.999107130811, ""null_mean"": 0.640681240645, ""null_std"": 0.031878081808, ""z_score"": 11.243646726423, ""empirical_p"": 0.009900990099, ""null_samples"": 100}"
outputs\canonical_udhr_v0_3_nulls100\en_udhr_en_canonical.json,canonical_udhr_v0_3_nulls100,,,,unknown,unknown,unknown,,,,,,,,,grapheme_class,10638,,,other,Positions classified as other in the grapheme-class stream.,1,critical_line_symmetry,density_shuffle,0.999560386339,0.607754702699,0.0350794298,11.169100691705,11.169100691705,0.009900990099,,"{""name"": ""critical_line_symmetry"", ""null_model"": ""density_shuffle"", ""observed"": 0.999560386339, ""null_mean"": 0.607754702699, ""null_std"": 0.0350794298, ""z_score"": 11.169100691705, ""empirical_p"": 0.009900990099, ""null_samples"": 100}"
outputs\canonical_udhr_v0_3_nulls100\ja_udhr_ja_canonical.json,canonical_udhr_v0_3_nulls100,,,,unknown,unknown,unknown,,,,,,,,,grapheme,4183,,,whitespace,Whitespace positions.,91,gap_entropy,density_shuffle,4.770725506002,5.709857705615,0.08417478376,-11.15693034974,11.15693034974,0.009900990099,,"{""name"": ""gap_entropy"", ""null_model"": ""density_shuffle"", ""observed"": 4.770725506002, ""null_mean"": 5.709857705615, ""null_std"": 0.08417478376, ""z_score"": -11.15693034974, ""empirical_p"": 0.009900990099, ""null_samples"": 100}"
outputs\canonical_udhr_v0_3_nulls100\ja_udhr_ja_canonical.json,canonical_udhr_v0_3_nulls100,,,,unknown,unknown,unknown,,,,,,,,,grapheme_class,4183,,,whitespace,Positions classified as whitespace in the grapheme-class stream.,91,gap_entropy,density_shuffle,4.770725506002,5.719908537101,0.085187156616,-11.142325543027,11.142325543027,0.009900990099,,"{""name"": ""gap_entropy"", ""null_model"": ""density_shuffle"", ""observed"": 4.770725506002, ""null_mean"": 5.719908537101, ""null_std"": 0.085187156616, ""z_score"": -11.142325543027, ""empirical_p"": 0.009900990099, ""null_samples"": 100}"
outputs\canonical_udhr_v0_3_nulls100\en_udhr_en_canonical.json,canonical_udhr_v0_3_nulls100,,,,unknown,unknown,unknown,,,,,,,,,word_boundary,10638,,,word_boundary,Positions marked as word boundaries after declared whitespace preprocessing.,1746,run_entropy,density_shuffle,2.573497925415,2.820214834869,0.022172467813,-11.1271740941,11.1271740941,0.009900990099,,"{""name"": ""run_entropy"", ""null_model"": ""density_shuffle"", ""observed"": 2.573497925415, ""null_mean"": 2.820214834869, ""null_std"": 0.022172467813, ""z_score"": -11.1271740941, ""empirical_p"": 0.009900990099, ""null_samples"": 100}"
outputs\canonical_udhr_v0_3_nulls100\el_udhr_el_canonical.json,canonical_udhr_v0_3_nulls100,,,,unknown,unknown,unknown,,,,,,,,,frequency_class,828,,,high_frequency,Token positions in frequency class high_frequency.,384,gap_entropy,density_shuffle,2.006128508817,2.123690868823,0.010603847335,-11.086764670635,11.086764670635,0.009900990099,,"{""name"": ""gap_entropy"", ""null_model"": ""density_shuffle"", ""observed"": 2.006128508817, ""null_mean"": 2.123690868823, ""null_std"": 0.010603847335, ""z_score"": -11.086764670635, ""empirical_p"": 0.009900990099, ""null_samples"": 100}"
outputs\canonical_udhr_v0_3_nulls100\en_udhr_en_canonical.json,canonical_udhr_v0_3_nulls100,,,,unknown,unknown,unknown,,,,,,,,,word_boundary,10638,,,word_boundary,Positions marked as word boundaries after declared whitespace preprocessing.,1746,gap_entropy,markov_1,3.263981624553,3.622224298068,0.032369605518,-11.067254845554,11.067254845554,0.009900990099,,"{""name"": ""gap_entropy"", ""null_model"": ""markov_1"", ""observed"": 3.263981624553, ""null_mean"": 3.622224298068, ""null_std"": 0.032369605518, ""z_score"": -11.067254845554, ""empirical_p"": 0.009900990099, ""null_samples"": 100}"
outputs\canonical_udhr_v0_3_nulls100\cy_udhr_cy_canonical.json,canonical_udhr_v0_3_nulls100,,,,unknown,unknown,unknown,,,,,,,,,grapheme,9967,,,consonant,Alphabetic non-vowel positions under the MVP classifier.,5292,run_entropy,gap_order_shuffle,1.789025247497,1.798744053722,0.000878312103,-11.065321984181,11.065321984181,0.009900990099,,"{""name"": ""run_entropy"", ""null_model"": ""gap_order_shuffle"", ""observed"": 1.789025247497, ""null_mean"": 1.798744053722, ""null_std"": 0.000878312103, ""z_score"": -11.065321984181, ""empirical_p"": 0.009900990099, ""null_samples"": 100}"
outputs\canonical_udhr_v0_3_nulls100\ja_udhr_ja_canonical.json,canonical_udhr_v0_3_nulls100,,,,unknown,unknown,unknown,,,,,,,,,grapheme_class,4183,,,consonant,Positions classified as consonant in the grapheme-class stream.,3759,zeta_spectral_coherence,density_shuffle,0.001159095428,0.000191462508,8.7658886e-05,11.038617556638,11.038617556638,0.009900990099,,"{""name"": ""zeta_spectral_coherence"", ""null_model"": ""density_shuffle"", ""observed"": 0.001159095428, ""null_mean"": 0.000191462508, ""null_std"": 8.7658886e-05, ""z_score"": 11.038617556638, ""empirical_p"": 0.009900990099, ""null_samples"": 100}"
outputs\canonical_udhr_v0_3_nulls100\ja_udhr_ja_canonical.json,canonical_udhr_v0_3_nulls100,,,,unknown,unknown,unknown,,,,,,,,,grapheme,4183,,,consonant,Alphabetic non-vowel positions under the MVP classifier.,3759,zeta_spectral_coherence,density_shuffle,0.001159095428,0.000178357003,8.9057296e-05,11.012443314255,11.012443314255,0.009900990099,,"{""name"": ""zeta_spectral_coherence"", ""null_model"": ""density_shuffle"", ""observed"": 0.001159095428, ""null_mean"": 0.000178357003, ""null_std"": 8.9057296e-05, ""z_score"": 11.012443314255, ""empirical_p"": 0.009900990099, ""null_samples"": 100}"
outputs\canonical_udhr_v0_3_nulls100\es_udhr_es_canonical.json,canonical_udhr_v0_3_nulls100,,,,unknown,unknown,unknown,,,,,,,,,grapheme_class,11965,,,other,Positions classified as other in the grapheme-class stream.,1,critical_line_symmetry,density_shuffle,0.999638705318,0.60646807453,0.03577927479,10.988781441079,10.988781441079,0.009900990099,,"{""name"": ""critical_line_symmetry"", ""null_model"": ""density_shuffle"", ""observed"": 0.999638705318, ""null_mean"": 0.60646807453, ""null_std"": 0.03577927479, ""z_score"": 10.988781441079, ""empirical_p"": 0.009900990099, ""null_samples"": 100}"
outputs\canonical_udhr_v0_3_nulls100\mesu_udhr_mesu_canonical.json,canonical_udhr_v0_3_nulls100,,,,mesu,unknown,unknown,,,,,,,,,grapheme_class,698,,,vowel,Positions classified as vowel in the grapheme-class stream.,217,run_entropy,density_shuffle,1.468248016222,2.227136625097,0.069183147916,-10.969269709922,10.969269709922,0.009900990099,,"{""name"": ""run_entropy"", ""null_model"": ""density_shuffle"", ""observed"": 1.468248016222, ""null_mean"": 2.227136625097, ""null_std"": 0.069183147916, ""z_score"": -10.969269709922, ""empirical_p"": 0.009900990099, ""null_samples"": 100}"
outputs\canonical_udhr_v0_3_nulls100\tr_udhr_tr_canonical.json,canonical_udhr_v0_3_nulls100,,,,unknown,unknown,unknown,,,,,,,,,grapheme,9213,,,whitespace,Whitespace positions.,1241,gap_entropy,markov_1,3.540405948848,3.980849678957,0.040161645571,-10.966774987534,10.966774987534,0.009900990099,,"{""name"": ""gap_entropy"", ""null_model"": ""markov_1"", ""observed"": 3.540405948848, ""null_mean"": 3.980849678957, ""null_std"": 0.040161645571, ""z_score"": -10.966774987534, ""empirical_p"": 0.009900990099, ""null_samples"": 100}"
outputs\canonical_udhr_v0_3_nulls100\fr_udhr_fr_canonical.json,canonical_udhr_v0_3_nulls100,,,,unknown,unknown,unknown,,,,,,,,,grapheme_class,11902,,,vowel,Positions classified as vowel in the grapheme-class stream.,4330,run_entropy,gap_order_shuffle,1.566615374999,1.571770453471,0.000470960953,-10.945872336874,10.945872336874,0.009900990099,,"{""name"": ""run_entropy"", ""null_model"": ""gap_order_shuffle"", ""observed"": 1.566615374999, ""null_mean"": 1.571770453471, ""null_std"": 0.000470960953, ""z_score"": -10.945872336874, ""empirical_p"": 0.009900990099, ""null_samples"": 100}"
outputs\canonical_udhr_v0_3_nulls100\fr_udhr_fr_canonical.json,canonical_udhr_v0_3_nulls100,,,,unknown,unknown,unknown,,,,,,,,,grapheme,11902,,,whitespace,Whitespace positions.,1948,run_entropy,density_shuffle,2.546697196471,2.819006176636,0.02488579506,-10.942346005513,10.942346005513,0.009900990099,,"{""name"": ""run_entropy"", ""null_model"": ""density_shuffle"", ""observed"": 2.546697196471, ""null_mean"": 2.819006176636, ""null_std"": 0.02488579506, ""z_score"": -10.942346005513, ""empirical_p"": 0.009900990099, ""null_samples"": 100}"
outputs\canonical_udhr_v0_3_nulls100\de_udhr_de_canonical.json,canonical_udhr_v0_3_nulls100,,,,unknown,unknown,unknown,,,,,,,,,grapheme,11932,,,whitespace,Whitespace positions.,1641,run_entropy,density_shuffle,2.749784455725,2.967027172187,0.019891255547,-10.921518551025,10.921518551025,0.009900990099,,"{""name"": ""run_entropy"", ""null_model"": ""density_shuffle"", ""observed"": 2.749784455725, ""null_mean"": 2.967027172187, ""null_std"": 0.019891255547, ""z_score"": -10.921518551025, ""empirical_p"": 0.009900990099, ""null_samples"": 100}"
outputs\canonical_udhr_v0_3_nulls100\xh_udhr_xh_canonical.json,canonical_udhr_v0_3_nulls100,,,,unknown,unknown,unknown,,,,,,,,,grapheme_class,9942,,,whitespace,Positions classified as whitespace in the grapheme-class stream.,1068,gap_entropy,markov_2,3.699708459436,4.170594584555,0.043258080451,-10.885506712465,10.885506712465,0.009900990099,True,"{""name"": ""gap_entropy"", ""null_model"": ""markov_2"", ""observed"": 3.699708459436, ""null_mean"": 4.170594584555, ""null_std"": 0.043258080451, ""z_score"": -10.885506712465, ""empirical_p"": 0.009900990099, ""null_samples"": 100}"
outputs\canonical_udhr_v0_3_nulls100\ja_udhr_ja_canonical.json,canonical_udhr_v0_3_nulls100,,,,unknown,unknown,unknown,,,,,,,,,grapheme,4183,,,whitespace,Whitespace positions.,91,gap_entropy,markov_1,4.770725506002,5.680394791028,0.083627217494,-10.877670120905,10.877670120905,0.009900990099,,"{""name"": ""gap_entropy"", ""null_model"": ""markov_1"", ""observed"": 4.770725506002, ""null_mean"": 5.680394791028, ""null_std"": 0.083627217494, ""z_score"": -10.877670120905, ""empirical_p"": 0.009900990099, ""null_samples"": 100}"
outputs\canonical_udhr_v0_3_nulls100\ja_udhr_ja_canonical.json,canonical_udhr_v0_3_nulls100,,,,unknown,unknown,unknown,,,,,,,,,grapheme,4183,,,whitespace,Whitespace positions.,91,gap_entropy,markov_2,4.770725506002,5.676264392772,0.083385930557,-10.859612415711,10.859612415711,0.009900990099,True,"{""name"": ""gap_entropy"", ""null_model"": ""markov_2"", ""observed"": 4.770725506002, ""null_mean"": 5.676264392772, ""null_std"": 0.083385930557, ""z_score"": -10.859612415711, ""empirical_p"": 0.009900990099, ""null_samples"": 100}"
outputs\canonical_udhr_v0_3_nulls100\de_udhr_de_canonical.json,canonical_udhr_v0_3_nulls100,,,,unknown,unknown,unknown,,,,,,,,,word_boundary,11932,,,word_boundary,Positions marked as word boundaries after declared whitespace preprocessing.,1641,gap_entropy,markov_1,3.551874814698,3.945643611487,0.036345088306,-10.834168112868,10.834168112868,0.009900990099,,"{""name"": ""gap_entropy"", ""null_model"": ""markov_1"", ""observed"": 3.551874814698, ""null_mean"": 3.945643611487, ""null_std"": 0.036345088306, ""z_score"": -10.834168112868, ""empirical_p"": 0.009900990099, ""null_samples"": 100}"
outputs\canonical_udhr_v0_3_nulls100\de_udhr_de_canonical.json,canonical_udhr_v0_3_nulls100,,,,unknown,unknown,unknown,,,,,,,,,grapheme_class,11932,,,whitespace,Positions classified as whitespace in the grapheme-class stream.,1641,gap_entropy,markov_1,3.551874814698,3.951572962663,0.036931030583,-10.822826811505,10.822826811505,0.009900990099,,"{""name"": ""gap_entropy"", ""null_model"": ""markov_1"", ""observed"": 3.551874814698, ""null_mean"": 3.951572962663, ""null_std"": 0.036931030583, ""z_score"": -10.822826811505, ""empirical_p"": 0.009900990099, ""null_samples"": 100}"
outputs\canonical_udhr_v0_3_nulls100\mesu_udhr_mesu_canonical.json,canonical_udhr_v0_3_nulls100,,,,mesu,unknown,unknown,,,,,,,,,grapheme_class,698,,,punctuation,Positions classified as punctuation in the grapheme-class stream.,93,gap_entropy,density_shuffle,3.298906624531,3.967489062645,0.061796162498,-10.81915787468,10.81915787468,0.009900990099,,"{""name"": ""gap_entropy"", ""null_model"": ""density_shuffle"", ""observed"": 3.298906624531, ""null_mean"": 3.967489062645, ""null_std"": 0.061796162498, ""z_score"": -10.81915787468, ""empirical_p"": 0.009900990099, ""null_samples"": 100}"
outputs\canonical_udhr_v0_3_nulls100\xh_udhr_xh_canonical.json,canonical_udhr_v0_3_nulls100,,,,unknown,unknown,unknown,,,,,,,,,grapheme_class,9942,,,whitespace,Positions classified as whitespace in the grapheme-class stream.,1068,run_entropy,markov_2,2.851508963169,3.085867644497,0.021699783768,-10.800046850138,10.800046850138,0.009900990099,True,"{""name"": ""run_entropy"", ""null_model"": ""markov_2"", ""observed"": 2.851508963169, ""null_mean"": 3.085867644497, ""null_std"": 0.021699783768, ""z_score"": -10.800046850138, ""empirical_p"": 0.009900990099, ""null_samples"": 100}"
outputs\canonical_udhr_v0_3_nulls100\tr_udhr_tr_canonical.json,canonical_udhr_v0_3_nulls100,,,,unknown,unknown,unknown,,,,,,,,,grapheme,9213,,,whitespace,Whitespace positions.,1241,prime_gap_affinity,markov_1,0.388709677419,0.538529697838,0.013885480299,-10.789689459224,10.789689459224,0.009900990099,,"{""name"": ""prime_gap_affinity"", ""null_model"": ""markov_1"", ""observed"": 0.388709677419, ""null_mean"": 0.538529697838, ""null_std"": 0.013885480299, ""z_score"": -10.789689459224, ""empirical_p"": 0.009900990099, ""null_samples"": 100}"
outputs\canonical_udhr_v0_3_nulls100\de_udhr_de_canonical.json,canonical_udhr_v0_3_nulls100,,,,unknown,unknown,unknown,,,,,,,,,grapheme_class,11932,,,whitespace,Positions classified as whitespace in the grapheme-class stream.,1641,run_entropy,density_shuffle,2.749784455725,2.970026192654,0.020420464975,-10.785343879041,10.785343879041,0.009900990099,,"{""name"": ""run_entropy"", ""null_model"": ""density_shuffle"", ""observed"": 2.749784455725, ""null_mean"": 2.970026192654, ""null_std"": 0.020420464975, ""z_score"": -10.785343879041, ""empirical_p"": 0.009900990099, ""null_samples"": 100}"
outputs\canonical_udhr_v0_3_nulls100\el_udhr_el_canonical.json,canonical_udhr_v0_3_nulls100,,,,unknown,unknown,unknown,,,,,,,,,grapheme_class,5470,,,other,Positions classified as other in the grapheme-class stream.,1,critical_line_symmetry,density_shuffle,0.999078338059,0.636367137075,0.033902615301,10.698620084639,10.698620084639,0.009900990099,,"{""name"": ""critical_line_symmetry"", ""null_model"": ""density_shuffle"", ""observed"": 0.999078338059, ""null_mean"": 0.636367137075, ""null_std"": 0.033902615301, ""z_score"": 10.698620084639, ""empirical_p"": 0.009900990099, ""null_samples"": 100}"
outputs\canonical_udhr_v0_3_nulls100\de_udhr_de_canonical.json,canonical_udhr_v0_3_nulls100,,,,unknown,unknown,unknown,,,,,,,,,grapheme,11932,,,whitespace,Whitespace positions.,1641,gap_entropy,markov_1,3.551874814698,3.947966100341,0.037083335909,-10.681112578822,10.681112578822,0.009900990099,,"{""name"": ""gap_entropy"", ""null_model"": ""markov_1"", ""observed"": 3.551874814698, ""null_mean"": 3.947966100341, ""null_std"": 0.037083335909, ""z_score"": -10.681112578822, ""empirical_p"": 0.009900990099, ""null_samples"": 100}"
outputs\canonical_udhr_v0_3_nulls100\is_udhr_is_canonical.json,canonical_udhr_v0_3_nulls100,,,,unknown,unknown,unknown,,,,,,,,,grapheme,9967,,,whitespace,Whitespace positions.,1591,run_entropy,density_shuffle,2.609034630565,2.841496503295,0.021795914148,-10.665387611441,10.665387611441,0.009900990099,,"{""name"": ""run_entropy"", ""null_model"": ""density_shuffle"", ""observed"": 2.609034630565, ""null_mean"": 2.841496503295, ""null_std"": 0.021795914148, ""z_score"": -10.665387611441, ""empirical_p"": 0.009900990099, ""null_samples"": 100}"
outputs\canonical_udhr_v0_3_nulls100\ja_udhr_ja_canonical.json,canonical_udhr_v0_3_nulls100,,,,unknown,unknown,unknown,,,,,,,,,word_boundary,4183,,,word_boundary,Positions marked as word boundaries after declared whitespace preprocessing.,91,gap_entropy,markov_1,4.770725506002,5.696747322748,0.086967118012,-10.647953363435,10.647953363435,0.009900990099,,"{""name"": ""gap_entropy"", ""null_model"": ""markov_1"", ""observed"": 4.770725506002, ""null_mean"": 5.696747322748, ""null_std"": 0.086967118012, ""z_score"": -10.647953363435, ""empirical_p"": 0.009900990099, ""null_samples"": 100}"
outputs\canonical_udhr_v0_3_nulls100\en_udhr_en_canonical.json,canonical_udhr_v0_3_nulls100,,,,unknown,unknown,unknown,,,,,,,,,grapheme,10638,,,whitespace,Whitespace positions.,1746,run_entropy,density_shuffle,2.573497925415,2.817792083224,0.023065844905,-10.591164503954,10.591164503954,0.009900990099,,"{""name"": ""run_entropy"", ""null_model"": ""density_shuffle"", ""observed"": 2.573497925415, ""null_mean"": 2.817792083224, ""null_std"": 0.023065844905, ""z_score"": -10.591164503954, ""empirical_p"": 0.009900990099, ""null_samples"": 100}"
outputs\canonical_udhr_v0_3_nulls100\tr_udhr_tr_canonical.json,canonical_udhr_v0_3_nulls100,,,,unknown,unknown,unknown,,,,,,,,,grapheme_class,9213,,,whitespace,Positions classified as whitespace in the grapheme-class stream.,1241,prime_gap_affinity,markov_1,0.388709677419,0.534982614006,0.013828292082,-10.577802068118,10.577802068118,0.009900990099,,"{""name"": ""prime_gap_affinity"", ""null_model"": ""markov_1"", ""observed"": 0.388709677419, ""null_mean"": 0.534982614006, ""null_std"": 0.013828292082, ""z_score"": -10.577802068118, ""empirical_p"": 0.009900990099, ""null_samples"": 100}"
outputs\canonical_udhr_v0_3_nulls100\en_udhr_en_canonical.json,canonical_udhr_v0_3_nulls100,,,,unknown,unknown,unknown,,,,,,,,,grapheme_class,10638,,,digit,Positions classified as digit in the grapheme-class stream.,51,run_entropy,gap_order_shuffle,3.918147322951,4.242496197285,0.030936831426,-10.484230587911,10.484230587911,0.009900990099,,"{""name"": ""run_entropy"", ""null_model"": ""gap_order_shuffle"", ""observed"": 3.918147322951, ""null_mean"": 4.242496197285, ""null_std"": 0.030936831426, ""z_score"": -10.484230587911, ""empirical_p"": 0.009900990099, ""null_samples"": 100}"
outputs\canonical_udhr_v0_3_nulls100\sw_udhr_sw_canonical.json,canonical_udhr_v0_3_nulls100,,,,unknown,unknown,unknown,,,,,,,,,grapheme_class,9909,,,digit,Positions classified as digit in the grapheme-class stream.,51,run_entropy,gap_order_shuffle,3.950934208197,4.275283082531,0.030936831426,-10.484230587911,10.484230587911,0.009900990099,,"{""name"": ""run_entropy"", ""null_model"": ""gap_order_shuffle"", ""observed"": 3.950934208197, ""null_mean"": 4.275283082531, ""null_std"": 0.030936831426, ""z_score"": -10.484230587911, ""empirical_p"": 0.009900990099, ""null_samples"": 100}"
outputs\canonical_udhr_v0_3_nulls100\xh_udhr_xh_canonical.json,canonical_udhr_v0_3_nulls100,,,,unknown,unknown,unknown,,,,,,,,,word_boundary,9942,,,word_boundary,Positions marked as word boundaries after declared whitespace preprocessing.,1068,gap_entropy,markov_2,3.699708459436,4.170564620586,0.045407295231,-10.36961481091,10.36961481091,0.009900990099,True,"{""name"": ""gap_entropy"", ""null_model"": ""markov_2"", ""observed"": 3.699708459436, ""null_mean"": 4.170564620586, ""null_std"": 0.045407295231, ""z_score"": -10.36961481091, ""empirical_p"": 0.009900990099, ""null_samples"": 100}"
outputs\canonical_udhr_v0_3_nulls100\he_udhr_he_canonical.json,canonical_udhr_v0_3_nulls100,,,,unknown,unknown,unknown,,,,,,,,,grapheme,5572,,,punctuation,Punctuation positions under the declared punctuation/hyphen policies.,160,run_entropy,density_shuffle,3.222811570401,3.908882484721,0.066394258118,-10.333286849842,10.333286849842,0.009900990099,,"{""name"": ""run_entropy"", ""null_model"": ""density_shuffle"", ""observed"": 3.222811570401, ""null_mean"": 3.908882484721, ""null_std"": 0.066394258118, ""z_score"": -10.333286849842, ""empirical_p"": 0.009900990099, ""null_samples"": 100}"
outputs\canonical_udhr_v0_3_nulls100\tr_udhr_tr_canonical.json,canonical_udhr_v0_3_nulls100,,,,unknown,unknown,unknown,,,,,,,,,grapheme_class,9213,,,whitespace,Positions classified as whitespace in the grapheme-class stream.,1241,run_entropy,density_shuffle,2.739702575397,2.983370312311,0.023638965663,-10.307884887721,10.307884887721,0.009900990099,,"{""name"": ""run_entropy"", ""null_model"": ""density_shuffle"", ""observed"": 2.739702575397, ""null_mean"": 2.983370312311, ""null_std"": 0.023638965663, ""z_score"": -10.307884887721, ""empirical_p"": 0.009900990099, ""null_samples"": 100}"
outputs\canonical_udhr_v0_3_nulls100\ja_udhr_ja_canonical.json,canonical_udhr_v0_3_nulls100,,,,unknown,unknown,unknown,,,,,,,,,grapheme,4183,,,whitespace,Whitespace positions.,91,run_entropy,markov_2,3.433127185893,3.861212638906,0.041581038259,-10.295208367559,10.295208367559,0.009900990099,True,"{""name"": ""run_entropy"", ""null_model"": ""markov_2"", ""observed"": 3.433127185893, ""null_mean"": 3.861212638906, ""null_std"": 0.041581038259, ""z_score"": -10.295208367559, ""empirical_p"": 0.009900990099, ""null_samples"": 100}"
outputs\canonical_udhr_v0_3_nulls100\xh_udhr_xh_canonical.json,canonical_udhr_v0_3_nulls100,,,,unknown,unknown,unknown,,,,,,,,,word_boundary,9942,,,word_boundary,Positions marked as word boundaries after declared whitespace preprocessing.,1068,run_entropy,markov_2,2.851508963169,3.085716747808,0.02276825089,-10.286595389955,10.286595389955,0.009900990099,True,"{""name"": ""run_entropy"", ""null_model"": ""markov_2"", ""observed"": 2.851508963169, ""null_mean"": 3.085716747808, ""null_std"": 0.02276825089, ""z_score"": -10.286595389955, ""empirical_p"": 0.009900990099, ""null_samples"": 100}"
outputs\canonical_udhr_v0_3_nulls100\mesu_udhr_mesu_canonical.json,canonical_udhr_v0_3_nulls100,,,,mesu,unknown,unknown,,,,,,,,,grapheme,698,,,punctuation,Punctuation positions under the declared punctuation/hyphen policies.,93,gap_entropy,density_shuffle,3.298906624531,3.963469722013,0.064634876326,-10.281803497769,10.281803497769,0.009900990099,,"{""name"": ""gap_entropy"", ""null_model"": ""density_shuffle"", ""observed"": 3.298906624531, ""null_mean"": 3.963469722013, ""null_std"": 0.064634876326, ""z_score"": -10.281803497769, ""empirical_p"": 0.009900990099, ""null_samples"": 100}"
outputs\canonical_udhr_v0_3_nulls100\xh_udhr_xh_canonical.json,canonical_udhr_v0_3_nulls100,,,,unknown,unknown,unknown,,,,,,,,,grapheme,9942,,,whitespace,Whitespace positions.,1068,gap_entropy,markov_2,3.699708459436,4.175500765047,0.046317047885,-10.27250930999,10.27250930999,0.009900990099,True,"{""name"": ""gap_entropy"", ""null_model"": ""markov_2"", ""observed"": 3.699708459436, ""null_mean"": 4.175500765047, ""null_std"": 0.046317047885, ""z_score"": -10.27250930999, ""empirical_p"": 0.009900990099, ""null_samples"": 100}"
outputs\canonical_udhr_v0_3_nulls100\la_udhr_la_canonical.json,canonical_udhr_v0_3_nulls100,,,,unknown,unknown,unknown,,,,,,,,,grapheme,9937,,,whitespace,Whitespace positions.,1342,run_entropy,density_shuffle,2.744377629722,2.981186780767,0.023072981883,-10.263482728377,10.263482728377,0.009900990099,,"{""name"": ""run_entropy"", ""null_model"": ""density_shuffle"", ""observed"": 2.744377629722, ""null_mean"": 2.981186780767, ""null_std"": 0.023072981883, ""z_score"": -10.263482728377, ""empirical_p"": 0.009900990099, ""null_samples"": 100}"
outputs\canonical_udhr_v0_3_nulls100\xh_udhr_xh_canonical.json,canonical_udhr_v0_3_nulls100,,,,unknown,unknown,unknown,,,,,,,,,grapheme,9942,,,whitespace,Whitespace positions.,1068,run_entropy,markov_2,2.851508963169,3.088114703562,0.023170550906,-10.211485318071,10.211485318071,0.009900990099,True,"{""name"": ""run_entropy"", ""null_model"": ""markov_2"", ""observed"": 2.851508963169, ""null_mean"": 3.088114703562, ""null_std"": 0.023170550906, ""z_score"": -10.211485318071, ""empirical_p"": 0.009900990099, ""null_samples"": 100}"
outputs\canonical_udhr_v0_3_nulls100\ja_udhr_ja_canonical.json,canonical_udhr_v0_3_nulls100,,,,unknown,unknown,unknown,,,,,,,,,word_boundary,4183,,,word_boundary,Positions marked as word boundaries after declared whitespace preprocessing.,91,gap_entropy,markov_2,4.770725506002,5.681572311325,0.089694172096,-10.155027735209,10.155027735209,0.009900990099,True,"{""name"": ""gap_entropy"", ""null_model"": ""markov_2"", ""observed"": 4.770725506002, ""null_mean"": 5.681572311325, ""null_std"": 0.089694172096, ""z_score"": -10.155027735209, ""empirical_p"": 0.009900990099, ""null_samples"": 100}"
outputs\canonical_udhr_v0_3_nulls100\is_udhr_is_canonical.json,canonical_udhr_v0_3_nulls100,,,,unknown,unknown,unknown,,,,,,,,,grapheme_class,9967,,,whitespace,Positions classified as whitespace in the grapheme-class stream.,1591,run_entropy,density_shuffle,2.609034630565,2.843012596683,0.023044108305,-10.153483182082,10.153483182082,0.009900990099,,"{""name"": ""run_entropy"", ""null_model"": ""density_shuffle"", ""observed"": 2.609034630565, ""null_mean"": 2.843012596683, ""null_std"": 0.023044108305, ""z_score"": -10.153483182082, ""empirical_p"": 0.009900990099, ""null_samples"": 100}"
outputs\canonical_udhr_v0_3_nulls100\tr_udhr_tr_canonical.json,canonical_udhr_v0_3_nulls100,,,,unknown,unknown,unknown,,,,,,,,,grapheme,9213,,,whitespace,Whitespace positions.,1241,run_entropy,density_shuffle,2.739702575397,2.982365880504,0.023934676668,-10.138566251691,10.138566251691,0.009900990099,,"{""name"": ""run_entropy"", ""null_model"": ""density_shuffle"", ""observed"": 2.739702575397, ""null_mean"": 2.982365880504, ""null_std"": 0.023934676668, ""z_score"": -10.138566251691, ""empirical_p"": 0.009900990099, ""null_samples"": 100}"
outputs\canonical_udhr_v0_3_nulls100\en_udhr_en_canonical.json,canonical_udhr_v0_3_nulls100,,,,unknown,unknown,unknown,,,,,,,,,grapheme,10638,,,whitespace,Whitespace positions.,1746,gap_entropy,markov_1,3.263981624553,3.624631118701,0.03562867233,-10.122451120432,10.122451120432,0.009900990099,,"{""name"": ""gap_entropy"", ""null_model"": ""markov_1"", ""observed"": 3.263981624553, ""null_mean"": 3.624631118701, ""null_std"": 0.03562867233, ""z_score"": -10.122451120432, ""empirical_p"": 0.009900990099, ""null_samples"": 100}"
outputs\canonical_udhr_v0_3_nulls100\mesu_udhr_mesu_canonical.json,canonical_udhr_v0_3_nulls100,,,,mesu,unknown,unknown,,,,,,,,,grapheme,698,,,vowel,Basic Latin-vowel positions plus common accented vowels.,217,run_entropy,density_shuffle,1.468248016222,2.223931537075,0.075587975995,-9.997403831851,9.997403831851,0.009900990099,,"{""name"": ""run_entropy"", ""null_model"": ""density_shuffle"", ""observed"": 1.468248016222, ""null_mean"": 2.223931537075, ""null_std"": 0.075587975995, ""z_score"": -9.997403831851, ""empirical_p"": 0.009900990099, ""null_samples"": 100}"
outputs\canonical_udhr_v0_3_nulls100\de_udhr_de_canonical.json,canonical_udhr_v0_3_nulls100,,,,unknown,unknown,unknown,,,,,,,,,grapheme_class,11932,,,other,Positions classified as other in the grapheme-class stream.,1,critical_line_symmetry,density_shuffle,0.999636723981,0.605360465831,0.03945387853,9.993345973569,9.993345973569,0.009900990099,,"{""name"": ""critical_line_symmetry"", ""null_model"": ""density_shuffle"", ""observed"": 0.999636723981, ""null_mean"": 0.605360465831, ""null_std"": 0.03945387853, ""z_score"": 9.993345973569, ""empirical_p"": 0.009900990099, ""null_samples"": 100}"
outputs\canonical_udhr_v0_3_nulls100\el_udhr_el_canonical.json,canonical_udhr_v0_3_nulls100,,,,unknown,unknown,unknown,,,,,,,,,grapheme_class,5470,,,whitespace,Positions classified as whitespace in the grapheme-class stream.,827,run_entropy,density_shuffle,2.59562226623,2.879794720214,0.02847298906,-9.980422265691,9.980422265691,0.009900990099,,"{""name"": ""run_entropy"", ""null_model"": ""density_shuffle"", ""observed"": 2.59562226623, ""null_mean"": 2.879794720214, ""null_std"": 0.02847298906, ""z_score"": -9.980422265691, ""empirical_p"": 0.009900990099, ""null_samples"": 100}"
outputs\canonical_udhr_v0_3_nulls100\de_udhr_de_canonical.json,canonical_udhr_v0_3_nulls100,,,,unknown,unknown,unknown,,,,,,,,,grapheme,11932,,,whitespace,Whitespace positions.,1641,prime_gap_affinity,markov_2,0.324390243902,0.47700049118,0.015366277284,-9.931504192718,9.931504192718,0.009900990099,True,"{""name"": ""prime_gap_affinity"", ""null_model"": ""markov_2"", ""observed"": 0.324390243902, ""null_mean"": 0.47700049118, ""null_std"": 0.015366277284, ""z_score"": -9.931504192718, ""empirical_p"": 0.009900990099, ""null_samples"": 100}"
outputs\canonical_udhr_v0_3_nulls100\de_udhr_de_canonical.json,canonical_udhr_v0_3_nulls100,,,,unknown,unknown,unknown,,,,,,,,,grapheme_class,11932,,,whitespace,Positions classified as whitespace in the grapheme-class stream.,1641,prime_gap_affinity,density_shuffle,0.324390243902,0.440951219512,0.011848904137,-9.837278980763,9.837278980763,0.009900990099,,"{""name"": ""prime_gap_affinity"", ""null_model"": ""density_shuffle"", ""observed"": 0.324390243902, ""null_mean"": 0.440951219512, ""null_std"": 0.011848904137, ""z_score"": -9.837278980763, ""empirical_p"": 0.009900990099, ""null_samples"": 100}"
outputs\canonical_udhr_v0_3_nulls100\sw_udhr_sw_canonical.json,canonical_udhr_v0_3_nulls100,,,,unknown,unknown,unknown,,,,,,,,,word_boundary,9909,,,word_boundary,Positions marked as word boundaries after declared whitespace preprocessing.,1696,run_entropy,density_shuffle,2.550227194786,2.779020620468,0.023319280567,-9.811341521687,9.811341521687,0.009900990099,,"{""name"": ""run_entropy"", ""null_model"": ""density_shuffle"", ""observed"": 2.550227194786, ""null_mean"": 2.779020620468, ""null_std"": 0.023319280567, ""z_score"": -9.811341521687, ""empirical_p"": 0.009900990099, ""null_samples"": 100}"
outputs\canonical_udhr_v0_3_nulls100\ja_udhr_ja_canonical.json,canonical_udhr_v0_3_nulls100,,,,unknown,unknown,unknown,,,,,,,,,grapheme_class,4183,,,whitespace,Positions classified as whitespace in the grapheme-class stream.,91,gap_entropy,markov_2,4.770725506002,5.681834272413,0.092885356795,-9.808960183226,9.808960183226,0.009900990099,True,"{""name"": ""gap_entropy"", ""null_model"": ""markov_2"", ""observed"": 4.770725506002, ""null_mean"": 5.681834272413, ""null_std"": 0.092885356795, ""z_score"": -9.808960183226, ""empirical_p"": 0.009900990099, ""null_samples"": 100}"
outputs\canonical_udhr_v0_3_nulls100\ja_udhr_ja_canonical.json,canonical_udhr_v0_3_nulls100,,,,unknown,unknown,unknown,,,,,,,,,word_boundary,4183,,,word_boundary,Positions marked as word boundaries after declared whitespace preprocessing.,91,run_entropy,markov_2,3.433127185893,3.861634379046,0.043754396824,-9.79346589725,9.79346589725,0.009900990099,True,"{""name"": ""run_entropy"", ""null_model"": ""markov_2"", ""observed"": 3.433127185893, ""null_mean"": 3.861634379046, ""null_std"": 0.043754396824, ""z_score"": -9.79346589725, ""empirical_p"": 0.009900990099, ""null_samples"": 100}"
outputs\canonical_udhr_v0_3_nulls100\he_udhr_he_canonical.json,canonical_udhr_v0_3_nulls100,,,,unknown,unknown,unknown,,,,,,,,,grapheme_class,5572,,,punctuation,Positions classified as punctuation in the grapheme-class stream.,160,gap_entropy,density_shuffle,5.268417634513,5.87359593354,0.061808867861,-9.791124153684,9.791124153684,0.009900990099,,"{""name"": ""gap_entropy"", ""null_model"": ""density_shuffle"", ""observed"": 5.268417634513, ""null_mean"": 5.87359593354, ""null_std"": 0.061808867861, ""z_score"": -9.791124153684, ""empirical_p"": 0.009900990099, ""null_samples"": 100}"
outputs\canonical_udhr_v0_3_nulls100\zh_udhr_zh_canonical.json,canonical_udhr_v0_3_nulls100,,,,unknown,unknown,unknown,,,,,,,,,grapheme,2989,,,digit,ASCII digit positions.,11,zeta_spectral_coherence,markov_2,0.000376717558,2.1243918e-05,3.6404571e-05,9.764533185897,9.764533185897,0.009900990099,True,"{""name"": ""zeta_spectral_coherence"", ""null_model"": ""markov_2"", ""observed"": 0.000376717558, ""null_mean"": 2.1243918e-05, ""null_std"": 3.6404571e-05, ""z_score"": 9.764533185897, ""empirical_p"": 0.009900990099, ""null_samples"": 100}"
outputs\canonical_udhr_v0_3_nulls100\he_udhr_he_canonical.json,canonical_udhr_v0_3_nulls100,,,,unknown,unknown,unknown,,,,,,,,,grapheme_class,5572,,,punctuation,Positions classified as punctuation in the grapheme-class stream.,160,run_entropy,markov_1,3.222811570401,3.827197034254,0.062061393424,-9.738509409959,9.738509409959,0.009900990099,,"{""name"": ""run_entropy"", ""null_model"": ""markov_1"", ""observed"": 3.222811570401, ""null_mean"": 3.827197034254, ""null_std"": 0.062061393424, ""z_score"": -9.738509409959, ""empirical_p"": 0.009900990099, ""null_samples"": 100}"
outputs\canonical_udhr_v0_3_nulls100\es_udhr_es_canonical.json,canonical_udhr_v0_3_nulls100,,,,unknown,unknown,unknown,,,,,,,,,grapheme,11965,,,digit,ASCII digit positions.,60,run_entropy,gap_order_shuffle,4.175987390114,4.413290732262,0.024383095266,-9.732289504611,9.732289504611,0.009900990099,,"{""name"": ""run_entropy"", ""null_model"": ""gap_order_shuffle"", ""observed"": 4.175987390114, ""null_mean"": 4.413290732262, ""null_std"": 0.024383095266, ""z_score"": -9.732289504611, ""empirical_p"": 0.009900990099, ""null_samples"": 100}"
outputs\canonical_udhr_v0_3_nulls100\sw_udhr_sw_canonical.json,canonical_udhr_v0_3_nulls100,,,,unknown,unknown,unknown,,,,,,,,,grapheme_class,9909,,,whitespace,Positions classified as whitespace in the grapheme-class stream.,1696,run_entropy,density_shuffle,2.550227194786,2.779536886582,0.023698627449,-9.676074797406,9.676074797406,0.009900990099,,"{""name"": ""run_entropy"", ""null_model"": ""density_shuffle"", ""observed"": 2.550227194786, ""null_mean"": 2.779536886582, ""null_std"": 0.023698627449, ""z_score"": -9.676074797406, ""empirical_p"": 0.009900990099, ""null_samples"": 100}"
outputs\canonical_udhr_v0_3_nulls100\en_udhr_en_canonical.json,canonical_udhr_v0_3_nulls100,,,,unknown,unknown,unknown,,,,,,,,,grapheme_class,10638,,,whitespace,Positions classified as whitespace in the grapheme-class stream.,1746,run_entropy,density_shuffle,2.573497925415,2.822325940665,0.025816992646,-9.638148744228,9.638148744228,0.009900990099,,"{""name"": ""run_entropy"", ""null_model"": ""density_shuffle"", ""observed"": 2.573497925415, ""null_mean"": 2.822325940665, ""null_std"": 0.025816992646, ""z_score"": -9.638148744228, ""empirical_p"": 0.009900990099, ""null_samples"": 100}"
outputs\canonical_udhr_v0_3_nulls100\la_udhr_la_canonical.json,canonical_udhr_v0_3_nulls100,,,,unknown,unknown,unknown,,,,,,,,,grapheme_class,9937,,,whitespace,Positions classified as whitespace in the grapheme-class stream.,1342,run_entropy,density_shuffle,2.744377629722,2.98124719552,0.024589556737,-9.632933538898,9.632933538898,0.009900990099,,"{""name"": ""run_entropy"", ""null_model"": ""density_shuffle"", ""observed"": 2.744377629722, ""null_mean"": 2.98124719552, ""null_std"": 0.024589556737, ""z_score"": -9.632933538898, ""empirical_p"": 0.009900990099, ""null_samples"": 100}"
outputs\canonical_udhr_v0_3_nulls100\is_udhr_is_canonical.json,canonical_udhr_v0_3_nulls100,,,,unknown,unknown,unknown,,,,,,,,,word_boundary,9967,,,word_boundary,Positions marked as word boundaries after declared whitespace preprocessing.,1591,run_entropy,density_shuffle,2.609034630565,2.837289881479,0.023723086658,-9.621650597281,9.621650597281,0.009900990099,,"{""name"": ""run_entropy"", ""null_model"": ""density_shuffle"", ""observed"": 2.609034630565, ""null_mean"": 2.837289881479, ""null_std"": 0.023723086658, ""z_score"": -9.621650597281, ""empirical_p"": 0.009900990099, ""null_samples"": 100}"
outputs\canonical_udhr_v0_3_nulls100\ja_udhr_ja_canonical.json,canonical_udhr_v0_3_nulls100,,,,unknown,unknown,unknown,,,,,,,,,grapheme,4183,,,digit,ASCII digit positions.,50,zeta_spectral_coherence,density_shuffle,0.000358151011,2.3598095e-05,3.5223641e-05,9.497965193528,9.497965193528,0.009900990099,,"{""name"": ""zeta_spectral_coherence"", ""null_model"": ""density_shuffle"", ""observed"": 0.000358151011, ""null_mean"": 2.3598095e-05, ""null_std"": 3.5223641e-05, ""z_score"": 9.497965193528, ""empirical_p"": 0.009900990099, ""null_samples"": 100}"
outputs\canonical_udhr_v0_3_nulls100\en_udhr_en_canonical.json,canonical_udhr_v0_3_nulls100,,,,unknown,unknown,unknown,,,,,,,,,grapheme_class,10638,,,whitespace,Positions classified as whitespace in the grapheme-class stream.,1746,gap_entropy,markov_1,3.263981624553,3.623864400357,0.037919240617,-9.490769592196,9.490769592196,0.009900990099,,"{""name"": ""gap_entropy"", ""null_model"": ""markov_1"", ""observed"": 3.263981624553, ""null_mean"": 3.623864400357, ""null_std"": 0.037919240617, ""z_score"": -9.490769592196, ""empirical_p"": 0.009900990099, ""null_samples"": 100}"
outputs\canonical_udhr_v0_3_nulls100\tr_udhr_tr_canonical.json,canonical_udhr_v0_3_nulls100,,,,unknown,unknown,unknown,,,,,,,,,word_boundary,9213,,,word_boundary,Positions marked as word boundaries after declared whitespace preprocessing.,1241,prime_gap_affinity,markov_1,0.388709677419,0.53205480947,0.015122671924,-9.478823105206,9.478823105206,0.009900990099,,"{""name"": ""prime_gap_affinity"", ""null_model"": ""markov_1"", ""observed"": 0.388709677419, ""null_mean"": 0.53205480947, ""null_std"": 0.015122671924, ""z_score"": -9.478823105206, ""empirical_p"": 0.009900990099, ""null_samples"": 100}"
outputs\canonical_udhr_v0_3_nulls100\tr_udhr_tr_canonical.json,canonical_udhr_v0_3_nulls100,,,,unknown,unknown,unknown,,,,,,,,,word_boundary,9213,,,word_boundary,Positions marked as word boundaries after declared whitespace preprocessing.,1241,run_entropy,density_shuffle,2.739702575397,2.983729162216,0.025793660538,-9.460719484108,9.460719484108,0.009900990099,,"{""name"": ""run_entropy"", ""null_model"": ""density_shuffle"", ""observed"": 2.739702575397, ""null_mean"": 2.983729162216, ""null_std"": 0.025793660538, ""z_score"": -9.460719484108, ""empirical_p"": 0.009900990099, ""null_samples"": 100}"
outputs\canonical_udhr_v0_3_nulls100\fr_udhr_fr_canonical.json,canonical_udhr_v0_3_nulls100,,,,unknown,unknown,unknown,,,,,,,,,grapheme_class,11902,,,other,Positions classified as other in the grapheme-class stream.,1,critical_line_symmetry,density_shuffle,0.999635062544,0.606387215248,0.041676937722,9.435622403848,9.435622403848,0.009900990099,,"{""name"": ""critical_line_symmetry"", ""null_model"": ""density_shuffle"", ""observed"": 0.999635062544, ""null_mean"": 0.606387215248, ""null_std"": 0.041676937722, ""z_score"": 9.435622403848, ""empirical_p"": 0.009900990099, ""null_samples"": 100}"
outputs\canonical_udhr_v0_3_nulls100\cy_udhr_cy_canonical.json,canonical_udhr_v0_3_nulls100,,,,unknown,unknown,unknown,,,,,,,,,grapheme_class,9967,,,consonant,Positions classified as consonant in the grapheme-class stream.,5292,run_entropy,gap_order_shuffle,1.789025247497,1.798594235237,0.001021218782,-9.370164262535,9.370164262535,0.009900990099,,"{""name"": ""run_entropy"", ""null_model"": ""gap_order_shuffle"", ""observed"": 1.789025247497, ""null_mean"": 1.798594235237, ""null_std"": 0.001021218782, ""z_score"": -9.370164262535, ""empirical_p"": 0.009900990099, ""null_samples"": 100}"
outputs\canonical_udhr_v0_3_nulls100\mesu_udhr_mesu_canonical.json,canonical_udhr_v0_3_nulls100,,,,mesu,unknown,unknown,,,,,,,,,grapheme_class,698,,,vowel,Positions classified as vowel in the grapheme-class stream.,217,prime_gap_affinity,density_shuffle,0.763888888889,0.479907407407,0.030718088508,9.244764087601,9.244764087601,0.009900990099,,"{""name"": ""prime_gap_affinity"", ""null_model"": ""density_shuffle"", ""observed"": 0.763888888889, ""null_mean"": 0.479907407407, ""null_std"": 0.030718088508, ""z_score"": 9.244764087601, ""empirical_p"": 0.009900990099, ""null_samples"": 100}"
outputs\canonical_udhr_v0_3_nulls100\de_udhr_de_canonical.json,canonical_udhr_v0_3_nulls100,,,,unknown,unknown,unknown,,,,,,,,,grapheme,11932,,,whitespace,Whitespace positions.,1641,prime_gap_affinity,density_shuffle,0.324390243902,0.442469512195,0.012784588097,-9.236063563453,9.236063563453,0.009900990099,,"{""name"": ""prime_gap_affinity"", ""null_model"": ""density_shuffle"", ""observed"": 0.324390243902, ""null_mean"": 0.442469512195, ""null_std"": 0.012784588097, ""z_score"": -9.236063563453, ""empirical_p"": 0.009900990099, ""null_samples"": 100}"
outputs\canonical_udhr_v0_3_nulls100\ja_udhr_ja_canonical.json,canonical_udhr_v0_3_nulls100,,,,unknown,unknown,unknown,,,,,,,,,grapheme,4183,,,punctuation,Punctuation positions under the declared punctuation/hyphen policies.,266,gap_entropy,density_shuffle,4.863962938391,5.137000739622,0.029564355053,-9.235371471626,9.235371471626,0.009900990099,,"{""name"": ""gap_entropy"", ""null_model"": ""density_shuffle"", ""observed"": 4.863962938391, ""null_mean"": 5.137000739622, ""null_std"": 0.029564355053, ""z_score"": -9.235371471626, ""empirical_p"": 0.009900990099, ""null_samples"": 100}"
outputs\canonical_udhr_v0_3_nulls100\la_udhr_la_canonical.json,canonical_udhr_v0_3_nulls100,,,,unknown,unknown,unknown,,,,,,,,,word_boundary,9937,,,word_boundary,Positions marked as word boundaries after declared whitespace preprocessing.,1342,run_entropy,density_shuffle,2.744377629722,2.982298175637,0.02585030073,-9.203782516931,9.203782516931,0.009900990099,,"{""name"": ""run_entropy"", ""null_model"": ""density_shuffle"", ""observed"": 2.744377629722, ""null_mean"": 2.982298175637, ""null_std"": 0.02585030073, ""z_score"": -9.203782516931, ""empirical_p"": 0.009900990099, ""null_samples"": 100}"
outputs\canonical_udhr_v0_3_nulls100\el_udhr_el_canonical.json,canonical_udhr_v0_3_nulls100,,,,unknown,unknown,unknown,,,,,,,,,word_boundary,5470,,,word_boundary,Positions marked as word boundaries after declared whitespace preprocessing.,827,run_entropy,density_shuffle,2.59562226623,2.875017924696,0.030393266707,-9.192682746355,9.192682746355,0.009900990099,,"{""name"": ""run_entropy"", ""null_model"": ""density_shuffle"", ""observed"": 2.59562226623, ""null_mean"": 2.875017924696, ""null_std"": 0.030393266707, ""z_score"": -9.192682746355, ""empirical_p"": 0.009900990099, ""null_samples"": 100}"
outputs\canonical_udhr_v0_3_nulls100\en_udhr_en_canonical.json,canonical_udhr_v0_3_nulls100,,,,unknown,unknown,unknown,,,,,,,,,grapheme_class,10638,,,whitespace,Positions classified as whitespace in the grapheme-class stream.,1746,prime_gap_affinity,markov_2,0.416045845272,0.519392596753,0.011267208216,-9.172347710282,9.172347710282,0.009900990099,True,"{""name"": ""prime_gap_affinity"", ""null_model"": ""markov_2"", ""observed"": 0.416045845272, ""null_mean"": 0.519392596753, ""null_std"": 0.011267208216, ""z_score"": -9.172347710282, ""empirical_p"": 0.009900990099, ""null_samples"": 100}"
outputs\canonical_udhr_v0_3_nulls100\ru_udhr_ru_canonical.json,canonical_udhr_v0_3_nulls100,,,,unknown,unknown,unknown,,,,,,,,,grapheme_class,5419,,,other,Positions classified as other in the grapheme-class stream.,1,critical_line_symmetry,density_shuffle,0.999070180323,0.640043594194,0.039235672204,9.150514467075,9.150514467075,0.009900990099,,"{""name"": ""critical_line_symmetry"", ""null_model"": ""density_shuffle"", ""observed"": 0.999070180323, ""null_mean"": 0.640043594194, ""null_std"": 0.039235672204, ""z_score"": 9.150514467075, ""empirical_p"": 0.009900990099, ""null_samples"": 100}"
outputs\canonical_udhr_v0_3_nulls100\fr_udhr_fr_canonical.json,canonical_udhr_v0_3_nulls100,,,,unknown,unknown,unknown,,,,,,,,,grapheme_class,11902,,,digit,Positions classified as digit in the grapheme-class stream.,50,run_entropy,gap_order_shuffle,3.912496170068,4.263834094894,0.038446164519,-9.138438885147,9.138438885147,0.009900990099,,"{""name"": ""run_entropy"", ""null_model"": ""gap_order_shuffle"", ""observed"": 3.912496170068, ""null_mean"": 4.263834094894, ""null_std"": 0.038446164519, ""z_score"": -9.138438885147, ""empirical_p"": 0.009900990099, ""null_samples"": 100}"
outputs\canonical_udhr_v0_3_nulls100\cy_udhr_cy_canonical.json,canonical_udhr_v0_3_nulls100,,,,unknown,unknown,unknown,,,,,,,,,grapheme,9967,,,consonant,Alphabetic non-vowel positions under the MVP classifier.,5292,prime_gap_affinity,density_shuffle,0.448686448686,0.397353997354,0.005636945619,9.106430113061,9.106430113061,0.009900990099,,"{""name"": ""prime_gap_affinity"", ""null_model"": ""density_shuffle"", ""observed"": 0.448686448686, ""null_mean"": 0.397353997354, ""null_std"": 0.005636945619, ""z_score"": 9.106430113061, ""empirical_p"": 0.009900990099, ""null_samples"": 100}"
outputs\canonical_udhr_v0_3_nulls100\fr_udhr_fr_canonical.json,canonical_udhr_v0_3_nulls100,,,,unknown,unknown,unknown,,,,,,,,,grapheme,11902,,,digit,ASCII digit positions.,50,run_entropy,gap_order_shuffle,3.912496170068,4.265156782405,0.038731825824,-9.105189461921,9.105189461921,0.009900990099,,"{""name"": ""run_entropy"", ""null_model"": ""gap_order_shuffle"", ""observed"": 3.912496170068, ""null_mean"": 4.265156782405, ""null_std"": 0.038731825824, ""z_score"": -9.105189461921, ""empirical_p"": 0.009900990099, ""null_samples"": 100}"
outputs\canonical_udhr_v0_3_nulls100\sw_udhr_sw_canonical.json,canonical_udhr_v0_3_nulls100,,,,unknown,unknown,unknown,,,,,,,,,grapheme,9909,,,whitespace,Whitespace positions.,1696,run_entropy,density_shuffle,2.550227194786,2.78353220928,0.025668506412,-9.08915426352,9.08915426352,0.009900990099,,"{""name"": ""run_entropy"", ""null_model"": ""density_shuffle"", ""observed"": 2.550227194786, ""null_mean"": 2.78353220928, ""null_std"": 0.025668506412, ""z_score"": -9.08915426352, ""empirical_p"": 0.009900990099, ""null_samples"": 100}"
outputs\canonical_udhr_v0_3_nulls100\zh_udhr_zh_canonical.json,canonical_udhr_v0_3_nulls100,,,,unknown,unknown,unknown,,,,,,,,,grapheme_class,2989,,,consonant,Positions classified as consonant in the grapheme-class stream.,2675,run_entropy,density_shuffle,3.584950356065,3.143889936242,0.048526676113,9.089030099519,9.089030099519,0.009900990099,,"{""name"": ""run_entropy"", ""null_model"": ""density_shuffle"", ""observed"": 3.584950356065, ""null_mean"": 3.143889936242, ""null_std"": 0.048526676113, ""z_score"": 9.089030099519, ""empirical_p"": 0.009900990099, ""null_samples"": 100}"
outputs\canonical_udhr_v0_3_nulls100\en_udhr_en_canonical.json,canonical_udhr_v0_3_nulls100,,,,unknown,unknown,unknown,,,,,,,,,word_boundary,10638,,,word_boundary,Positions marked as word boundaries after declared whitespace preprocessing.,1746,prime_gap_affinity,markov_2,0.416045845272,0.518090370058,0.01132064383,-9.014021314902,9.014021314902,0.009900990099,True,"{""name"": ""prime_gap_affinity"", ""null_model"": ""markov_2"", ""observed"": 0.416045845272, ""null_mean"": 0.518090370058, ""null_std"": 0.01132064383, ""z_score"": -9.014021314902, ""empirical_p"": 0.009900990099, ""null_samples"": 100}"
outputs\canonical_udhr_v0_3_nulls100\de_udhr_de_canonical.json,canonical_udhr_v0_3_nulls100,,,,unknown,unknown,unknown,,,,,,,,,word_boundary,11932,,,word_boundary,Positions marked as word boundaries after declared whitespace preprocessing.,1641,run_entropy,density_shuffle,2.749784455725,2.97097013992,0.024710275485,-8.95116221312,8.95116221312,0.009900990099,,"{""name"": ""run_entropy"", ""null_model"": ""density_shuffle"", ""observed"": 2.749784455725, ""null_mean"": 2.97097013992, ""null_std"": 0.024710275485, ""z_score"": -8.95116221312, ""empirical_p"": 0.009900990099, ""null_samples"": 100}"
outputs\canonical_udhr_v0_3_nulls100\ja_udhr_ja_canonical.json,canonical_udhr_v0_3_nulls100,,,,unknown,unknown,unknown,,,,,,,,,grapheme_class,4183,,,consonant,Positions classified as consonant in the grapheme-class stream.,3759,run_entropy,gap_order_shuffle,3.179508977993,3.446630796716,0.029845888634,-8.950037373693,8.950037373693,0.009900990099,,"{""name"": ""run_entropy"", ""null_model"": ""gap_order_shuffle"", ""observed"": 3.179508977993, ""null_mean"": 3.446630796716, ""null_std"": 0.029845888634, ""z_score"": -8.950037373693, ""empirical_p"": 0.009900990099, ""null_samples"": 100}"
outputs\canonical_udhr_v0_3_nulls100\zh_udhr_zh_canonical.json,canonical_udhr_v0_3_nulls100,,,,unknown,unknown,unknown,,,,,,,,,grapheme,2989,,,consonant,Alphabetic non-vowel positions under the MVP classifier.,2675,run_entropy,density_shuffle,3.584950356065,3.143706301051,0.04933685151,8.943498450044,8.943498450044,0.009900990099,,"{""name"": ""run_entropy"", ""null_model"": ""density_shuffle"", ""observed"": 3.584950356065, ""null_mean"": 3.143706301051, ""null_std"": 0.04933685151, ""z_score"": 8.943498450044, ""empirical_p"": 0.009900990099, ""null_samples"": 100}"
outputs\canonical_udhr_v0_3_nulls100\zh_udhr_zh_canonical.json,canonical_udhr_v0_3_nulls100,,,,unknown,unknown,unknown,,,,,,,,,frequency_class,237,,,mid_frequency,Token positions in frequency class mid_frequency.,6,zeta_spectral_coherence,markov_1,0.006038146586,0.000448907474,0.000625318926,8.93822157473,8.93822157473,0.009900990099,,"{""name"": ""zeta_spectral_coherence"", ""null_model"": ""markov_1"", ""observed"": 0.006038146586, ""null_mean"": 0.000448907474, ""null_std"": 0.000625318926, ""z_score"": 8.93822157473, ""empirical_p"": 0.009900990099, ""null_samples"": 100}"
outputs\canonical_udhr_v0_3_nulls100\ar_udhr_ar_canonical.json,canonical_udhr_v0_3_nulls100,,,,unknown,unknown,unknown,,,,,,,,,word_boundary,7656,,,word_boundary,Positions marked as word boundaries after declared whitespace preprocessing.,1350,prime_gap_affinity,markov_1,0.484803558191,0.599105196145,0.012816176173,-8.918544533868,8.918544533868,0.009900990099,,"{""name"": ""prime_gap_affinity"", ""null_model"": ""markov_1"", ""observed"": 0.484803558191, ""null_mean"": 0.599105196145, ""null_std"": 0.012816176173, ""z_score"": -8.918544533868, ""empirical_p"": 0.009900990099, ""null_samples"": 100}"
outputs\canonical_udhr_v0_3_nulls100\de_udhr_de_canonical.json,canonical_udhr_v0_3_nulls100,,,,unknown,unknown,unknown,,,,,,,,,word_boundary,11932,,,word_boundary,Positions marked as word boundaries after declared whitespace preprocessing.,1641,prime_gap_affinity,density_shuffle,0.324390243902,0.441774390244,0.013204272065,-8.889861233181,8.889861233181,0.009900990099,,"{""name"": ""prime_gap_affinity"", ""null_model"": ""density_shuffle"", ""observed"": 0.324390243902, ""null_mean"": 0.441774390244, ""null_std"": 0.013204272065, ""z_score"": -8.889861233181, ""empirical_p"": 0.009900990099, ""null_samples"": 100}"
outputs\canonical_udhr_v0_3_nulls100\ja_udhr_ja_canonical.json,canonical_udhr_v0_3_nulls100,,,,unknown,unknown,unknown,,,,,,,,,grapheme_class,4183,,,consonant,Positions classified as consonant in the grapheme-class stream.,3759,zeta_spectral_coherence,markov_1,0.001159095428,0.000217451279,0.000106918643,8.807109078419,8.807109078419,0.009900990099,,"{""name"": ""zeta_spectral_coherence"", ""null_model"": ""markov_1"", ""observed"": 0.001159095428, ""null_mean"": 0.000217451279, ""null_std"": 0.000106918643, ""z_score"": 8.807109078419, ""empirical_p"": 0.009900990099, ""null_samples"": 100}"
outputs\canonical_udhr_v0_3_nulls100\ja_udhr_ja_canonical.json,canonical_udhr_v0_3_nulls100,,,,unknown,unknown,unknown,,,,,,,,,grapheme_class,4183,,,whitespace,Positions classified as whitespace in the grapheme-class stream.,91,run_entropy,markov_2,3.433127185893,3.860439702721,0.048648279768,-8.783712782113,8.783712782113,0.009900990099,True,"{""name"": ""run_entropy"", ""null_model"": ""markov_2"", ""observed"": 3.433127185893, ""null_mean"": 3.860439702721, ""null_std"": 0.048648279768, ""z_score"": -8.783712782113, ""empirical_p"": 0.009900990099, ""null_samples"": 100}"
outputs\canonical_udhr_v0_3_nulls100\ja_udhr_ja_canonical.json,canonical_udhr_v0_3_nulls100,,,,unknown,unknown,unknown,,,,,,,,,grapheme,4183,,,consonant,Alphabetic non-vowel positions under the MVP classifier.,3759,zeta_spectral_coherence,markov_1,0.001159095428,0.000220714129,0.000107044285,8.766290530532,8.766290530532,0.009900990099,,"{""name"": ""zeta_spectral_coherence"", ""null_model"": ""markov_1"", ""observed"": 0.001159095428, ""null_mean"": 0.000220714129, ""null_std"": 0.000107044285, ""z_score"": 8.766290530532, ""empirical_p"": 0.009900990099, ""null_samples"": 100}"
outputs\canonical_udhr_v0_3_nulls100\zh_udhr_zh_canonical.json,canonical_udhr_v0_3_nulls100,,,,unknown,unknown,unknown,,,,,,,,,grapheme,2989,,,consonant,Alphabetic non-vowel positions under the MVP classifier.,2675,zeta_spectral_coherence,markov_2,0.001461825586,0.000279461024,0.000135134708,8.749525438494,8.749525438494,0.009900990099,True,"{""name"": ""zeta_spectral_coherence"", ""null_model"": ""markov_2"", ""observed"": 0.001461825586, ""null_mean"": 0.000279461024, ""null_std"": 0.000135134708, ""z_score"": 8.749525438494, ""empirical_p"": 0.009900990099, ""null_samples"": 100}"
outputs\canonical_udhr_v0_3_nulls100\el_udhr_el_canonical.json,canonical_udhr_v0_3_nulls100,,,,unknown,unknown,unknown,,,,,,,,,grapheme,5470,,,whitespace,Whitespace positions.,827,prime_gap_affinity,markov_1,0.418886198547,0.565550254419,0.016855701202,-8.701154233699,8.701154233699,0.009900990099,,"{""name"": ""prime_gap_affinity"", ""null_model"": ""markov_1"", ""observed"": 0.418886198547, ""null_mean"": 0.565550254419, ""null_std"": 0.016855701202, ""z_score"": -8.701154233699, ""empirical_p"": 0.009900990099, ""null_samples"": 100}"
outputs\canonical_udhr_v0_3_nulls100\mesu_udhr_mesu_canonical.json,canonical_udhr_v0_3_nulls100,,,,mesu,unknown,unknown,,,,,,,,,grapheme,698,,,vowel,Basic Latin-vowel positions plus common accented vowels.,217,gap_entropy,markov_1,1.402282642423,2.164459197146,0.087892603908,-8.671680219162,8.671680219162,0.009900990099,,"{""name"": ""gap_entropy"", ""null_model"": ""markov_1"", ""observed"": 1.402282642423, ""null_mean"": 2.164459197146, ""null_std"": 0.087892603908, ""z_score"": -8.671680219162, ""empirical_p"": 0.009900990099, ""null_samples"": 100}"
outputs\canonical_udhr_v0_3_nulls100\ru_udhr_ru_canonical.json,canonical_udhr_v0_3_nulls100,,,,unknown,unknown,unknown,,,,,,,,,grapheme_class,5419,,,vowel,Positions classified as vowel in the grapheme-class stream.,3,zeta_spectral_coherence,density_shuffle,2.1031467e-05,7.42389e-07,2.34886e-06,8.637840325762,8.637840325762,0.019801980198,,"{""name"": ""zeta_spectral_coherence"", ""null_model"": ""density_shuffle"", ""observed"": 2.1031467e-05, ""null_mean"": 7.42389e-07, ""null_std"": 2.34886e-06, ""z_score"": 8.637840325762, ""empirical_p"": 0.019801980198, ""null_samples"": 100}"
outputs\canonical_udhr_v0_3_nulls100\zh_udhr_zh_canonical.json,canonical_udhr_v0_3_nulls100,,,,unknown,unknown,unknown,,,,,,,,,grapheme_class,2989,,,consonant,Positions classified as consonant in the grapheme-class stream.,2675,zeta_spectral_coherence,density_shuffle,0.001461825586,0.000270629135,0.00013794038,8.635589142291,8.635589142291,0.009900990099,,"{""name"": ""zeta_spectral_coherence"", ""null_model"": ""density_shuffle"", ""observed"": 0.001461825586, ""null_mean"": 0.000270629135, ""null_std"": 0.00013794038, ""z_score"": 8.635589142291, ""empirical_p"": 0.009900990099, ""null_samples"": 100}"
outputs\canonical_udhr_v0_3_nulls100\mesu_udhr_mesu_canonical.json,canonical_udhr_v0_3_nulls100,,,,mesu,unknown,unknown,,,,,,,,,grapheme_class,698,,,vowel,Positions classified as vowel in the grapheme-class stream.,217,gap_entropy,markov_1,1.402282642423,2.170779045277,0.089905150972,-8.54785732012,8.54785732012,0.009900990099,,"{""name"": ""gap_entropy"", ""null_model"": ""markov_1"", ""observed"": 1.402282642423, ""null_mean"": 2.170779045277, ""null_std"": 0.089905150972, ""z_score"": -8.54785732012, ""empirical_p"": 0.009900990099, ""null_samples"": 100}"
outputs\canonical_udhr_v0_3_nulls100\zh_udhr_zh_canonical.json,canonical_udhr_v0_3_nulls100,,,,unknown,unknown,unknown,,,,,,,,,grapheme,2989,,,vowel,Basic Latin-vowel positions plus common accented vowels.,4,zeta_spectral_coherence,markov_1,0.000132345705,6.318973e-06,1.4829006e-05,8.498663195087,8.498663195087,0.009900990099,,"{""name"": ""zeta_spectral_coherence"", ""null_model"": ""markov_1"", ""observed"": 0.000132345705, ""null_mean"": 6.318973e-06, ""null_std"": 1.4829006e-05, ""z_score"": 8.498663195087, ""empirical_p"": 0.009900990099, ""null_samples"": 100}"
outputs\canonical_udhr_v0_3_nulls100\ar_udhr_ar_canonical.json,canonical_udhr_v0_3_nulls100,,,,unknown,unknown,unknown,,,,,,,,,grapheme,7656,,,whitespace,Whitespace positions.,1350,prime_gap_affinity,markov_1,0.484803558191,0.601486488548,0.013806542371,-8.451278185621,8.451278185621,0.009900990099,,"{""name"": ""prime_gap_affinity"", ""null_model"": ""markov_1"", ""observed"": 0.484803558191, ""null_mean"": 0.601486488548, ""null_std"": 0.013806542371, ""z_score"": -8.451278185621, ""empirical_p"": 0.009900990099, ""null_samples"": 100}"
outputs\canonical_udhr_v0_3_nulls100\zh_udhr_zh_canonical.json,canonical_udhr_v0_3_nulls100,,,,unknown,unknown,unknown,,,,,,,,,grapheme,2989,,,consonant,Alphabetic non-vowel positions under the MVP classifier.,2675,zeta_spectral_coherence,density_shuffle,0.001461825586,0.000289858648,0.000138968058,8.433354800882,8.433354800882,0.009900990099,,"{""name"": ""zeta_spectral_coherence"", ""null_model"": ""density_shuffle"", ""observed"": 0.001461825586, ""null_mean"": 0.000289858648, ""null_std"": 0.000138968058, ""z_score"": 8.433354800882, ""empirical_p"": 0.009900990099, ""null_samples"": 100}"
outputs\canonical_udhr_v0_3_nulls100\he_udhr_he_canonical.json,canonical_udhr_v0_3_nulls100,,,,unknown,unknown,unknown,,,,,,,,,grapheme,5572,,,punctuation,Punctuation positions under the declared punctuation/hyphen policies.,160,gap_entropy,density_shuffle,5.268417634513,5.859798869353,0.070201977761,-8.423996783348,8.423996783348,0.009900990099,,"{""name"": ""gap_entropy"", ""null_model"": ""density_shuffle"", ""observed"": 5.268417634513, ""null_mean"": 5.859798869353, ""null_std"": 0.070201977761, ""z_score"": -8.423996783348, ""empirical_p"": 0.009900990099, ""null_samples"": 100}"
outputs\canonical_udhr_v0_3_nulls100\ja_udhr_ja_canonical.json,canonical_udhr_v0_3_nulls100,,,,unknown,unknown,unknown,,,,,,,,,grapheme,4183,,,consonant,Alphabetic non-vowel positions under the MVP classifier.,3759,run_entropy,gap_order_shuffle,3.179508977993,3.451294841413,0.032361093066,-8.39853780179,8.39853780179,0.009900990099,,"{""name"": ""run_entropy"", ""null_model"": ""gap_order_shuffle"", ""observed"": 3.179508977993, ""null_mean"": 3.451294841413, ""null_std"": 0.032361093066, ""z_score"": -8.39853780179, ""empirical_p"": 0.009900990099, ""null_samples"": 100}"
outputs\canonical_udhr_v0_3_nulls100\tr_udhr_tr_canonical.json,canonical_udhr_v0_3_nulls100,,,,unknown,unknown,unknown,,,,,,,,,grapheme_class,9213,,,other,Positions classified as other in the grapheme-class stream.,8,run_entropy,density_shuffle,2.216917186689,2.666147871709,0.053583576412,-8.383738359786,8.383738359786,0.009900990099,,"{""name"": ""run_entropy"", ""null_model"": ""density_shuffle"", ""observed"": 2.216917186689, ""null_mean"": 2.666147871709, ""null_std"": 0.053583576412, ""z_score"": -8.383738359786, ""empirical_p"": 0.009900990099, ""null_samples"": 100}"
outputs\canonical_udhr_v0_3_nulls100\cy_udhr_cy_canonical.json,canonical_udhr_v0_3_nulls100,,,,unknown,unknown,unknown,,,,,,,,,word_boundary,9967,,,word_boundary,Positions marked as word boundaries after declared whitespace preprocessing.,1687,prime_gap_affinity,density_shuffle,0.545670225386,0.456322657177,0.010660008317,8.381566463372,8.381566463372,0.009900990099,,"{""name"": ""prime_gap_affinity"", ""null_model"": ""density_shuffle"", ""observed"": 0.545670225386, ""null_mean"": 0.456322657177, ""null_std"": 0.010660008317, ""z_score"": 8.381566463372, ""empirical_p"": 0.009900990099, ""null_samples"": 100}"
outputs\canonical_udhr_v0_3_nulls100\is_udhr_is_canonical.json,canonical_udhr_v0_3_nulls100,,,,unknown,unknown,unknown,,,,,,,,,grapheme,9967,,,consonant,Alphabetic non-vowel positions under the MVP classifier.,5018,run_entropy,gap_order_shuffle,1.363860150794,1.369864601402,0.000717489169,-8.368698609462,8.368698609462,0.009900990099,,"{""name"": ""run_entropy"", ""null_model"": ""gap_order_shuffle"", ""observed"": 1.363860150794, ""null_mean"": 1.369864601402, ""null_std"": 0.000717489169, ""z_score"": -8.368698609462, ""empirical_p"": 0.009900990099, ""null_samples"": 100}"
outputs\canonical_udhr_v0_3_nulls100\sw_udhr_sw_canonical.json,canonical_udhr_v0_3_nulls100,,,,unknown,unknown,unknown,,,,,,,,,grapheme,9909,,,whitespace,Whitespace positions.,1696,prime_gap_affinity,density_shuffle,0.556342182891,0.456696165192,0.012012760821,8.295013876281,8.295013876281,0.009900990099,,"{""name"": ""prime_gap_affinity"", ""null_model"": ""density_shuffle"", ""observed"": 0.556342182891, ""null_mean"": 0.456696165192, ""null_std"": 0.012012760821, ""z_score"": 8.295013876281, ""empirical_p"": 0.009900990099, ""null_samples"": 100}"
outputs\canonical_udhr_v0_3_nulls100\de_udhr_de_canonical.json,canonical_udhr_v0_3_nulls100,,,,unknown,unknown,unknown,,,,,,,,,grapheme,11932,,,punctuation,Punctuation positions under the declared punctuation/hyphen policies.,193,zeta_spectral_coherence,gap_order_shuffle,2.0028945e-05,5.255873e-06,1.782593e-06,8.287405700276,8.287405700276,0.009900990099,,"{""name"": ""zeta_spectral_coherence"", ""null_model"": ""gap_order_shuffle"", ""observed"": 2.0028945e-05, ""null_mean"": 5.255873e-06, ""null_std"": 1.782593e-06, ""z_score"": 8.287405700276, ""empirical_p"": 0.009900990099, ""null_samples"": 100}"
outputs\canonical_udhr_v0_3_nulls100\el_udhr_el_canonical.json,canonical_udhr_v0_3_nulls100,,,,unknown,unknown,unknown,,,,,,,,,grapheme,5470,,,whitespace,Whitespace positions.,827,run_entropy,density_shuffle,2.59562226623,2.877769919854,0.03429540427,-8.226981417102,8.226981417102,0.009900990099,,"{""name"": ""run_entropy"", ""null_model"": ""density_shuffle"", ""observed"": 2.59562226623, ""null_mean"": 2.877769919854, ""null_std"": 0.03429540427, ""z_score"": -8.226981417102, ""empirical_p"": 0.009900990099, ""null_samples"": 100}"
outputs\canonical_udhr_v0_3_nulls100\en_udhr_en_canonical.json,canonical_udhr_v0_3_nulls100,,,,unknown,unknown,unknown,,,,,,,,,grapheme,10638,,,whitespace,Whitespace positions.,1746,prime_gap_affinity,markov_2,0.416045845272,0.517501038655,0.01236209875,-8.206955423785,8.206955423785,0.009900990099,True,"{""name"": ""prime_gap_affinity"", ""null_model"": ""markov_2"", ""observed"": 0.416045845272, ""null_mean"": 0.517501038655, ""null_std"": 0.01236209875, ""z_score"": -8.206955423785, ""empirical_p"": 0.009900990099, ""null_samples"": 100}"
outputs\canonical_udhr_v0_3_nulls100\zh_udhr_zh_canonical.json,canonical_udhr_v0_3_nulls100,,,,unknown,unknown,unknown,,,,,,,,,grapheme_class,2989,,,consonant,Positions classified as consonant in the grapheme-class stream.,2675,prime_gap_affinity,density_shuffle,0.086013462977,0.104124906507,0.002218028825,-8.165558231431,8.165558231431,0.009900990099,,"{""name"": ""prime_gap_affinity"", ""null_model"": ""density_shuffle"", ""observed"": 0.086013462977, ""null_mean"": 0.104124906507, ""null_std"": 0.002218028825, ""z_score"": -8.165558231431, ""empirical_p"": 0.009900990099, ""null_samples"": 100}"
outputs\canonical_udhr_v0_3_nulls100\de_udhr_de_canonical.json,canonical_udhr_v0_3_nulls100,,,,unknown,unknown,unknown,,,,,,,,,grapheme,11932,,,vowel,Basic Latin-vowel positions plus common accented vowels.,3830,prime_gap_affinity,markov_1,0.604596500392,0.662826391615,0.007152964401,-8.140665598086,8.140665598086,0.009900990099,,"{""name"": ""prime_gap_affinity"", ""null_model"": ""markov_1"", ""observed"": 0.604596500392, ""null_mean"": 0.662826391615, ""null_std"": 0.007152964401, ""z_score"": -8.140665598086, ""empirical_p"": 0.009900990099, ""null_samples"": 100}"
outputs\canonical_udhr_v0_3_nulls100\de_udhr_de_canonical.json,canonical_udhr_v0_3_nulls100,,,,unknown,unknown,unknown,,,,,,,,,grapheme_class,11932,,,digit,Positions classified as digit in the grapheme-class stream.,62,zeta_spectral_coherence,gap_order_shuffle,8.4536418e-05,1.1633675e-05,8.97585e-06,8.122099287626,8.122099287626,0.009900990099,,"{""name"": ""zeta_spectral_coherence"", ""null_model"": ""gap_order_shuffle"", ""observed"": 8.4536418e-05, ""null_mean"": 1.1633675e-05, ""null_std"": 8.97585e-06, ""z_score"": 8.122099287626, ""empirical_p"": 0.009900990099, ""null_samples"": 100}"
outputs\canonical_udhr_v0_3_nulls100\sw_udhr_sw_canonical.json,canonical_udhr_v0_3_nulls100,,,,unknown,unknown,unknown,,,,,,,,,word_boundary,9909,,,word_boundary,Positions marked as word boundaries after declared whitespace preprocessing.,1696,prime_gap_affinity,density_shuffle,0.556342182891,0.460737463127,0.011795647623,8.105084419382,8.105084419382,0.009900990099,,"{""name"": ""prime_gap_affinity"", ""null_model"": ""density_shuffle"", ""observed"": 0.556342182891, ""null_mean"": 0.460737463127, ""null_std"": 0.011795647623, ""z_score"": 8.105084419382, ""empirical_p"": 0.009900990099, ""null_samples"": 100}"
outputs\canonical_udhr_v0_3_nulls100\ja_udhr_ja_canonical.json,canonical_udhr_v0_3_nulls100,,,,unknown,unknown,unknown,,,,,,,,,grapheme_class,4183,,,consonant,Positions classified as consonant in the grapheme-class stream.,3759,prime_gap_affinity,density_shuffle,0.086748270357,0.100806279936,0.001734878915,-8.103164698267,8.103164698267,0.009900990099,,"{""name"": ""prime_gap_affinity"", ""null_model"": ""density_shuffle"", ""observed"": 0.086748270357, ""null_mean"": 0.100806279936, ""null_std"": 0.001734878915, ""z_score"": -8.103164698267, ""empirical_p"": 0.009900990099, ""null_samples"": 100}"
outputs\canonical_udhr_v0_3_nulls100\cy_udhr_cy_canonical.json,canonical_udhr_v0_3_nulls100,,,,unknown,unknown,unknown,,,,,,,,,grapheme_class,9967,,,consonant,Positions classified as consonant in the grapheme-class stream.,5292,prime_gap_affinity,density_shuffle,0.448686448686,0.397577017577,0.00637131853,8.021798136406,8.021798136406,0.009900990099,,"{""name"": ""prime_gap_affinity"", ""null_model"": ""density_shuffle"", ""observed"": 0.448686448686, ""null_mean"": 0.397577017577, ""null_std"": 0.00637131853, ""z_score"": 8.021798136406, ""empirical_p"": 0.009900990099, ""null_samples"": 100}"
outputs\canonical_udhr_v0_3_nulls100\mesu_udhr_mesu_canonical.json,canonical_udhr_v0_3_nulls100,,,,mesu,unknown,unknown,,,,,,,,,grapheme,698,,,vowel,Basic Latin-vowel positions plus common accented vowels.,217,prime_gap_affinity,density_shuffle,0.763888888889,0.475416666667,0.036117795337,7.986983134756,7.986983134756,0.009900990099,,"{""name"": ""prime_gap_affinity"", ""null_model"": ""density_shuffle"", ""observed"": 0.763888888889, ""null_mean"": 0.475416666667, ""null_std"": 0.036117795337, ""z_score"": 7.986983134756, ""empirical_p"": 0.009900990099, ""null_samples"": 100}"
outputs\canonical_udhr_v0_3_nulls100\cy_udhr_cy_canonical.json,canonical_udhr_v0_3_nulls100,,,,unknown,unknown,unknown,,,,,,,,,frequency_class,1761,,,high_frequency,Token positions in frequency class high_frequency.,1027,run_entropy,gap_order_shuffle,1.856753549935,1.899959288233,0.005409586817,-7.986883243173,7.986883243173,0.009900990099,,"{""name"": ""run_entropy"", ""null_model"": ""gap_order_shuffle"", ""observed"": 1.856753549935, ""null_mean"": 1.899959288233, ""null_std"": 0.005409586817, ""z_score"": -7.986883243173, ""empirical_p"": 0.009900990099, ""null_samples"": 100}"
outputs\canonical_udhr_v0_3_nulls100\ja_udhr_ja_canonical.json,canonical_udhr_v0_3_nulls100,,,,unknown,unknown,unknown,,,,,,,,,grapheme_class,4183,,,punctuation,Positions classified as punctuation in the grapheme-class stream.,266,gap_entropy,density_shuffle,4.863962938391,5.139245997483,0.034620042758,-7.951551678097,7.951551678097,0.009900990099,,"{""name"": ""gap_entropy"", ""null_model"": ""density_shuffle"", ""observed"": 4.863962938391, ""null_mean"": 5.139245997483, ""null_std"": 0.034620042758, ""z_score"": -7.951551678097, ""empirical_p"": 0.009900990099, ""null_samples"": 100}"
outputs\canonical_udhr_v0_3_nulls100\he_udhr_he_canonical.json,canonical_udhr_v0_3_nulls100,,,,unknown,unknown,unknown,,,,,,,,,grapheme,5572,,,punctuation,Punctuation positions under the declared punctuation/hyphen policies.,160,gap_entropy,markov_1,5.268417634513,5.842169173733,0.072304661823,-7.935194284182,7.935194284182,0.009900990099,,"{""name"": ""gap_entropy"", ""null_model"": ""markov_1"", ""observed"": 5.268417634513, ""null_mean"": 5.842169173733, ""null_std"": 0.072304661823, ""z_score"": -7.935194284182, ""empirical_p"": 0.009900990099, ""null_samples"": 100}"
outputs\canonical_udhr_v0_3_nulls100\es_udhr_es_canonical.json,canonical_udhr_v0_3_nulls100,,,,unknown,unknown,unknown,,,,,,,,,grapheme_class,11965,,,digit,Positions classified as digit in the grapheme-class stream.,60,run_entropy,gap_order_shuffle,4.175987390114,4.409101901217,0.029411886237,-7.925860627327,7.925860627327,0.009900990099,,"{""name"": ""run_entropy"", ""null_model"": ""gap_order_shuffle"", ""observed"": 4.175987390114, ""null_mean"": 4.409101901217, ""null_std"": 0.029411886237, ""z_score"": -7.925860627327, ""empirical_p"": 0.009900990099, ""null_samples"": 100}"
outputs\canonical_udhr_v0_3_nulls100\xh_udhr_xh_canonical.json,canonical_udhr_v0_3_nulls100,,,,unknown,unknown,unknown,,,,,,,,,grapheme_class,9942,,,punctuation,Positions classified as punctuation in the grapheme-class stream.,212,gap_entropy,density_shuffle,5.915389487074,6.294354012766,0.047884770193,-7.914093022931,7.914093022931,0.009900990099,,"{""name"": ""gap_entropy"", ""null_model"": ""density_shuffle"", ""observed"": 5.915389487074, ""null_mean"": 6.294354012766, ""null_std"": 0.047884770193, ""z_score"": -7.914093022931, ""empirical_p"": 0.009900990099, ""null_samples"": 100}"
outputs\canonical_udhr_v0_3_nulls100\fr_udhr_fr_canonical.json,canonical_udhr_v0_3_nulls100,,,,unknown,unknown,unknown,,,,,,,,,grapheme,11902,,,vowel,Basic Latin-vowel positions plus common accented vowels.,4330,gap_entropy,markov_1,2.246560162711,2.386971947658,0.017891054179,-7.848156041714,7.848156041714,0.009900990099,,"{""name"": ""gap_entropy"", ""null_model"": ""markov_1"", ""observed"": 2.246560162711, ""null_mean"": 2.386971947658, ""null_std"": 0.017891054179, ""z_score"": -7.848156041714, ""empirical_p"": 0.009900990099, ""null_samples"": 100}"
outputs\canonical_udhr_v0_3_nulls100\zh_udhr_zh_canonical.json,canonical_udhr_v0_3_nulls100,,,,unknown,unknown,unknown,,,,,,,,,grapheme_class,2989,,,consonant,Positions classified as consonant in the grapheme-class stream.,2675,zeta_spectral_coherence,markov_2,0.001461825586,0.000302017387,0.000147982137,7.837487815583,7.837487815583,0.009900990099,True,"{""name"": ""zeta_spectral_coherence"", ""null_model"": ""markov_2"", ""observed"": 0.001461825586, ""null_mean"": 0.000302017387, ""null_std"": 0.000147982137, ""z_score"": 7.837487815583, ""empirical_p"": 0.009900990099, ""null_samples"": 100}"
outputs\canonical_udhr_v0_3_nulls100\sw_udhr_sw_canonical.json,canonical_udhr_v0_3_nulls100,,,,unknown,unknown,unknown,,,,,,,,,grapheme_class,9909,,,whitespace,Positions classified as whitespace in the grapheme-class stream.,1696,prime_gap_affinity,density_shuffle,0.556342182891,0.460324483776,0.012267573893,7.826950948134,7.826950948134,0.009900990099,,"{""name"": ""prime_gap_affinity"", ""null_model"": ""density_shuffle"", ""observed"": 0.556342182891, ""null_mean"": 0.460324483776, ""null_std"": 0.012267573893, ""z_score"": 7.826950948134, ""empirical_p"": 0.009900990099, ""null_samples"": 100}"
outputs\canonical_udhr_v0_3_nulls100\sw_udhr_sw_canonical.json,canonical_udhr_v0_3_nulls100,,,,unknown,unknown,unknown,,,,,,,,,word_boundary,9909,,,word_boundary,Positions marked as word boundaries after declared whitespace preprocessing.,1696,run_entropy,markov_1,2.550227194786,2.373608319606,0.022585627202,7.81996769882,7.81996769882,0.009900990099,,"{""name"": ""run_entropy"", ""null_model"": ""markov_1"", ""observed"": 2.550227194786, ""null_mean"": 2.373608319606, ""null_std"": 0.022585627202, ""z_score"": 7.81996769882, ""empirical_p"": 0.009900990099, ""null_samples"": 100}"
outputs\canonical_udhr_v0_3_nulls100\zh_udhr_zh_canonical.json,canonical_udhr_v0_3_nulls100,,,,unknown,unknown,unknown,,,,,,,,,grapheme_class,2989,,,digit,Positions classified as digit in the grapheme-class stream.,11,zeta_spectral_coherence,markov_2,0.000376717558,2.5214229e-05,4.4977765e-05,7.815046561398,7.815046561398,0.009900990099,True,"{""name"": ""zeta_spectral_coherence"", ""null_model"": ""markov_2"", ""observed"": 0.000376717558, ""null_mean"": 2.5214229e-05, ""null_std"": 4.4977765e-05, ""z_score"": 7.815046561398, ""empirical_p"": 0.009900990099, ""null_samples"": 100}"
outputs\canonical_udhr_v0_3_nulls100\ar_udhr_ar_canonical.json,canonical_udhr_v0_3_nulls100,,,,unknown,unknown,unknown,,,,,,,,,grapheme_class,7656,,,whitespace,Positions classified as whitespace in the grapheme-class stream.,1350,prime_gap_affinity,markov_1,0.484803558191,0.600054597612,0.014749813893,-7.81372838064,7.81372838064,0.009900990099,,"{""name"": ""prime_gap_affinity"", ""null_model"": ""markov_1"", ""observed"": 0.484803558191, ""null_mean"": 0.600054597612, ""null_std"": 0.014749813893, ""z_score"": -7.81372838064, ""empirical_p"": 0.009900990099, ""null_samples"": 100}"
outputs\canonical_udhr_v0_3_nulls100\cy_udhr_cy_canonical.json,canonical_udhr_v0_3_nulls100,,,,unknown,unknown,unknown,,,,,,,,,grapheme,9967,,,whitespace,Whitespace positions.,1687,prime_gap_affinity,density_shuffle,0.545670225386,0.46056346382,0.010918539699,7.794701847774,7.794701847774,0.009900990099,,"{""name"": ""prime_gap_affinity"", ""null_model"": ""density_shuffle"", ""observed"": 0.545670225386, ""null_mean"": 0.46056346382, ""null_std"": 0.010918539699, ""z_score"": 7.794701847774, ""empirical_p"": 0.009900990099, ""null_samples"": 100}"
outputs\canonical_udhr_v0_3_nulls100\zh_udhr_zh_canonical.json,canonical_udhr_v0_3_nulls100,,,,unknown,unknown,unknown,,,,,,,,,grapheme,2989,,,vowel,Basic Latin-vowel positions plus common accented vowels.,4,run_entropy,density_shuffle,1.921928094887,2.274803178693,0.045655257152,-7.729122686453,7.729122686453,0.019801980198,,"{""name"": ""run_entropy"", ""null_model"": ""density_shuffle"", ""observed"": 1.921928094887, ""null_mean"": 2.274803178693, ""null_std"": 0.045655257152, ""z_score"": -7.729122686453, ""empirical_p"": 0.019801980198, ""null_samples"": 100}"
outputs\canonical_udhr_v0_3_nulls100\zh_udhr_zh_canonical.json,canonical_udhr_v0_3_nulls100,,,,unknown,unknown,unknown,,,,,,,,,frequency_class,237,,,mid_frequency,Token positions in frequency class mid_frequency.,6,zeta_spectral_coherence,density_shuffle,0.006038146586,0.000581811663,0.000706474407,7.723329919264,7.723329919264,0.009900990099,,"{""name"": ""zeta_spectral_coherence"", ""null_model"": ""density_shuffle"", ""observed"": 0.006038146586, ""null_mean"": 0.000581811663, ""null_std"": 0.000706474407, ""z_score"": 7.723329919264, ""empirical_p"": 0.009900990099, ""null_samples"": 100}"
outputs\canonical_udhr_v0_3_nulls100\de_udhr_de_canonical.json,canonical_udhr_v0_3_nulls100,,,,unknown,unknown,unknown,,,,,,,,,grapheme,11932,,,vowel,Basic Latin-vowel positions plus common accented vowels.,3830,gap_entropy,markov_1,2.484328284486,2.640468602096,0.020269809442,-7.703097459053,7.703097459053,0.009900990099,,"{""name"": ""gap_entropy"", ""null_model"": ""markov_1"", ""observed"": 2.484328284486, ""null_mean"": 2.640468602096, ""null_std"": 0.020269809442, ""z_score"": -7.703097459053, ""empirical_p"": 0.009900990099, ""null_samples"": 100}"
outputs\canonical_udhr_v0_3_nulls100\de_udhr_de_canonical.json,canonical_udhr_v0_3_nulls100,,,,unknown,unknown,unknown,,,,,,,,,grapheme_class,11932,,,consonant,Positions classified as consonant in the grapheme-class stream.,6205,run_entropy,gap_order_shuffle,1.287847515434,1.291793478894,0.000520094,-7.587019762913,7.587019762913,0.009900990099,,"{""name"": ""run_entropy"", ""null_model"": ""gap_order_shuffle"", ""observed"": 1.287847515434, ""null_mean"": 1.291793478894, ""null_std"": 0.000520094, ""z_score"": -7.587019762913, ""empirical_p"": 0.009900990099, ""null_samples"": 100}"
outputs\canonical_udhr_v0_3_nulls100\de_udhr_de_canonical.json,canonical_udhr_v0_3_nulls100,,,,unknown,unknown,unknown,,,,,,,,,grapheme_class,11932,,,punctuation,Positions classified as punctuation in the grapheme-class stream.,193,zeta_spectral_coherence,gap_order_shuffle,2.0028945e-05,5.316043e-06,1.944203e-06,7.567575169888,7.567575169888,0.009900990099,,"{""name"": ""zeta_spectral_coherence"", ""null_model"": ""gap_order_shuffle"", ""observed"": 2.0028945e-05, ""null_mean"": 5.316043e-06, ""null_std"": 1.944203e-06, ""z_score"": 7.567575169888, ""empirical_p"": 0.009900990099, ""null_samples"": 100}"
outputs\canonical_udhr_v0_3_nulls100\xh_udhr_xh_canonical.json,canonical_udhr_v0_3_nulls100,,,,unknown,unknown,unknown,,,,,,,,,grapheme,9942,,,punctuation,Punctuation positions under the declared punctuation/hyphen policies.,212,gap_entropy,density_shuffle,5.915389487074,6.300597206247,0.051131136365,-7.533721066254,7.533721066254,0.009900990099,,"{""name"": ""gap_entropy"", ""null_model"": ""density_shuffle"", ""observed"": 5.915389487074, ""null_mean"": 6.300597206247, ""null_std"": 0.051131136365, ""z_score"": -7.533721066254, ""empirical_p"": 0.009900990099, ""null_samples"": 100}"
outputs\canonical_udhr_v0_3_nulls100\de_udhr_de_canonical.json,canonical_udhr_v0_3_nulls100,,,,unknown,unknown,unknown,,,,,,,,,grapheme,11932,,,consonant,Alphabetic non-vowel positions under the MVP classifier.,6205,run_entropy,gap_order_shuffle,1.287847515434,1.291838462741,0.000532709563,-7.491788365463,7.491788365463,0.009900990099,,"{""name"": ""run_entropy"", ""null_model"": ""gap_order_shuffle"", ""observed"": 1.287847515434, ""null_mean"": 1.291838462741, ""null_std"": 0.000532709563, ""z_score"": -7.491788365463, ""empirical_p"": 0.009900990099, ""null_samples"": 100}"
outputs\canonical_udhr_v0_3_nulls100\es_udhr_es_canonical.json,canonical_udhr_v0_3_nulls100,,,,unknown,unknown,unknown,,,,,,,,,grapheme_class,11965,,,whitespace,Positions classified as whitespace in the grapheme-class stream.,1926,prime_gap_affinity,density_shuffle,0.531428571429,0.453927272727,0.010351154068,7.487213328388,7.487213328388,0.009900990099,,"{""name"": ""prime_gap_affinity"", ""null_model"": ""density_shuffle"", ""observed"": 0.531428571429, ""null_mean"": 0.453927272727, ""null_std"": 0.010351154068, ""z_score"": 7.487213328388, ""empirical_p"": 0.009900990099, ""null_samples"": 100}"
outputs\canonical_udhr_v0_3_nulls100\cy_udhr_cy_canonical.json,canonical_udhr_v0_3_nulls100,,,,unknown,unknown,unknown,,,,,,,,,grapheme_class,9967,,,whitespace,Positions classified as whitespace in the grapheme-class stream.,1687,prime_gap_affinity,density_shuffle,0.545670225386,0.455142348754,0.012095454031,7.484454605518,7.484454605518,0.009900990099,,"{""name"": ""prime_gap_affinity"", ""null_model"": ""density_shuffle"", ""observed"": 0.545670225386, ""null_mean"": 0.455142348754, ""null_std"": 0.012095454031, ""z_score"": 7.484454605518, ""empirical_p"": 0.009900990099, ""null_samples"": 100}"
outputs\canonical_udhr_v0_3_nulls100\de_udhr_de_canonical.json,canonical_udhr_v0_3_nulls100,,,,unknown,unknown,unknown,,,,,,,,,grapheme,11932,,,digit,ASCII digit positions.,62,run_entropy,gap_order_shuffle,4.020181372802,4.237770460499,0.029204936618,-7.45042150032,7.45042150032,0.009900990099,,"{""name"": ""run_entropy"", ""null_model"": ""gap_order_shuffle"", ""observed"": 4.020181372802, ""null_mean"": 4.237770460499, ""null_std"": 0.029204936618, ""z_score"": -7.45042150032, ""empirical_p"": 0.009900990099, ""null_samples"": 100}"
outputs\canonical_udhr_v0_3_nulls100\de_udhr_de_canonical.json,canonical_udhr_v0_3_nulls100,,,,unknown,unknown,unknown,,,,,,,,,grapheme_class,11932,,,vowel,Positions classified as vowel in the grapheme-class stream.,3830,prime_gap_affinity,markov_1,0.604596500392,0.661711126422,0.007668241215,-7.448204148625,7.448204148625,0.009900990099,,"{""name"": ""prime_gap_affinity"", ""null_model"": ""markov_1"", ""observed"": 0.604596500392, ""null_mean"": 0.661711126422, ""null_std"": 0.007668241215, ""z_score"": -7.448204148625, ""empirical_p"": 0.009900990099, ""null_samples"": 100}"
outputs\canonical_udhr_v0_3_nulls100\ar_udhr_ar_canonical.json,canonical_udhr_v0_3_nulls100,,,,unknown,unknown,unknown,,,,,,,,,grapheme,7656,,,vowel,Basic Latin-vowel positions plus common accented vowels.,4414,run_entropy,density_shuffle,1.871665128583,2.042279843448,0.022952091946,-7.433514786712,7.433514786712,0.009900990099,,"{""name"": ""run_entropy"", ""null_model"": ""density_shuffle"", ""observed"": 1.871665128583, ""null_mean"": 2.042279843448, ""null_std"": 0.022952091946, ""z_score"": -7.433514786712, ""empirical_p"": 0.009900990099, ""null_samples"": 100}"
outputs\canonical_udhr_v0_3_nulls100\ar_udhr_ar_canonical.json,canonical_udhr_v0_3_nulls100,,,,unknown,unknown,unknown,,,,,,,,,grapheme_class,7656,,,vowel,Positions classified as vowel in the grapheme-class stream.,4414,run_entropy,density_shuffle,1.871665128583,2.040151186365,0.022758801072,-7.403116589991,7.403116589991,0.009900990099,,"{""name"": ""run_entropy"", ""null_model"": ""density_shuffle"", ""observed"": 1.871665128583, ""null_mean"": 2.040151186365, ""null_std"": 0.022758801072, ""z_score"": -7.403116589991, ""empirical_p"": 0.009900990099, ""null_samples"": 100}"
outputs\canonical_udhr_v0_3_nulls100\zh_udhr_zh_canonical.json,canonical_udhr_v0_3_nulls100,,,,unknown,unknown,unknown,,,,,,,,,grapheme,2989,,,consonant,Alphabetic non-vowel positions under the MVP classifier.,2675,prime_gap_affinity,density_shuffle,0.086013462977,0.10421091997,0.002458463262,-7.401964177234,7.401964177234,0.009900990099,,"{""name"": ""prime_gap_affinity"", ""null_model"": ""density_shuffle"", ""observed"": 0.086013462977, ""null_mean"": 0.10421091997, ""null_std"": 0.002458463262, ""z_score"": -7.401964177234, ""empirical_p"": 0.009900990099, ""null_samples"": 100}"
outputs\canonical_udhr_v0_3_nulls100\zh_udhr_zh_canonical.json,canonical_udhr_v0_3_nulls100,,,,unknown,unknown,unknown,,,,,,,,,grapheme,2989,,,vowel,Basic Latin-vowel positions plus common accented vowels.,4,prime_gap_affinity,markov_1,0.333333333333,0.014441197691,0.043150046713,7.390308005117,7.390308005117,0.009900990099,,"{""name"": ""prime_gap_affinity"", ""null_model"": ""markov_1"", ""observed"": 0.333333333333, ""null_mean"": 0.014441197691, ""null_std"": 0.043150046713, ""z_score"": 7.390308005117, ""empirical_p"": 0.009900990099, ""null_samples"": 100}"
outputs\canonical_udhr_v0_3_nulls100\fr_udhr_fr_canonical.json,canonical_udhr_v0_3_nulls100,,,,unknown,unknown,unknown,,,,,,,,,frequency_class,2038,,,high_frequency,Token positions in frequency class high_frequency.,1280,gap_entropy,density_shuffle,1.491917408962,1.510762005426,0.002565203292,-7.3462389979,7.3462389979,0.009900990099,,"{""name"": ""gap_entropy"", ""null_model"": ""density_shuffle"", ""observed"": 1.491917408962, ""null_mean"": 1.510762005426, ""null_std"": 0.002565203292, ""z_score"": -7.3462389979, ""empirical_p"": 0.009900990099, ""null_samples"": 100}"
outputs\canonical_udhr_v0_3_nulls100\ru_udhr_ru_canonical.json,canonical_udhr_v0_3_nulls100,,,,unknown,unknown,unknown,,,,,,,,,grapheme,5419,,,digit,ASCII digit positions.,26,run_entropy,density_shuffle,3.828061831861,3.387484478613,0.060272653403,7.309738801428,7.309738801428,0.009900990099,,"{""name"": ""run_entropy"", ""null_model"": ""density_shuffle"", ""observed"": 3.828061831861, ""null_mean"": 3.387484478613, ""null_std"": 0.060272653403, ""z_score"": 7.309738801428, ""empirical_p"": 0.009900990099, ""null_samples"": 100}"
outputs\canonical_udhr_v0_3_nulls100\he_udhr_he_canonical.json,canonical_udhr_v0_3_nulls100,,,,unknown,unknown,unknown,,,,,,,,,grapheme_class,5572,,,punctuation,Positions classified as punctuation in the grapheme-class stream.,160,gap_entropy,markov_1,5.268417634513,5.830066473354,0.077161058122,-7.278915718794,7.278915718794,0.009900990099,,"{""name"": ""gap_entropy"", ""null_model"": ""markov_1"", ""observed"": 5.268417634513, ""null_mean"": 5.830066473354, ""null_std"": 0.077161058122, ""z_score"": -7.278915718794, ""empirical_p"": 0.009900990099, ""null_samples"": 100}"
outputs\canonical_udhr_v0_3_nulls100\el_udhr_el_canonical.json,canonical_udhr_v0_3_nulls100,,,,unknown,unknown,unknown,,,,,,,,,grapheme_class,5470,,,whitespace,Positions classified as whitespace in the grapheme-class stream.,827,prime_gap_affinity,markov_1,0.418886198547,0.563196328977,0.019834301697,-7.275785789312,7.275785789312,0.009900990099,,"{""name"": ""prime_gap_affinity"", ""null_model"": ""markov_1"", ""observed"": 0.418886198547, ""null_mean"": 0.563196328977, ""null_std"": 0.019834301697, ""z_score"": -7.275785789312, ""empirical_p"": 0.009900990099, ""null_samples"": 100}"
outputs\canonical_udhr_v0_3_nulls100\zh_udhr_zh_canonical.json,canonical_udhr_v0_3_nulls100,,,,unknown,unknown,unknown,,,,,,,,,grapheme_class,2989,,,whitespace,Positions classified as whitespace in the grapheme-class stream.,96,gap_entropy,density_shuffle,4.93793120331,5.471862239383,0.073668325162,-7.247769443613,7.247769443613,0.009900990099,,"{""name"": ""gap_entropy"", ""null_model"": ""density_shuffle"", ""observed"": 4.93793120331, ""null_mean"": 5.471862239383, ""null_std"": 0.073668325162, ""z_score"": -7.247769443613, ""empirical_p"": 0.009900990099, ""null_samples"": 100}"
outputs\canonical_udhr_v0_3_nulls100\el_udhr_el_canonical.json,canonical_udhr_v0_3_nulls100,,,,unknown,unknown,unknown,,,,,,,,,frequency_class,828,,,high_frequency,Token positions in frequency class high_frequency.,384,run_entropy,density_shuffle,1.481916788377,1.994559566754,0.070827437724,-7.237912239189,7.237912239189,0.009900990099,,"{""name"": ""run_entropy"", ""null_model"": ""density_shuffle"", ""observed"": 1.481916788377, ""null_mean"": 1.994559566754, ""null_std"": 0.070827437724, ""z_score"": -7.237912239189, ""empirical_p"": 0.009900990099, ""null_samples"": 100}"
outputs\canonical_udhr_v0_3_nulls100\de_udhr_de_canonical.json,canonical_udhr_v0_3_nulls100,,,,unknown,unknown,unknown,,,,,,,,,grapheme_class,11932,,,vowel,Positions classified as vowel in the grapheme-class stream.,3830,gap_entropy,markov_1,2.484328284486,2.637801873821,0.02123162754,-7.228536250735,7.228536250735,0.009900990099,,"{""name"": ""gap_entropy"", ""null_model"": ""markov_1"", ""observed"": 2.484328284486, ""null_mean"": 2.637801873821, ""null_std"": 0.02123162754, ""z_score"": -7.228536250735, ""empirical_p"": 0.009900990099, ""null_samples"": 100}"
outputs\canonical_udhr_v0_3_nulls100\el_udhr_el_canonical.json,canonical_udhr_v0_3_nulls100,,,,unknown,unknown,unknown,,,,,,,,,frequency_class,828,,,high_frequency,Token positions in frequency class high_frequency.,384,prime_gap_affinity,density_shuffle,0.600522193211,0.428877284595,0.023822092663,7.205282552083,7.205282552083,0.009900990099,,"{""name"": ""prime_gap_affinity"", ""null_model"": ""density_shuffle"", ""observed"": 0.600522193211, ""null_mean"": 0.428877284595, ""null_std"": 0.023822092663, ""z_score"": 7.205282552083, ""empirical_p"": 0.009900990099, ""null_samples"": 100}"
outputs\canonical_udhr_v0_3_nulls100\zh_udhr_zh_canonical.json,canonical_udhr_v0_3_nulls100,,,,unknown,unknown,unknown,,,,,,,,,word_boundary,2989,,,word_boundary,Positions marked as word boundaries after declared whitespace preprocessing.,96,gap_entropy,density_shuffle,4.93793120331,5.471537435351,0.074122091478,-7.199017477765,7.199017477765,0.009900990099,,"{""name"": ""gap_entropy"", ""null_model"": ""density_shuffle"", ""observed"": 4.93793120331, ""null_mean"": 5.471537435351, ""null_std"": 0.074122091478, ""z_score"": -7.199017477765, ""empirical_p"": 0.009900990099, ""null_samples"": 100}"
outputs\canonical_udhr_v0_3_nulls100\el_udhr_el_canonical.json,canonical_udhr_v0_3_nulls100,,,,unknown,unknown,unknown,,,,,,,,,word_boundary,5470,,,word_boundary,Positions marked as word boundaries after declared whitespace preprocessing.,827,prime_gap_affinity,markov_1,0.418886198547,0.557881118877,0.019372215284,-7.174962609843,7.174962609843,0.009900990099,,"{""name"": ""prime_gap_affinity"", ""null_model"": ""markov_1"", ""observed"": 0.418886198547, ""null_mean"": 0.557881118877, ""null_std"": 0.019372215284, ""z_score"": -7.174962609843, ""empirical_p"": 0.009900990099, ""null_samples"": 100}"
outputs\canonical_udhr_v0_3_nulls100\zh_udhr_zh_canonical.json,canonical_udhr_v0_3_nulls100,,,,unknown,unknown,unknown,,,,,,,,,frequency_class,237,,,hapax,Token positions in frequency class hapax.,231,zeta_spectral_coherence,markov_2,0.006038146586,0.000566681778,0.000769658665,7.108949794938,7.108949794938,0.009900990099,True,"{""name"": ""zeta_spectral_coherence"", ""null_model"": ""markov_2"", ""observed"": 0.006038146586, ""null_mean"": 0.000566681778, ""null_std"": 0.000769658665, ""z_score"": 7.108949794938, ""empirical_p"": 0.009900990099, ""null_samples"": 100}"
outputs\canonical_udhr_v0_3_nulls100\xh_udhr_xh_canonical.json,canonical_udhr_v0_3_nulls100,,,,unknown,unknown,unknown,,,,,,,,,grapheme_class,9942,,,digit,Positions classified as digit in the grapheme-class stream.,74,run_entropy,density_shuffle,3.605564276444,3.998204391565,0.055362287264,-7.092194606182,7.092194606182,0.009900990099,,"{""name"": ""run_entropy"", ""null_model"": ""density_shuffle"", ""observed"": 3.605564276444, ""null_mean"": 3.998204391565, ""null_std"": 0.055362287264, ""z_score"": -7.092194606182, ""empirical_p"": 0.009900990099, ""null_samples"": 100}"
outputs\canonical_udhr_v0_3_nulls100\zh_udhr_zh_canonical.json,canonical_udhr_v0_3_nulls100,,,,unknown,unknown,unknown,,,,,,,,,grapheme,2989,,,punctuation,Punctuation positions under the declared punctuation/hyphen policies.,195,gap_entropy,density_shuffle,4.767752976316,5.043184859039,0.039038929692,-7.055313372995,7.055313372995,0.009900990099,,"{""name"": ""gap_entropy"", ""null_model"": ""density_shuffle"", ""observed"": 4.767752976316, ""null_mean"": 5.043184859039, ""null_std"": 0.039038929692, ""z_score"": -7.055313372995, ""empirical_p"": 0.009900990099, ""null_samples"": 100}"
outputs\canonical_udhr_v0_3_nulls100\ja_udhr_ja_canonical.json,canonical_udhr_v0_3_nulls100,,,,unknown,unknown,unknown,,,,,,,,,grapheme_class,4183,,,whitespace,Positions classified as whitespace in the grapheme-class stream.,91,run_entropy,markov_1,3.433127185893,3.795533951977,0.051709079919,-7.00857115716,7.00857115716,0.009900990099,,"{""name"": ""run_entropy"", ""null_model"": ""markov_1"", ""observed"": 3.433127185893, ""null_mean"": 3.795533951977, ""null_std"": 0.051709079919, ""z_score"": -7.00857115716, ""empirical_p"": 0.009900990099, ""null_samples"": 100}"
outputs\canonical_udhr_v0_3_nulls100\xh_udhr_xh_canonical.json,canonical_udhr_v0_3_nulls100,,,,unknown,unknown,unknown,,,,,,,,,grapheme,9942,,,digit,ASCII digit positions.,74,run_entropy,density_shuffle,3.605564276444,3.992783929423,0.055302602159,-7.001834233167,7.001834233167,0.009900990099,,"{""name"": ""run_entropy"", ""null_model"": ""density_shuffle"", ""observed"": 3.605564276444, ""null_mean"": 3.992783929423, ""null_std"": 0.055302602159, ""z_score"": -7.001834233167, ""empirical_p"": 0.009900990099, ""null_samples"": 100}"
outputs\canonical_udhr_v0_3_nulls100\de_udhr_de_canonical.json,canonical_udhr_v0_3_nulls100,,,,unknown,unknown,unknown,,,,,,,,,grapheme,11932,,,digit,ASCII digit positions.,62,zeta_spectral_coherence,gap_order_shuffle,8.4536418e-05,1.3290069e-05,1.018434e-05,6.995676222848,6.995676222848,0.009900990099,,"{""name"": ""zeta_spectral_coherence"", ""null_model"": ""gap_order_shuffle"", ""observed"": 8.4536418e-05, ""null_mean"": 1.3290069e-05, ""null_std"": 1.018434e-05, ""z_score"": 6.995676222848, ""empirical_p"": 0.009900990099, ""null_samples"": 100}"
outputs\canonical_udhr_v0_3_nulls100\zh_udhr_zh_canonical.json,canonical_udhr_v0_3_nulls100,,,,unknown,unknown,unknown,,,,,,,,,grapheme_class,2989,,,other,Positions classified as other in the grapheme-class stream.,8,gap_entropy,density_shuffle,2.521640636343,2.801640636343,0.04020151261,-6.964912059746,6.964912059746,0.019801980198,,"{""name"": ""gap_entropy"", ""null_model"": ""density_shuffle"", ""observed"": 2.521640636343, ""null_mean"": 2.801640636343, ""null_std"": 0.04020151261, ""z_score"": -6.964912059746, ""empirical_p"": 0.019801980198, ""null_samples"": 100}"
outputs\canonical_udhr_v0_3_nulls100\fr_udhr_fr_canonical.json,canonical_udhr_v0_3_nulls100,,,,unknown,unknown,unknown,,,,,,,,,grapheme_class,11902,,,whitespace,Positions classified as whitespace in the grapheme-class stream.,1948,prime_gap_affinity,density_shuffle,0.530046224961,0.454355418593,0.01098269176,6.891826523098,6.891826523098,0.009900990099,,"{""name"": ""prime_gap_affinity"", ""null_model"": ""density_shuffle"", ""observed"": 0.530046224961, ""null_mean"": 0.454355418593, ""null_std"": 0.01098269176, ""z_score"": 6.891826523098, ""empirical_p"": 0.009900990099, ""null_samples"": 100}"
outputs\canonical_udhr_v0_3_nulls100\is_udhr_is_canonical.json,canonical_udhr_v0_3_nulls100,,,,unknown,unknown,unknown,,,,,,,,,word_boundary,9967,,,word_boundary,Positions marked as word boundaries after declared whitespace preprocessing.,1591,gap_entropy,markov_1,3.462449169807,3.672857492569,0.030589799938,-6.878381786934,6.878381786934,0.009900990099,,"{""name"": ""gap_entropy"", ""null_model"": ""markov_1"", ""observed"": 3.462449169807, ""null_mean"": 3.672857492569, ""null_std"": 0.030589799938, ""z_score"": -6.878381786934, ""empirical_p"": 0.009900990099, ""null_samples"": 100}"
outputs\canonical_udhr_v0_3_nulls100\fr_udhr_fr_canonical.json,canonical_udhr_v0_3_nulls100,,,,unknown,unknown,unknown,,,,,,,,,word_boundary,11902,,,word_boundary,Positions marked as word boundaries after declared whitespace preprocessing.,1948,prime_gap_affinity,density_shuffle,0.530046224961,0.456199280945,0.010753432314,6.867290541396,6.867290541396,0.009900990099,,"{""name"": ""prime_gap_affinity"", ""null_model"": ""density_shuffle"", ""observed"": 0.530046224961, ""null_mean"": 0.456199280945, ""null_std"": 0.010753432314, ""z_score"": 6.867290541396, ""empirical_p"": 0.009900990099, ""null_samples"": 100}"
outputs\canonical_udhr_v0_3_nulls100\mesu_udhr_mesu_canonical.json,canonical_udhr_v0_3_nulls100,,,,mesu,unknown,unknown,,,,,,,,,grapheme,698,,,whitespace,Whitespace positions.,145,run_entropy,density_shuffle,1.999324889878,2.547220743453,0.079807155388,-6.865247243912,6.865247243912,0.009900990099,,"{""name"": ""run_entropy"", ""null_model"": ""density_shuffle"", ""observed"": 1.999324889878, ""null_mean"": 2.547220743453, ""null_std"": 0.079807155388, ""z_score"": -6.865247243912, ""empirical_p"": 0.009900990099, ""null_samples"": 100}"
outputs\canonical_udhr_v0_3_nulls100\de_udhr_de_canonical.json,canonical_udhr_v0_3_nulls100,,,,unknown,unknown,unknown,,,,,,,,,grapheme_class,11932,,,digit,Positions classified as digit in the grapheme-class stream.,62,zeta_spectral_coherence,markov_1,8.4536418e-05,9.047615e-06,1.104759e-05,6.833055976497,6.833055976497,0.009900990099,,"{""name"": ""zeta_spectral_coherence"", ""null_model"": ""markov_1"", ""observed"": 8.4536418e-05, ""null_mean"": 9.047615e-06, ""null_std"": 1.104759e-05, ""z_score"": 6.833055976497, ""empirical_p"": 0.009900990099, ""null_samples"": 100}"
outputs\canonical_udhr_v0_3_nulls100\tr_udhr_tr_canonical.json,canonical_udhr_v0_3_nulls100,,,,unknown,unknown,unknown,,,,,,,,,grapheme,9213,,,punctuation,Punctuation positions under the declared punctuation/hyphen policies.,187,gap_entropy,markov_1,5.875716492294,6.243424977539,0.053830120397,-6.830905867085,6.830905867085,0.009900990099,,"{""name"": ""gap_entropy"", ""null_model"": ""markov_1"", ""observed"": 5.875716492294, ""null_mean"": 6.243424977539, ""null_std"": 0.053830120397, ""z_score"": -6.830905867085, ""empirical_p"": 0.009900990099, ""null_samples"": 100}"
outputs\canonical_udhr_v0_3_nulls100\ru_udhr_ru_canonical.json,canonical_udhr_v0_3_nulls100,,,,unknown,unknown,unknown,,,,,,,,,grapheme_class,5419,,,digit,Positions classified as digit in the grapheme-class stream.,26,run_entropy,density_shuffle,3.828061831861,3.39114468499,0.064054376843,6.821035008121,6.821035008121,0.009900990099,,"{""name"": ""run_entropy"", ""null_model"": ""density_shuffle"", ""observed"": 3.828061831861, ""null_mean"": 3.39114468499, ""null_std"": 0.064054376843, ""z_score"": 6.821035008121, ""empirical_p"": 0.009900990099, ""null_samples"": 100}"
outputs\canonical_udhr_v0_3_nulls100\fr_udhr_fr_canonical.json,canonical_udhr_v0_3_nulls100,,,,unknown,unknown,unknown,,,,,,,,,grapheme_class,11902,,,vowel,Positions classified as vowel in the grapheme-class stream.,4330,gap_entropy,markov_1,2.246560162711,2.386571557366,0.020571480588,-6.806092252712,6.806092252712,0.009900990099,,"{""name"": ""gap_entropy"", ""null_model"": ""markov_1"", ""observed"": 2.246560162711, ""null_mean"": 2.386571557366, ""null_std"": 0.020571480588, ""z_score"": -6.806092252712, ""empirical_p"": 0.009900990099, ""null_samples"": 100}"
outputs\canonical_udhr_v0_3_nulls100\el_udhr_el_canonical.json,canonical_udhr_v0_3_nulls100,,,,unknown,unknown,unknown,,,,,,,,,grapheme_class,5470,,,consonant,Positions classified as consonant in the grapheme-class stream.,4526,gap_entropy,density_shuffle,0.797343285196,0.801129635127,0.000557309795,-6.79397700506,6.79397700506,0.009900990099,,"{""name"": ""gap_entropy"", ""null_model"": ""density_shuffle"", ""observed"": 0.797343285196, ""null_mean"": 0.801129635127, ""null_std"": 0.000557309795, ""z_score"": -6.79397700506, ""empirical_p"": 0.009900990099, ""null_samples"": 100}"
outputs\canonical_udhr_v0_3_nulls100\mesu_udhr_mesu_canonical.json,canonical_udhr_v0_3_nulls100,,,,mesu,unknown,unknown,,,,,,,,,word_boundary,698,,,word_boundary,Positions marked as word boundaries after declared whitespace preprocessing.,145,run_entropy,density_shuffle,1.999324889878,2.549875492241,0.081118138546,-6.787022141157,6.787022141157,0.009900990099,,"{""name"": ""run_entropy"", ""null_model"": ""density_shuffle"", ""observed"": 1.999324889878, ""null_mean"": 2.549875492241, ""null_std"": 0.081118138546, ""z_score"": -6.787022141157, ""empirical_p"": 0.009900990099, ""null_samples"": 100}"
outputs\canonical_udhr_v0_3_nulls100\tr_udhr_tr_canonical.json,canonical_udhr_v0_3_nulls100,,,,unknown,unknown,unknown,,,,,,,,,grapheme_class,9213,,,punctuation,Positions classified as punctuation in the grapheme-class stream.,187,gap_entropy,density_shuffle,5.875716492294,6.271878295715,0.058789499927,-6.738648974942,6.738648974942,0.009900990099,,"{""name"": ""gap_entropy"", ""null_model"": ""density_shuffle"", ""observed"": 5.875716492294, ""null_mean"": 6.271878295715, ""null_std"": 0.058789499927, ""z_score"": -6.738648974942, ""empirical_p"": 0.009900990099, ""null_samples"": 100}"
outputs\canonical_udhr_v0_3_nulls100\fr_udhr_fr_canonical.json,canonical_udhr_v0_3_nulls100,,,,unknown,unknown,unknown,,,,,,,,,word_boundary,11902,,,word_boundary,Positions marked as word boundaries after declared whitespace preprocessing.,1948,gap_entropy,markov_1,3.41106256247,3.628296135523,0.032437921596,-6.696901723844,6.696901723844,0.009900990099,,"{""name"": ""gap_entropy"", ""null_model"": ""markov_1"", ""observed"": 3.41106256247, ""null_mean"": 3.628296135523, ""null_std"": 0.032437921596, ""z_score"": -6.696901723844, ""empirical_p"": 0.009900990099, ""null_samples"": 100}"
outputs\canonical_udhr_v0_3_nulls100\sw_udhr_sw_canonical.json,canonical_udhr_v0_3_nulls100,,,,unknown,unknown,unknown,,,,,,,,,grapheme,9909,,,punctuation,Punctuation positions under the declared punctuation/hyphen policies.,184,gap_entropy,density_shuffle,5.949789834141,6.341980051217,0.05866180585,-6.685614453785,6.685614453785,0.009900990099,,"{""name"": ""gap_entropy"", ""null_model"": ""density_shuffle"", ""observed"": 5.949789834141, ""null_mean"": 6.341980051217, ""null_std"": 0.05866180585, ""z_score"": -6.685614453785, ""empirical_p"": 0.009900990099, ""null_samples"": 100}"
outputs\canonical_udhr_v0_3_nulls100\ja_udhr_ja_canonical.json,canonical_udhr_v0_3_nulls100,,,,unknown,unknown,unknown,,,,,,,,,grapheme_class,4183,,,consonant,Positions classified as consonant in the grapheme-class stream.,3759,zeta_spectral_coherence,markov_2,0.001159095428,0.000273083035,0.000132675206,6.678055507119,6.678055507119,0.009900990099,True,"{""name"": ""zeta_spectral_coherence"", ""null_model"": ""markov_2"", ""observed"": 0.001159095428, ""null_mean"": 0.000273083035, ""null_std"": 0.000132675206, ""z_score"": 6.678055507119, ""empirical_p"": 0.009900990099, ""null_samples"": 100}"
outputs\canonical_udhr_v0_3_nulls100\ar_udhr_ar_canonical.json,canonical_udhr_v0_3_nulls100,,,,unknown,unknown,unknown,,,,,,,,,grapheme,7656,,,vowel,Basic Latin-vowel positions plus common accented vowels.,4414,prime_gap_affinity,density_shuffle,0.410605030591,0.369481078631,0.006177762386,6.656771398856,6.656771398856,0.009900990099,,"{""name"": ""prime_gap_affinity"", ""null_model"": ""density_shuffle"", ""observed"": 0.410605030591, ""null_mean"": 0.369481078631, ""null_std"": 0.006177762386, ""z_score"": 6.656771398856, ""empirical_p"": 0.009900990099, ""null_samples"": 100}"
outputs\canonical_udhr_v0_3_nulls100\sw_udhr_sw_canonical.json,canonical_udhr_v0_3_nulls100,,,,unknown,unknown,unknown,,,,,,,,,grapheme_class,9909,,,punctuation,Positions classified as punctuation in the grapheme-class stream.,184,gap_entropy,density_shuffle,5.949789834141,6.339219569733,0.058529021908,-6.653617690787,6.653617690787,0.009900990099,,"{""name"": ""gap_entropy"", ""null_model"": ""density_shuffle"", ""observed"": 5.949789834141, ""null_mean"": 6.339219569733, ""null_std"": 0.058529021908, ""z_score"": -6.653617690787, ""empirical_p"": 0.009900990099, ""null_samples"": 100}"
outputs\canonical_udhr_v0_3_nulls100\es_udhr_es_canonical.json,canonical_udhr_v0_3_nulls100,,,,unknown,unknown,unknown,,,,,,,,,word_boundary,11965,,,word_boundary,Positions marked as word boundaries after declared whitespace preprocessing.,1926,prime_gap_affinity,density_shuffle,0.531428571429,0.453781818182,0.011670592776,6.653197034462,6.653197034462,0.009900990099,,"{""name"": ""prime_gap_affinity"", ""null_model"": ""density_shuffle"", ""observed"": 0.531428571429, ""null_mean"": 0.453781818182, ""null_std"": 0.011670592776, ""z_score"": 6.653197034462, ""empirical_p"": 0.009900990099, ""null_samples"": 100}"
outputs\canonical_udhr_v0_3_nulls100\is_udhr_is_canonical.json,canonical_udhr_v0_3_nulls100,,,,unknown,unknown,unknown,,,,,,,,,grapheme,9967,,,vowel,Basic Latin-vowel positions plus common accented vowels.,2987,gap_entropy,markov_1,2.38202886279,2.552896080918,0.025724279916,-6.64225465926,6.64225465926,0.009900990099,,"{""name"": ""gap_entropy"", ""null_model"": ""markov_1"", ""observed"": 2.38202886279, ""null_mean"": 2.552896080918, ""null_std"": 0.025724279916, ""z_score"": -6.64225465926, ""empirical_p"": 0.009900990099, ""null_samples"": 100}"
outputs\canonical_udhr_v0_3_nulls100\ja_udhr_ja_canonical.json,canonical_udhr_v0_3_nulls100,,,,unknown,unknown,unknown,,,,,,,,,grapheme,4183,,,consonant,Alphabetic non-vowel positions under the MVP classifier.,3759,zeta_spectral_coherence,markov_2,0.001159095428,0.000268014421,0.000134569018,6.621739669274,6.621739669274,0.009900990099,True,"{""name"": ""zeta_spectral_coherence"", ""null_model"": ""markov_2"", ""observed"": 0.001159095428, ""null_mean"": 0.000268014421, ""null_std"": 0.000134569018, ""z_score"": 6.621739669274, ""empirical_p"": 0.009900990099, ""null_samples"": 100}"
outputs\canonical_udhr_v0_3_nulls100\cy_udhr_cy_canonical.json,canonical_udhr_v0_3_nulls100,,,,unknown,unknown,unknown,,,,,,,,,grapheme_class,9967,,,digit,Positions classified as digit in the grapheme-class stream.,81,run_entropy,markov_1,3.680705667822,4.388093022422,0.107377219463,-6.587871786394,6.587871786394,0.009900990099,,"{""name"": ""run_entropy"", ""null_model"": ""markov_1"", ""observed"": 3.680705667822, ""null_mean"": 4.388093022422, ""null_std"": 0.107377219463, ""z_score"": -6.587871786394, ""empirical_p"": 0.009900990099, ""null_samples"": 100}"
outputs\canonical_udhr_v0_3_nulls100\ja_udhr_ja_canonical.json,canonical_udhr_v0_3_nulls100,,,,unknown,unknown,unknown,,,,,,,,,grapheme,4183,,,consonant,Alphabetic non-vowel positions under the MVP classifier.,3759,prime_gap_affinity,density_shuffle,0.086748270357,0.100489622139,0.002087577664,-6.582438592728,6.582438592728,0.009900990099,,"{""name"": ""prime_gap_affinity"", ""null_model"": ""density_shuffle"", ""observed"": 0.086748270357, ""null_mean"": 0.100489622139, ""null_std"": 0.002087577664, ""z_score"": -6.582438592728, ""empirical_p"": 0.009900990099, ""null_samples"": 100}"
outputs\canonical_udhr_v0_3_nulls100\de_udhr_de_canonical.json,canonical_udhr_v0_3_nulls100,,,,unknown,unknown,unknown,,,,,,,,,grapheme,11932,,,vowel,Basic Latin-vowel positions plus common accented vowels.,3830,run_entropy,gap_order_shuffle,1.775340879127,1.770473148511,0.00073994598,6.578494573905,6.578494573905,0.009900990099,,"{""name"": ""run_entropy"", ""null_model"": ""gap_order_shuffle"", ""observed"": 1.775340879127, ""null_mean"": 1.770473148511, ""null_std"": 0.00073994598, ""z_score"": 6.578494573905, ""empirical_p"": 0.009900990099, ""null_samples"": 100}"
outputs\canonical_udhr_v0_3_nulls100\es_udhr_es_canonical.json,canonical_udhr_v0_3_nulls100,,,,unknown,unknown,unknown,,,,,,,,,grapheme,11965,,,whitespace,Whitespace positions.,1926,gap_entropy,markov_1,3.452659044359,3.662508405431,0.032004572517,-6.556855616833,6.556855616833,0.009900990099,,"{""name"": ""gap_entropy"", ""null_model"": ""markov_1"", ""observed"": 3.452659044359, ""null_mean"": 3.662508405431, ""null_std"": 0.032004572517, ""z_score"": -6.556855616833, ""empirical_p"": 0.009900990099, ""null_samples"": 100}"
outputs\canonical_udhr_v0_3_nulls100\es_udhr_es_canonical.json,canonical_udhr_v0_3_nulls100,,,,unknown,unknown,unknown,,,,,,,,,grapheme,11965,,,whitespace,Whitespace positions.,1926,prime_gap_affinity,density_shuffle,0.531428571429,0.455506493506,0.011594416391,6.548158644615,6.548158644615,0.009900990099,,"{""name"": ""prime_gap_affinity"", ""null_model"": ""density_shuffle"", ""observed"": 0.531428571429, ""null_mean"": 0.455506493506, ""null_std"": 0.011594416391, ""z_score"": 6.548158644615, ""empirical_p"": 0.009900990099, ""null_samples"": 100}"
outputs\canonical_udhr_v0_3_nulls100\is_udhr_is_canonical.json,canonical_udhr_v0_3_nulls100,,,,unknown,unknown,unknown,,,,,,,,,grapheme,9967,,,vowel,Basic Latin-vowel positions plus common accented vowels.,2987,prime_gap_affinity,markov_1,0.678834561286,0.732399637509,0.008190300736,-6.540062196328,6.540062196328,0.009900990099,,"{""name"": ""prime_gap_affinity"", ""null_model"": ""markov_1"", ""observed"": 0.678834561286, ""null_mean"": 0.732399637509, ""null_std"": 0.008190300736, ""z_score"": -6.540062196328, ""empirical_p"": 0.009900990099, ""null_samples"": 100}"
outputs\canonical_udhr_v0_3_nulls100\el_udhr_el_canonical.json,canonical_udhr_v0_3_nulls100,,,,unknown,unknown,unknown,,,,,,,,,grapheme,5470,,,consonant,Alphabetic non-vowel positions under the MVP classifier.,4526,gap_entropy,density_shuffle,0.797343285196,0.80100226615,0.000559845731,-6.535695017283,6.535695017283,0.009900990099,,"{""name"": ""gap_entropy"", ""null_model"": ""density_shuffle"", ""observed"": 0.797343285196, ""null_mean"": 0.80100226615, ""null_std"": 0.000559845731, ""z_score"": -6.535695017283, ""empirical_p"": 0.009900990099, ""null_samples"": 100}"
outputs\canonical_udhr_v0_3_nulls100\es_udhr_es_canonical.json,canonical_udhr_v0_3_nulls100,,,,unknown,unknown,unknown,,,,,,,,,word_boundary,11965,,,word_boundary,Positions marked as word boundaries after declared whitespace preprocessing.,1926,gap_entropy,markov_1,3.452659044359,3.659258563449,0.031654441434,-6.526715043078,6.526715043078,0.009900990099,,"{""name"": ""gap_entropy"", ""null_model"": ""markov_1"", ""observed"": 3.452659044359, ""null_mean"": 3.659258563449, ""null_std"": 0.031654441434, ""z_score"": -6.526715043078, ""empirical_p"": 0.009900990099, ""null_samples"": 100}"
outputs\canonical_udhr_v0_3_nulls100\zh_udhr_zh_canonical.json,canonical_udhr_v0_3_nulls100,,,,unknown,unknown,unknown,,,,,,,,,grapheme,2989,,,whitespace,Whitespace positions.,96,gap_entropy,density_shuffle,4.93793120331,5.483648439275,0.083627771967,-6.525550342085,6.525550342085,0.009900990099,,"{""name"": ""gap_entropy"", ""null_model"": ""density_shuffle"", ""observed"": 4.93793120331, ""null_mean"": 5.483648439275, ""null_std"": 0.083627771967, ""z_score"": -6.525550342085, ""empirical_p"": 0.009900990099, ""null_samples"": 100}"
outputs\canonical_udhr_v0_3_nulls100\fr_udhr_fr_canonical.json,canonical_udhr_v0_3_nulls100,,,,unknown,unknown,unknown,,,,,,,,,grapheme_class,11902,,,whitespace,Positions classified as whitespace in the grapheme-class stream.,1948,gap_entropy,markov_1,3.41106256247,3.630237148536,0.033596116389,-6.523807202306,6.523807202306,0.009900990099,,"{""name"": ""gap_entropy"", ""null_model"": ""markov_1"", ""observed"": 3.41106256247, ""null_mean"": 3.630237148536, ""null_std"": 0.033596116389, ""z_score"": -6.523807202306, ""empirical_p"": 0.009900990099, ""null_samples"": 100}"
outputs\canonical_udhr_v0_3_nulls100\xh_udhr_xh_canonical.json,canonical_udhr_v0_3_nulls100,,,,unknown,unknown,unknown,,,,,,,,,frequency_class,1112,,,high_frequency,Token positions in frequency class high_frequency.,319,gap_entropy,density_shuffle,2.868256506798,2.964879041,0.014831276954,-6.51478186949,6.51478186949,0.009900990099,,"{""name"": ""gap_entropy"", ""null_model"": ""density_shuffle"", ""observed"": 2.868256506798, ""null_mean"": 2.964879041, ""null_std"": 0.014831276954, ""z_score"": -6.51478186949, ""empirical_p"": 0.009900990099, ""null_samples"": 100}"
outputs\canonical_udhr_v0_3_nulls100\sw_udhr_sw_canonical.json,canonical_udhr_v0_3_nulls100,,,,unknown,unknown,unknown,,,,,,,,,grapheme,9909,,,whitespace,Whitespace positions.,1696,run_entropy,markov_1,2.550227194786,2.373890489723,0.02716102162,6.492270707946,6.492270707946,0.009900990099,,"{""name"": ""run_entropy"", ""null_model"": ""markov_1"", ""observed"": 2.550227194786, ""null_mean"": 2.373890489723, ""null_std"": 0.02716102162, ""z_score"": 6.492270707946, ""empirical_p"": 0.009900990099, ""null_samples"": 100}"
outputs\canonical_udhr_v0_3_nulls100\xh_udhr_xh_canonical.json,canonical_udhr_v0_3_nulls100,,,,unknown,unknown,unknown,,,,,,,,,grapheme_class,9942,,,digit,Positions classified as digit in the grapheme-class stream.,74,run_entropy,markov_1,3.605564276444,4.343912419328,0.113774052046,-6.48960048101,6.48960048101,0.009900990099,,"{""name"": ""run_entropy"", ""null_model"": ""markov_1"", ""observed"": 3.605564276444, ""null_mean"": 4.343912419328, ""null_std"": 0.113774052046, ""z_score"": -6.48960048101, ""empirical_p"": 0.009900990099, ""null_samples"": 100}"
outputs\canonical_udhr_v0_3_nulls100\tr_udhr_tr_canonical.json,canonical_udhr_v0_3_nulls100,,,,unknown,unknown,unknown,,,,,,,,,grapheme,9213,,,digit,ASCII digit positions.,73,run_entropy,density_shuffle,3.603610169164,3.98643192225,0.059047122712,-6.483326121581,6.483326121581,0.009900990099,,"{""name"": ""run_entropy"", ""null_model"": ""density_shuffle"", ""observed"": 3.603610169164, ""null_mean"": 3.98643192225, ""null_std"": 0.059047122712, ""z_score"": -6.483326121581, ""empirical_p"": 0.009900990099, ""null_samples"": 100}"
