report_file,report_group,experiment,status,language_reported,language_guess,corpus_family,source,input,input_bytes,input_chars,cleaned_chars,null_samples,seed,tool_version,hyphen_policy,encoding,encoding_sequence_len,encoding_unique_symbols,encoding_symbol_entropy_bits,event,event_description,event_count,severity,code,interpretation_level,message,raw_alert
C:\github\5hr-conlang\riemann_analysis\rrlang\outputs\mesu_register_v0_3_nulls100\mesu_basho_text_only.json,mesu_register_v0_3_nulls100,,,,mesu,unknown,unknown,,,,,,,,,grapheme,42,,,vowel,Basic Latin-vowel positions plus common accented vowels.,13,warning,WINDOW_TOO_SMALL,0,The event map has fewer than 128 positions; positional and spectral metrics may be unstable.,"{""code"": ""WINDOW_TOO_SMALL"", ""severity"": ""warning"", ""interpretation_level"": 0, ""message"": ""The event map has fewer than 128 positions; positional and spectral metrics may be unstable.""}"
C:\github\5hr-conlang\riemann_analysis\rrlang\outputs\mesu_register_v0_3_nulls100\mesu_basho_text_only.json,mesu_register_v0_3_nulls100,,,,mesu,unknown,unknown,,,,,,,,,grapheme,42,,,vowel,Basic Latin-vowel positions plus common accented vowels.,13,info,STATISTICAL_DEVIATION,1,"Metric 'gap_entropy' deviates from 'density_shuffle' null with z=-7.520. This is a tripwire, not a conclusion.","{""code"": ""STATISTICAL_DEVIATION"", ""severity"": ""info"", ""interpretation_level"": 1, ""message"": ""Metric 'gap_entropy' deviates from 'density_shuffle' null with z=-7.520. This is a tripwire, not a conclusion.""}"
C:\github\5hr-conlang\riemann_analysis\rrlang\outputs\mesu_register_v0_3_nulls100\mesu_basho_text_only.json,mesu_register_v0_3_nulls100,,,,mesu,unknown,unknown,,,,,,,,,grapheme,42,,,vowel,Basic Latin-vowel positions plus common accented vowels.,13,warning,PERIODICITY_OR_CLUSTERING_WARNING,1,"Gap entropy is substantially lower than the 'density_shuffle' null expectation. Inspect for periodicity, clustering, repeated material, genre constraints, or local phonotactic regularity.","{""code"": ""PERIODICITY_OR_CLUSTERING_WARNING"", ""severity"": ""warning"", ""interpretation_level"": 1, ""message"": ""Gap entropy is substantially lower than the 'density_shuffle' null expectation. Inspect for periodicity, clustering, repeated material, genre constraints, or local phonotactic regularity.""}"
C:\github\5hr-conlang\riemann_analysis\rrlang\outputs\mesu_register_v0_3_nulls100\mesu_basho_text_only.json,mesu_register_v0_3_nulls100,,,,mesu,unknown,unknown,,,,,,,,,grapheme,42,,,vowel,Basic Latin-vowel positions plus common accented vowels.,13,info,STATISTICAL_DEVIATION,2,"Metric 'gap_entropy' deviates from 'markov_1' null with z=-3.282. This is a tripwire, not a conclusion.","{""code"": ""STATISTICAL_DEVIATION"", ""severity"": ""info"", ""interpretation_level"": 2, ""message"": ""Metric 'gap_entropy' deviates from 'markov_1' null with z=-3.282. This is a tripwire, not a conclusion.""}"
C:\github\5hr-conlang\riemann_analysis\rrlang\outputs\mesu_register_v0_3_nulls100\mesu_basho_text_only.json,mesu_register_v0_3_nulls100,,,,mesu,unknown,unknown,,,,,,,,,grapheme,42,,,vowel,Basic Latin-vowel positions plus common accented vowels.,13,warning,PERIODICITY_OR_CLUSTERING_WARNING,2,"Gap entropy is substantially lower than the 'markov_1' null expectation. Inspect for periodicity, clustering, repeated material, genre constraints, or local phonotactic regularity.","{""code"": ""PERIODICITY_OR_CLUSTERING_WARNING"", ""severity"": ""warning"", ""interpretation_level"": 2, ""message"": ""Gap entropy is substantially lower than the 'markov_1' null expectation. Inspect for periodicity, clustering, repeated material, genre constraints, or local phonotactic regularity.""}"
C:\github\5hr-conlang\riemann_analysis\rrlang\outputs\mesu_register_v0_3_nulls100\mesu_basho_text_only.json,mesu_register_v0_3_nulls100,,,,mesu,unknown,unknown,,,,,,,,,grapheme,42,,,consonant,Alphabetic non-vowel positions under the MVP classifier.,15,warning,WINDOW_TOO_SMALL,0,The event map has fewer than 128 positions; positional and spectral metrics may be unstable.,"{""code"": ""WINDOW_TOO_SMALL"", ""severity"": ""warning"", ""interpretation_level"": 0, ""message"": ""The event map has fewer than 128 positions; positional and spectral metrics may be unstable.""}"
C:\github\5hr-conlang\riemann_analysis\rrlang\outputs\mesu_register_v0_3_nulls100\mesu_basho_text_only.json,mesu_register_v0_3_nulls100,,,,mesu,unknown,unknown,,,,,,,,,grapheme,42,,,whitespace,Whitespace positions.,9,warning,WINDOW_TOO_SMALL,0,The event map has fewer than 128 positions; positional and spectral metrics may be unstable.,"{""code"": ""WINDOW_TOO_SMALL"", ""severity"": ""warning"", ""interpretation_level"": 0, ""message"": ""The event map has fewer than 128 positions; positional and spectral metrics may be unstable.""}"
C:\github\5hr-conlang\riemann_analysis\rrlang\outputs\mesu_register_v0_3_nulls100\mesu_basho_text_only.json,mesu_register_v0_3_nulls100,,,,mesu,unknown,unknown,,,,,,,,,grapheme,42,,,punctuation,Punctuation positions under the declared punctuation/hyphen policies.,5,warning,WINDOW_TOO_SMALL,0,The event map has fewer than 128 positions; positional and spectral metrics may be unstable.,"{""code"": ""WINDOW_TOO_SMALL"", ""severity"": ""warning"", ""interpretation_level"": 0, ""message"": ""The event map has fewer than 128 positions; positional and spectral metrics may be unstable.""}"
C:\github\5hr-conlang\riemann_analysis\rrlang\outputs\mesu_register_v0_3_nulls100\mesu_basho_text_only.json,mesu_register_v0_3_nulls100,,,,mesu,unknown,unknown,,,,,,,,,grapheme,42,,,hyphen_boundary,Hyphen positions treated as morpheme boundaries by the declared hyphen policy.,0,warning,WINDOW_TOO_SMALL,0,The event map has fewer than 128 positions; positional and spectral metrics may be unstable.,"{""code"": ""WINDOW_TOO_SMALL"", ""severity"": ""warning"", ""interpretation_level"": 0, ""message"": ""The event map has fewer than 128 positions; positional and spectral metrics may be unstable.""}"
C:\github\5hr-conlang\riemann_analysis\rrlang\outputs\mesu_register_v0_3_nulls100\mesu_basho_text_only.json,mesu_register_v0_3_nulls100,,,,mesu,unknown,unknown,,,,,,,,,grapheme,42,,,hyphen_boundary,Hyphen positions treated as morpheme boundaries by the declared hyphen policy.,0,warning,LOW_EVENT_COUNT,0,The event occurs fewer than five times; gap and prime-position metrics are weak evidence.,"{""code"": ""LOW_EVENT_COUNT"", ""severity"": ""warning"", ""interpretation_level"": 0, ""message"": ""The event occurs fewer than five times; gap and prime-position metrics are weak evidence.""}"
C:\github\5hr-conlang\riemann_analysis\rrlang\outputs\mesu_register_v0_3_nulls100\mesu_basho_text_only.json,mesu_register_v0_3_nulls100,,,,mesu,unknown,unknown,,,,,,,,,grapheme,42,,,hyphen_boundary,Hyphen positions treated as morpheme boundaries by the declared hyphen policy.,0,warning,DEGENERATE_EVENT_MAP,0,The event map is all false or all true; many metrics collapse to trivial values.,"{""code"": ""DEGENERATE_EVENT_MAP"", ""severity"": ""warning"", ""interpretation_level"": 0, ""message"": ""The event map is all false or all true; many metrics collapse to trivial values.""}"
C:\github\5hr-conlang\riemann_analysis\rrlang\outputs\mesu_register_v0_3_nulls100\mesu_basho_text_only.json,mesu_register_v0_3_nulls100,,,,mesu,unknown,unknown,,,,,,,,,grapheme,42,,,digit,ASCII digit positions.,0,warning,WINDOW_TOO_SMALL,0,The event map has fewer than 128 positions; positional and spectral metrics may be unstable.,"{""code"": ""WINDOW_TOO_SMALL"", ""severity"": ""warning"", ""interpretation_level"": 0, ""message"": ""The event map has fewer than 128 positions; positional and spectral metrics may be unstable.""}"
C:\github\5hr-conlang\riemann_analysis\rrlang\outputs\mesu_register_v0_3_nulls100\mesu_basho_text_only.json,mesu_register_v0_3_nulls100,,,,mesu,unknown,unknown,,,,,,,,,grapheme,42,,,digit,ASCII digit positions.,0,warning,LOW_EVENT_COUNT,0,The event occurs fewer than five times; gap and prime-position metrics are weak evidence.,"{""code"": ""LOW_EVENT_COUNT"", ""severity"": ""warning"", ""interpretation_level"": 0, ""message"": ""The event occurs fewer than five times; gap and prime-position metrics are weak evidence.""}"
C:\github\5hr-conlang\riemann_analysis\rrlang\outputs\mesu_register_v0_3_nulls100\mesu_basho_text_only.json,mesu_register_v0_3_nulls100,,,,mesu,unknown,unknown,,,,,,,,,grapheme,42,,,digit,ASCII digit positions.,0,warning,DEGENERATE_EVENT_MAP,0,The event map is all false or all true; many metrics collapse to trivial values.,"{""code"": ""DEGENERATE_EVENT_MAP"", ""severity"": ""warning"", ""interpretation_level"": 0, ""message"": ""The event map is all false or all true; many metrics collapse to trivial values.""}"
C:\github\5hr-conlang\riemann_analysis\rrlang\outputs\mesu_register_v0_3_nulls100\mesu_basho_text_only.json,mesu_register_v0_3_nulls100,,,,mesu,unknown,unknown,,,,,,,,,grapheme_class,42,,,vowel,Positions classified as vowel in the grapheme-class stream.,13,warning,WINDOW_TOO_SMALL,0,The event map has fewer than 128 positions; positional and spectral metrics may be unstable.,"{""code"": ""WINDOW_TOO_SMALL"", ""severity"": ""warning"", ""interpretation_level"": 0, ""message"": ""The event map has fewer than 128 positions; positional and spectral metrics may be unstable.""}"
C:\github\5hr-conlang\riemann_analysis\rrlang\outputs\mesu_register_v0_3_nulls100\mesu_basho_text_only.json,mesu_register_v0_3_nulls100,,,,mesu,unknown,unknown,,,,,,,,,grapheme_class,42,,,vowel,Positions classified as vowel in the grapheme-class stream.,13,info,STATISTICAL_DEVIATION,1,"Metric 'gap_entropy' deviates from 'density_shuffle' null with z=-5.788. This is a tripwire, not a conclusion.","{""code"": ""STATISTICAL_DEVIATION"", ""severity"": ""info"", ""interpretation_level"": 1, ""message"": ""Metric 'gap_entropy' deviates from 'density_shuffle' null with z=-5.788. This is a tripwire, not a conclusion.""}"
C:\github\5hr-conlang\riemann_analysis\rrlang\outputs\mesu_register_v0_3_nulls100\mesu_basho_text_only.json,mesu_register_v0_3_nulls100,,,,mesu,unknown,unknown,,,,,,,,,grapheme_class,42,,,vowel,Positions classified as vowel in the grapheme-class stream.,13,warning,PERIODICITY_OR_CLUSTERING_WARNING,1,"Gap entropy is substantially lower than the 'density_shuffle' null expectation. Inspect for periodicity, clustering, repeated material, genre constraints, or local phonotactic regularity.","{""code"": ""PERIODICITY_OR_CLUSTERING_WARNING"", ""severity"": ""warning"", ""interpretation_level"": 1, ""message"": ""Gap entropy is substantially lower than the 'density_shuffle' null expectation. Inspect for periodicity, clustering, repeated material, genre constraints, or local phonotactic regularity.""}"
C:\github\5hr-conlang\riemann_analysis\rrlang\outputs\mesu_register_v0_3_nulls100\mesu_basho_text_only.json,mesu_register_v0_3_nulls100,,,,mesu,unknown,unknown,,,,,,,,,grapheme_class,42,,,consonant,Positions classified as consonant in the grapheme-class stream.,15,warning,WINDOW_TOO_SMALL,0,The event map has fewer than 128 positions; positional and spectral metrics may be unstable.,"{""code"": ""WINDOW_TOO_SMALL"", ""severity"": ""warning"", ""interpretation_level"": 0, ""message"": ""The event map has fewer than 128 positions; positional and spectral metrics may be unstable.""}"
C:\github\5hr-conlang\riemann_analysis\rrlang\outputs\mesu_register_v0_3_nulls100\mesu_basho_text_only.json,mesu_register_v0_3_nulls100,,,,mesu,unknown,unknown,,,,,,,,,grapheme_class,42,,,consonant,Positions classified as consonant in the grapheme-class stream.,15,info,STATISTICAL_DEVIATION,1,"Metric 'gap_entropy' deviates from 'density_shuffle' null with z=-3.505. This is a tripwire, not a conclusion.","{""code"": ""STATISTICAL_DEVIATION"", ""severity"": ""info"", ""interpretation_level"": 1, ""message"": ""Metric 'gap_entropy' deviates from 'density_shuffle' null with z=-3.505. This is a tripwire, not a conclusion.""}"
C:\github\5hr-conlang\riemann_analysis\rrlang\outputs\mesu_register_v0_3_nulls100\mesu_basho_text_only.json,mesu_register_v0_3_nulls100,,,,mesu,unknown,unknown,,,,,,,,,grapheme_class,42,,,consonant,Positions classified as consonant in the grapheme-class stream.,15,warning,PERIODICITY_OR_CLUSTERING_WARNING,1,"Gap entropy is substantially lower than the 'density_shuffle' null expectation. Inspect for periodicity, clustering, repeated material, genre constraints, or local phonotactic regularity.","{""code"": ""PERIODICITY_OR_CLUSTERING_WARNING"", ""severity"": ""warning"", ""interpretation_level"": 1, ""message"": ""Gap entropy is substantially lower than the 'density_shuffle' null expectation. Inspect for periodicity, clustering, repeated material, genre constraints, or local phonotactic regularity.""}"
C:\github\5hr-conlang\riemann_analysis\rrlang\outputs\mesu_register_v0_3_nulls100\mesu_basho_text_only.json,mesu_register_v0_3_nulls100,,,,mesu,unknown,unknown,,,,,,,,,grapheme_class,42,,,digit,Positions classified as digit in the grapheme-class stream.,0,warning,WINDOW_TOO_SMALL,0,The event map has fewer than 128 positions; positional and spectral metrics may be unstable.,"{""code"": ""WINDOW_TOO_SMALL"", ""severity"": ""warning"", ""interpretation_level"": 0, ""message"": ""The event map has fewer than 128 positions; positional and spectral metrics may be unstable.""}"
C:\github\5hr-conlang\riemann_analysis\rrlang\outputs\mesu_register_v0_3_nulls100\mesu_basho_text_only.json,mesu_register_v0_3_nulls100,,,,mesu,unknown,unknown,,,,,,,,,grapheme_class,42,,,digit,Positions classified as digit in the grapheme-class stream.,0,warning,LOW_EVENT_COUNT,0,The event occurs fewer than five times; gap and prime-position metrics are weak evidence.,"{""code"": ""LOW_EVENT_COUNT"", ""severity"": ""warning"", ""interpretation_level"": 0, ""message"": ""The event occurs fewer than five times; gap and prime-position metrics are weak evidence.""}"
C:\github\5hr-conlang\riemann_analysis\rrlang\outputs\mesu_register_v0_3_nulls100\mesu_basho_text_only.json,mesu_register_v0_3_nulls100,,,,mesu,unknown,unknown,,,,,,,,,grapheme_class,42,,,digit,Positions classified as digit in the grapheme-class stream.,0,warning,DEGENERATE_EVENT_MAP,0,The event map is all false or all true; many metrics collapse to trivial values.,"{""code"": ""DEGENERATE_EVENT_MAP"", ""severity"": ""warning"", ""interpretation_level"": 0, ""message"": ""The event map is all false or all true; many metrics collapse to trivial values.""}"
C:\github\5hr-conlang\riemann_analysis\rrlang\outputs\mesu_register_v0_3_nulls100\mesu_basho_text_only.json,mesu_register_v0_3_nulls100,,,,mesu,unknown,unknown,,,,,,,,,grapheme_class,42,,,whitespace,Positions classified as whitespace in the grapheme-class stream.,9,warning,WINDOW_TOO_SMALL,0,The event map has fewer than 128 positions; positional and spectral metrics may be unstable.,"{""code"": ""WINDOW_TOO_SMALL"", ""severity"": ""warning"", ""interpretation_level"": 0, ""message"": ""The event map has fewer than 128 positions; positional and spectral metrics may be unstable.""}"
C:\github\5hr-conlang\riemann_analysis\rrlang\outputs\mesu_register_v0_3_nulls100\mesu_basho_text_only.json,mesu_register_v0_3_nulls100,,,,mesu,unknown,unknown,,,,,,,,,grapheme_class,42,,,punctuation,Positions classified as punctuation in the grapheme-class stream.,5,warning,WINDOW_TOO_SMALL,0,The event map has fewer than 128 positions; positional and spectral metrics may be unstable.,"{""code"": ""WINDOW_TOO_SMALL"", ""severity"": ""warning"", ""interpretation_level"": 0, ""message"": ""The event map has fewer than 128 positions; positional and spectral metrics may be unstable.""}"
C:\github\5hr-conlang\riemann_analysis\rrlang\outputs\mesu_register_v0_3_nulls100\mesu_basho_text_only.json,mesu_register_v0_3_nulls100,,,,mesu,unknown,unknown,,,,,,,,,grapheme_class,42,,,hyphen_boundary,Positions classified as hyphen_boundary in the grapheme-class stream.,0,warning,WINDOW_TOO_SMALL,0,The event map has fewer than 128 positions; positional and spectral metrics may be unstable.,"{""code"": ""WINDOW_TOO_SMALL"", ""severity"": ""warning"", ""interpretation_level"": 0, ""message"": ""The event map has fewer than 128 positions; positional and spectral metrics may be unstable.""}"
C:\github\5hr-conlang\riemann_analysis\rrlang\outputs\mesu_register_v0_3_nulls100\mesu_basho_text_only.json,mesu_register_v0_3_nulls100,,,,mesu,unknown,unknown,,,,,,,,,grapheme_class,42,,,hyphen_boundary,Positions classified as hyphen_boundary in the grapheme-class stream.,0,warning,LOW_EVENT_COUNT,0,The event occurs fewer than five times; gap and prime-position metrics are weak evidence.,"{""code"": ""LOW_EVENT_COUNT"", ""severity"": ""warning"", ""interpretation_level"": 0, ""message"": ""The event occurs fewer than five times; gap and prime-position metrics are weak evidence.""}"
C:\github\5hr-conlang\riemann_analysis\rrlang\outputs\mesu_register_v0_3_nulls100\mesu_basho_text_only.json,mesu_register_v0_3_nulls100,,,,mesu,unknown,unknown,,,,,,,,,grapheme_class,42,,,hyphen_boundary,Positions classified as hyphen_boundary in the grapheme-class stream.,0,warning,DEGENERATE_EVENT_MAP,0,The event map is all false or all true; many metrics collapse to trivial values.,"{""code"": ""DEGENERATE_EVENT_MAP"", ""severity"": ""warning"", ""interpretation_level"": 0, ""message"": ""The event map is all false or all true; many metrics collapse to trivial values.""}"
C:\github\5hr-conlang\riemann_analysis\rrlang\outputs\mesu_register_v0_3_nulls100\mesu_basho_text_only.json,mesu_register_v0_3_nulls100,,,,mesu,unknown,unknown,,,,,,,,,grapheme_class,42,,,other,Positions classified as other in the grapheme-class stream.,0,warning,WINDOW_TOO_SMALL,0,The event map has fewer than 128 positions; positional and spectral metrics may be unstable.,"{""code"": ""WINDOW_TOO_SMALL"", ""severity"": ""warning"", ""interpretation_level"": 0, ""message"": ""The event map has fewer than 128 positions; positional and spectral metrics may be unstable.""}"
C:\github\5hr-conlang\riemann_analysis\rrlang\outputs\mesu_register_v0_3_nulls100\mesu_basho_text_only.json,mesu_register_v0_3_nulls100,,,,mesu,unknown,unknown,,,,,,,,,grapheme_class,42,,,other,Positions classified as other in the grapheme-class stream.,0,warning,LOW_EVENT_COUNT,0,The event occurs fewer than five times; gap and prime-position metrics are weak evidence.,"{""code"": ""LOW_EVENT_COUNT"", ""severity"": ""warning"", ""interpretation_level"": 0, ""message"": ""The event occurs fewer than five times; gap and prime-position metrics are weak evidence.""}"
C:\github\5hr-conlang\riemann_analysis\rrlang\outputs\mesu_register_v0_3_nulls100\mesu_basho_text_only.json,mesu_register_v0_3_nulls100,,,,mesu,unknown,unknown,,,,,,,,,grapheme_class,42,,,other,Positions classified as other in the grapheme-class stream.,0,warning,DEGENERATE_EVENT_MAP,0,The event map is all false or all true; many metrics collapse to trivial values.,"{""code"": ""DEGENERATE_EVENT_MAP"", ""severity"": ""warning"", ""interpretation_level"": 0, ""message"": ""The event map is all false or all true; many metrics collapse to trivial values.""}"
C:\github\5hr-conlang\riemann_analysis\rrlang\outputs\mesu_register_v0_3_nulls100\mesu_basho_text_only.json,mesu_register_v0_3_nulls100,,,,mesu,unknown,unknown,,,,,,,,,word_boundary,42,,,word_boundary,Positions marked as word boundaries after declared whitespace preprocessing.,9,warning,WINDOW_TOO_SMALL,0,The event map has fewer than 128 positions; positional and spectral metrics may be unstable.,"{""code"": ""WINDOW_TOO_SMALL"", ""severity"": ""warning"", ""interpretation_level"": 0, ""message"": ""The event map has fewer than 128 positions; positional and spectral metrics may be unstable.""}"
C:\github\5hr-conlang\riemann_analysis\rrlang\outputs\mesu_register_v0_3_nulls100\mesu_basho_text_only.json,mesu_register_v0_3_nulls100,,,,mesu,unknown,unknown,,,,,,,,,frequency_class,13,,,hapax,Token positions in frequency class hapax.,10,warning,WINDOW_TOO_SMALL,0,The event map has fewer than 128 positions; positional and spectral metrics may be unstable.,"{""code"": ""WINDOW_TOO_SMALL"", ""severity"": ""warning"", ""interpretation_level"": 0, ""message"": ""The event map has fewer than 128 positions; positional and spectral metrics may be unstable.""}"
C:\github\5hr-conlang\riemann_analysis\rrlang\outputs\mesu_register_v0_3_nulls100\mesu_basho_text_only.json,mesu_register_v0_3_nulls100,,,,mesu,unknown,unknown,,,,,,,,,frequency_class,13,,,mid_frequency,Token positions in frequency class mid_frequency.,3,warning,WINDOW_TOO_SMALL,0,The event map has fewer than 128 positions; positional and spectral metrics may be unstable.,"{""code"": ""WINDOW_TOO_SMALL"", ""severity"": ""warning"", ""interpretation_level"": 0, ""message"": ""The event map has fewer than 128 positions; positional and spectral metrics may be unstable.""}"
C:\github\5hr-conlang\riemann_analysis\rrlang\outputs\mesu_register_v0_3_nulls100\mesu_basho_text_only.json,mesu_register_v0_3_nulls100,,,,mesu,unknown,unknown,,,,,,,,,frequency_class,13,,,mid_frequency,Token positions in frequency class mid_frequency.,3,warning,LOW_EVENT_COUNT,0,The event occurs fewer than five times; gap and prime-position metrics are weak evidence.,"{""code"": ""LOW_EVENT_COUNT"", ""severity"": ""warning"", ""interpretation_level"": 0, ""message"": ""The event occurs fewer than five times; gap and prime-position metrics are weak evidence.""}"
C:\github\5hr-conlang\riemann_analysis\rrlang\outputs\mesu_register_v0_3_nulls100\mesu_basho_text_only.json,mesu_register_v0_3_nulls100,,,,mesu,unknown,unknown,,,,,,,,,frequency_class,13,,,high_frequency,Token positions in frequency class high_frequency.,0,warning,WINDOW_TOO_SMALL,0,The event map has fewer than 128 positions; positional and spectral metrics may be unstable.,"{""code"": ""WINDOW_TOO_SMALL"", ""severity"": ""warning"", ""interpretation_level"": 0, ""message"": ""The event map has fewer than 128 positions; positional and spectral metrics may be unstable.""}"
C:\github\5hr-conlang\riemann_analysis\rrlang\outputs\mesu_register_v0_3_nulls100\mesu_basho_text_only.json,mesu_register_v0_3_nulls100,,,,mesu,unknown,unknown,,,,,,,,,frequency_class,13,,,high_frequency,Token positions in frequency class high_frequency.,0,warning,LOW_EVENT_COUNT,0,The event occurs fewer than five times; gap and prime-position metrics are weak evidence.,"{""code"": ""LOW_EVENT_COUNT"", ""severity"": ""warning"", ""interpretation_level"": 0, ""message"": ""The event occurs fewer than five times; gap and prime-position metrics are weak evidence.""}"
C:\github\5hr-conlang\riemann_analysis\rrlang\outputs\mesu_register_v0_3_nulls100\mesu_basho_text_only.json,mesu_register_v0_3_nulls100,,,,mesu,unknown,unknown,,,,,,,,,frequency_class,13,,,high_frequency,Token positions in frequency class high_frequency.,0,warning,DEGENERATE_EVENT_MAP,0,The event map is all false or all true; many metrics collapse to trivial values.,"{""code"": ""DEGENERATE_EVENT_MAP"", ""severity"": ""warning"", ""interpretation_level"": 0, ""message"": ""The event map is all false or all true; many metrics collapse to trivial values.""}"
C:\github\5hr-conlang\riemann_analysis\rrlang\outputs\mesu_register_v0_3_nulls100\mesu_thomas_text_only.json,mesu_register_v0_3_nulls100,,,,mesu,unknown,unknown,,,,,,,,,grapheme,1002,,,vowel,Basic Latin-vowel positions plus common accented vowels.,305,info,STATISTICAL_DEVIATION,1,"Metric 'gap_entropy' deviates from 'density_shuffle' null with z=-107.209. This is a tripwire, not a conclusion.","{""code"": ""STATISTICAL_DEVIATION"", ""severity"": ""info"", ""interpretation_level"": 1, ""message"": ""Metric 'gap_entropy' deviates from 'density_shuffle' null with z=-107.209. This is a tripwire, not a conclusion.""}"
C:\github\5hr-conlang\riemann_analysis\rrlang\outputs\mesu_register_v0_3_nulls100\mesu_thomas_text_only.json,mesu_register_v0_3_nulls100,,,,mesu,unknown,unknown,,,,,,,,,grapheme,1002,,,vowel,Basic Latin-vowel positions plus common accented vowels.,305,warning,PERIODICITY_OR_CLUSTERING_WARNING,1,"Gap entropy is substantially lower than the 'density_shuffle' null expectation. Inspect for periodicity, clustering, repeated material, genre constraints, or local phonotactic regularity.","{""code"": ""PERIODICITY_OR_CLUSTERING_WARNING"", ""severity"": ""warning"", ""interpretation_level"": 1, ""message"": ""Gap entropy is substantially lower than the 'density_shuffle' null expectation. Inspect for periodicity, clustering, repeated material, genre constraints, or local phonotactic regularity.""}"
C:\github\5hr-conlang\riemann_analysis\rrlang\outputs\mesu_register_v0_3_nulls100\mesu_thomas_text_only.json,mesu_register_v0_3_nulls100,,,,mesu,unknown,unknown,,,,,,,,,grapheme,1002,,,vowel,Basic Latin-vowel positions plus common accented vowels.,305,info,STATISTICAL_DEVIATION,1,"Metric 'run_entropy' deviates from 'density_shuffle' null with z=-12.150. This is a tripwire, not a conclusion.","{""code"": ""STATISTICAL_DEVIATION"", ""severity"": ""info"", ""interpretation_level"": 1, ""message"": ""Metric 'run_entropy' deviates from 'density_shuffle' null with z=-12.150. This is a tripwire, not a conclusion.""}"
C:\github\5hr-conlang\riemann_analysis\rrlang\outputs\mesu_register_v0_3_nulls100\mesu_thomas_text_only.json,mesu_register_v0_3_nulls100,,,,mesu,unknown,unknown,,,,,,,,,grapheme,1002,,,vowel,Basic Latin-vowel positions plus common accented vowels.,305,warning,OVER_REGULARITY_WARNING,1,"Run entropy is substantially lower than the 'density_shuffle' null expectation. Possible causes include genuine structure, repeated boilerplate, encoding artefact, formal constraint, or local transition structure not captured by this null.","{""code"": ""OVER_REGULARITY_WARNING"", ""severity"": ""warning"", ""interpretation_level"": 1, ""message"": ""Run entropy is substantially lower than the 'density_shuffle' null expectation. Possible causes include genuine structure, repeated boilerplate, encoding artefact, formal constraint, or local transition structure not captured by this null.""}"
C:\github\5hr-conlang\riemann_analysis\rrlang\outputs\mesu_register_v0_3_nulls100\mesu_thomas_text_only.json,mesu_register_v0_3_nulls100,,,,mesu,unknown,unknown,,,,,,,,,grapheme,1002,,,vowel,Basic Latin-vowel positions plus common accented vowels.,305,info,STATISTICAL_DEVIATION,1,"Metric 'prime_gap_affinity' deviates from 'density_shuffle' null with z=10.149. This is a tripwire, not a conclusion.","{""code"": ""STATISTICAL_DEVIATION"", ""severity"": ""info"", ""interpretation_level"": 1, ""message"": ""Metric 'prime_gap_affinity' deviates from 'density_shuffle' null with z=10.149. This is a tripwire, not a conclusion.""}"
C:\github\5hr-conlang\riemann_analysis\rrlang\outputs\mesu_register_v0_3_nulls100\mesu_thomas_text_only.json,mesu_register_v0_3_nulls100,,,,mesu,unknown,unknown,,,,,,,,,grapheme,1002,,,vowel,Basic Latin-vowel positions plus common accented vowels.,305,info,STATISTICAL_DEVIATION,2,"Metric 'gap_entropy' deviates from 'markov_1' null with z=-11.590. This is a tripwire, not a conclusion.","{""code"": ""STATISTICAL_DEVIATION"", ""severity"": ""info"", ""interpretation_level"": 2, ""message"": ""Metric 'gap_entropy' deviates from 'markov_1' null with z=-11.590. This is a tripwire, not a conclusion.""}"
C:\github\5hr-conlang\riemann_analysis\rrlang\outputs\mesu_register_v0_3_nulls100\mesu_thomas_text_only.json,mesu_register_v0_3_nulls100,,,,mesu,unknown,unknown,,,,,,,,,grapheme,1002,,,vowel,Basic Latin-vowel positions plus common accented vowels.,305,warning,PERIODICITY_OR_CLUSTERING_WARNING,2,"Gap entropy is substantially lower than the 'markov_1' null expectation. Inspect for periodicity, clustering, repeated material, genre constraints, or local phonotactic regularity.","{""code"": ""PERIODICITY_OR_CLUSTERING_WARNING"", ""severity"": ""warning"", ""interpretation_level"": 2, ""message"": ""Gap entropy is substantially lower than the 'markov_1' null expectation. Inspect for periodicity, clustering, repeated material, genre constraints, or local phonotactic regularity.""}"
C:\github\5hr-conlang\riemann_analysis\rrlang\outputs\mesu_register_v0_3_nulls100\mesu_thomas_text_only.json,mesu_register_v0_3_nulls100,,,,mesu,unknown,unknown,,,,,,,,,grapheme,1002,,,consonant,Alphabetic non-vowel positions under the MVP classifier.,350,info,STATISTICAL_DEVIATION,1,"Metric 'gap_entropy' deviates from 'density_shuffle' null with z=-52.533. This is a tripwire, not a conclusion.","{""code"": ""STATISTICAL_DEVIATION"", ""severity"": ""info"", ""interpretation_level"": 1, ""message"": ""Metric 'gap_entropy' deviates from 'density_shuffle' null with z=-52.533. This is a tripwire, not a conclusion.""}"
C:\github\5hr-conlang\riemann_analysis\rrlang\outputs\mesu_register_v0_3_nulls100\mesu_thomas_text_only.json,mesu_register_v0_3_nulls100,,,,mesu,unknown,unknown,,,,,,,,,grapheme,1002,,,consonant,Alphabetic non-vowel positions under the MVP classifier.,350,warning,PERIODICITY_OR_CLUSTERING_WARNING,1,"Gap entropy is substantially lower than the 'density_shuffle' null expectation. Inspect for periodicity, clustering, repeated material, genre constraints, or local phonotactic regularity.","{""code"": ""PERIODICITY_OR_CLUSTERING_WARNING"", ""severity"": ""warning"", ""interpretation_level"": 1, ""message"": ""Gap entropy is substantially lower than the 'density_shuffle' null expectation. Inspect for periodicity, clustering, repeated material, genre constraints, or local phonotactic regularity.""}"
C:\github\5hr-conlang\riemann_analysis\rrlang\outputs\mesu_register_v0_3_nulls100\mesu_thomas_text_only.json,mesu_register_v0_3_nulls100,,,,mesu,unknown,unknown,,,,,,,,,grapheme,1002,,,consonant,Alphabetic non-vowel positions under the MVP classifier.,350,info,STATISTICAL_DEVIATION,1,"Metric 'run_entropy' deviates from 'density_shuffle' null with z=-14.948. This is a tripwire, not a conclusion.","{""code"": ""STATISTICAL_DEVIATION"", ""severity"": ""info"", ""interpretation_level"": 1, ""message"": ""Metric 'run_entropy' deviates from 'density_shuffle' null with z=-14.948. This is a tripwire, not a conclusion.""}"
C:\github\5hr-conlang\riemann_analysis\rrlang\outputs\mesu_register_v0_3_nulls100\mesu_thomas_text_only.json,mesu_register_v0_3_nulls100,,,,mesu,unknown,unknown,,,,,,,,,grapheme,1002,,,consonant,Alphabetic non-vowel positions under the MVP classifier.,350,warning,OVER_REGULARITY_WARNING,1,"Run entropy is substantially lower than the 'density_shuffle' null expectation. Possible causes include genuine structure, repeated boilerplate, encoding artefact, formal constraint, or local transition structure not captured by this null.","{""code"": ""OVER_REGULARITY_WARNING"", ""severity"": ""warning"", ""interpretation_level"": 1, ""message"": ""Run entropy is substantially lower than the 'density_shuffle' null expectation. Possible causes include genuine structure, repeated boilerplate, encoding artefact, formal constraint, or local transition structure not captured by this null.""}"
C:\github\5hr-conlang\riemann_analysis\rrlang\outputs\mesu_register_v0_3_nulls100\mesu_thomas_text_only.json,mesu_register_v0_3_nulls100,,,,mesu,unknown,unknown,,,,,,,,,grapheme,1002,,,consonant,Alphabetic non-vowel positions under the MVP classifier.,350,info,STATISTICAL_DEVIATION,1,"Metric 'prime_gap_affinity' deviates from 'density_shuffle' null with z=15.000. This is a tripwire, not a conclusion.","{""code"": ""STATISTICAL_DEVIATION"", ""severity"": ""info"", ""interpretation_level"": 1, ""message"": ""Metric 'prime_gap_affinity' deviates from 'density_shuffle' null with z=15.000. This is a tripwire, not a conclusion.""}"
C:\github\5hr-conlang\riemann_analysis\rrlang\outputs\mesu_register_v0_3_nulls100\mesu_thomas_text_only.json,mesu_register_v0_3_nulls100,,,,mesu,unknown,unknown,,,,,,,,,grapheme,1002,,,consonant,Alphabetic non-vowel positions under the MVP classifier.,350,info,STATISTICAL_DEVIATION,2,"Metric 'run_entropy' deviates from 'gap_order_shuffle' null with z=4.308. This is a tripwire, not a conclusion.","{""code"": ""STATISTICAL_DEVIATION"", ""severity"": ""info"", ""interpretation_level"": 2, ""message"": ""Metric 'run_entropy' deviates from 'gap_order_shuffle' null with z=4.308. This is a tripwire, not a conclusion.""}"
C:\github\5hr-conlang\riemann_analysis\rrlang\outputs\mesu_register_v0_3_nulls100\mesu_thomas_text_only.json,mesu_register_v0_3_nulls100,,,,mesu,unknown,unknown,,,,,,,,,grapheme,1002,,,whitespace,Whitespace positions.,213,info,STATISTICAL_DEVIATION,1,"Metric 'gap_entropy' deviates from 'density_shuffle' null with z=-24.674. This is a tripwire, not a conclusion.","{""code"": ""STATISTICAL_DEVIATION"", ""severity"": ""info"", ""interpretation_level"": 1, ""message"": ""Metric 'gap_entropy' deviates from 'density_shuffle' null with z=-24.674. This is a tripwire, not a conclusion.""}"
C:\github\5hr-conlang\riemann_analysis\rrlang\outputs\mesu_register_v0_3_nulls100\mesu_thomas_text_only.json,mesu_register_v0_3_nulls100,,,,mesu,unknown,unknown,,,,,,,,,grapheme,1002,,,whitespace,Whitespace positions.,213,warning,PERIODICITY_OR_CLUSTERING_WARNING,1,"Gap entropy is substantially lower than the 'density_shuffle' null expectation. Inspect for periodicity, clustering, repeated material, genre constraints, or local phonotactic regularity.","{""code"": ""PERIODICITY_OR_CLUSTERING_WARNING"", ""severity"": ""warning"", ""interpretation_level"": 1, ""message"": ""Gap entropy is substantially lower than the 'density_shuffle' null expectation. Inspect for periodicity, clustering, repeated material, genre constraints, or local phonotactic regularity.""}"
C:\github\5hr-conlang\riemann_analysis\rrlang\outputs\mesu_register_v0_3_nulls100\mesu_thomas_text_only.json,mesu_register_v0_3_nulls100,,,,mesu,unknown,unknown,,,,,,,,,grapheme,1002,,,whitespace,Whitespace positions.,213,info,STATISTICAL_DEVIATION,1,"Metric 'run_entropy' deviates from 'density_shuffle' null with z=-6.471. This is a tripwire, not a conclusion.","{""code"": ""STATISTICAL_DEVIATION"", ""severity"": ""info"", ""interpretation_level"": 1, ""message"": ""Metric 'run_entropy' deviates from 'density_shuffle' null with z=-6.471. This is a tripwire, not a conclusion.""}"
C:\github\5hr-conlang\riemann_analysis\rrlang\outputs\mesu_register_v0_3_nulls100\mesu_thomas_text_only.json,mesu_register_v0_3_nulls100,,,,mesu,unknown,unknown,,,,,,,,,grapheme,1002,,,whitespace,Whitespace positions.,213,warning,OVER_REGULARITY_WARNING,1,"Run entropy is substantially lower than the 'density_shuffle' null expectation. Possible causes include genuine structure, repeated boilerplate, encoding artefact, formal constraint, or local transition structure not captured by this null.","{""code"": ""OVER_REGULARITY_WARNING"", ""severity"": ""warning"", ""interpretation_level"": 1, ""message"": ""Run entropy is substantially lower than the 'density_shuffle' null expectation. Possible causes include genuine structure, repeated boilerplate, encoding artefact, formal constraint, or local transition structure not captured by this null.""}"
C:\github\5hr-conlang\riemann_analysis\rrlang\outputs\mesu_register_v0_3_nulls100\mesu_thomas_text_only.json,mesu_register_v0_3_nulls100,,,,mesu,unknown,unknown,,,,,,,,,grapheme,1002,,,whitespace,Whitespace positions.,213,info,STATISTICAL_DEVIATION,1,"Metric 'prime_gap_affinity' deviates from 'density_shuffle' null with z=4.851. This is a tripwire, not a conclusion.","{""code"": ""STATISTICAL_DEVIATION"", ""severity"": ""info"", ""interpretation_level"": 1, ""message"": ""Metric 'prime_gap_affinity' deviates from 'density_shuffle' null with z=4.851. This is a tripwire, not a conclusion.""}"
C:\github\5hr-conlang\riemann_analysis\rrlang\outputs\mesu_register_v0_3_nulls100\mesu_thomas_text_only.json,mesu_register_v0_3_nulls100,,,,mesu,unknown,unknown,,,,,,,,,grapheme,1002,,,whitespace,Whitespace positions.,213,info,STATISTICAL_DEVIATION,2,"Metric 'gap_entropy' deviates from 'markov_1' null with z=-3.124. This is a tripwire, not a conclusion.","{""code"": ""STATISTICAL_DEVIATION"", ""severity"": ""info"", ""interpretation_level"": 2, ""message"": ""Metric 'gap_entropy' deviates from 'markov_1' null with z=-3.124. This is a tripwire, not a conclusion.""}"
C:\github\5hr-conlang\riemann_analysis\rrlang\outputs\mesu_register_v0_3_nulls100\mesu_thomas_text_only.json,mesu_register_v0_3_nulls100,,,,mesu,unknown,unknown,,,,,,,,,grapheme,1002,,,whitespace,Whitespace positions.,213,warning,PERIODICITY_OR_CLUSTERING_WARNING,2,"Gap entropy is substantially lower than the 'markov_1' null expectation. Inspect for periodicity, clustering, repeated material, genre constraints, or local phonotactic regularity.","{""code"": ""PERIODICITY_OR_CLUSTERING_WARNING"", ""severity"": ""warning"", ""interpretation_level"": 2, ""message"": ""Gap entropy is substantially lower than the 'markov_1' null expectation. Inspect for periodicity, clustering, repeated material, genre constraints, or local phonotactic regularity.""}"
C:\github\5hr-conlang\riemann_analysis\rrlang\outputs\mesu_register_v0_3_nulls100\mesu_thomas_text_only.json,mesu_register_v0_3_nulls100,,,,mesu,unknown,unknown,,,,,,,,,grapheme,1002,,,punctuation,Punctuation positions under the declared punctuation/hyphen policies.,134,info,STATISTICAL_DEVIATION,1,"Metric 'gap_entropy' deviates from 'density_shuffle' null with z=-13.435. This is a tripwire, not a conclusion.","{""code"": ""STATISTICAL_DEVIATION"", ""severity"": ""info"", ""interpretation_level"": 1, ""message"": ""Metric 'gap_entropy' deviates from 'density_shuffle' null with z=-13.435. This is a tripwire, not a conclusion.""}"
C:\github\5hr-conlang\riemann_analysis\rrlang\outputs\mesu_register_v0_3_nulls100\mesu_thomas_text_only.json,mesu_register_v0_3_nulls100,,,,mesu,unknown,unknown,,,,,,,,,grapheme,1002,,,punctuation,Punctuation positions under the declared punctuation/hyphen policies.,134,warning,PERIODICITY_OR_CLUSTERING_WARNING,1,"Gap entropy is substantially lower than the 'density_shuffle' null expectation. Inspect for periodicity, clustering, repeated material, genre constraints, or local phonotactic regularity.","{""code"": ""PERIODICITY_OR_CLUSTERING_WARNING"", ""severity"": ""warning"", ""interpretation_level"": 1, ""message"": ""Gap entropy is substantially lower than the 'density_shuffle' null expectation. Inspect for periodicity, clustering, repeated material, genre constraints, or local phonotactic regularity.""}"
C:\github\5hr-conlang\riemann_analysis\rrlang\outputs\mesu_register_v0_3_nulls100\mesu_thomas_text_only.json,mesu_register_v0_3_nulls100,,,,mesu,unknown,unknown,,,,,,,,,grapheme,1002,,,punctuation,Punctuation positions under the declared punctuation/hyphen policies.,134,info,STATISTICAL_DEVIATION,1,"Metric 'run_entropy' deviates from 'density_shuffle' null with z=-3.529. This is a tripwire, not a conclusion.","{""code"": ""STATISTICAL_DEVIATION"", ""severity"": ""info"", ""interpretation_level"": 1, ""message"": ""Metric 'run_entropy' deviates from 'density_shuffle' null with z=-3.529. This is a tripwire, not a conclusion.""}"
C:\github\5hr-conlang\riemann_analysis\rrlang\outputs\mesu_register_v0_3_nulls100\mesu_thomas_text_only.json,mesu_register_v0_3_nulls100,,,,mesu,unknown,unknown,,,,,,,,,grapheme,1002,,,punctuation,Punctuation positions under the declared punctuation/hyphen policies.,134,warning,OVER_REGULARITY_WARNING,1,"Run entropy is substantially lower than the 'density_shuffle' null expectation. Possible causes include genuine structure, repeated boilerplate, encoding artefact, formal constraint, or local transition structure not captured by this null.","{""code"": ""OVER_REGULARITY_WARNING"", ""severity"": ""warning"", ""interpretation_level"": 1, ""message"": ""Run entropy is substantially lower than the 'density_shuffle' null expectation. Possible causes include genuine structure, repeated boilerplate, encoding artefact, formal constraint, or local transition structure not captured by this null.""}"
C:\github\5hr-conlang\riemann_analysis\rrlang\outputs\mesu_register_v0_3_nulls100\mesu_thomas_text_only.json,mesu_register_v0_3_nulls100,,,,mesu,unknown,unknown,,,,,,,,,grapheme,1002,,,punctuation,Punctuation positions under the declared punctuation/hyphen policies.,134,info,STATISTICAL_DEVIATION,2,"Metric 'gap_entropy' deviates from 'markov_1' null with z=-4.370. This is a tripwire, not a conclusion.","{""code"": ""STATISTICAL_DEVIATION"", ""severity"": ""info"", ""interpretation_level"": 2, ""message"": ""Metric 'gap_entropy' deviates from 'markov_1' null with z=-4.370. This is a tripwire, not a conclusion.""}"
C:\github\5hr-conlang\riemann_analysis\rrlang\outputs\mesu_register_v0_3_nulls100\mesu_thomas_text_only.json,mesu_register_v0_3_nulls100,,,,mesu,unknown,unknown,,,,,,,,,grapheme,1002,,,punctuation,Punctuation positions under the declared punctuation/hyphen policies.,134,warning,PERIODICITY_OR_CLUSTERING_WARNING,2,"Gap entropy is substantially lower than the 'markov_1' null expectation. Inspect for periodicity, clustering, repeated material, genre constraints, or local phonotactic regularity.","{""code"": ""PERIODICITY_OR_CLUSTERING_WARNING"", ""severity"": ""warning"", ""interpretation_level"": 2, ""message"": ""Gap entropy is substantially lower than the 'markov_1' null expectation. Inspect for periodicity, clustering, repeated material, genre constraints, or local phonotactic regularity.""}"
C:\github\5hr-conlang\riemann_analysis\rrlang\outputs\mesu_register_v0_3_nulls100\mesu_thomas_text_only.json,mesu_register_v0_3_nulls100,,,,mesu,unknown,unknown,,,,,,,,,grapheme,1002,,,punctuation,Punctuation positions under the declared punctuation/hyphen policies.,134,info,STATISTICAL_DEVIATION,2,"Metric 'prime_gap_affinity' deviates from 'markov_1' null with z=-3.717. This is a tripwire, not a conclusion.","{""code"": ""STATISTICAL_DEVIATION"", ""severity"": ""info"", ""interpretation_level"": 2, ""message"": ""Metric 'prime_gap_affinity' deviates from 'markov_1' null with z=-3.717. This is a tripwire, not a conclusion.""}"
C:\github\5hr-conlang\riemann_analysis\rrlang\outputs\mesu_register_v0_3_nulls100\mesu_thomas_text_only.json,mesu_register_v0_3_nulls100,,,,mesu,unknown,unknown,,,,,,,,,grapheme,1002,,,hyphen_boundary,Hyphen positions treated as morpheme boundaries by the declared hyphen policy.,0,warning,LOW_EVENT_COUNT,0,The event occurs fewer than five times; gap and prime-position metrics are weak evidence.,"{""code"": ""LOW_EVENT_COUNT"", ""severity"": ""warning"", ""interpretation_level"": 0, ""message"": ""The event occurs fewer than five times; gap and prime-position metrics are weak evidence.""}"
C:\github\5hr-conlang\riemann_analysis\rrlang\outputs\mesu_register_v0_3_nulls100\mesu_thomas_text_only.json,mesu_register_v0_3_nulls100,,,,mesu,unknown,unknown,,,,,,,,,grapheme,1002,,,hyphen_boundary,Hyphen positions treated as morpheme boundaries by the declared hyphen policy.,0,warning,DEGENERATE_EVENT_MAP,0,The event map is all false or all true; many metrics collapse to trivial values.,"{""code"": ""DEGENERATE_EVENT_MAP"", ""severity"": ""warning"", ""interpretation_level"": 0, ""message"": ""The event map is all false or all true; many metrics collapse to trivial values.""}"
C:\github\5hr-conlang\riemann_analysis\rrlang\outputs\mesu_register_v0_3_nulls100\mesu_thomas_text_only.json,mesu_register_v0_3_nulls100,,,,mesu,unknown,unknown,,,,,,,,,grapheme,1002,,,digit,ASCII digit positions.,0,warning,LOW_EVENT_COUNT,0,The event occurs fewer than five times; gap and prime-position metrics are weak evidence.,"{""code"": ""LOW_EVENT_COUNT"", ""severity"": ""warning"", ""interpretation_level"": 0, ""message"": ""The event occurs fewer than five times; gap and prime-position metrics are weak evidence.""}"
C:\github\5hr-conlang\riemann_analysis\rrlang\outputs\mesu_register_v0_3_nulls100\mesu_thomas_text_only.json,mesu_register_v0_3_nulls100,,,,mesu,unknown,unknown,,,,,,,,,grapheme,1002,,,digit,ASCII digit positions.,0,warning,DEGENERATE_EVENT_MAP,0,The event map is all false or all true; many metrics collapse to trivial values.,"{""code"": ""DEGENERATE_EVENT_MAP"", ""severity"": ""warning"", ""interpretation_level"": 0, ""message"": ""The event map is all false or all true; many metrics collapse to trivial values.""}"
C:\github\5hr-conlang\riemann_analysis\rrlang\outputs\mesu_register_v0_3_nulls100\mesu_thomas_text_only.json,mesu_register_v0_3_nulls100,,,,mesu,unknown,unknown,,,,,,,,,grapheme_class,1002,,,vowel,Positions classified as vowel in the grapheme-class stream.,305,info,STATISTICAL_DEVIATION,1,"Metric 'gap_entropy' deviates from 'density_shuffle' null with z=-99.868. This is a tripwire, not a conclusion.","{""code"": ""STATISTICAL_DEVIATION"", ""severity"": ""info"", ""interpretation_level"": 1, ""message"": ""Metric 'gap_entropy' deviates from 'density_shuffle' null with z=-99.868. This is a tripwire, not a conclusion.""}"
C:\github\5hr-conlang\riemann_analysis\rrlang\outputs\mesu_register_v0_3_nulls100\mesu_thomas_text_only.json,mesu_register_v0_3_nulls100,,,,mesu,unknown,unknown,,,,,,,,,grapheme_class,1002,,,vowel,Positions classified as vowel in the grapheme-class stream.,305,warning,PERIODICITY_OR_CLUSTERING_WARNING,1,"Gap entropy is substantially lower than the 'density_shuffle' null expectation. Inspect for periodicity, clustering, repeated material, genre constraints, or local phonotactic regularity.","{""code"": ""PERIODICITY_OR_CLUSTERING_WARNING"", ""severity"": ""warning"", ""interpretation_level"": 1, ""message"": ""Gap entropy is substantially lower than the 'density_shuffle' null expectation. Inspect for periodicity, clustering, repeated material, genre constraints, or local phonotactic regularity.""}"
C:\github\5hr-conlang\riemann_analysis\rrlang\outputs\mesu_register_v0_3_nulls100\mesu_thomas_text_only.json,mesu_register_v0_3_nulls100,,,,mesu,unknown,unknown,,,,,,,,,grapheme_class,1002,,,vowel,Positions classified as vowel in the grapheme-class stream.,305,info,STATISTICAL_DEVIATION,1,"Metric 'run_entropy' deviates from 'density_shuffle' null with z=-12.002. This is a tripwire, not a conclusion.","{""code"": ""STATISTICAL_DEVIATION"", ""severity"": ""info"", ""interpretation_level"": 1, ""message"": ""Metric 'run_entropy' deviates from 'density_shuffle' null with z=-12.002. This is a tripwire, not a conclusion.""}"
C:\github\5hr-conlang\riemann_analysis\rrlang\outputs\mesu_register_v0_3_nulls100\mesu_thomas_text_only.json,mesu_register_v0_3_nulls100,,,,mesu,unknown,unknown,,,,,,,,,grapheme_class,1002,,,vowel,Positions classified as vowel in the grapheme-class stream.,305,warning,OVER_REGULARITY_WARNING,1,"Run entropy is substantially lower than the 'density_shuffle' null expectation. Possible causes include genuine structure, repeated boilerplate, encoding artefact, formal constraint, or local transition structure not captured by this null.","{""code"": ""OVER_REGULARITY_WARNING"", ""severity"": ""warning"", ""interpretation_level"": 1, ""message"": ""Run entropy is substantially lower than the 'density_shuffle' null expectation. Possible causes include genuine structure, repeated boilerplate, encoding artefact, formal constraint, or local transition structure not captured by this null.""}"
C:\github\5hr-conlang\riemann_analysis\rrlang\outputs\mesu_register_v0_3_nulls100\mesu_thomas_text_only.json,mesu_register_v0_3_nulls100,,,,mesu,unknown,unknown,,,,,,,,,grapheme_class,1002,,,vowel,Positions classified as vowel in the grapheme-class stream.,305,info,STATISTICAL_DEVIATION,1,"Metric 'prime_gap_affinity' deviates from 'density_shuffle' null with z=9.140. This is a tripwire, not a conclusion.","{""code"": ""STATISTICAL_DEVIATION"", ""severity"": ""info"", ""interpretation_level"": 1, ""message"": ""Metric 'prime_gap_affinity' deviates from 'density_shuffle' null with z=9.140. This is a tripwire, not a conclusion.""}"
C:\github\5hr-conlang\riemann_analysis\rrlang\outputs\mesu_register_v0_3_nulls100\mesu_thomas_text_only.json,mesu_register_v0_3_nulls100,,,,mesu,unknown,unknown,,,,,,,,,grapheme_class,1002,,,vowel,Positions classified as vowel in the grapheme-class stream.,305,info,STATISTICAL_DEVIATION,2,"Metric 'gap_entropy' deviates from 'markov_1' null with z=-9.618. This is a tripwire, not a conclusion.","{""code"": ""STATISTICAL_DEVIATION"", ""severity"": ""info"", ""interpretation_level"": 2, ""message"": ""Metric 'gap_entropy' deviates from 'markov_1' null with z=-9.618. This is a tripwire, not a conclusion.""}"
C:\github\5hr-conlang\riemann_analysis\rrlang\outputs\mesu_register_v0_3_nulls100\mesu_thomas_text_only.json,mesu_register_v0_3_nulls100,,,,mesu,unknown,unknown,,,,,,,,,grapheme_class,1002,,,vowel,Positions classified as vowel in the grapheme-class stream.,305,warning,PERIODICITY_OR_CLUSTERING_WARNING,2,"Gap entropy is substantially lower than the 'markov_1' null expectation. Inspect for periodicity, clustering, repeated material, genre constraints, or local phonotactic regularity.","{""code"": ""PERIODICITY_OR_CLUSTERING_WARNING"", ""severity"": ""warning"", ""interpretation_level"": 2, ""message"": ""Gap entropy is substantially lower than the 'markov_1' null expectation. Inspect for periodicity, clustering, repeated material, genre constraints, or local phonotactic regularity.""}"
C:\github\5hr-conlang\riemann_analysis\rrlang\outputs\mesu_register_v0_3_nulls100\mesu_thomas_text_only.json,mesu_register_v0_3_nulls100,,,,mesu,unknown,unknown,,,,,,,,,grapheme_class,1002,,,consonant,Positions classified as consonant in the grapheme-class stream.,350,info,STATISTICAL_DEVIATION,1,"Metric 'gap_entropy' deviates from 'density_shuffle' null with z=-49.013. This is a tripwire, not a conclusion.","{""code"": ""STATISTICAL_DEVIATION"", ""severity"": ""info"", ""interpretation_level"": 1, ""message"": ""Metric 'gap_entropy' deviates from 'density_shuffle' null with z=-49.013. This is a tripwire, not a conclusion.""}"
C:\github\5hr-conlang\riemann_analysis\rrlang\outputs\mesu_register_v0_3_nulls100\mesu_thomas_text_only.json,mesu_register_v0_3_nulls100,,,,mesu,unknown,unknown,,,,,,,,,grapheme_class,1002,,,consonant,Positions classified as consonant in the grapheme-class stream.,350,warning,PERIODICITY_OR_CLUSTERING_WARNING,1,"Gap entropy is substantially lower than the 'density_shuffle' null expectation. Inspect for periodicity, clustering, repeated material, genre constraints, or local phonotactic regularity.","{""code"": ""PERIODICITY_OR_CLUSTERING_WARNING"", ""severity"": ""warning"", ""interpretation_level"": 1, ""message"": ""Gap entropy is substantially lower than the 'density_shuffle' null expectation. Inspect for periodicity, clustering, repeated material, genre constraints, or local phonotactic regularity.""}"
C:\github\5hr-conlang\riemann_analysis\rrlang\outputs\mesu_register_v0_3_nulls100\mesu_thomas_text_only.json,mesu_register_v0_3_nulls100,,,,mesu,unknown,unknown,,,,,,,,,grapheme_class,1002,,,consonant,Positions classified as consonant in the grapheme-class stream.,350,info,STATISTICAL_DEVIATION,1,"Metric 'run_entropy' deviates from 'density_shuffle' null with z=-12.835. This is a tripwire, not a conclusion.","{""code"": ""STATISTICAL_DEVIATION"", ""severity"": ""info"", ""interpretation_level"": 1, ""message"": ""Metric 'run_entropy' deviates from 'density_shuffle' null with z=-12.835. This is a tripwire, not a conclusion.""}"
C:\github\5hr-conlang\riemann_analysis\rrlang\outputs\mesu_register_v0_3_nulls100\mesu_thomas_text_only.json,mesu_register_v0_3_nulls100,,,,mesu,unknown,unknown,,,,,,,,,grapheme_class,1002,,,consonant,Positions classified as consonant in the grapheme-class stream.,350,warning,OVER_REGULARITY_WARNING,1,"Run entropy is substantially lower than the 'density_shuffle' null expectation. Possible causes include genuine structure, repeated boilerplate, encoding artefact, formal constraint, or local transition structure not captured by this null.","{""code"": ""OVER_REGULARITY_WARNING"", ""severity"": ""warning"", ""interpretation_level"": 1, ""message"": ""Run entropy is substantially lower than the 'density_shuffle' null expectation. Possible causes include genuine structure, repeated boilerplate, encoding artefact, formal constraint, or local transition structure not captured by this null.""}"
C:\github\5hr-conlang\riemann_analysis\rrlang\outputs\mesu_register_v0_3_nulls100\mesu_thomas_text_only.json,mesu_register_v0_3_nulls100,,,,mesu,unknown,unknown,,,,,,,,,grapheme_class,1002,,,consonant,Positions classified as consonant in the grapheme-class stream.,350,info,STATISTICAL_DEVIATION,1,"Metric 'prime_gap_affinity' deviates from 'density_shuffle' null with z=12.477. This is a tripwire, not a conclusion.","{""code"": ""STATISTICAL_DEVIATION"", ""severity"": ""info"", ""interpretation_level"": 1, ""message"": ""Metric 'prime_gap_affinity' deviates from 'density_shuffle' null with z=12.477. This is a tripwire, not a conclusion.""}"
C:\github\5hr-conlang\riemann_analysis\rrlang\outputs\mesu_register_v0_3_nulls100\mesu_thomas_text_only.json,mesu_register_v0_3_nulls100,,,,mesu,unknown,unknown,,,,,,,,,grapheme_class,1002,,,consonant,Positions classified as consonant in the grapheme-class stream.,350,info,STATISTICAL_DEVIATION,2,"Metric 'run_entropy' deviates from 'gap_order_shuffle' null with z=3.906. This is a tripwire, not a conclusion.","{""code"": ""STATISTICAL_DEVIATION"", ""severity"": ""info"", ""interpretation_level"": 2, ""message"": ""Metric 'run_entropy' deviates from 'gap_order_shuffle' null with z=3.906. This is a tripwire, not a conclusion.""}"
C:\github\5hr-conlang\riemann_analysis\rrlang\outputs\mesu_register_v0_3_nulls100\mesu_thomas_text_only.json,mesu_register_v0_3_nulls100,,,,mesu,unknown,unknown,,,,,,,,,grapheme_class,1002,,,digit,Positions classified as digit in the grapheme-class stream.,0,warning,LOW_EVENT_COUNT,0,The event occurs fewer than five times; gap and prime-position metrics are weak evidence.,"{""code"": ""LOW_EVENT_COUNT"", ""severity"": ""warning"", ""interpretation_level"": 0, ""message"": ""The event occurs fewer than five times; gap and prime-position metrics are weak evidence.""}"
C:\github\5hr-conlang\riemann_analysis\rrlang\outputs\mesu_register_v0_3_nulls100\mesu_thomas_text_only.json,mesu_register_v0_3_nulls100,,,,mesu,unknown,unknown,,,,,,,,,grapheme_class,1002,,,digit,Positions classified as digit in the grapheme-class stream.,0,warning,DEGENERATE_EVENT_MAP,0,The event map is all false or all true; many metrics collapse to trivial values.,"{""code"": ""DEGENERATE_EVENT_MAP"", ""severity"": ""warning"", ""interpretation_level"": 0, ""message"": ""The event map is all false or all true; many metrics collapse to trivial values.""}"
C:\github\5hr-conlang\riemann_analysis\rrlang\outputs\mesu_register_v0_3_nulls100\mesu_thomas_text_only.json,mesu_register_v0_3_nulls100,,,,mesu,unknown,unknown,,,,,,,,,grapheme_class,1002,,,whitespace,Positions classified as whitespace in the grapheme-class stream.,213,info,STATISTICAL_DEVIATION,1,"Metric 'gap_entropy' deviates from 'density_shuffle' null with z=-25.706. This is a tripwire, not a conclusion.","{""code"": ""STATISTICAL_DEVIATION"", ""severity"": ""info"", ""interpretation_level"": 1, ""message"": ""Metric 'gap_entropy' deviates from 'density_shuffle' null with z=-25.706. This is a tripwire, not a conclusion.""}"
C:\github\5hr-conlang\riemann_analysis\rrlang\outputs\mesu_register_v0_3_nulls100\mesu_thomas_text_only.json,mesu_register_v0_3_nulls100,,,,mesu,unknown,unknown,,,,,,,,,grapheme_class,1002,,,whitespace,Positions classified as whitespace in the grapheme-class stream.,213,warning,PERIODICITY_OR_CLUSTERING_WARNING,1,"Gap entropy is substantially lower than the 'density_shuffle' null expectation. Inspect for periodicity, clustering, repeated material, genre constraints, or local phonotactic regularity.","{""code"": ""PERIODICITY_OR_CLUSTERING_WARNING"", ""severity"": ""warning"", ""interpretation_level"": 1, ""message"": ""Gap entropy is substantially lower than the 'density_shuffle' null expectation. Inspect for periodicity, clustering, repeated material, genre constraints, or local phonotactic regularity.""}"
C:\github\5hr-conlang\riemann_analysis\rrlang\outputs\mesu_register_v0_3_nulls100\mesu_thomas_text_only.json,mesu_register_v0_3_nulls100,,,,mesu,unknown,unknown,,,,,,,,,grapheme_class,1002,,,whitespace,Positions classified as whitespace in the grapheme-class stream.,213,info,STATISTICAL_DEVIATION,1,"Metric 'run_entropy' deviates from 'density_shuffle' null with z=-6.445. This is a tripwire, not a conclusion.","{""code"": ""STATISTICAL_DEVIATION"", ""severity"": ""info"", ""interpretation_level"": 1, ""message"": ""Metric 'run_entropy' deviates from 'density_shuffle' null with z=-6.445. This is a tripwire, not a conclusion.""}"
C:\github\5hr-conlang\riemann_analysis\rrlang\outputs\mesu_register_v0_3_nulls100\mesu_thomas_text_only.json,mesu_register_v0_3_nulls100,,,,mesu,unknown,unknown,,,,,,,,,grapheme_class,1002,,,whitespace,Positions classified as whitespace in the grapheme-class stream.,213,warning,OVER_REGULARITY_WARNING,1,"Run entropy is substantially lower than the 'density_shuffle' null expectation. Possible causes include genuine structure, repeated boilerplate, encoding artefact, formal constraint, or local transition structure not captured by this null.","{""code"": ""OVER_REGULARITY_WARNING"", ""severity"": ""warning"", ""interpretation_level"": 1, ""message"": ""Run entropy is substantially lower than the 'density_shuffle' null expectation. Possible causes include genuine structure, repeated boilerplate, encoding artefact, formal constraint, or local transition structure not captured by this null.""}"
C:\github\5hr-conlang\riemann_analysis\rrlang\outputs\mesu_register_v0_3_nulls100\mesu_thomas_text_only.json,mesu_register_v0_3_nulls100,,,,mesu,unknown,unknown,,,,,,,,,grapheme_class,1002,,,whitespace,Positions classified as whitespace in the grapheme-class stream.,213,info,STATISTICAL_DEVIATION,1,"Metric 'prime_gap_affinity' deviates from 'density_shuffle' null with z=4.103. This is a tripwire, not a conclusion.","{""code"": ""STATISTICAL_DEVIATION"", ""severity"": ""info"", ""interpretation_level"": 1, ""message"": ""Metric 'prime_gap_affinity' deviates from 'density_shuffle' null with z=4.103. This is a tripwire, not a conclusion.""}"
C:\github\5hr-conlang\riemann_analysis\rrlang\outputs\mesu_register_v0_3_nulls100\mesu_thomas_text_only.json,mesu_register_v0_3_nulls100,,,,mesu,unknown,unknown,,,,,,,,,grapheme_class,1002,,,punctuation,Positions classified as punctuation in the grapheme-class stream.,134,info,STATISTICAL_DEVIATION,1,"Metric 'gap_entropy' deviates from 'density_shuffle' null with z=-14.337. This is a tripwire, not a conclusion.","{""code"": ""STATISTICAL_DEVIATION"", ""severity"": ""info"", ""interpretation_level"": 1, ""message"": ""Metric 'gap_entropy' deviates from 'density_shuffle' null with z=-14.337. This is a tripwire, not a conclusion.""}"
C:\github\5hr-conlang\riemann_analysis\rrlang\outputs\mesu_register_v0_3_nulls100\mesu_thomas_text_only.json,mesu_register_v0_3_nulls100,,,,mesu,unknown,unknown,,,,,,,,,grapheme_class,1002,,,punctuation,Positions classified as punctuation in the grapheme-class stream.,134,warning,PERIODICITY_OR_CLUSTERING_WARNING,1,"Gap entropy is substantially lower than the 'density_shuffle' null expectation. Inspect for periodicity, clustering, repeated material, genre constraints, or local phonotactic regularity.","{""code"": ""PERIODICITY_OR_CLUSTERING_WARNING"", ""severity"": ""warning"", ""interpretation_level"": 1, ""message"": ""Gap entropy is substantially lower than the 'density_shuffle' null expectation. Inspect for periodicity, clustering, repeated material, genre constraints, or local phonotactic regularity.""}"
C:\github\5hr-conlang\riemann_analysis\rrlang\outputs\mesu_register_v0_3_nulls100\mesu_thomas_text_only.json,mesu_register_v0_3_nulls100,,,,mesu,unknown,unknown,,,,,,,,,grapheme_class,1002,,,punctuation,Positions classified as punctuation in the grapheme-class stream.,134,info,STATISTICAL_DEVIATION,1,"Metric 'run_entropy' deviates from 'density_shuffle' null with z=-3.063. This is a tripwire, not a conclusion.","{""code"": ""STATISTICAL_DEVIATION"", ""severity"": ""info"", ""interpretation_level"": 1, ""message"": ""Metric 'run_entropy' deviates from 'density_shuffle' null with z=-3.063. This is a tripwire, not a conclusion.""}"
C:\github\5hr-conlang\riemann_analysis\rrlang\outputs\mesu_register_v0_3_nulls100\mesu_thomas_text_only.json,mesu_register_v0_3_nulls100,,,,mesu,unknown,unknown,,,,,,,,,grapheme_class,1002,,,punctuation,Positions classified as punctuation in the grapheme-class stream.,134,warning,OVER_REGULARITY_WARNING,1,"Run entropy is substantially lower than the 'density_shuffle' null expectation. Possible causes include genuine structure, repeated boilerplate, encoding artefact, formal constraint, or local transition structure not captured by this null.","{""code"": ""OVER_REGULARITY_WARNING"", ""severity"": ""warning"", ""interpretation_level"": 1, ""message"": ""Run entropy is substantially lower than the 'density_shuffle' null expectation. Possible causes include genuine structure, repeated boilerplate, encoding artefact, formal constraint, or local transition structure not captured by this null.""}"
C:\github\5hr-conlang\riemann_analysis\rrlang\outputs\mesu_register_v0_3_nulls100\mesu_thomas_text_only.json,mesu_register_v0_3_nulls100,,,,mesu,unknown,unknown,,,,,,,,,grapheme_class,1002,,,punctuation,Positions classified as punctuation in the grapheme-class stream.,134,info,STATISTICAL_DEVIATION,2,"Metric 'gap_entropy' deviates from 'markov_1' null with z=-4.296. This is a tripwire, not a conclusion.","{""code"": ""STATISTICAL_DEVIATION"", ""severity"": ""info"", ""interpretation_level"": 2, ""message"": ""Metric 'gap_entropy' deviates from 'markov_1' null with z=-4.296. This is a tripwire, not a conclusion.""}"
C:\github\5hr-conlang\riemann_analysis\rrlang\outputs\mesu_register_v0_3_nulls100\mesu_thomas_text_only.json,mesu_register_v0_3_nulls100,,,,mesu,unknown,unknown,,,,,,,,,grapheme_class,1002,,,punctuation,Positions classified as punctuation in the grapheme-class stream.,134,warning,PERIODICITY_OR_CLUSTERING_WARNING,2,"Gap entropy is substantially lower than the 'markov_1' null expectation. Inspect for periodicity, clustering, repeated material, genre constraints, or local phonotactic regularity.","{""code"": ""PERIODICITY_OR_CLUSTERING_WARNING"", ""severity"": ""warning"", ""interpretation_level"": 2, ""message"": ""Gap entropy is substantially lower than the 'markov_1' null expectation. Inspect for periodicity, clustering, repeated material, genre constraints, or local phonotactic regularity.""}"
C:\github\5hr-conlang\riemann_analysis\rrlang\outputs\mesu_register_v0_3_nulls100\mesu_thomas_text_only.json,mesu_register_v0_3_nulls100,,,,mesu,unknown,unknown,,,,,,,,,grapheme_class,1002,,,punctuation,Positions classified as punctuation in the grapheme-class stream.,134,info,STATISTICAL_DEVIATION,2,"Metric 'prime_gap_affinity' deviates from 'markov_1' null with z=-3.461. This is a tripwire, not a conclusion.","{""code"": ""STATISTICAL_DEVIATION"", ""severity"": ""info"", ""interpretation_level"": 2, ""message"": ""Metric 'prime_gap_affinity' deviates from 'markov_1' null with z=-3.461. This is a tripwire, not a conclusion.""}"
C:\github\5hr-conlang\riemann_analysis\rrlang\outputs\mesu_register_v0_3_nulls100\mesu_thomas_text_only.json,mesu_register_v0_3_nulls100,,,,mesu,unknown,unknown,,,,,,,,,grapheme_class,1002,,,hyphen_boundary,Positions classified as hyphen_boundary in the grapheme-class stream.,0,warning,LOW_EVENT_COUNT,0,The event occurs fewer than five times; gap and prime-position metrics are weak evidence.,"{""code"": ""LOW_EVENT_COUNT"", ""severity"": ""warning"", ""interpretation_level"": 0, ""message"": ""The event occurs fewer than five times; gap and prime-position metrics are weak evidence.""}"
C:\github\5hr-conlang\riemann_analysis\rrlang\outputs\mesu_register_v0_3_nulls100\mesu_thomas_text_only.json,mesu_register_v0_3_nulls100,,,,mesu,unknown,unknown,,,,,,,,,grapheme_class,1002,,,hyphen_boundary,Positions classified as hyphen_boundary in the grapheme-class stream.,0,warning,DEGENERATE_EVENT_MAP,0,The event map is all false or all true; many metrics collapse to trivial values.,"{""code"": ""DEGENERATE_EVENT_MAP"", ""severity"": ""warning"", ""interpretation_level"": 0, ""message"": ""The event map is all false or all true; many metrics collapse to trivial values.""}"
C:\github\5hr-conlang\riemann_analysis\rrlang\outputs\mesu_register_v0_3_nulls100\mesu_thomas_text_only.json,mesu_register_v0_3_nulls100,,,,mesu,unknown,unknown,,,,,,,,,grapheme_class,1002,,,other,Positions classified as other in the grapheme-class stream.,0,warning,LOW_EVENT_COUNT,0,The event occurs fewer than five times; gap and prime-position metrics are weak evidence.,"{""code"": ""LOW_EVENT_COUNT"", ""severity"": ""warning"", ""interpretation_level"": 0, ""message"": ""The event occurs fewer than five times; gap and prime-position metrics are weak evidence.""}"
C:\github\5hr-conlang\riemann_analysis\rrlang\outputs\mesu_register_v0_3_nulls100\mesu_thomas_text_only.json,mesu_register_v0_3_nulls100,,,,mesu,unknown,unknown,,,,,,,,,grapheme_class,1002,,,other,Positions classified as other in the grapheme-class stream.,0,warning,DEGENERATE_EVENT_MAP,0,The event map is all false or all true; many metrics collapse to trivial values.,"{""code"": ""DEGENERATE_EVENT_MAP"", ""severity"": ""warning"", ""interpretation_level"": 0, ""message"": ""The event map is all false or all true; many metrics collapse to trivial values.""}"
C:\github\5hr-conlang\riemann_analysis\rrlang\outputs\mesu_register_v0_3_nulls100\mesu_thomas_text_only.json,mesu_register_v0_3_nulls100,,,,mesu,unknown,unknown,,,,,,,,,word_boundary,1002,,,word_boundary,Positions marked as word boundaries after declared whitespace preprocessing.,213,info,STATISTICAL_DEVIATION,1,"Metric 'gap_entropy' deviates from 'density_shuffle' null with z=-26.338. This is a tripwire, not a conclusion.","{""code"": ""STATISTICAL_DEVIATION"", ""severity"": ""info"", ""interpretation_level"": 1, ""message"": ""Metric 'gap_entropy' deviates from 'density_shuffle' null with z=-26.338. This is a tripwire, not a conclusion.""}"
C:\github\5hr-conlang\riemann_analysis\rrlang\outputs\mesu_register_v0_3_nulls100\mesu_thomas_text_only.json,mesu_register_v0_3_nulls100,,,,mesu,unknown,unknown,,,,,,,,,word_boundary,1002,,,word_boundary,Positions marked as word boundaries after declared whitespace preprocessing.,213,warning,PERIODICITY_OR_CLUSTERING_WARNING,1,"Gap entropy is substantially lower than the 'density_shuffle' null expectation. Inspect for periodicity, clustering, repeated material, genre constraints, or local phonotactic regularity.","{""code"": ""PERIODICITY_OR_CLUSTERING_WARNING"", ""severity"": ""warning"", ""interpretation_level"": 1, ""message"": ""Gap entropy is substantially lower than the 'density_shuffle' null expectation. Inspect for periodicity, clustering, repeated material, genre constraints, or local phonotactic regularity.""}"
C:\github\5hr-conlang\riemann_analysis\rrlang\outputs\mesu_register_v0_3_nulls100\mesu_thomas_text_only.json,mesu_register_v0_3_nulls100,,,,mesu,unknown,unknown,,,,,,,,,word_boundary,1002,,,word_boundary,Positions marked as word boundaries after declared whitespace preprocessing.,213,info,STATISTICAL_DEVIATION,1,"Metric 'run_entropy' deviates from 'density_shuffle' null with z=-6.938. This is a tripwire, not a conclusion.","{""code"": ""STATISTICAL_DEVIATION"", ""severity"": ""info"", ""interpretation_level"": 1, ""message"": ""Metric 'run_entropy' deviates from 'density_shuffle' null with z=-6.938. This is a tripwire, not a conclusion.""}"
C:\github\5hr-conlang\riemann_analysis\rrlang\outputs\mesu_register_v0_3_nulls100\mesu_thomas_text_only.json,mesu_register_v0_3_nulls100,,,,mesu,unknown,unknown,,,,,,,,,word_boundary,1002,,,word_boundary,Positions marked as word boundaries after declared whitespace preprocessing.,213,warning,OVER_REGULARITY_WARNING,1,"Run entropy is substantially lower than the 'density_shuffle' null expectation. Possible causes include genuine structure, repeated boilerplate, encoding artefact, formal constraint, or local transition structure not captured by this null.","{""code"": ""OVER_REGULARITY_WARNING"", ""severity"": ""warning"", ""interpretation_level"": 1, ""message"": ""Run entropy is substantially lower than the 'density_shuffle' null expectation. Possible causes include genuine structure, repeated boilerplate, encoding artefact, formal constraint, or local transition structure not captured by this null.""}"
C:\github\5hr-conlang\riemann_analysis\rrlang\outputs\mesu_register_v0_3_nulls100\mesu_thomas_text_only.json,mesu_register_v0_3_nulls100,,,,mesu,unknown,unknown,,,,,,,,,word_boundary,1002,,,word_boundary,Positions marked as word boundaries after declared whitespace preprocessing.,213,info,STATISTICAL_DEVIATION,1,"Metric 'prime_gap_affinity' deviates from 'density_shuffle' null with z=4.966. This is a tripwire, not a conclusion.","{""code"": ""STATISTICAL_DEVIATION"", ""severity"": ""info"", ""interpretation_level"": 1, ""message"": ""Metric 'prime_gap_affinity' deviates from 'density_shuffle' null with z=4.966. This is a tripwire, not a conclusion.""}"
C:\github\5hr-conlang\riemann_analysis\rrlang\outputs\mesu_register_v0_3_nulls100\mesu_thomas_text_only.json,mesu_register_v0_3_nulls100,,,,mesu,unknown,unknown,,,,,,,,,frequency_class,298,,,hapax,Token positions in frequency class hapax.,22,info,STATISTICAL_DEVIATION,1,"Metric 'gap_entropy' deviates from 'density_shuffle' null with z=-3.692. This is a tripwire, not a conclusion.","{""code"": ""STATISTICAL_DEVIATION"", ""severity"": ""info"", ""interpretation_level"": 1, ""message"": ""Metric 'gap_entropy' deviates from 'density_shuffle' null with z=-3.692. This is a tripwire, not a conclusion.""}"
C:\github\5hr-conlang\riemann_analysis\rrlang\outputs\mesu_register_v0_3_nulls100\mesu_thomas_text_only.json,mesu_register_v0_3_nulls100,,,,mesu,unknown,unknown,,,,,,,,,frequency_class,298,,,hapax,Token positions in frequency class hapax.,22,warning,PERIODICITY_OR_CLUSTERING_WARNING,1,"Gap entropy is substantially lower than the 'density_shuffle' null expectation. Inspect for periodicity, clustering, repeated material, genre constraints, or local phonotactic regularity.","{""code"": ""PERIODICITY_OR_CLUSTERING_WARNING"", ""severity"": ""warning"", ""interpretation_level"": 1, ""message"": ""Gap entropy is substantially lower than the 'density_shuffle' null expectation. Inspect for periodicity, clustering, repeated material, genre constraints, or local phonotactic regularity.""}"
C:\github\5hr-conlang\riemann_analysis\rrlang\outputs\mesu_register_v0_3_nulls100\mesu_thomas_text_only.json,mesu_register_v0_3_nulls100,,,,mesu,unknown,unknown,,,,,,,,,frequency_class,298,,,hapax,Token positions in frequency class hapax.,22,info,STATISTICAL_DEVIATION,2,"Metric 'zeta_spectral_coherence' deviates from 'gap_order_shuffle' null with z=3.445. This is a tripwire, not a conclusion.","{""code"": ""STATISTICAL_DEVIATION"", ""severity"": ""info"", ""interpretation_level"": 2, ""message"": ""Metric 'zeta_spectral_coherence' deviates from 'gap_order_shuffle' null with z=3.445. This is a tripwire, not a conclusion.""}"
C:\github\5hr-conlang\riemann_analysis\rrlang\outputs\mesu_register_v0_3_nulls100\mesu_thomas_text_only.json,mesu_register_v0_3_nulls100,,,,mesu,unknown,unknown,,,,,,,,,frequency_class,298,,,mid_frequency,Token positions in frequency class mid_frequency.,60,info,STATISTICAL_DEVIATION,1,"Metric 'gap_entropy' deviates from 'density_shuffle' null with z=-5.827. This is a tripwire, not a conclusion.","{""code"": ""STATISTICAL_DEVIATION"", ""severity"": ""info"", ""interpretation_level"": 1, ""message"": ""Metric 'gap_entropy' deviates from 'density_shuffle' null with z=-5.827. This is a tripwire, not a conclusion.""}"
C:\github\5hr-conlang\riemann_analysis\rrlang\outputs\mesu_register_v0_3_nulls100\mesu_thomas_text_only.json,mesu_register_v0_3_nulls100,,,,mesu,unknown,unknown,,,,,,,,,frequency_class,298,,,mid_frequency,Token positions in frequency class mid_frequency.,60,warning,PERIODICITY_OR_CLUSTERING_WARNING,1,"Gap entropy is substantially lower than the 'density_shuffle' null expectation. Inspect for periodicity, clustering, repeated material, genre constraints, or local phonotactic regularity.","{""code"": ""PERIODICITY_OR_CLUSTERING_WARNING"", ""severity"": ""warning"", ""interpretation_level"": 1, ""message"": ""Gap entropy is substantially lower than the 'density_shuffle' null expectation. Inspect for periodicity, clustering, repeated material, genre constraints, or local phonotactic regularity.""}"
C:\github\5hr-conlang\riemann_analysis\rrlang\outputs\mesu_register_v0_3_nulls100\mesu_thomas_text_only.json,mesu_register_v0_3_nulls100,,,,mesu,unknown,unknown,,,,,,,,,frequency_class,298,,,high_frequency,Token positions in frequency class high_frequency.,216,info,STATISTICAL_DEVIATION,1,"Metric 'gap_entropy' deviates from 'density_shuffle' null with z=-12.552. This is a tripwire, not a conclusion.","{""code"": ""STATISTICAL_DEVIATION"", ""severity"": ""info"", ""interpretation_level"": 1, ""message"": ""Metric 'gap_entropy' deviates from 'density_shuffle' null with z=-12.552. This is a tripwire, not a conclusion.""}"
C:\github\5hr-conlang\riemann_analysis\rrlang\outputs\mesu_register_v0_3_nulls100\mesu_thomas_text_only.json,mesu_register_v0_3_nulls100,,,,mesu,unknown,unknown,,,,,,,,,frequency_class,298,,,high_frequency,Token positions in frequency class high_frequency.,216,warning,PERIODICITY_OR_CLUSTERING_WARNING,1,"Gap entropy is substantially lower than the 'density_shuffle' null expectation. Inspect for periodicity, clustering, repeated material, genre constraints, or local phonotactic regularity.","{""code"": ""PERIODICITY_OR_CLUSTERING_WARNING"", ""severity"": ""warning"", ""interpretation_level"": 1, ""message"": ""Gap entropy is substantially lower than the 'density_shuffle' null expectation. Inspect for periodicity, clustering, repeated material, genre constraints, or local phonotactic regularity.""}"
C:\github\5hr-conlang\riemann_analysis\rrlang\outputs\mesu_register_v0_3_nulls100\mesu_thomas_text_only.json,mesu_register_v0_3_nulls100,,,,mesu,unknown,unknown,,,,,,,,,frequency_class,298,,,high_frequency,Token positions in frequency class high_frequency.,216,info,STATISTICAL_DEVIATION,1,"Metric 'prime_gap_affinity' deviates from 'density_shuffle' null with z=-4.444. This is a tripwire, not a conclusion.","{""code"": ""STATISTICAL_DEVIATION"", ""severity"": ""info"", ""interpretation_level"": 1, ""message"": ""Metric 'prime_gap_affinity' deviates from 'density_shuffle' null with z=-4.444. This is a tripwire, not a conclusion.""}"
C:\github\5hr-conlang\riemann_analysis\rrlang\outputs\mesu_register_v0_3_nulls100\mesu_thomas_text_only.json,mesu_register_v0_3_nulls100,,,,mesu,unknown,unknown,,,,,,,,,frequency_class,298,,,high_frequency,Token positions in frequency class high_frequency.,216,info,STATISTICAL_DEVIATION,1,"Metric 'zeta_spectral_coherence' deviates from 'density_shuffle' null with z=3.157. This is a tripwire, not a conclusion.","{""code"": ""STATISTICAL_DEVIATION"", ""severity"": ""info"", ""interpretation_level"": 1, ""message"": ""Metric 'zeta_spectral_coherence' deviates from 'density_shuffle' null with z=3.157. This is a tripwire, not a conclusion.""}"
C:\github\5hr-conlang\riemann_analysis\rrlang\outputs\mesu_register_v0_3_nulls100\mesu_udhr_canonical.json,mesu_register_v0_3_nulls100,,,,mesu,unknown,unknown,,,,,,,,,grapheme,698,,,vowel,Basic Latin-vowel positions plus common accented vowels.,217,info,STATISTICAL_DEVIATION,1,"Metric 'gap_entropy' deviates from 'density_shuffle' null with z=-68.400. This is a tripwire, not a conclusion.","{""code"": ""STATISTICAL_DEVIATION"", ""severity"": ""info"", ""interpretation_level"": 1, ""message"": ""Metric 'gap_entropy' deviates from 'density_shuffle' null with z=-68.400. This is a tripwire, not a conclusion.""}"
C:\github\5hr-conlang\riemann_analysis\rrlang\outputs\mesu_register_v0_3_nulls100\mesu_udhr_canonical.json,mesu_register_v0_3_nulls100,,,,mesu,unknown,unknown,,,,,,,,,grapheme,698,,,vowel,Basic Latin-vowel positions plus common accented vowels.,217,warning,PERIODICITY_OR_CLUSTERING_WARNING,1,"Gap entropy is substantially lower than the 'density_shuffle' null expectation. Inspect for periodicity, clustering, repeated material, genre constraints, or local phonotactic regularity.","{""code"": ""PERIODICITY_OR_CLUSTERING_WARNING"", ""severity"": ""warning"", ""interpretation_level"": 1, ""message"": ""Gap entropy is substantially lower than the 'density_shuffle' null expectation. Inspect for periodicity, clustering, repeated material, genre constraints, or local phonotactic regularity.""}"
C:\github\5hr-conlang\riemann_analysis\rrlang\outputs\mesu_register_v0_3_nulls100\mesu_udhr_canonical.json,mesu_register_v0_3_nulls100,,,,mesu,unknown,unknown,,,,,,,,,grapheme,698,,,vowel,Basic Latin-vowel positions plus common accented vowels.,217,info,STATISTICAL_DEVIATION,1,"Metric 'run_entropy' deviates from 'density_shuffle' null with z=-9.997. This is a tripwire, not a conclusion.","{""code"": ""STATISTICAL_DEVIATION"", ""severity"": ""info"", ""interpretation_level"": 1, ""message"": ""Metric 'run_entropy' deviates from 'density_shuffle' null with z=-9.997. This is a tripwire, not a conclusion.""}"
C:\github\5hr-conlang\riemann_analysis\rrlang\outputs\mesu_register_v0_3_nulls100\mesu_udhr_canonical.json,mesu_register_v0_3_nulls100,,,,mesu,unknown,unknown,,,,,,,,,grapheme,698,,,vowel,Basic Latin-vowel positions plus common accented vowels.,217,warning,OVER_REGULARITY_WARNING,1,"Run entropy is substantially lower than the 'density_shuffle' null expectation. Possible causes include genuine structure, repeated boilerplate, encoding artefact, formal constraint, or local transition structure not captured by this null.","{""code"": ""OVER_REGULARITY_WARNING"", ""severity"": ""warning"", ""interpretation_level"": 1, ""message"": ""Run entropy is substantially lower than the 'density_shuffle' null expectation. Possible causes include genuine structure, repeated boilerplate, encoding artefact, formal constraint, or local transition structure not captured by this null.""}"
C:\github\5hr-conlang\riemann_analysis\rrlang\outputs\mesu_register_v0_3_nulls100\mesu_udhr_canonical.json,mesu_register_v0_3_nulls100,,,,mesu,unknown,unknown,,,,,,,,,grapheme,698,,,vowel,Basic Latin-vowel positions plus common accented vowels.,217,info,STATISTICAL_DEVIATION,1,"Metric 'prime_gap_affinity' deviates from 'density_shuffle' null with z=7.987. This is a tripwire, not a conclusion.","{""code"": ""STATISTICAL_DEVIATION"", ""severity"": ""info"", ""interpretation_level"": 1, ""message"": ""Metric 'prime_gap_affinity' deviates from 'density_shuffle' null with z=7.987. This is a tripwire, not a conclusion.""}"
C:\github\5hr-conlang\riemann_analysis\rrlang\outputs\mesu_register_v0_3_nulls100\mesu_udhr_canonical.json,mesu_register_v0_3_nulls100,,,,mesu,unknown,unknown,,,,,,,,,grapheme,698,,,vowel,Basic Latin-vowel positions plus common accented vowels.,217,info,STATISTICAL_DEVIATION,2,"Metric 'gap_entropy' deviates from 'markov_1' null with z=-8.672. This is a tripwire, not a conclusion.","{""code"": ""STATISTICAL_DEVIATION"", ""severity"": ""info"", ""interpretation_level"": 2, ""message"": ""Metric 'gap_entropy' deviates from 'markov_1' null with z=-8.672. This is a tripwire, not a conclusion.""}"
C:\github\5hr-conlang\riemann_analysis\rrlang\outputs\mesu_register_v0_3_nulls100\mesu_udhr_canonical.json,mesu_register_v0_3_nulls100,,,,mesu,unknown,unknown,,,,,,,,,grapheme,698,,,vowel,Basic Latin-vowel positions plus common accented vowels.,217,warning,PERIODICITY_OR_CLUSTERING_WARNING,2,"Gap entropy is substantially lower than the 'markov_1' null expectation. Inspect for periodicity, clustering, repeated material, genre constraints, or local phonotactic regularity.","{""code"": ""PERIODICITY_OR_CLUSTERING_WARNING"", ""severity"": ""warning"", ""interpretation_level"": 2, ""message"": ""Gap entropy is substantially lower than the 'markov_1' null expectation. Inspect for periodicity, clustering, repeated material, genre constraints, or local phonotactic regularity.""}"
C:\github\5hr-conlang\riemann_analysis\rrlang\outputs\mesu_register_v0_3_nulls100\mesu_udhr_canonical.json,mesu_register_v0_3_nulls100,,,,mesu,unknown,unknown,,,,,,,,,grapheme,698,,,consonant,Alphabetic non-vowel positions under the MVP classifier.,243,info,STATISTICAL_DEVIATION,1,"Metric 'gap_entropy' deviates from 'density_shuffle' null with z=-46.887. This is a tripwire, not a conclusion.","{""code"": ""STATISTICAL_DEVIATION"", ""severity"": ""info"", ""interpretation_level"": 1, ""message"": ""Metric 'gap_entropy' deviates from 'density_shuffle' null with z=-46.887. This is a tripwire, not a conclusion.""}"
C:\github\5hr-conlang\riemann_analysis\rrlang\outputs\mesu_register_v0_3_nulls100\mesu_udhr_canonical.json,mesu_register_v0_3_nulls100,,,,mesu,unknown,unknown,,,,,,,,,grapheme,698,,,consonant,Alphabetic non-vowel positions under the MVP classifier.,243,warning,PERIODICITY_OR_CLUSTERING_WARNING,1,"Gap entropy is substantially lower than the 'density_shuffle' null expectation. Inspect for periodicity, clustering, repeated material, genre constraints, or local phonotactic regularity.","{""code"": ""PERIODICITY_OR_CLUSTERING_WARNING"", ""severity"": ""warning"", ""interpretation_level"": 1, ""message"": ""Gap entropy is substantially lower than the 'density_shuffle' null expectation. Inspect for periodicity, clustering, repeated material, genre constraints, or local phonotactic regularity.""}"
C:\github\5hr-conlang\riemann_analysis\rrlang\outputs\mesu_register_v0_3_nulls100\mesu_udhr_canonical.json,mesu_register_v0_3_nulls100,,,,mesu,unknown,unknown,,,,,,,,,grapheme,698,,,consonant,Alphabetic non-vowel positions under the MVP classifier.,243,info,STATISTICAL_DEVIATION,1,"Metric 'run_entropy' deviates from 'density_shuffle' null with z=-13.116. This is a tripwire, not a conclusion.","{""code"": ""STATISTICAL_DEVIATION"", ""severity"": ""info"", ""interpretation_level"": 1, ""message"": ""Metric 'run_entropy' deviates from 'density_shuffle' null with z=-13.116. This is a tripwire, not a conclusion.""}"
C:\github\5hr-conlang\riemann_analysis\rrlang\outputs\mesu_register_v0_3_nulls100\mesu_udhr_canonical.json,mesu_register_v0_3_nulls100,,,,mesu,unknown,unknown,,,,,,,,,grapheme,698,,,consonant,Alphabetic non-vowel positions under the MVP classifier.,243,warning,OVER_REGULARITY_WARNING,1,"Run entropy is substantially lower than the 'density_shuffle' null expectation. Possible causes include genuine structure, repeated boilerplate, encoding artefact, formal constraint, or local transition structure not captured by this null.","{""code"": ""OVER_REGULARITY_WARNING"", ""severity"": ""warning"", ""interpretation_level"": 1, ""message"": ""Run entropy is substantially lower than the 'density_shuffle' null expectation. Possible causes include genuine structure, repeated boilerplate, encoding artefact, formal constraint, or local transition structure not captured by this null.""}"
C:\github\5hr-conlang\riemann_analysis\rrlang\outputs\mesu_register_v0_3_nulls100\mesu_udhr_canonical.json,mesu_register_v0_3_nulls100,,,,mesu,unknown,unknown,,,,,,,,,grapheme,698,,,consonant,Alphabetic non-vowel positions under the MVP classifier.,243,info,STATISTICAL_DEVIATION,1,"Metric 'prime_gap_affinity' deviates from 'density_shuffle' null with z=13.649. This is a tripwire, not a conclusion.","{""code"": ""STATISTICAL_DEVIATION"", ""severity"": ""info"", ""interpretation_level"": 1, ""message"": ""Metric 'prime_gap_affinity' deviates from 'density_shuffle' null with z=13.649. This is a tripwire, not a conclusion.""}"
C:\github\5hr-conlang\riemann_analysis\rrlang\outputs\mesu_register_v0_3_nulls100\mesu_udhr_canonical.json,mesu_register_v0_3_nulls100,,,,mesu,unknown,unknown,,,,,,,,,grapheme,698,,,consonant,Alphabetic non-vowel positions under the MVP classifier.,243,info,STATISTICAL_DEVIATION,2,"Metric 'critical_line_symmetry' deviates from 'gap_order_shuffle' null with z=-3.123. This is a tripwire, not a conclusion.","{""code"": ""STATISTICAL_DEVIATION"", ""severity"": ""info"", ""interpretation_level"": 2, ""message"": ""Metric 'critical_line_symmetry' deviates from 'gap_order_shuffle' null with z=-3.123. This is a tripwire, not a conclusion.""}"
C:\github\5hr-conlang\riemann_analysis\rrlang\outputs\mesu_register_v0_3_nulls100\mesu_udhr_canonical.json,mesu_register_v0_3_nulls100,,,,mesu,unknown,unknown,,,,,,,,,grapheme,698,,,whitespace,Whitespace positions.,145,info,STATISTICAL_DEVIATION,1,"Metric 'gap_entropy' deviates from 'density_shuffle' null with z=-14.219. This is a tripwire, not a conclusion.","{""code"": ""STATISTICAL_DEVIATION"", ""severity"": ""info"", ""interpretation_level"": 1, ""message"": ""Metric 'gap_entropy' deviates from 'density_shuffle' null with z=-14.219. This is a tripwire, not a conclusion.""}"
C:\github\5hr-conlang\riemann_analysis\rrlang\outputs\mesu_register_v0_3_nulls100\mesu_udhr_canonical.json,mesu_register_v0_3_nulls100,,,,mesu,unknown,unknown,,,,,,,,,grapheme,698,,,whitespace,Whitespace positions.,145,warning,PERIODICITY_OR_CLUSTERING_WARNING,1,"Gap entropy is substantially lower than the 'density_shuffle' null expectation. Inspect for periodicity, clustering, repeated material, genre constraints, or local phonotactic regularity.","{""code"": ""PERIODICITY_OR_CLUSTERING_WARNING"", ""severity"": ""warning"", ""interpretation_level"": 1, ""message"": ""Gap entropy is substantially lower than the 'density_shuffle' null expectation. Inspect for periodicity, clustering, repeated material, genre constraints, or local phonotactic regularity.""}"
C:\github\5hr-conlang\riemann_analysis\rrlang\outputs\mesu_register_v0_3_nulls100\mesu_udhr_canonical.json,mesu_register_v0_3_nulls100,,,,mesu,unknown,unknown,,,,,,,,,grapheme,698,,,whitespace,Whitespace positions.,145,info,STATISTICAL_DEVIATION,1,"Metric 'run_entropy' deviates from 'density_shuffle' null with z=-6.865. This is a tripwire, not a conclusion.","{""code"": ""STATISTICAL_DEVIATION"", ""severity"": ""info"", ""interpretation_level"": 1, ""message"": ""Metric 'run_entropy' deviates from 'density_shuffle' null with z=-6.865. This is a tripwire, not a conclusion.""}"
C:\github\5hr-conlang\riemann_analysis\rrlang\outputs\mesu_register_v0_3_nulls100\mesu_udhr_canonical.json,mesu_register_v0_3_nulls100,,,,mesu,unknown,unknown,,,,,,,,,grapheme,698,,,whitespace,Whitespace positions.,145,warning,OVER_REGULARITY_WARNING,1,"Run entropy is substantially lower than the 'density_shuffle' null expectation. Possible causes include genuine structure, repeated boilerplate, encoding artefact, formal constraint, or local transition structure not captured by this null.","{""code"": ""OVER_REGULARITY_WARNING"", ""severity"": ""warning"", ""interpretation_level"": 1, ""message"": ""Run entropy is substantially lower than the 'density_shuffle' null expectation. Possible causes include genuine structure, repeated boilerplate, encoding artefact, formal constraint, or local transition structure not captured by this null.""}"
C:\github\5hr-conlang\riemann_analysis\rrlang\outputs\mesu_register_v0_3_nulls100\mesu_udhr_canonical.json,mesu_register_v0_3_nulls100,,,,mesu,unknown,unknown,,,,,,,,,grapheme,698,,,whitespace,Whitespace positions.,145,info,STATISTICAL_DEVIATION,1,"Metric 'prime_gap_affinity' deviates from 'density_shuffle' null with z=3.466. This is a tripwire, not a conclusion.","{""code"": ""STATISTICAL_DEVIATION"", ""severity"": ""info"", ""interpretation_level"": 1, ""message"": ""Metric 'prime_gap_affinity' deviates from 'density_shuffle' null with z=3.466. This is a tripwire, not a conclusion.""}"
C:\github\5hr-conlang\riemann_analysis\rrlang\outputs\mesu_register_v0_3_nulls100\mesu_udhr_canonical.json,mesu_register_v0_3_nulls100,,,,mesu,unknown,unknown,,,,,,,,,grapheme,698,,,punctuation,Punctuation positions under the declared punctuation/hyphen policies.,93,info,STATISTICAL_DEVIATION,1,"Metric 'gap_entropy' deviates from 'density_shuffle' null with z=-10.282. This is a tripwire, not a conclusion.","{""code"": ""STATISTICAL_DEVIATION"", ""severity"": ""info"", ""interpretation_level"": 1, ""message"": ""Metric 'gap_entropy' deviates from 'density_shuffle' null with z=-10.282. This is a tripwire, not a conclusion.""}"
C:\github\5hr-conlang\riemann_analysis\rrlang\outputs\mesu_register_v0_3_nulls100\mesu_udhr_canonical.json,mesu_register_v0_3_nulls100,,,,mesu,unknown,unknown,,,,,,,,,grapheme,698,,,punctuation,Punctuation positions under the declared punctuation/hyphen policies.,93,warning,PERIODICITY_OR_CLUSTERING_WARNING,1,"Gap entropy is substantially lower than the 'density_shuffle' null expectation. Inspect for periodicity, clustering, repeated material, genre constraints, or local phonotactic regularity.","{""code"": ""PERIODICITY_OR_CLUSTERING_WARNING"", ""severity"": ""warning"", ""interpretation_level"": 1, ""message"": ""Gap entropy is substantially lower than the 'density_shuffle' null expectation. Inspect for periodicity, clustering, repeated material, genre constraints, or local phonotactic regularity.""}"
C:\github\5hr-conlang\riemann_analysis\rrlang\outputs\mesu_register_v0_3_nulls100\mesu_udhr_canonical.json,mesu_register_v0_3_nulls100,,,,mesu,unknown,unknown,,,,,,,,,grapheme,698,,,punctuation,Punctuation positions under the declared punctuation/hyphen policies.,93,info,STATISTICAL_DEVIATION,2,"Metric 'gap_entropy' deviates from 'markov_1' null with z=-4.152. This is a tripwire, not a conclusion.","{""code"": ""STATISTICAL_DEVIATION"", ""severity"": ""info"", ""interpretation_level"": 2, ""message"": ""Metric 'gap_entropy' deviates from 'markov_1' null with z=-4.152. This is a tripwire, not a conclusion.""}"
C:\github\5hr-conlang\riemann_analysis\rrlang\outputs\mesu_register_v0_3_nulls100\mesu_udhr_canonical.json,mesu_register_v0_3_nulls100,,,,mesu,unknown,unknown,,,,,,,,,grapheme,698,,,punctuation,Punctuation positions under the declared punctuation/hyphen policies.,93,warning,PERIODICITY_OR_CLUSTERING_WARNING,2,"Gap entropy is substantially lower than the 'markov_1' null expectation. Inspect for periodicity, clustering, repeated material, genre constraints, or local phonotactic regularity.","{""code"": ""PERIODICITY_OR_CLUSTERING_WARNING"", ""severity"": ""warning"", ""interpretation_level"": 2, ""message"": ""Gap entropy is substantially lower than the 'markov_1' null expectation. Inspect for periodicity, clustering, repeated material, genre constraints, or local phonotactic regularity.""}"
C:\github\5hr-conlang\riemann_analysis\rrlang\outputs\mesu_register_v0_3_nulls100\mesu_udhr_canonical.json,mesu_register_v0_3_nulls100,,,,mesu,unknown,unknown,,,,,,,,,grapheme,698,,,hyphen_boundary,Hyphen positions treated as morpheme boundaries by the declared hyphen policy.,0,warning,LOW_EVENT_COUNT,0,The event occurs fewer than five times; gap and prime-position metrics are weak evidence.,"{""code"": ""LOW_EVENT_COUNT"", ""severity"": ""warning"", ""interpretation_level"": 0, ""message"": ""The event occurs fewer than five times; gap and prime-position metrics are weak evidence.""}"
C:\github\5hr-conlang\riemann_analysis\rrlang\outputs\mesu_register_v0_3_nulls100\mesu_udhr_canonical.json,mesu_register_v0_3_nulls100,,,,mesu,unknown,unknown,,,,,,,,,grapheme,698,,,hyphen_boundary,Hyphen positions treated as morpheme boundaries by the declared hyphen policy.,0,warning,DEGENERATE_EVENT_MAP,0,The event map is all false or all true; many metrics collapse to trivial values.,"{""code"": ""DEGENERATE_EVENT_MAP"", ""severity"": ""warning"", ""interpretation_level"": 0, ""message"": ""The event map is all false or all true; many metrics collapse to trivial values.""}"
C:\github\5hr-conlang\riemann_analysis\rrlang\outputs\mesu_register_v0_3_nulls100\mesu_udhr_canonical.json,mesu_register_v0_3_nulls100,,,,mesu,unknown,unknown,,,,,,,,,grapheme,698,,,digit,ASCII digit positions.,0,warning,LOW_EVENT_COUNT,0,The event occurs fewer than five times; gap and prime-position metrics are weak evidence.,"{""code"": ""LOW_EVENT_COUNT"", ""severity"": ""warning"", ""interpretation_level"": 0, ""message"": ""The event occurs fewer than five times; gap and prime-position metrics are weak evidence.""}"
C:\github\5hr-conlang\riemann_analysis\rrlang\outputs\mesu_register_v0_3_nulls100\mesu_udhr_canonical.json,mesu_register_v0_3_nulls100,,,,mesu,unknown,unknown,,,,,,,,,grapheme,698,,,digit,ASCII digit positions.,0,warning,DEGENERATE_EVENT_MAP,0,The event map is all false or all true; many metrics collapse to trivial values.,"{""code"": ""DEGENERATE_EVENT_MAP"", ""severity"": ""warning"", ""interpretation_level"": 0, ""message"": ""The event map is all false or all true; many metrics collapse to trivial values.""}"
C:\github\5hr-conlang\riemann_analysis\rrlang\outputs\mesu_register_v0_3_nulls100\mesu_udhr_canonical.json,mesu_register_v0_3_nulls100,,,,mesu,unknown,unknown,,,,,,,,,grapheme_class,698,,,vowel,Positions classified as vowel in the grapheme-class stream.,217,info,STATISTICAL_DEVIATION,1,"Metric 'gap_entropy' deviates from 'density_shuffle' null with z=-74.833. This is a tripwire, not a conclusion.","{""code"": ""STATISTICAL_DEVIATION"", ""severity"": ""info"", ""interpretation_level"": 1, ""message"": ""Metric 'gap_entropy' deviates from 'density_shuffle' null with z=-74.833. This is a tripwire, not a conclusion.""}"
C:\github\5hr-conlang\riemann_analysis\rrlang\outputs\mesu_register_v0_3_nulls100\mesu_udhr_canonical.json,mesu_register_v0_3_nulls100,,,,mesu,unknown,unknown,,,,,,,,,grapheme_class,698,,,vowel,Positions classified as vowel in the grapheme-class stream.,217,warning,PERIODICITY_OR_CLUSTERING_WARNING,1,"Gap entropy is substantially lower than the 'density_shuffle' null expectation. Inspect for periodicity, clustering, repeated material, genre constraints, or local phonotactic regularity.","{""code"": ""PERIODICITY_OR_CLUSTERING_WARNING"", ""severity"": ""warning"", ""interpretation_level"": 1, ""message"": ""Gap entropy is substantially lower than the 'density_shuffle' null expectation. Inspect for periodicity, clustering, repeated material, genre constraints, or local phonotactic regularity.""}"
C:\github\5hr-conlang\riemann_analysis\rrlang\outputs\mesu_register_v0_3_nulls100\mesu_udhr_canonical.json,mesu_register_v0_3_nulls100,,,,mesu,unknown,unknown,,,,,,,,,grapheme_class,698,,,vowel,Positions classified as vowel in the grapheme-class stream.,217,info,STATISTICAL_DEVIATION,1,"Metric 'run_entropy' deviates from 'density_shuffle' null with z=-10.969. This is a tripwire, not a conclusion.","{""code"": ""STATISTICAL_DEVIATION"", ""severity"": ""info"", ""interpretation_level"": 1, ""message"": ""Metric 'run_entropy' deviates from 'density_shuffle' null with z=-10.969. This is a tripwire, not a conclusion.""}"
C:\github\5hr-conlang\riemann_analysis\rrlang\outputs\mesu_register_v0_3_nulls100\mesu_udhr_canonical.json,mesu_register_v0_3_nulls100,,,,mesu,unknown,unknown,,,,,,,,,grapheme_class,698,,,vowel,Positions classified as vowel in the grapheme-class stream.,217,warning,OVER_REGULARITY_WARNING,1,"Run entropy is substantially lower than the 'density_shuffle' null expectation. Possible causes include genuine structure, repeated boilerplate, encoding artefact, formal constraint, or local transition structure not captured by this null.","{""code"": ""OVER_REGULARITY_WARNING"", ""severity"": ""warning"", ""interpretation_level"": 1, ""message"": ""Run entropy is substantially lower than the 'density_shuffle' null expectation. Possible causes include genuine structure, repeated boilerplate, encoding artefact, formal constraint, or local transition structure not captured by this null.""}"
C:\github\5hr-conlang\riemann_analysis\rrlang\outputs\mesu_register_v0_3_nulls100\mesu_udhr_canonical.json,mesu_register_v0_3_nulls100,,,,mesu,unknown,unknown,,,,,,,,,grapheme_class,698,,,vowel,Positions classified as vowel in the grapheme-class stream.,217,info,STATISTICAL_DEVIATION,1,"Metric 'prime_gap_affinity' deviates from 'density_shuffle' null with z=9.245. This is a tripwire, not a conclusion.","{""code"": ""STATISTICAL_DEVIATION"", ""severity"": ""info"", ""interpretation_level"": 1, ""message"": ""Metric 'prime_gap_affinity' deviates from 'density_shuffle' null with z=9.245. This is a tripwire, not a conclusion.""}"
C:\github\5hr-conlang\riemann_analysis\rrlang\outputs\mesu_register_v0_3_nulls100\mesu_udhr_canonical.json,mesu_register_v0_3_nulls100,,,,mesu,unknown,unknown,,,,,,,,,grapheme_class,698,,,vowel,Positions classified as vowel in the grapheme-class stream.,217,info,STATISTICAL_DEVIATION,2,"Metric 'gap_entropy' deviates from 'markov_1' null with z=-8.548. This is a tripwire, not a conclusion.","{""code"": ""STATISTICAL_DEVIATION"", ""severity"": ""info"", ""interpretation_level"": 2, ""message"": ""Metric 'gap_entropy' deviates from 'markov_1' null with z=-8.548. This is a tripwire, not a conclusion.""}"
C:\github\5hr-conlang\riemann_analysis\rrlang\outputs\mesu_register_v0_3_nulls100\mesu_udhr_canonical.json,mesu_register_v0_3_nulls100,,,,mesu,unknown,unknown,,,,,,,,,grapheme_class,698,,,vowel,Positions classified as vowel in the grapheme-class stream.,217,warning,PERIODICITY_OR_CLUSTERING_WARNING,2,"Gap entropy is substantially lower than the 'markov_1' null expectation. Inspect for periodicity, clustering, repeated material, genre constraints, or local phonotactic regularity.","{""code"": ""PERIODICITY_OR_CLUSTERING_WARNING"", ""severity"": ""warning"", ""interpretation_level"": 2, ""message"": ""Gap entropy is substantially lower than the 'markov_1' null expectation. Inspect for periodicity, clustering, repeated material, genre constraints, or local phonotactic regularity.""}"
C:\github\5hr-conlang\riemann_analysis\rrlang\outputs\mesu_register_v0_3_nulls100\mesu_udhr_canonical.json,mesu_register_v0_3_nulls100,,,,mesu,unknown,unknown,,,,,,,,,grapheme_class,698,,,consonant,Positions classified as consonant in the grapheme-class stream.,243,info,STATISTICAL_DEVIATION,1,"Metric 'gap_entropy' deviates from 'density_shuffle' null with z=-55.760. This is a tripwire, not a conclusion.","{""code"": ""STATISTICAL_DEVIATION"", ""severity"": ""info"", ""interpretation_level"": 1, ""message"": ""Metric 'gap_entropy' deviates from 'density_shuffle' null with z=-55.760. This is a tripwire, not a conclusion.""}"
C:\github\5hr-conlang\riemann_analysis\rrlang\outputs\mesu_register_v0_3_nulls100\mesu_udhr_canonical.json,mesu_register_v0_3_nulls100,,,,mesu,unknown,unknown,,,,,,,,,grapheme_class,698,,,consonant,Positions classified as consonant in the grapheme-class stream.,243,warning,PERIODICITY_OR_CLUSTERING_WARNING,1,"Gap entropy is substantially lower than the 'density_shuffle' null expectation. Inspect for periodicity, clustering, repeated material, genre constraints, or local phonotactic regularity.","{""code"": ""PERIODICITY_OR_CLUSTERING_WARNING"", ""severity"": ""warning"", ""interpretation_level"": 1, ""message"": ""Gap entropy is substantially lower than the 'density_shuffle' null expectation. Inspect for periodicity, clustering, repeated material, genre constraints, or local phonotactic regularity.""}"
C:\github\5hr-conlang\riemann_analysis\rrlang\outputs\mesu_register_v0_3_nulls100\mesu_udhr_canonical.json,mesu_register_v0_3_nulls100,,,,mesu,unknown,unknown,,,,,,,,,grapheme_class,698,,,consonant,Positions classified as consonant in the grapheme-class stream.,243,info,STATISTICAL_DEVIATION,1,"Metric 'run_entropy' deviates from 'density_shuffle' null with z=-11.381. This is a tripwire, not a conclusion.","{""code"": ""STATISTICAL_DEVIATION"", ""severity"": ""info"", ""interpretation_level"": 1, ""message"": ""Metric 'run_entropy' deviates from 'density_shuffle' null with z=-11.381. This is a tripwire, not a conclusion.""}"
C:\github\5hr-conlang\riemann_analysis\rrlang\outputs\mesu_register_v0_3_nulls100\mesu_udhr_canonical.json,mesu_register_v0_3_nulls100,,,,mesu,unknown,unknown,,,,,,,,,grapheme_class,698,,,consonant,Positions classified as consonant in the grapheme-class stream.,243,warning,OVER_REGULARITY_WARNING,1,"Run entropy is substantially lower than the 'density_shuffle' null expectation. Possible causes include genuine structure, repeated boilerplate, encoding artefact, formal constraint, or local transition structure not captured by this null.","{""code"": ""OVER_REGULARITY_WARNING"", ""severity"": ""warning"", ""interpretation_level"": 1, ""message"": ""Run entropy is substantially lower than the 'density_shuffle' null expectation. Possible causes include genuine structure, repeated boilerplate, encoding artefact, formal constraint, or local transition structure not captured by this null.""}"
C:\github\5hr-conlang\riemann_analysis\rrlang\outputs\mesu_register_v0_3_nulls100\mesu_udhr_canonical.json,mesu_register_v0_3_nulls100,,,,mesu,unknown,unknown,,,,,,,,,grapheme_class,698,,,consonant,Positions classified as consonant in the grapheme-class stream.,243,info,STATISTICAL_DEVIATION,1,"Metric 'prime_gap_affinity' deviates from 'density_shuffle' null with z=11.952. This is a tripwire, not a conclusion.","{""code"": ""STATISTICAL_DEVIATION"", ""severity"": ""info"", ""interpretation_level"": 1, ""message"": ""Metric 'prime_gap_affinity' deviates from 'density_shuffle' null with z=11.952. This is a tripwire, not a conclusion.""}"
C:\github\5hr-conlang\riemann_analysis\rrlang\outputs\mesu_register_v0_3_nulls100\mesu_udhr_canonical.json,mesu_register_v0_3_nulls100,,,,mesu,unknown,unknown,,,,,,,,,grapheme_class,698,,,consonant,Positions classified as consonant in the grapheme-class stream.,243,info,STATISTICAL_DEVIATION,2,"Metric 'critical_line_symmetry' deviates from 'gap_order_shuffle' null with z=-3.194. This is a tripwire, not a conclusion.","{""code"": ""STATISTICAL_DEVIATION"", ""severity"": ""info"", ""interpretation_level"": 2, ""message"": ""Metric 'critical_line_symmetry' deviates from 'gap_order_shuffle' null with z=-3.194. This is a tripwire, not a conclusion.""}"
C:\github\5hr-conlang\riemann_analysis\rrlang\outputs\mesu_register_v0_3_nulls100\mesu_udhr_canonical.json,mesu_register_v0_3_nulls100,,,,mesu,unknown,unknown,,,,,,,,,grapheme_class,698,,,digit,Positions classified as digit in the grapheme-class stream.,0,warning,LOW_EVENT_COUNT,0,The event occurs fewer than five times; gap and prime-position metrics are weak evidence.,"{""code"": ""LOW_EVENT_COUNT"", ""severity"": ""warning"", ""interpretation_level"": 0, ""message"": ""The event occurs fewer than five times; gap and prime-position metrics are weak evidence.""}"
C:\github\5hr-conlang\riemann_analysis\rrlang\outputs\mesu_register_v0_3_nulls100\mesu_udhr_canonical.json,mesu_register_v0_3_nulls100,,,,mesu,unknown,unknown,,,,,,,,,grapheme_class,698,,,digit,Positions classified as digit in the grapheme-class stream.,0,warning,DEGENERATE_EVENT_MAP,0,The event map is all false or all true; many metrics collapse to trivial values.,"{""code"": ""DEGENERATE_EVENT_MAP"", ""severity"": ""warning"", ""interpretation_level"": 0, ""message"": ""The event map is all false or all true; many metrics collapse to trivial values.""}"
C:\github\5hr-conlang\riemann_analysis\rrlang\outputs\mesu_register_v0_3_nulls100\mesu_udhr_canonical.json,mesu_register_v0_3_nulls100,,,,mesu,unknown,unknown,,,,,,,,,grapheme_class,698,,,whitespace,Positions classified as whitespace in the grapheme-class stream.,145,info,STATISTICAL_DEVIATION,1,"Metric 'gap_entropy' deviates from 'density_shuffle' null with z=-13.344. This is a tripwire, not a conclusion.","{""code"": ""STATISTICAL_DEVIATION"", ""severity"": ""info"", ""interpretation_level"": 1, ""message"": ""Metric 'gap_entropy' deviates from 'density_shuffle' null with z=-13.344. This is a tripwire, not a conclusion.""}"
C:\github\5hr-conlang\riemann_analysis\rrlang\outputs\mesu_register_v0_3_nulls100\mesu_udhr_canonical.json,mesu_register_v0_3_nulls100,,,,mesu,unknown,unknown,,,,,,,,,grapheme_class,698,,,whitespace,Positions classified as whitespace in the grapheme-class stream.,145,warning,PERIODICITY_OR_CLUSTERING_WARNING,1,"Gap entropy is substantially lower than the 'density_shuffle' null expectation. Inspect for periodicity, clustering, repeated material, genre constraints, or local phonotactic regularity.","{""code"": ""PERIODICITY_OR_CLUSTERING_WARNING"", ""severity"": ""warning"", ""interpretation_level"": 1, ""message"": ""Gap entropy is substantially lower than the 'density_shuffle' null expectation. Inspect for periodicity, clustering, repeated material, genre constraints, or local phonotactic regularity.""}"
C:\github\5hr-conlang\riemann_analysis\rrlang\outputs\mesu_register_v0_3_nulls100\mesu_udhr_canonical.json,mesu_register_v0_3_nulls100,,,,mesu,unknown,unknown,,,,,,,,,grapheme_class,698,,,whitespace,Positions classified as whitespace in the grapheme-class stream.,145,info,STATISTICAL_DEVIATION,1,"Metric 'run_entropy' deviates from 'density_shuffle' null with z=-6.231. This is a tripwire, not a conclusion.","{""code"": ""STATISTICAL_DEVIATION"", ""severity"": ""info"", ""interpretation_level"": 1, ""message"": ""Metric 'run_entropy' deviates from 'density_shuffle' null with z=-6.231. This is a tripwire, not a conclusion.""}"
C:\github\5hr-conlang\riemann_analysis\rrlang\outputs\mesu_register_v0_3_nulls100\mesu_udhr_canonical.json,mesu_register_v0_3_nulls100,,,,mesu,unknown,unknown,,,,,,,,,grapheme_class,698,,,whitespace,Positions classified as whitespace in the grapheme-class stream.,145,warning,OVER_REGULARITY_WARNING,1,"Run entropy is substantially lower than the 'density_shuffle' null expectation. Possible causes include genuine structure, repeated boilerplate, encoding artefact, formal constraint, or local transition structure not captured by this null.","{""code"": ""OVER_REGULARITY_WARNING"", ""severity"": ""warning"", ""interpretation_level"": 1, ""message"": ""Run entropy is substantially lower than the 'density_shuffle' null expectation. Possible causes include genuine structure, repeated boilerplate, encoding artefact, formal constraint, or local transition structure not captured by this null.""}"
C:\github\5hr-conlang\riemann_analysis\rrlang\outputs\mesu_register_v0_3_nulls100\mesu_udhr_canonical.json,mesu_register_v0_3_nulls100,,,,mesu,unknown,unknown,,,,,,,,,grapheme_class,698,,,whitespace,Positions classified as whitespace in the grapheme-class stream.,145,info,STATISTICAL_DEVIATION,1,"Metric 'prime_gap_affinity' deviates from 'density_shuffle' null with z=3.168. This is a tripwire, not a conclusion.","{""code"": ""STATISTICAL_DEVIATION"", ""severity"": ""info"", ""interpretation_level"": 1, ""message"": ""Metric 'prime_gap_affinity' deviates from 'density_shuffle' null with z=3.168. This is a tripwire, not a conclusion.""}"
C:\github\5hr-conlang\riemann_analysis\rrlang\outputs\mesu_register_v0_3_nulls100\mesu_udhr_canonical.json,mesu_register_v0_3_nulls100,,,,mesu,unknown,unknown,,,,,,,,,grapheme_class,698,,,punctuation,Positions classified as punctuation in the grapheme-class stream.,93,info,STATISTICAL_DEVIATION,1,"Metric 'gap_entropy' deviates from 'density_shuffle' null with z=-10.819. This is a tripwire, not a conclusion.","{""code"": ""STATISTICAL_DEVIATION"", ""severity"": ""info"", ""interpretation_level"": 1, ""message"": ""Metric 'gap_entropy' deviates from 'density_shuffle' null with z=-10.819. This is a tripwire, not a conclusion.""}"
C:\github\5hr-conlang\riemann_analysis\rrlang\outputs\mesu_register_v0_3_nulls100\mesu_udhr_canonical.json,mesu_register_v0_3_nulls100,,,,mesu,unknown,unknown,,,,,,,,,grapheme_class,698,,,punctuation,Positions classified as punctuation in the grapheme-class stream.,93,warning,PERIODICITY_OR_CLUSTERING_WARNING,1,"Gap entropy is substantially lower than the 'density_shuffle' null expectation. Inspect for periodicity, clustering, repeated material, genre constraints, or local phonotactic regularity.","{""code"": ""PERIODICITY_OR_CLUSTERING_WARNING"", ""severity"": ""warning"", ""interpretation_level"": 1, ""message"": ""Gap entropy is substantially lower than the 'density_shuffle' null expectation. Inspect for periodicity, clustering, repeated material, genre constraints, or local phonotactic regularity.""}"
C:\github\5hr-conlang\riemann_analysis\rrlang\outputs\mesu_register_v0_3_nulls100\mesu_udhr_canonical.json,mesu_register_v0_3_nulls100,,,,mesu,unknown,unknown,,,,,,,,,grapheme_class,698,,,punctuation,Positions classified as punctuation in the grapheme-class stream.,93,info,STATISTICAL_DEVIATION,2,"Metric 'gap_entropy' deviates from 'markov_1' null with z=-3.803. This is a tripwire, not a conclusion.","{""code"": ""STATISTICAL_DEVIATION"", ""severity"": ""info"", ""interpretation_level"": 2, ""message"": ""Metric 'gap_entropy' deviates from 'markov_1' null with z=-3.803. This is a tripwire, not a conclusion.""}"
C:\github\5hr-conlang\riemann_analysis\rrlang\outputs\mesu_register_v0_3_nulls100\mesu_udhr_canonical.json,mesu_register_v0_3_nulls100,,,,mesu,unknown,unknown,,,,,,,,,grapheme_class,698,,,punctuation,Positions classified as punctuation in the grapheme-class stream.,93,warning,PERIODICITY_OR_CLUSTERING_WARNING,2,"Gap entropy is substantially lower than the 'markov_1' null expectation. Inspect for periodicity, clustering, repeated material, genre constraints, or local phonotactic regularity.","{""code"": ""PERIODICITY_OR_CLUSTERING_WARNING"", ""severity"": ""warning"", ""interpretation_level"": 2, ""message"": ""Gap entropy is substantially lower than the 'markov_1' null expectation. Inspect for periodicity, clustering, repeated material, genre constraints, or local phonotactic regularity.""}"
C:\github\5hr-conlang\riemann_analysis\rrlang\outputs\mesu_register_v0_3_nulls100\mesu_udhr_canonical.json,mesu_register_v0_3_nulls100,,,,mesu,unknown,unknown,,,,,,,,,grapheme_class,698,,,hyphen_boundary,Positions classified as hyphen_boundary in the grapheme-class stream.,0,warning,LOW_EVENT_COUNT,0,The event occurs fewer than five times; gap and prime-position metrics are weak evidence.,"{""code"": ""LOW_EVENT_COUNT"", ""severity"": ""warning"", ""interpretation_level"": 0, ""message"": ""The event occurs fewer than five times; gap and prime-position metrics are weak evidence.""}"
C:\github\5hr-conlang\riemann_analysis\rrlang\outputs\mesu_register_v0_3_nulls100\mesu_udhr_canonical.json,mesu_register_v0_3_nulls100,,,,mesu,unknown,unknown,,,,,,,,,grapheme_class,698,,,hyphen_boundary,Positions classified as hyphen_boundary in the grapheme-class stream.,0,warning,DEGENERATE_EVENT_MAP,0,The event map is all false or all true; many metrics collapse to trivial values.,"{""code"": ""DEGENERATE_EVENT_MAP"", ""severity"": ""warning"", ""interpretation_level"": 0, ""message"": ""The event map is all false or all true; many metrics collapse to trivial values.""}"
C:\github\5hr-conlang\riemann_analysis\rrlang\outputs\mesu_register_v0_3_nulls100\mesu_udhr_canonical.json,mesu_register_v0_3_nulls100,,,,mesu,unknown,unknown,,,,,,,,,grapheme_class,698,,,other,Positions classified as other in the grapheme-class stream.,0,warning,LOW_EVENT_COUNT,0,The event occurs fewer than five times; gap and prime-position metrics are weak evidence.,"{""code"": ""LOW_EVENT_COUNT"", ""severity"": ""warning"", ""interpretation_level"": 0, ""message"": ""The event occurs fewer than five times; gap and prime-position metrics are weak evidence.""}"
C:\github\5hr-conlang\riemann_analysis\rrlang\outputs\mesu_register_v0_3_nulls100\mesu_udhr_canonical.json,mesu_register_v0_3_nulls100,,,,mesu,unknown,unknown,,,,,,,,,grapheme_class,698,,,other,Positions classified as other in the grapheme-class stream.,0,warning,DEGENERATE_EVENT_MAP,0,The event map is all false or all true; many metrics collapse to trivial values.,"{""code"": ""DEGENERATE_EVENT_MAP"", ""severity"": ""warning"", ""interpretation_level"": 0, ""message"": ""The event map is all false or all true; many metrics collapse to trivial values.""}"
C:\github\5hr-conlang\riemann_analysis\rrlang\outputs\mesu_register_v0_3_nulls100\mesu_udhr_canonical.json,mesu_register_v0_3_nulls100,,,,mesu,unknown,unknown,,,,,,,,,word_boundary,698,,,word_boundary,Positions marked as word boundaries after declared whitespace preprocessing.,145,info,STATISTICAL_DEVIATION,1,"Metric 'gap_entropy' deviates from 'density_shuffle' null with z=-14.469. This is a tripwire, not a conclusion.","{""code"": ""STATISTICAL_DEVIATION"", ""severity"": ""info"", ""interpretation_level"": 1, ""message"": ""Metric 'gap_entropy' deviates from 'density_shuffle' null with z=-14.469. This is a tripwire, not a conclusion.""}"
C:\github\5hr-conlang\riemann_analysis\rrlang\outputs\mesu_register_v0_3_nulls100\mesu_udhr_canonical.json,mesu_register_v0_3_nulls100,,,,mesu,unknown,unknown,,,,,,,,,word_boundary,698,,,word_boundary,Positions marked as word boundaries after declared whitespace preprocessing.,145,warning,PERIODICITY_OR_CLUSTERING_WARNING,1,"Gap entropy is substantially lower than the 'density_shuffle' null expectation. Inspect for periodicity, clustering, repeated material, genre constraints, or local phonotactic regularity.","{""code"": ""PERIODICITY_OR_CLUSTERING_WARNING"", ""severity"": ""warning"", ""interpretation_level"": 1, ""message"": ""Gap entropy is substantially lower than the 'density_shuffle' null expectation. Inspect for periodicity, clustering, repeated material, genre constraints, or local phonotactic regularity.""}"
C:\github\5hr-conlang\riemann_analysis\rrlang\outputs\mesu_register_v0_3_nulls100\mesu_udhr_canonical.json,mesu_register_v0_3_nulls100,,,,mesu,unknown,unknown,,,,,,,,,word_boundary,698,,,word_boundary,Positions marked as word boundaries after declared whitespace preprocessing.,145,info,STATISTICAL_DEVIATION,1,"Metric 'run_entropy' deviates from 'density_shuffle' null with z=-6.787. This is a tripwire, not a conclusion.","{""code"": ""STATISTICAL_DEVIATION"", ""severity"": ""info"", ""interpretation_level"": 1, ""message"": ""Metric 'run_entropy' deviates from 'density_shuffle' null with z=-6.787. This is a tripwire, not a conclusion.""}"
C:\github\5hr-conlang\riemann_analysis\rrlang\outputs\mesu_register_v0_3_nulls100\mesu_udhr_canonical.json,mesu_register_v0_3_nulls100,,,,mesu,unknown,unknown,,,,,,,,,word_boundary,698,,,word_boundary,Positions marked as word boundaries after declared whitespace preprocessing.,145,warning,OVER_REGULARITY_WARNING,1,"Run entropy is substantially lower than the 'density_shuffle' null expectation. Possible causes include genuine structure, repeated boilerplate, encoding artefact, formal constraint, or local transition structure not captured by this null.","{""code"": ""OVER_REGULARITY_WARNING"", ""severity"": ""warning"", ""interpretation_level"": 1, ""message"": ""Run entropy is substantially lower than the 'density_shuffle' null expectation. Possible causes include genuine structure, repeated boilerplate, encoding artefact, formal constraint, or local transition structure not captured by this null.""}"
C:\github\5hr-conlang\riemann_analysis\rrlang\outputs\mesu_register_v0_3_nulls100\mesu_udhr_canonical.json,mesu_register_v0_3_nulls100,,,,mesu,unknown,unknown,,,,,,,,,word_boundary,698,,,word_boundary,Positions marked as word boundaries after declared whitespace preprocessing.,145,info,STATISTICAL_DEVIATION,1,"Metric 'prime_gap_affinity' deviates from 'density_shuffle' null with z=3.776. This is a tripwire, not a conclusion.","{""code"": ""STATISTICAL_DEVIATION"", ""severity"": ""info"", ""interpretation_level"": 1, ""message"": ""Metric 'prime_gap_affinity' deviates from 'density_shuffle' null with z=3.776. This is a tripwire, not a conclusion.""}"
C:\github\5hr-conlang\riemann_analysis\rrlang\outputs\mesu_register_v0_3_nulls100\mesu_udhr_canonical.json,mesu_register_v0_3_nulls100,,,,mesu,unknown,unknown,,,,,,,,,frequency_class,217,,,hapax,Token positions in frequency class hapax.,3,warning,LOW_EVENT_COUNT,0,The event occurs fewer than five times; gap and prime-position metrics are weak evidence.,"{""code"": ""LOW_EVENT_COUNT"", ""severity"": ""warning"", ""interpretation_level"": 0, ""message"": ""The event occurs fewer than five times; gap and prime-position metrics are weak evidence.""}"
