report_file,report_group,experiment,status,language_reported,language_guess,corpus_family,source,input,input_bytes,input_chars,cleaned_chars,null_samples,seed,tool_version,hyphen_policy,encoding,encoding_sequence_len,encoding_unique_symbols,encoding_symbol_entropy_bits,event,event_description,event_count,metric,null_model,observed,null_mean,null_std,z,abs_z,p_emp,survives_markov_2,raw_metric_json
C:\github\5hr-conlang\riemann_analysis\rrlang\outputs\mesu_register_v0_3_nulls100\mesu_basho_text_only.json,mesu_register_v0_3_nulls100,,,,mesu,unknown,unknown,,,,,,,,,grapheme,42,,,vowel,Basic Latin-vowel positions plus common accented vowels.,13,event_density,observed_only,0.309523809524,,,,,,,"{""name"": ""event_density"", ""value"": 0.309523809524, ""details"": ""count(event=true) / sequence_length""}"
C:\github\5hr-conlang\riemann_analysis\rrlang\outputs\mesu_register_v0_3_nulls100\mesu_basho_text_only.json,mesu_register_v0_3_nulls100,,,,mesu,unknown,unknown,,,,,,,,,grapheme,42,,,vowel,Basic Latin-vowel positions plus common accented vowels.,13,event_count,observed_only,13.0,,,,,,,"{""name"": ""event_count"", ""value"": 13, ""details"": ""Number of true positions in the event map.""}"
C:\github\5hr-conlang\riemann_analysis\rrlang\outputs\mesu_register_v0_3_nulls100\mesu_basho_text_only.json,mesu_register_v0_3_nulls100,,,,mesu,unknown,unknown,,,,,,,,,grapheme,42,,,vowel,Basic Latin-vowel positions plus common accented vowels.,13,sequence_length,observed_only,42.0,,,,,,,"{""name"": ""sequence_length"", ""value"": 42, ""details"": ""Number of positions in the event map.""}"
C:\github\5hr-conlang\riemann_analysis\rrlang\outputs\mesu_register_v0_3_nulls100\mesu_basho_text_only.json,mesu_register_v0_3_nulls100,,,,mesu,unknown,unknown,,,,,,,,,grapheme,42,,,vowel,Basic Latin-vowel positions plus common accented vowels.,13,modular_residue_peak_m_2,observed_only,0.615384615385,,,,,,,"{""name"": ""modular_residue_peak_m_2"", ""value"": 0.615384615385, ""details"": ""Largest event-position residue fraction modulo 2.""}"
C:\github\5hr-conlang\riemann_analysis\rrlang\outputs\mesu_register_v0_3_nulls100\mesu_basho_text_only.json,mesu_register_v0_3_nulls100,,,,mesu,unknown,unknown,,,,,,,,,grapheme,42,,,vowel,Basic Latin-vowel positions plus common accented vowels.,13,modular_residue_peak_m_3,observed_only,0.384615384615,,,,,,,"{""name"": ""modular_residue_peak_m_3"", ""value"": 0.384615384615, ""details"": ""Largest event-position residue fraction modulo 3.""}"
C:\github\5hr-conlang\riemann_analysis\rrlang\outputs\mesu_register_v0_3_nulls100\mesu_basho_text_only.json,mesu_register_v0_3_nulls100,,,,mesu,unknown,unknown,,,,,,,,,grapheme,42,,,vowel,Basic Latin-vowel positions plus common accented vowels.,13,modular_residue_peak_m_5,observed_only,0.307692307692,,,,,,,"{""name"": ""modular_residue_peak_m_5"", ""value"": 0.307692307692, ""details"": ""Largest event-position residue fraction modulo 5.""}"
C:\github\5hr-conlang\riemann_analysis\rrlang\outputs\mesu_register_v0_3_nulls100\mesu_basho_text_only.json,mesu_register_v0_3_nulls100,,,,mesu,unknown,unknown,,,,,,,,,grapheme,42,,,vowel,Basic Latin-vowel positions plus common accented vowels.,13,modular_residue_peak_m_7,observed_only,0.230769230769,,,,,,,"{""name"": ""modular_residue_peak_m_7"", ""value"": 0.230769230769, ""details"": ""Largest event-position residue fraction modulo 7.""}"
C:\github\5hr-conlang\riemann_analysis\rrlang\outputs\mesu_register_v0_3_nulls100\mesu_basho_text_only.json,mesu_register_v0_3_nulls100,,,,mesu,unknown,unknown,,,,,,,,,grapheme,42,,,vowel,Basic Latin-vowel positions plus common accented vowels.,13,gap_entropy,density_shuffle,0.811278124459,2.243418709009,0.190432621949,-7.520458259163,7.520458259163,0.009900990099,,"{""name"": ""gap_entropy"", ""null_model"": ""density_shuffle"", ""observed"": 0.811278124459, ""null_mean"": 2.243418709009, ""null_std"": 0.190432621949, ""z_score"": -7.520458259163, ""empirical_p"": 0.009900990099, ""null_samples"": 100}"
C:\github\5hr-conlang\riemann_analysis\rrlang\outputs\mesu_register_v0_3_nulls100\mesu_basho_text_only.json,mesu_register_v0_3_nulls100,,,,mesu,unknown,unknown,,,,,,,,,grapheme,42,,,vowel,Basic Latin-vowel positions plus common accented vowels.,13,run_entropy,density_shuffle,1.351644115153,1.862080909152,0.217842491505,-2.343146144137,2.343146144137,0.039603960396,,"{""name"": ""run_entropy"", ""null_model"": ""density_shuffle"", ""observed"": 1.351644115153, ""null_mean"": 1.862080909152, ""null_std"": 0.217842491505, ""z_score"": -2.343146144137, ""empirical_p"": 0.039603960396, ""null_samples"": 100}"
C:\github\5hr-conlang\riemann_analysis\rrlang\outputs\mesu_register_v0_3_nulls100\mesu_basho_text_only.json,mesu_register_v0_3_nulls100,,,,mesu,unknown,unknown,,,,,,,,,grapheme,42,,,vowel,Basic Latin-vowel positions plus common accented vowels.,13,prime_index_occupancy_bias,density_shuffle,-0.126373626374,-0.020686813187,0.166001835213,-0.636660510716,0.636660510716,0.643564356436,,"{""name"": ""prime_index_occupancy_bias"", ""null_model"": ""density_shuffle"", ""observed"": -0.126373626374, ""null_mean"": -0.020686813187, ""null_std"": 0.166001835213, ""z_score"": -0.636660510716, ""empirical_p"": 0.643564356436, ""null_samples"": 100}"
C:\github\5hr-conlang\riemann_analysis\rrlang\outputs\mesu_register_v0_3_nulls100\mesu_basho_text_only.json,mesu_register_v0_3_nulls100,,,,mesu,unknown,unknown,,,,,,,,,grapheme,42,,,vowel,Basic Latin-vowel positions plus common accented vowels.,13,prime_gap_affinity,density_shuffle,0.75,0.495,0.13955396319,1.82725014877,1.82725014877,0.09900990099,,"{""name"": ""prime_gap_affinity"", ""null_model"": ""density_shuffle"", ""observed"": 0.75, ""null_mean"": 0.495, ""null_std"": 0.13955396319, ""z_score"": 1.82725014877, ""empirical_p"": 0.09900990099, ""null_samples"": 100}"
C:\github\5hr-conlang\riemann_analysis\rrlang\outputs\mesu_register_v0_3_nulls100\mesu_basho_text_only.json,mesu_register_v0_3_nulls100,,,,mesu,unknown,unknown,,,,,,,,,grapheme,42,,,vowel,Basic Latin-vowel positions plus common accented vowels.,13,zeta_spectral_coherence,density_shuffle,0.014205767013,0.023058058571,0.008016516868,-1.104256587239,1.104256587239,0.277227722772,,"{""name"": ""zeta_spectral_coherence"", ""null_model"": ""density_shuffle"", ""observed"": 0.014205767013, ""null_mean"": 0.023058058571, ""null_std"": 0.008016516868, ""z_score"": -1.104256587239, ""empirical_p"": 0.277227722772, ""null_samples"": 100}"
C:\github\5hr-conlang\riemann_analysis\rrlang\outputs\mesu_register_v0_3_nulls100\mesu_basho_text_only.json,mesu_register_v0_3_nulls100,,,,mesu,unknown,unknown,,,,,,,,,grapheme,42,,,vowel,Basic Latin-vowel positions plus common accented vowels.,13,critical_line_symmetry,density_shuffle,0.940714781679,0.910949701711,0.026922671737,1.105576751745,1.105576751745,0.247524752475,,"{""name"": ""critical_line_symmetry"", ""null_model"": ""density_shuffle"", ""observed"": 0.940714781679, ""null_mean"": 0.910949701711, ""null_std"": 0.026922671737, ""z_score"": 1.105576751745, ""empirical_p"": 0.247524752475, ""null_samples"": 100}"
C:\github\5hr-conlang\riemann_analysis\rrlang\outputs\mesu_register_v0_3_nulls100\mesu_basho_text_only.json,mesu_register_v0_3_nulls100,,,,mesu,unknown,unknown,,,,,,,,,grapheme,42,,,vowel,Basic Latin-vowel positions plus common accented vowels.,13,gap_entropy,markov_1,0.811278124459,1.772957369091,0.293005356543,-3.282121719474,3.282121719474,0.009900990099,,"{""name"": ""gap_entropy"", ""null_model"": ""markov_1"", ""observed"": 0.811278124459, ""null_mean"": 1.772957369091, ""null_std"": 0.293005356543, ""z_score"": -3.282121719474, ""empirical_p"": 0.009900990099, ""null_samples"": 100}"
C:\github\5hr-conlang\riemann_analysis\rrlang\outputs\mesu_register_v0_3_nulls100\mesu_basho_text_only.json,mesu_register_v0_3_nulls100,,,,mesu,unknown,unknown,,,,,,,,,grapheme,42,,,vowel,Basic Latin-vowel positions plus common accented vowels.,13,run_entropy,markov_1,1.351644115153,1.27334526978,0.234004424642,0.334604123374,0.334604123374,0.762376237624,,"{""name"": ""run_entropy"", ""null_model"": ""markov_1"", ""observed"": 1.351644115153, ""null_mean"": 1.27334526978, ""null_std"": 0.234004424642, ""z_score"": 0.334604123374, ""empirical_p"": 0.762376237624, ""null_samples"": 100}"
C:\github\5hr-conlang\riemann_analysis\rrlang\outputs\mesu_register_v0_3_nulls100\mesu_basho_text_only.json,mesu_register_v0_3_nulls100,,,,mesu,unknown,unknown,,,,,,,,,grapheme,42,,,vowel,Basic Latin-vowel positions plus common accented vowels.,13,prime_index_occupancy_bias,markov_1,-0.126373626374,0.008324175824,0.203027445342,-0.663446274324,0.663446274324,0.50495049505,,"{""name"": ""prime_index_occupancy_bias"", ""null_model"": ""markov_1"", ""observed"": -0.126373626374, ""null_mean"": 0.008324175824, ""null_std"": 0.203027445342, ""z_score"": -0.663446274324, ""empirical_p"": 0.50495049505, ""null_samples"": 100}"
C:\github\5hr-conlang\riemann_analysis\rrlang\outputs\mesu_register_v0_3_nulls100\mesu_basho_text_only.json,mesu_register_v0_3_nulls100,,,,mesu,unknown,unknown,,,,,,,,,grapheme,42,,,vowel,Basic Latin-vowel positions plus common accented vowels.,13,prime_gap_affinity,markov_1,0.75,0.803374278499,0.093213511205,-0.57260238145,0.57260238145,0.623762376238,,"{""name"": ""prime_gap_affinity"", ""null_model"": ""markov_1"", ""observed"": 0.75, ""null_mean"": 0.803374278499, ""null_std"": 0.093213511205, ""z_score"": -0.57260238145, ""empirical_p"": 0.623762376238, ""null_samples"": 100}"
C:\github\5hr-conlang\riemann_analysis\rrlang\outputs\mesu_register_v0_3_nulls100\mesu_basho_text_only.json,mesu_register_v0_3_nulls100,,,,mesu,unknown,unknown,,,,,,,,,grapheme,42,,,vowel,Basic Latin-vowel positions plus common accented vowels.,13,zeta_spectral_coherence,markov_1,0.014205767013,0.016344764998,0.006095300669,-0.350925754308,0.350925754308,0.752475247525,,"{""name"": ""zeta_spectral_coherence"", ""null_model"": ""markov_1"", ""observed"": 0.014205767013, ""null_mean"": 0.016344764998, ""null_std"": 0.006095300669, ""z_score"": -0.350925754308, ""empirical_p"": 0.752475247525, ""null_samples"": 100}"
C:\github\5hr-conlang\riemann_analysis\rrlang\outputs\mesu_register_v0_3_nulls100\mesu_basho_text_only.json,mesu_register_v0_3_nulls100,,,,mesu,unknown,unknown,,,,,,,,,grapheme,42,,,vowel,Basic Latin-vowel positions plus common accented vowels.,13,critical_line_symmetry,markov_1,0.940714781679,0.928545260247,0.023261017879,0.52317235194,0.52317235194,0.613861386139,,"{""name"": ""critical_line_symmetry"", ""null_model"": ""markov_1"", ""observed"": 0.940714781679, ""null_mean"": 0.928545260247, ""null_std"": 0.023261017879, ""z_score"": 0.52317235194, ""empirical_p"": 0.613861386139, ""null_samples"": 100}"
C:\github\5hr-conlang\riemann_analysis\rrlang\outputs\mesu_register_v0_3_nulls100\mesu_basho_text_only.json,mesu_register_v0_3_nulls100,,,,mesu,unknown,unknown,,,,,,,,,grapheme,42,,,vowel,Basic Latin-vowel positions plus common accented vowels.,13,gap_entropy,markov_2,0.811278124459,0.703234409854,0.301391628566,0.358482799006,0.358482799006,0.80198019802,False,"{""name"": ""gap_entropy"", ""null_model"": ""markov_2"", ""observed"": 0.811278124459, ""null_mean"": 0.703234409854, ""null_std"": 0.301391628566, ""z_score"": 0.358482799006, ""empirical_p"": 0.80198019802, ""null_samples"": 100}"
C:\github\5hr-conlang\riemann_analysis\rrlang\outputs\mesu_register_v0_3_nulls100\mesu_basho_text_only.json,mesu_register_v0_3_nulls100,,,,mesu,unknown,unknown,,,,,,,,,grapheme,42,,,vowel,Basic Latin-vowel positions plus common accented vowels.,13,run_entropy,markov_2,1.351644115153,1.343247846882,0.146872127932,0.057167199723,0.057167199723,0.990099009901,False,"{""name"": ""run_entropy"", ""null_model"": ""markov_2"", ""observed"": 1.351644115153, ""null_mean"": 1.343247846882, ""null_std"": 0.146872127932, ""z_score"": 0.057167199723, ""empirical_p"": 0.990099009901, ""null_samples"": 100}"
C:\github\5hr-conlang\riemann_analysis\rrlang\outputs\mesu_register_v0_3_nulls100\mesu_basho_text_only.json,mesu_register_v0_3_nulls100,,,,mesu,unknown,unknown,,,,,,,,,grapheme,42,,,vowel,Basic Latin-vowel positions plus common accented vowels.,13,prime_index_occupancy_bias,markov_2,-0.126373626374,0.008434065934,0.168587392132,-0.799630924966,0.799630924966,0.455445544554,False,"{""name"": ""prime_index_occupancy_bias"", ""null_model"": ""markov_2"", ""observed"": -0.126373626374, ""null_mean"": 0.008434065934, ""null_std"": 0.168587392132, ""z_score"": -0.799630924966, ""empirical_p"": 0.455445544554, ""null_samples"": 100}"
C:\github\5hr-conlang\riemann_analysis\rrlang\outputs\mesu_register_v0_3_nulls100\mesu_basho_text_only.json,mesu_register_v0_3_nulls100,,,,mesu,unknown,unknown,,,,,,,,,grapheme,42,,,vowel,Basic Latin-vowel positions plus common accented vowels.,13,prime_gap_affinity,markov_2,0.75,0.839194638695,0.124455812721,-0.716677162319,0.716677162319,0.346534653465,False,"{""name"": ""prime_gap_affinity"", ""null_model"": ""markov_2"", ""observed"": 0.75, ""null_mean"": 0.839194638695, ""null_std"": 0.124455812721, ""z_score"": -0.716677162319, ""empirical_p"": 0.346534653465, ""null_samples"": 100}"
C:\github\5hr-conlang\riemann_analysis\rrlang\outputs\mesu_register_v0_3_nulls100\mesu_basho_text_only.json,mesu_register_v0_3_nulls100,,,,mesu,unknown,unknown,,,,,,,,,grapheme,42,,,vowel,Basic Latin-vowel positions plus common accented vowels.,13,zeta_spectral_coherence,markov_2,0.014205767013,0.014343231822,0.004880249359,-0.028167578955,0.028167578955,0.980198019802,False,"{""name"": ""zeta_spectral_coherence"", ""null_model"": ""markov_2"", ""observed"": 0.014205767013, ""null_mean"": 0.014343231822, ""null_std"": 0.004880249359, ""z_score"": -0.028167578955, ""empirical_p"": 0.980198019802, ""null_samples"": 100}"
C:\github\5hr-conlang\riemann_analysis\rrlang\outputs\mesu_register_v0_3_nulls100\mesu_basho_text_only.json,mesu_register_v0_3_nulls100,,,,mesu,unknown,unknown,,,,,,,,,grapheme,42,,,vowel,Basic Latin-vowel positions plus common accented vowels.,13,critical_line_symmetry,markov_2,0.940714781679,0.943933136946,0.026334536137,-0.122210440698,0.122210440698,0.871287128713,False,"{""name"": ""critical_line_symmetry"", ""null_model"": ""markov_2"", ""observed"": 0.940714781679, ""null_mean"": 0.943933136946, ""null_std"": 0.026334536137, ""z_score"": -0.122210440698, ""empirical_p"": 0.871287128713, ""null_samples"": 100}"
C:\github\5hr-conlang\riemann_analysis\rrlang\outputs\mesu_register_v0_3_nulls100\mesu_basho_text_only.json,mesu_register_v0_3_nulls100,,,,mesu,unknown,unknown,,,,,,,,,grapheme,42,,,vowel,Basic Latin-vowel positions plus common accented vowels.,13,gap_entropy,gap_order_shuffle,0.811278124459,0.811278124459,0.0,-0.994987437107,0.994987437107,1.0,,"{""name"": ""gap_entropy"", ""null_model"": ""gap_order_shuffle"", ""observed"": 0.811278124459, ""null_mean"": 0.811278124459, ""null_std"": 0.0, ""z_score"": -0.994987437107, ""empirical_p"": 1, ""null_samples"": 100}"
C:\github\5hr-conlang\riemann_analysis\rrlang\outputs\mesu_register_v0_3_nulls100\mesu_basho_text_only.json,mesu_register_v0_3_nulls100,,,,mesu,unknown,unknown,,,,,,,,,grapheme,42,,,vowel,Basic Latin-vowel positions plus common accented vowels.,13,run_entropy,gap_order_shuffle,1.351644115153,1.351644115153,0.0,1.066493360615,1.066493360615,0.643564356436,,"{""name"": ""run_entropy"", ""null_model"": ""gap_order_shuffle"", ""observed"": 1.351644115153, ""null_mean"": 1.351644115153, ""null_std"": 0.0, ""z_score"": 1.066493360615, ""empirical_p"": 0.643564356436, ""null_samples"": 100}"
C:\github\5hr-conlang\riemann_analysis\rrlang\outputs\mesu_register_v0_3_nulls100\mesu_basho_text_only.json,mesu_register_v0_3_nulls100,,,,mesu,unknown,unknown,,,,,,,,,grapheme,42,,,vowel,Basic Latin-vowel positions plus common accented vowels.,13,prime_index_occupancy_bias,gap_order_shuffle,-0.126373626374,0.103406593407,0.136710919272,-1.68077444731,1.68077444731,0.118811881188,,"{""name"": ""prime_index_occupancy_bias"", ""null_model"": ""gap_order_shuffle"", ""observed"": -0.126373626374, ""null_mean"": 0.103406593407, ""null_std"": 0.136710919272, ""z_score"": -1.68077444731, ""empirical_p"": 0.118811881188, ""null_samples"": 100}"
C:\github\5hr-conlang\riemann_analysis\rrlang\outputs\mesu_register_v0_3_nulls100\mesu_basho_text_only.json,mesu_register_v0_3_nulls100,,,,mesu,unknown,unknown,,,,,,,,,grapheme,42,,,vowel,Basic Latin-vowel positions plus common accented vowels.,13,prime_gap_affinity,gap_order_shuffle,0.75,0.75,0.0,0.0,0.0,1.0,,"{""name"": ""prime_gap_affinity"", ""null_model"": ""gap_order_shuffle"", ""observed"": 0.75, ""null_mean"": 0.75, ""null_std"": 0, ""z_score"": 0, ""empirical_p"": 1, ""null_samples"": 100}"
C:\github\5hr-conlang\riemann_analysis\rrlang\outputs\mesu_register_v0_3_nulls100\mesu_basho_text_only.json,mesu_register_v0_3_nulls100,,,,mesu,unknown,unknown,,,,,,,,,grapheme,42,,,vowel,Basic Latin-vowel positions plus common accented vowels.,13,zeta_spectral_coherence,gap_order_shuffle,0.014205767013,0.016170829331,0.003475753487,-0.565362970937,0.565362970937,0.425742574257,,"{""name"": ""zeta_spectral_coherence"", ""null_model"": ""gap_order_shuffle"", ""observed"": 0.014205767013, ""null_mean"": 0.016170829331, ""null_std"": 0.003475753487, ""z_score"": -0.565362970937, ""empirical_p"": 0.425742574257, ""null_samples"": 100}"
C:\github\5hr-conlang\riemann_analysis\rrlang\outputs\mesu_register_v0_3_nulls100\mesu_basho_text_only.json,mesu_register_v0_3_nulls100,,,,mesu,unknown,unknown,,,,,,,,,grapheme,42,,,vowel,Basic Latin-vowel positions plus common accented vowels.,13,critical_line_symmetry,gap_order_shuffle,0.940714781679,0.950822196022,0.016575941403,-0.609764121212,0.609764121212,0.277227722772,,"{""name"": ""critical_line_symmetry"", ""null_model"": ""gap_order_shuffle"", ""observed"": 0.940714781679, ""null_mean"": 0.950822196022, ""null_std"": 0.016575941403, ""z_score"": -0.609764121212, ""empirical_p"": 0.277227722772, ""null_samples"": 100}"
C:\github\5hr-conlang\riemann_analysis\rrlang\outputs\mesu_register_v0_3_nulls100\mesu_basho_text_only.json,mesu_register_v0_3_nulls100,,,,mesu,unknown,unknown,,,,,,,,,grapheme,42,,,consonant,Alphabetic non-vowel positions under the MVP classifier.,15,event_density,observed_only,0.357142857143,,,,,,,"{""name"": ""event_density"", ""value"": 0.357142857143, ""details"": ""count(event=true) / sequence_length""}"
C:\github\5hr-conlang\riemann_analysis\rrlang\outputs\mesu_register_v0_3_nulls100\mesu_basho_text_only.json,mesu_register_v0_3_nulls100,,,,mesu,unknown,unknown,,,,,,,,,grapheme,42,,,consonant,Alphabetic non-vowel positions under the MVP classifier.,15,event_count,observed_only,15.0,,,,,,,"{""name"": ""event_count"", ""value"": 15, ""details"": ""Number of true positions in the event map.""}"
C:\github\5hr-conlang\riemann_analysis\rrlang\outputs\mesu_register_v0_3_nulls100\mesu_basho_text_only.json,mesu_register_v0_3_nulls100,,,,mesu,unknown,unknown,,,,,,,,,grapheme,42,,,consonant,Alphabetic non-vowel positions under the MVP classifier.,15,sequence_length,observed_only,42.0,,,,,,,"{""name"": ""sequence_length"", ""value"": 42, ""details"": ""Number of positions in the event map.""}"
C:\github\5hr-conlang\riemann_analysis\rrlang\outputs\mesu_register_v0_3_nulls100\mesu_basho_text_only.json,mesu_register_v0_3_nulls100,,,,mesu,unknown,unknown,,,,,,,,,grapheme,42,,,consonant,Alphabetic non-vowel positions under the MVP classifier.,15,modular_residue_peak_m_2,observed_only,0.866666666667,,,,,,,"{""name"": ""modular_residue_peak_m_2"", ""value"": 0.866666666667, ""details"": ""Largest event-position residue fraction modulo 2.""}"
C:\github\5hr-conlang\riemann_analysis\rrlang\outputs\mesu_register_v0_3_nulls100\mesu_basho_text_only.json,mesu_register_v0_3_nulls100,,,,mesu,unknown,unknown,,,,,,,,,grapheme,42,,,consonant,Alphabetic non-vowel positions under the MVP classifier.,15,modular_residue_peak_m_3,observed_only,0.4,,,,,,,"{""name"": ""modular_residue_peak_m_3"", ""value"": 0.4, ""details"": ""Largest event-position residue fraction modulo 3.""}"
C:\github\5hr-conlang\riemann_analysis\rrlang\outputs\mesu_register_v0_3_nulls100\mesu_basho_text_only.json,mesu_register_v0_3_nulls100,,,,mesu,unknown,unknown,,,,,,,,,grapheme,42,,,consonant,Alphabetic non-vowel positions under the MVP classifier.,15,modular_residue_peak_m_5,observed_only,0.266666666667,,,,,,,"{""name"": ""modular_residue_peak_m_5"", ""value"": 0.266666666667, ""details"": ""Largest event-position residue fraction modulo 5.""}"
C:\github\5hr-conlang\riemann_analysis\rrlang\outputs\mesu_register_v0_3_nulls100\mesu_basho_text_only.json,mesu_register_v0_3_nulls100,,,,mesu,unknown,unknown,,,,,,,,,grapheme,42,,,consonant,Alphabetic non-vowel positions under the MVP classifier.,15,modular_residue_peak_m_7,observed_only,0.266666666667,,,,,,,"{""name"": ""modular_residue_peak_m_7"", ""value"": 0.266666666667, ""details"": ""Largest event-position residue fraction modulo 7.""}"
C:\github\5hr-conlang\riemann_analysis\rrlang\outputs\mesu_register_v0_3_nulls100\mesu_basho_text_only.json,mesu_register_v0_3_nulls100,,,,mesu,unknown,unknown,,,,,,,,,grapheme,42,,,consonant,Alphabetic non-vowel positions under the MVP classifier.,15,gap_entropy,density_shuffle,1.492614068017,2.119247837828,0.224193396573,-2.795058995442,2.795058995442,0.029702970297,,"{""name"": ""gap_entropy"", ""null_model"": ""density_shuffle"", ""observed"": 1.492614068017, ""null_mean"": 2.119247837828, ""null_std"": 0.224193396573, ""z_score"": -2.795058995442, ""empirical_p"": 0.029702970297, ""null_samples"": 100}"
C:\github\5hr-conlang\riemann_analysis\rrlang\outputs\mesu_register_v0_3_nulls100\mesu_basho_text_only.json,mesu_register_v0_3_nulls100,,,,mesu,unknown,unknown,,,,,,,,,grapheme,42,,,consonant,Alphabetic non-vowel positions under the MVP classifier.,15,run_entropy,density_shuffle,1.103307408608,1.833515631906,0.276584783279,-2.640088202397,2.640088202397,0.019801980198,,"{""name"": ""run_entropy"", ""null_model"": ""density_shuffle"", ""observed"": 1.103307408608, ""null_mean"": 1.833515631906, ""null_std"": 0.276584783279, ""z_score"": -2.640088202397, ""empirical_p"": 0.019801980198, ""null_samples"": 100}"
C:\github\5hr-conlang\riemann_analysis\rrlang\outputs\mesu_register_v0_3_nulls100\mesu_basho_text_only.json,mesu_register_v0_3_nulls100,,,,mesu,unknown,unknown,,,,,,,,,grapheme,42,,,consonant,Alphabetic non-vowel positions under the MVP classifier.,15,prime_index_occupancy_bias,density_shuffle,0.401098901099,-0.029972527473,0.168231509723,2.562370326946,2.562370326946,0.029702970297,,"{""name"": ""prime_index_occupancy_bias"", ""null_model"": ""density_shuffle"", ""observed"": 0.401098901099, ""null_mean"": -0.029972527473, ""null_std"": 0.168231509723, ""z_score"": 2.562370326946, ""empirical_p"": 0.029702970297, ""null_samples"": 100}"
C:\github\5hr-conlang\riemann_analysis\rrlang\outputs\mesu_register_v0_3_nulls100\mesu_basho_text_only.json,mesu_register_v0_3_nulls100,,,,mesu,unknown,unknown,,,,,,,,,grapheme,42,,,consonant,Alphabetic non-vowel positions under the MVP classifier.,15,prime_gap_affinity,density_shuffle,0.714285714286,0.467857142857,0.153759658463,1.602686776832,1.602686776832,0.148514851485,,"{""name"": ""prime_gap_affinity"", ""null_model"": ""density_shuffle"", ""observed"": 0.714285714286, ""null_mean"": 0.467857142857, ""null_std"": 0.153759658463, ""z_score"": 1.602686776832, ""empirical_p"": 0.148514851485, ""null_samples"": 100}"
C:\github\5hr-conlang\riemann_analysis\rrlang\outputs\mesu_register_v0_3_nulls100\mesu_basho_text_only.json,mesu_register_v0_3_nulls100,,,,mesu,unknown,unknown,,,,,,,,,grapheme,42,,,consonant,Alphabetic non-vowel positions under the MVP classifier.,15,zeta_spectral_coherence,density_shuffle,0.011983600717,0.024644015434,0.007846464513,-1.613518381007,1.613518381007,0.128712871287,,"{""name"": ""zeta_spectral_coherence"", ""null_model"": ""density_shuffle"", ""observed"": 0.011983600717, ""null_mean"": 0.024644015434, ""null_std"": 0.007846464513, ""z_score"": -1.613518381007, ""empirical_p"": 0.128712871287, ""null_samples"": 100}"
C:\github\5hr-conlang\riemann_analysis\rrlang\outputs\mesu_register_v0_3_nulls100\mesu_basho_text_only.json,mesu_register_v0_3_nulls100,,,,mesu,unknown,unknown,,,,,,,,,grapheme,42,,,consonant,Alphabetic non-vowel positions under the MVP classifier.,15,critical_line_symmetry,density_shuffle,0.93926638801,0.912322766395,0.029797010821,0.904239078768,0.904239078768,0.29702970297,,"{""name"": ""critical_line_symmetry"", ""null_model"": ""density_shuffle"", ""observed"": 0.93926638801, ""null_mean"": 0.912322766395, ""null_std"": 0.029797010821, ""z_score"": 0.904239078768, ""empirical_p"": 0.29702970297, ""null_samples"": 100}"
C:\github\5hr-conlang\riemann_analysis\rrlang\outputs\mesu_register_v0_3_nulls100\mesu_basho_text_only.json,mesu_register_v0_3_nulls100,,,,mesu,unknown,unknown,,,,,,,,,grapheme,42,,,consonant,Alphabetic non-vowel positions under the MVP classifier.,15,gap_entropy,markov_1,1.492614068017,1.482075988754,0.365102152564,0.028863372044,0.028863372044,0.930693069307,,"{""name"": ""gap_entropy"", ""null_model"": ""markov_1"", ""observed"": 1.492614068017, ""null_mean"": 1.482075988754, ""null_std"": 0.365102152564, ""z_score"": 0.028863372044, ""empirical_p"": 0.930693069307, ""null_samples"": 100}"
C:\github\5hr-conlang\riemann_analysis\rrlang\outputs\mesu_register_v0_3_nulls100\mesu_basho_text_only.json,mesu_register_v0_3_nulls100,,,,mesu,unknown,unknown,,,,,,,,,grapheme,42,,,consonant,Alphabetic non-vowel positions under the MVP classifier.,15,run_entropy,markov_1,1.103307408608,1.029157389841,0.274570032726,0.270058673302,0.270058673302,0.762376237624,,"{""name"": ""run_entropy"", ""null_model"": ""markov_1"", ""observed"": 1.103307408608, ""null_mean"": 1.029157389841, ""null_std"": 0.274570032726, ""z_score"": 0.270058673302, ""empirical_p"": 0.762376237624, ""null_samples"": 100}"
C:\github\5hr-conlang\riemann_analysis\rrlang\outputs\mesu_register_v0_3_nulls100\mesu_basho_text_only.json,mesu_register_v0_3_nulls100,,,,mesu,unknown,unknown,,,,,,,,,grapheme,42,,,consonant,Alphabetic non-vowel positions under the MVP classifier.,15,prime_index_occupancy_bias,markov_1,0.401098901099,-0.004010989011,0.244951557503,1.653836759558,1.653836759558,0.138613861386,,"{""name"": ""prime_index_occupancy_bias"", ""null_model"": ""markov_1"", ""observed"": 0.401098901099, ""null_mean"": -0.004010989011, ""null_std"": 0.244951557503, ""z_score"": 1.653836759558, ""empirical_p"": 0.138613861386, ""null_samples"": 100}"
C:\github\5hr-conlang\riemann_analysis\rrlang\outputs\mesu_register_v0_3_nulls100\mesu_basho_text_only.json,mesu_register_v0_3_nulls100,,,,mesu,unknown,unknown,,,,,,,,,grapheme,42,,,consonant,Alphabetic non-vowel positions under the MVP classifier.,15,prime_gap_affinity,markov_1,0.714285714286,0.856794976266,0.090037500243,-1.582776749632,1.582776749632,0.19801980198,,"{""name"": ""prime_gap_affinity"", ""null_model"": ""markov_1"", ""observed"": 0.714285714286, ""null_mean"": 0.856794976266, ""null_std"": 0.090037500243, ""z_score"": -1.582776749632, ""empirical_p"": 0.19801980198, ""null_samples"": 100}"
C:\github\5hr-conlang\riemann_analysis\rrlang\outputs\mesu_register_v0_3_nulls100\mesu_basho_text_only.json,mesu_register_v0_3_nulls100,,,,mesu,unknown,unknown,,,,,,,,,grapheme,42,,,consonant,Alphabetic non-vowel positions under the MVP classifier.,15,zeta_spectral_coherence,markov_1,0.011983600717,0.016702772757,0.006288885026,-0.750398841931,0.750398841931,0.445544554455,,"{""name"": ""zeta_spectral_coherence"", ""null_model"": ""markov_1"", ""observed"": 0.011983600717, ""null_mean"": 0.016702772757, ""null_std"": 0.006288885026, ""z_score"": -0.750398841931, ""empirical_p"": 0.445544554455, ""null_samples"": 100}"
C:\github\5hr-conlang\riemann_analysis\rrlang\outputs\mesu_register_v0_3_nulls100\mesu_basho_text_only.json,mesu_register_v0_3_nulls100,,,,mesu,unknown,unknown,,,,,,,,,grapheme,42,,,consonant,Alphabetic non-vowel positions under the MVP classifier.,15,critical_line_symmetry,markov_1,0.93926638801,0.930272079399,0.027139397929,0.331411501234,0.331411501234,0.752475247525,,"{""name"": ""critical_line_symmetry"", ""null_model"": ""markov_1"", ""observed"": 0.93926638801, ""null_mean"": 0.930272079399, ""null_std"": 0.027139397929, ""z_score"": 0.331411501234, ""empirical_p"": 0.752475247525, ""null_samples"": 100}"
C:\github\5hr-conlang\riemann_analysis\rrlang\outputs\mesu_register_v0_3_nulls100\mesu_basho_text_only.json,mesu_register_v0_3_nulls100,,,,mesu,unknown,unknown,,,,,,,,,grapheme,42,,,consonant,Alphabetic non-vowel positions under the MVP classifier.,15,gap_entropy,markov_2,1.492614068017,1.539608345216,0.267294166563,-0.175814825302,0.175814825302,0.831683168317,False,"{""name"": ""gap_entropy"", ""null_model"": ""markov_2"", ""observed"": 1.492614068017, ""null_mean"": 1.539608345216, ""null_std"": 0.267294166563, ""z_score"": -0.175814825302, ""empirical_p"": 0.831683168317, ""null_samples"": 100}"
C:\github\5hr-conlang\riemann_analysis\rrlang\outputs\mesu_register_v0_3_nulls100\mesu_basho_text_only.json,mesu_register_v0_3_nulls100,,,,mesu,unknown,unknown,,,,,,,,,grapheme,42,,,consonant,Alphabetic non-vowel positions under the MVP classifier.,15,run_entropy,markov_2,1.103307408608,1.119122090326,0.202109631953,-0.078248035806,0.078248035806,0.960396039604,False,"{""name"": ""run_entropy"", ""null_model"": ""markov_2"", ""observed"": 1.103307408608, ""null_mean"": 1.119122090326, ""null_std"": 0.202109631953, ""z_score"": -0.078248035806, ""empirical_p"": 0.960396039604, ""null_samples"": 100}"
C:\github\5hr-conlang\riemann_analysis\rrlang\outputs\mesu_register_v0_3_nulls100\mesu_basho_text_only.json,mesu_register_v0_3_nulls100,,,,mesu,unknown,unknown,,,,,,,,,grapheme,42,,,consonant,Alphabetic non-vowel positions under the MVP classifier.,15,prime_index_occupancy_bias,markov_2,0.401098901099,0.010467032967,0.185657453089,2.10404625094,2.10404625094,0.049504950495,False,"{""name"": ""prime_index_occupancy_bias"", ""null_model"": ""markov_2"", ""observed"": 0.401098901099, ""null_mean"": 0.010467032967, ""null_std"": 0.185657453089, ""z_score"": 2.10404625094, ""empirical_p"": 0.049504950495, ""null_samples"": 100}"
C:\github\5hr-conlang\riemann_analysis\rrlang\outputs\mesu_register_v0_3_nulls100\mesu_basho_text_only.json,mesu_register_v0_3_nulls100,,,,mesu,unknown,unknown,,,,,,,,,grapheme,42,,,consonant,Alphabetic non-vowel positions under the MVP classifier.,15,prime_gap_affinity,markov_2,0.714285714286,0.862060282854,0.097611657219,-1.513902875733,1.513902875733,0.108910891089,False,"{""name"": ""prime_gap_affinity"", ""null_model"": ""markov_2"", ""observed"": 0.714285714286, ""null_mean"": 0.862060282854, ""null_std"": 0.097611657219, ""z_score"": -1.513902875733, ""empirical_p"": 0.108910891089, ""null_samples"": 100}"
C:\github\5hr-conlang\riemann_analysis\rrlang\outputs\mesu_register_v0_3_nulls100\mesu_basho_text_only.json,mesu_register_v0_3_nulls100,,,,mesu,unknown,unknown,,,,,,,,,grapheme,42,,,consonant,Alphabetic non-vowel positions under the MVP classifier.,15,zeta_spectral_coherence,markov_2,0.011983600717,0.01603767705,0.005858739135,-0.691970787622,0.691970787622,0.455445544554,False,"{""name"": ""zeta_spectral_coherence"", ""null_model"": ""markov_2"", ""observed"": 0.011983600717, ""null_mean"": 0.01603767705, ""null_std"": 0.005858739135, ""z_score"": -0.691970787622, ""empirical_p"": 0.455445544554, ""null_samples"": 100}"
C:\github\5hr-conlang\riemann_analysis\rrlang\outputs\mesu_register_v0_3_nulls100\mesu_basho_text_only.json,mesu_register_v0_3_nulls100,,,,mesu,unknown,unknown,,,,,,,,,grapheme,42,,,consonant,Alphabetic non-vowel positions under the MVP classifier.,15,critical_line_symmetry,markov_2,0.93926638801,0.936437402017,0.023832369367,0.118703514067,0.118703514067,0.861386138614,False,"{""name"": ""critical_line_symmetry"", ""null_model"": ""markov_2"", ""observed"": 0.93926638801, ""null_mean"": 0.936437402017, ""null_std"": 0.023832369367, ""z_score"": 0.118703514067, ""empirical_p"": 0.861386138614, ""null_samples"": 100}"
C:\github\5hr-conlang\riemann_analysis\rrlang\outputs\mesu_register_v0_3_nulls100\mesu_basho_text_only.json,mesu_register_v0_3_nulls100,,,,mesu,unknown,unknown,,,,,,,,,grapheme,42,,,consonant,Alphabetic non-vowel positions under the MVP classifier.,15,gap_entropy,gap_order_shuffle,1.492614068017,1.492614068017,0.0,-0.939011028702,0.939011028702,1.0,,"{""name"": ""gap_entropy"", ""null_model"": ""gap_order_shuffle"", ""observed"": 1.492614068017, ""null_mean"": 1.492614068017, ""null_std"": 0.0, ""z_score"": -0.939011028702, ""empirical_p"": 1, ""null_samples"": 100}"
C:\github\5hr-conlang\riemann_analysis\rrlang\outputs\mesu_register_v0_3_nulls100\mesu_basho_text_only.json,mesu_register_v0_3_nulls100,,,,mesu,unknown,unknown,,,,,,,,,grapheme,42,,,consonant,Alphabetic non-vowel positions under the MVP classifier.,15,run_entropy,gap_order_shuffle,1.103307408608,1.103307408608,0.0,0.994987437107,0.994987437107,1.0,,"{""name"": ""run_entropy"", ""null_model"": ""gap_order_shuffle"", ""observed"": 1.103307408608, ""null_mean"": 1.103307408608, ""null_std"": 0.0, ""z_score"": 0.994987437107, ""empirical_p"": 1, ""null_samples"": 100}"
C:\github\5hr-conlang\riemann_analysis\rrlang\outputs\mesu_register_v0_3_nulls100\mesu_basho_text_only.json,mesu_register_v0_3_nulls100,,,,mesu,unknown,unknown,,,,,,,,,grapheme,42,,,consonant,Alphabetic non-vowel positions under the MVP classifier.,15,prime_index_occupancy_bias,gap_order_shuffle,0.401098901099,-0.035934065934,0.238687715411,1.830982236684,1.830982236684,0.128712871287,,"{""name"": ""prime_index_occupancy_bias"", ""null_model"": ""gap_order_shuffle"", ""observed"": 0.401098901099, ""null_mean"": -0.035934065934, ""null_std"": 0.238687715411, ""z_score"": 1.830982236684, ""empirical_p"": 0.128712871287, ""null_samples"": 100}"
C:\github\5hr-conlang\riemann_analysis\rrlang\outputs\mesu_register_v0_3_nulls100\mesu_basho_text_only.json,mesu_register_v0_3_nulls100,,,,mesu,unknown,unknown,,,,,,,,,grapheme,42,,,consonant,Alphabetic non-vowel positions under the MVP classifier.,15,prime_gap_affinity,gap_order_shuffle,0.714285714286,0.714285714286,0.0,0.994987437107,0.994987437107,1.0,,"{""name"": ""prime_gap_affinity"", ""null_model"": ""gap_order_shuffle"", ""observed"": 0.714285714286, ""null_mean"": 0.714285714286, ""null_std"": 0.0, ""z_score"": 0.994987437107, ""empirical_p"": 1, ""null_samples"": 100}"
C:\github\5hr-conlang\riemann_analysis\rrlang\outputs\mesu_register_v0_3_nulls100\mesu_basho_text_only.json,mesu_register_v0_3_nulls100,,,,mesu,unknown,unknown,,,,,,,,,grapheme,42,,,consonant,Alphabetic non-vowel positions under the MVP classifier.,15,zeta_spectral_coherence,gap_order_shuffle,0.011983600717,0.018081338423,0.005942441686,-1.026133368826,1.026133368826,0.316831683168,,"{""name"": ""zeta_spectral_coherence"", ""null_model"": ""gap_order_shuffle"", ""observed"": 0.011983600717, ""null_mean"": 0.018081338423, ""null_std"": 0.005942441686, ""z_score"": -1.026133368826, ""empirical_p"": 0.316831683168, ""null_samples"": 100}"
C:\github\5hr-conlang\riemann_analysis\rrlang\outputs\mesu_register_v0_3_nulls100\mesu_basho_text_only.json,mesu_register_v0_3_nulls100,,,,mesu,unknown,unknown,,,,,,,,,grapheme,42,,,consonant,Alphabetic non-vowel positions under the MVP classifier.,15,critical_line_symmetry,gap_order_shuffle,0.93926638801,0.947467267914,0.02115397574,-0.387675584252,0.387675584252,0.712871287129,,"{""name"": ""critical_line_symmetry"", ""null_model"": ""gap_order_shuffle"", ""observed"": 0.93926638801, ""null_mean"": 0.947467267914, ""null_std"": 0.02115397574, ""z_score"": -0.387675584252, ""empirical_p"": 0.712871287129, ""null_samples"": 100}"
C:\github\5hr-conlang\riemann_analysis\rrlang\outputs\mesu_register_v0_3_nulls100\mesu_basho_text_only.json,mesu_register_v0_3_nulls100,,,,mesu,unknown,unknown,,,,,,,,,grapheme,42,,,whitespace,Whitespace positions.,9,event_density,observed_only,0.214285714286,,,,,,,"{""name"": ""event_density"", ""value"": 0.214285714286, ""details"": ""count(event=true) / sequence_length""}"
C:\github\5hr-conlang\riemann_analysis\rrlang\outputs\mesu_register_v0_3_nulls100\mesu_basho_text_only.json,mesu_register_v0_3_nulls100,,,,mesu,unknown,unknown,,,,,,,,,grapheme,42,,,whitespace,Whitespace positions.,9,event_count,observed_only,9.0,,,,,,,"{""name"": ""event_count"", ""value"": 9, ""details"": ""Number of true positions in the event map.""}"
C:\github\5hr-conlang\riemann_analysis\rrlang\outputs\mesu_register_v0_3_nulls100\mesu_basho_text_only.json,mesu_register_v0_3_nulls100,,,,mesu,unknown,unknown,,,,,,,,,grapheme,42,,,whitespace,Whitespace positions.,9,sequence_length,observed_only,42.0,,,,,,,"{""name"": ""sequence_length"", ""value"": 42, ""details"": ""Number of positions in the event map.""}"
C:\github\5hr-conlang\riemann_analysis\rrlang\outputs\mesu_register_v0_3_nulls100\mesu_basho_text_only.json,mesu_register_v0_3_nulls100,,,,mesu,unknown,unknown,,,,,,,,,grapheme,42,,,whitespace,Whitespace positions.,9,modular_residue_peak_m_2,observed_only,0.888888888889,,,,,,,"{""name"": ""modular_residue_peak_m_2"", ""value"": 0.888888888889, ""details"": ""Largest event-position residue fraction modulo 2.""}"
C:\github\5hr-conlang\riemann_analysis\rrlang\outputs\mesu_register_v0_3_nulls100\mesu_basho_text_only.json,mesu_register_v0_3_nulls100,,,,mesu,unknown,unknown,,,,,,,,,grapheme,42,,,whitespace,Whitespace positions.,9,modular_residue_peak_m_3,observed_only,0.444444444444,,,,,,,"{""name"": ""modular_residue_peak_m_3"", ""value"": 0.444444444444, ""details"": ""Largest event-position residue fraction modulo 3.""}"
C:\github\5hr-conlang\riemann_analysis\rrlang\outputs\mesu_register_v0_3_nulls100\mesu_basho_text_only.json,mesu_register_v0_3_nulls100,,,,mesu,unknown,unknown,,,,,,,,,grapheme,42,,,whitespace,Whitespace positions.,9,modular_residue_peak_m_5,observed_only,0.333333333333,,,,,,,"{""name"": ""modular_residue_peak_m_5"", ""value"": 0.333333333333, ""details"": ""Largest event-position residue fraction modulo 5.""}"
C:\github\5hr-conlang\riemann_analysis\rrlang\outputs\mesu_register_v0_3_nulls100\mesu_basho_text_only.json,mesu_register_v0_3_nulls100,,,,mesu,unknown,unknown,,,,,,,,,grapheme,42,,,whitespace,Whitespace positions.,9,modular_residue_peak_m_7,observed_only,0.222222222222,,,,,,,"{""name"": ""modular_residue_peak_m_7"", ""value"": 0.222222222222, ""details"": ""Largest event-position residue fraction modulo 7.""}"
C:\github\5hr-conlang\riemann_analysis\rrlang\outputs\mesu_register_v0_3_nulls100\mesu_basho_text_only.json,mesu_register_v0_3_nulls100,,,,mesu,unknown,unknown,,,,,,,,,grapheme,42,,,whitespace,Whitespace positions.,9,gap_entropy,density_shuffle,1.90563906223,2.283150359248,0.309081393452,-1.221397680403,1.221397680403,0.306930693069,,"{""name"": ""gap_entropy"", ""null_model"": ""density_shuffle"", ""observed"": 1.90563906223, ""null_mean"": 2.283150359248, ""null_std"": 0.309081393452, ""z_score"": -1.221397680403, ""empirical_p"": 0.306930693069, ""null_samples"": 100}"
C:\github\5hr-conlang\riemann_analysis\rrlang\outputs\mesu_register_v0_3_nulls100\mesu_basho_text_only.json,mesu_register_v0_3_nulls100,,,,mesu,unknown,unknown,,,,,,,,,grapheme,42,,,whitespace,Whitespace positions.,9,run_entropy,density_shuffle,1.667951197199,2.007214228499,0.274311837376,-1.236778676949,1.236778676949,0.237623762376,,"{""name"": ""run_entropy"", ""null_model"": ""density_shuffle"", ""observed"": 1.667951197199, ""null_mean"": 2.007214228499, ""null_std"": 0.274311837376, ""z_score"": -1.236778676949, ""empirical_p"": 0.237623762376, ""null_samples"": 100}"
C:\github\5hr-conlang\riemann_analysis\rrlang\outputs\mesu_register_v0_3_nulls100\mesu_basho_text_only.json,mesu_register_v0_3_nulls100,,,,mesu,unknown,unknown,,,,,,,,,grapheme,42,,,whitespace,Whitespace positions.,9,prime_index_occupancy_bias,density_shuffle,-0.208791208791,0.009807692308,0.120773280716,-1.809993897687,1.809993897687,0.138613861386,,"{""name"": ""prime_index_occupancy_bias"", ""null_model"": ""density_shuffle"", ""observed"": -0.208791208791, ""null_mean"": 0.009807692308, ""null_std"": 0.120773280716, ""z_score"": -1.809993897687, ""empirical_p"": 0.138613861386, ""null_samples"": 100}"
C:\github\5hr-conlang\riemann_analysis\rrlang\outputs\mesu_register_v0_3_nulls100\mesu_basho_text_only.json,mesu_register_v0_3_nulls100,,,,mesu,unknown,unknown,,,,,,,,,grapheme,42,,,whitespace,Whitespace positions.,9,prime_gap_affinity,density_shuffle,0.625,0.46625,0.18790360601,0.844848075942,0.844848075942,0.50495049505,,"{""name"": ""prime_gap_affinity"", ""null_model"": ""density_shuffle"", ""observed"": 0.625, ""null_mean"": 0.46625, ""null_std"": 0.18790360601, ""z_score"": 0.844848075942, ""empirical_p"": 0.50495049505, ""null_samples"": 100}"
C:\github\5hr-conlang\riemann_analysis\rrlang\outputs\mesu_register_v0_3_nulls100\mesu_basho_text_only.json,mesu_register_v0_3_nulls100,,,,mesu,unknown,unknown,,,,,,,,,grapheme,42,,,whitespace,Whitespace positions.,9,zeta_spectral_coherence,density_shuffle,0.011759892742,0.016068869924,0.007247532357,-0.594544042006,0.594544042006,0.613861386139,,"{""name"": ""zeta_spectral_coherence"", ""null_model"": ""density_shuffle"", ""observed"": 0.011759892742, ""null_mean"": 0.016068869924, ""null_std"": 0.007247532357, ""z_score"": -0.594544042006, ""empirical_p"": 0.613861386139, ""null_samples"": 100}"
C:\github\5hr-conlang\riemann_analysis\rrlang\outputs\mesu_register_v0_3_nulls100\mesu_basho_text_only.json,mesu_register_v0_3_nulls100,,,,mesu,unknown,unknown,,,,,,,,,grapheme,42,,,whitespace,Whitespace positions.,9,critical_line_symmetry,density_shuffle,0.886537983487,0.902475201555,0.026761039533,-0.595538078706,0.595538078706,0.60396039604,,"{""name"": ""critical_line_symmetry"", ""null_model"": ""density_shuffle"", ""observed"": 0.886537983487, ""null_mean"": 0.902475201555, ""null_std"": 0.026761039533, ""z_score"": -0.595538078706, ""empirical_p"": 0.60396039604, ""null_samples"": 100}"
C:\github\5hr-conlang\riemann_analysis\rrlang\outputs\mesu_register_v0_3_nulls100\mesu_basho_text_only.json,mesu_register_v0_3_nulls100,,,,mesu,unknown,unknown,,,,,,,,,grapheme,42,,,whitespace,Whitespace positions.,9,gap_entropy,markov_1,1.90563906223,2.10296111505,0.301010945041,-0.655531156161,0.655531156161,0.415841584158,,"{""name"": ""gap_entropy"", ""null_model"": ""markov_1"", ""observed"": 1.90563906223, ""null_mean"": 2.10296111505, ""null_std"": 0.301010945041, ""z_score"": -0.655531156161, ""empirical_p"": 0.415841584158, ""null_samples"": 100}"
C:\github\5hr-conlang\riemann_analysis\rrlang\outputs\mesu_register_v0_3_nulls100\mesu_basho_text_only.json,mesu_register_v0_3_nulls100,,,,mesu,unknown,unknown,,,,,,,,,grapheme,42,,,whitespace,Whitespace positions.,9,run_entropy,markov_1,1.667951197199,1.71195267619,0.309444478823,-0.142195068916,0.142195068916,0.910891089109,,"{""name"": ""run_entropy"", ""null_model"": ""markov_1"", ""observed"": 1.667951197199, ""null_mean"": 1.71195267619, ""null_std"": 0.309444478823, ""z_score"": -0.142195068916, ""empirical_p"": 0.910891089109, ""null_samples"": 100}"
C:\github\5hr-conlang\riemann_analysis\rrlang\outputs\mesu_register_v0_3_nulls100\mesu_basho_text_only.json,mesu_register_v0_3_nulls100,,,,mesu,unknown,unknown,,,,,,,,,grapheme,42,,,whitespace,Whitespace positions.,9,prime_index_occupancy_bias,markov_1,-0.208791208791,-0.02793956044,0.13561439098,-1.333572691248,1.333572691248,0.207920792079,,"{""name"": ""prime_index_occupancy_bias"", ""null_model"": ""markov_1"", ""observed"": -0.208791208791, ""null_mean"": -0.02793956044, ""null_std"": 0.13561439098, ""z_score"": -1.333572691248, ""empirical_p"": 0.207920792079, ""null_samples"": 100}"
C:\github\5hr-conlang\riemann_analysis\rrlang\outputs\mesu_register_v0_3_nulls100\mesu_basho_text_only.json,mesu_register_v0_3_nulls100,,,,mesu,unknown,unknown,,,,,,,,,grapheme,42,,,whitespace,Whitespace positions.,9,prime_gap_affinity,markov_1,0.625,0.627897907648,0.204364645472,-0.014180083063,0.014180083063,1.0,,"{""name"": ""prime_gap_affinity"", ""null_model"": ""markov_1"", ""observed"": 0.625, ""null_mean"": 0.627897907648, ""null_std"": 0.204364645472, ""z_score"": -0.014180083063, ""empirical_p"": 1, ""null_samples"": 100}"
C:\github\5hr-conlang\riemann_analysis\rrlang\outputs\mesu_register_v0_3_nulls100\mesu_basho_text_only.json,mesu_register_v0_3_nulls100,,,,mesu,unknown,unknown,,,,,,,,,grapheme,42,,,whitespace,Whitespace positions.,9,zeta_spectral_coherence,markov_1,0.011759892742,0.013540017291,0.007048315242,-0.252560291058,0.252560291058,0.831683168317,,"{""name"": ""zeta_spectral_coherence"", ""null_model"": ""markov_1"", ""observed"": 0.011759892742, ""null_mean"": 0.013540017291, ""null_std"": 0.007048315242, ""z_score"": -0.252560291058, ""empirical_p"": 0.831683168317, ""null_samples"": 100}"
C:\github\5hr-conlang\riemann_analysis\rrlang\outputs\mesu_register_v0_3_nulls100\mesu_basho_text_only.json,mesu_register_v0_3_nulls100,,,,mesu,unknown,unknown,,,,,,,,,grapheme,42,,,whitespace,Whitespace positions.,9,critical_line_symmetry,markov_1,0.886537983487,0.915029916222,0.031190600076,-0.913478184614,0.913478184614,0.39603960396,,"{""name"": ""critical_line_symmetry"", ""null_model"": ""markov_1"", ""observed"": 0.886537983487, ""null_mean"": 0.915029916222, ""null_std"": 0.031190600076, ""z_score"": -0.913478184614, ""empirical_p"": 0.39603960396, ""null_samples"": 100}"
C:\github\5hr-conlang\riemann_analysis\rrlang\outputs\mesu_register_v0_3_nulls100\mesu_basho_text_only.json,mesu_register_v0_3_nulls100,,,,mesu,unknown,unknown,,,,,,,,,grapheme,42,,,whitespace,Whitespace positions.,9,gap_entropy,markov_2,1.90563906223,1.996961041719,0.343709886044,-0.265694945642,0.265694945642,0.811881188119,False,"{""name"": ""gap_entropy"", ""null_model"": ""markov_2"", ""observed"": 1.90563906223, ""null_mean"": 1.996961041719, ""null_std"": 0.343709886044, ""z_score"": -0.265694945642, ""empirical_p"": 0.811881188119, ""null_samples"": 100}"
C:\github\5hr-conlang\riemann_analysis\rrlang\outputs\mesu_register_v0_3_nulls100\mesu_basho_text_only.json,mesu_register_v0_3_nulls100,,,,mesu,unknown,unknown,,,,,,,,,grapheme,42,,,whitespace,Whitespace positions.,9,run_entropy,markov_2,1.667951197199,1.598915490003,0.30432792201,0.226846444911,0.226846444911,0.910891089109,False,"{""name"": ""run_entropy"", ""null_model"": ""markov_2"", ""observed"": 1.667951197199, ""null_mean"": 1.598915490003, ""null_std"": 0.30432792201, ""z_score"": 0.226846444911, ""empirical_p"": 0.910891089109, ""null_samples"": 100}"
C:\github\5hr-conlang\riemann_analysis\rrlang\outputs\mesu_register_v0_3_nulls100\mesu_basho_text_only.json,mesu_register_v0_3_nulls100,,,,mesu,unknown,unknown,,,,,,,,,grapheme,42,,,whitespace,Whitespace positions.,9,prime_index_occupancy_bias,markov_2,-0.208791208791,0.00293956044,0.158203276897,-1.338346293351,1.338346293351,0.178217821782,False,"{""name"": ""prime_index_occupancy_bias"", ""null_model"": ""markov_2"", ""observed"": -0.208791208791, ""null_mean"": 0.00293956044, ""null_std"": 0.158203276897, ""z_score"": -1.338346293351, ""empirical_p"": 0.178217821782, ""null_samples"": 100}"
C:\github\5hr-conlang\riemann_analysis\rrlang\outputs\mesu_register_v0_3_nulls100\mesu_basho_text_only.json,mesu_register_v0_3_nulls100,,,,mesu,unknown,unknown,,,,,,,,,grapheme,42,,,whitespace,Whitespace positions.,9,prime_gap_affinity,markov_2,0.625,0.656568903319,0.163702948217,-0.192842607068,0.192842607068,0.920792079208,False,"{""name"": ""prime_gap_affinity"", ""null_model"": ""markov_2"", ""observed"": 0.625, ""null_mean"": 0.656568903319, ""null_std"": 0.163702948217, ""z_score"": -0.192842607068, ""empirical_p"": 0.920792079208, ""null_samples"": 100}"
C:\github\5hr-conlang\riemann_analysis\rrlang\outputs\mesu_register_v0_3_nulls100\mesu_basho_text_only.json,mesu_register_v0_3_nulls100,,,,mesu,unknown,unknown,,,,,,,,,grapheme,42,,,whitespace,Whitespace positions.,9,zeta_spectral_coherence,markov_2,0.011759892742,0.014828712982,0.007456660144,-0.411554258935,0.411554258935,0.732673267327,False,"{""name"": ""zeta_spectral_coherence"", ""null_model"": ""markov_2"", ""observed"": 0.011759892742, ""null_mean"": 0.014828712982, ""null_std"": 0.007456660144, ""z_score"": -0.411554258935, ""empirical_p"": 0.732673267327, ""null_samples"": 100}"
C:\github\5hr-conlang\riemann_analysis\rrlang\outputs\mesu_register_v0_3_nulls100\mesu_basho_text_only.json,mesu_register_v0_3_nulls100,,,,mesu,unknown,unknown,,,,,,,,,grapheme,42,,,whitespace,Whitespace positions.,9,critical_line_symmetry,markov_2,0.886537983487,0.916151244585,0.034333666409,-0.862513800457,0.862513800457,0.39603960396,False,"{""name"": ""critical_line_symmetry"", ""null_model"": ""markov_2"", ""observed"": 0.886537983487, ""null_mean"": 0.916151244585, ""null_std"": 0.034333666409, ""z_score"": -0.862513800457, ""empirical_p"": 0.39603960396, ""null_samples"": 100}"
C:\github\5hr-conlang\riemann_analysis\rrlang\outputs\mesu_register_v0_3_nulls100\mesu_basho_text_only.json,mesu_register_v0_3_nulls100,,,,mesu,unknown,unknown,,,,,,,,,grapheme,42,,,whitespace,Whitespace positions.,9,gap_entropy,gap_order_shuffle,1.90563906223,1.90563906223,0.0,-0.994987437107,0.994987437107,1.0,,"{""name"": ""gap_entropy"", ""null_model"": ""gap_order_shuffle"", ""observed"": 1.90563906223, ""null_mean"": 1.90563906223, ""null_std"": 0.0, ""z_score"": -0.994987437107, ""empirical_p"": 1, ""null_samples"": 100}"
C:\github\5hr-conlang\riemann_analysis\rrlang\outputs\mesu_register_v0_3_nulls100\mesu_basho_text_only.json,mesu_register_v0_3_nulls100,,,,mesu,unknown,unknown,,,,,,,,,grapheme,42,,,whitespace,Whitespace positions.,9,run_entropy,gap_order_shuffle,1.667951197199,1.667951197199,0.0,-1.061697492489,1.061697492489,0.39603960396,,"{""name"": ""run_entropy"", ""null_model"": ""gap_order_shuffle"", ""observed"": 1.667951197199, ""null_mean"": 1.667951197199, ""null_std"": 0.0, ""z_score"": -1.061697492489, ""empirical_p"": 0.39603960396, ""null_samples"": 100}"
C:\github\5hr-conlang\riemann_analysis\rrlang\outputs\mesu_register_v0_3_nulls100\mesu_basho_text_only.json,mesu_register_v0_3_nulls100,,,,mesu,unknown,unknown,,,,,,,,,grapheme,42,,,whitespace,Whitespace positions.,9,prime_index_occupancy_bias,gap_order_shuffle,-0.208791208791,-0.136703296703,0.118210974399,-0.609824193181,0.609824193181,0.683168316832,,"{""name"": ""prime_index_occupancy_bias"", ""null_model"": ""gap_order_shuffle"", ""observed"": -0.208791208791, ""null_mean"": -0.136703296703, ""null_std"": 0.118210974399, ""z_score"": -0.609824193181, ""empirical_p"": 0.683168316832, ""null_samples"": 100}"
C:\github\5hr-conlang\riemann_analysis\rrlang\outputs\mesu_register_v0_3_nulls100\mesu_basho_text_only.json,mesu_register_v0_3_nulls100,,,,mesu,unknown,unknown,,,,,,,,,grapheme,42,,,whitespace,Whitespace positions.,9,prime_gap_affinity,gap_order_shuffle,0.625,0.625,0.0,0.0,0.0,1.0,,"{""name"": ""prime_gap_affinity"", ""null_model"": ""gap_order_shuffle"", ""observed"": 0.625, ""null_mean"": 0.625, ""null_std"": 0, ""z_score"": 0, ""empirical_p"": 1, ""null_samples"": 100}"
C:\github\5hr-conlang\riemann_analysis\rrlang\outputs\mesu_register_v0_3_nulls100\mesu_basho_text_only.json,mesu_register_v0_3_nulls100,,,,mesu,unknown,unknown,,,,,,,,,grapheme,42,,,whitespace,Whitespace positions.,9,zeta_spectral_coherence,gap_order_shuffle,0.011759892742,0.010014576846,0.001742172731,1.00180416422,1.00180416422,0.336633663366,,"{""name"": ""zeta_spectral_coherence"", ""null_model"": ""gap_order_shuffle"", ""observed"": 0.011759892742, ""null_mean"": 0.010014576846, ""null_std"": 0.001742172731, ""z_score"": 1.00180416422, ""empirical_p"": 0.336633663366, ""null_samples"": 100}"
C:\github\5hr-conlang\riemann_analysis\rrlang\outputs\mesu_register_v0_3_nulls100\mesu_basho_text_only.json,mesu_register_v0_3_nulls100,,,,mesu,unknown,unknown,,,,,,,,,grapheme,42,,,whitespace,Whitespace positions.,9,critical_line_symmetry,gap_order_shuffle,0.886537983487,0.88666892913,0.012518278728,-0.010460355255,0.010460355255,0.970297029703,,"{""name"": ""critical_line_symmetry"", ""null_model"": ""gap_order_shuffle"", ""observed"": 0.886537983487, ""null_mean"": 0.88666892913, ""null_std"": 0.012518278728, ""z_score"": -0.010460355255, ""empirical_p"": 0.970297029703, ""null_samples"": 100}"
C:\github\5hr-conlang\riemann_analysis\rrlang\outputs\mesu_register_v0_3_nulls100\mesu_basho_text_only.json,mesu_register_v0_3_nulls100,,,,mesu,unknown,unknown,,,,,,,,,grapheme,42,,,punctuation,Punctuation positions under the declared punctuation/hyphen policies.,5,event_density,observed_only,0.119047619048,,,,,,,"{""name"": ""event_density"", ""value"": 0.119047619048, ""details"": ""count(event=true) / sequence_length""}"
C:\github\5hr-conlang\riemann_analysis\rrlang\outputs\mesu_register_v0_3_nulls100\mesu_basho_text_only.json,mesu_register_v0_3_nulls100,,,,mesu,unknown,unknown,,,,,,,,,grapheme,42,,,punctuation,Punctuation positions under the declared punctuation/hyphen policies.,5,event_count,observed_only,5.0,,,,,,,"{""name"": ""event_count"", ""value"": 5, ""details"": ""Number of true positions in the event map.""}"
C:\github\5hr-conlang\riemann_analysis\rrlang\outputs\mesu_register_v0_3_nulls100\mesu_basho_text_only.json,mesu_register_v0_3_nulls100,,,,mesu,unknown,unknown,,,,,,,,,grapheme,42,,,punctuation,Punctuation positions under the declared punctuation/hyphen policies.,5,sequence_length,observed_only,42.0,,,,,,,"{""name"": ""sequence_length"", ""value"": 42, ""details"": ""Number of positions in the event map.""}"
C:\github\5hr-conlang\riemann_analysis\rrlang\outputs\mesu_register_v0_3_nulls100\mesu_basho_text_only.json,mesu_register_v0_3_nulls100,,,,mesu,unknown,unknown,,,,,,,,,grapheme,42,,,punctuation,Punctuation positions under the declared punctuation/hyphen policies.,5,modular_residue_peak_m_2,observed_only,0.6,,,,,,,"{""name"": ""modular_residue_peak_m_2"", ""value"": 0.6, ""details"": ""Largest event-position residue fraction modulo 2.""}"
C:\github\5hr-conlang\riemann_analysis\rrlang\outputs\mesu_register_v0_3_nulls100\mesu_basho_text_only.json,mesu_register_v0_3_nulls100,,,,mesu,unknown,unknown,,,,,,,,,grapheme,42,,,punctuation,Punctuation positions under the declared punctuation/hyphen policies.,5,modular_residue_peak_m_3,observed_only,0.4,,,,,,,"{""name"": ""modular_residue_peak_m_3"", ""value"": 0.4, ""details"": ""Largest event-position residue fraction modulo 3.""}"
C:\github\5hr-conlang\riemann_analysis\rrlang\outputs\mesu_register_v0_3_nulls100\mesu_basho_text_only.json,mesu_register_v0_3_nulls100,,,,mesu,unknown,unknown,,,,,,,,,grapheme,42,,,punctuation,Punctuation positions under the declared punctuation/hyphen policies.,5,modular_residue_peak_m_5,observed_only,0.8,,,,,,,"{""name"": ""modular_residue_peak_m_5"", ""value"": 0.8, ""details"": ""Largest event-position residue fraction modulo 5.""}"
C:\github\5hr-conlang\riemann_analysis\rrlang\outputs\mesu_register_v0_3_nulls100\mesu_basho_text_only.json,mesu_register_v0_3_nulls100,,,,mesu,unknown,unknown,,,,,,,,,grapheme,42,,,punctuation,Punctuation positions under the declared punctuation/hyphen policies.,5,modular_residue_peak_m_7,observed_only,0.4,,,,,,,"{""name"": ""modular_residue_peak_m_7"", ""value"": 0.4, ""details"": ""Largest event-position residue fraction modulo 7.""}"
C:\github\5hr-conlang\riemann_analysis\rrlang\outputs\mesu_register_v0_3_nulls100\mesu_basho_text_only.json,mesu_register_v0_3_nulls100,,,,mesu,unknown,unknown,,,,,,,,,grapheme,42,,,punctuation,Punctuation positions under the declared punctuation/hyphen policies.,5,gap_entropy,density_shuffle,1.5,1.86,0.225630429927,-1.59552946877,1.59552946877,0.287128712871,,"{""name"": ""gap_entropy"", ""null_model"": ""density_shuffle"", ""observed"": 1.5, ""null_mean"": 1.86, ""null_std"": 0.225630429927, ""z_score"": -1.59552946877, ""empirical_p"": 0.287128712871, ""null_samples"": 100}"
C:\github\5hr-conlang\riemann_analysis\rrlang\outputs\mesu_register_v0_3_nulls100\mesu_basho_text_only.json,mesu_register_v0_3_nulls100,,,,mesu,unknown,unknown,,,,,,,,,grapheme,42,,,punctuation,Punctuation positions under the declared punctuation/hyphen policies.,5,run_entropy,density_shuffle,1.960964047444,2.028101525782,0.286466627139,-0.234364047948,0.234364047948,0.861386138614,,"{""name"": ""run_entropy"", ""null_model"": ""density_shuffle"", ""observed"": 1.960964047444, ""null_mean"": 2.028101525782, ""null_std"": 0.286466627139, ""z_score"": -0.234364047948, ""empirical_p"": 0.861386138614, ""null_samples"": 100}"
C:\github\5hr-conlang\riemann_analysis\rrlang\outputs\mesu_register_v0_3_nulls100\mesu_basho_text_only.json,mesu_register_v0_3_nulls100,,,,mesu,unknown,unknown,,,,,,,,,grapheme,42,,,punctuation,Punctuation positions under the declared punctuation/hyphen policies.,5,prime_index_occupancy_bias,density_shuffle,-0.065934065934,-0.002417582418,0.107879457763,-0.588772736104,0.588772736104,0.70297029703,,"{""name"": ""prime_index_occupancy_bias"", ""null_model"": ""density_shuffle"", ""observed"": -0.065934065934, ""null_mean"": -0.002417582418, ""null_std"": 0.107879457763, ""z_score"": -0.588772736104, ""empirical_p"": 0.70297029703, ""null_samples"": 100}"
C:\github\5hr-conlang\riemann_analysis\rrlang\outputs\mesu_register_v0_3_nulls100\mesu_basho_text_only.json,mesu_register_v0_3_nulls100,,,,mesu,unknown,unknown,,,,,,,,,grapheme,42,,,punctuation,Punctuation positions under the declared punctuation/hyphen policies.,5,prime_gap_affinity,density_shuffle,0.25,0.4475,0.214072464838,-0.922584789917,0.922584789917,0.623762376238,,"{""name"": ""prime_gap_affinity"", ""null_model"": ""density_shuffle"", ""observed"": 0.25, ""null_mean"": 0.4475, ""null_std"": 0.214072464838, ""z_score"": -0.922584789917, ""empirical_p"": 0.623762376238, ""null_samples"": 100}"
C:\github\5hr-conlang\riemann_analysis\rrlang\outputs\mesu_register_v0_3_nulls100\mesu_basho_text_only.json,mesu_register_v0_3_nulls100,,,,mesu,unknown,unknown,,,,,,,,,grapheme,42,,,punctuation,Punctuation positions under the declared punctuation/hyphen policies.,5,zeta_spectral_coherence,density_shuffle,0.00863151354,0.011759470285,0.008489053657,-0.368469427882,0.368469427882,0.792079207921,,"{""name"": ""zeta_spectral_coherence"", ""null_model"": ""density_shuffle"", ""observed"": 0.00863151354, ""null_mean"": 0.011759470285, ""null_std"": 0.008489053657, ""z_score"": -0.368469427882, ""empirical_p"": 0.792079207921, ""null_samples"": 100}"
C:\github\5hr-conlang\riemann_analysis\rrlang\outputs\mesu_register_v0_3_nulls100\mesu_basho_text_only.json,mesu_register_v0_3_nulls100,,,,mesu,unknown,unknown,,,,,,,,,grapheme,42,,,punctuation,Punctuation positions under the declared punctuation/hyphen policies.,5,critical_line_symmetry,density_shuffle,0.887374771778,0.906559632977,0.03825328127,-0.50152197571,0.50152197571,0.633663366337,,"{""name"": ""critical_line_symmetry"", ""null_model"": ""density_shuffle"", ""observed"": 0.887374771778, ""null_mean"": 0.906559632977, ""null_std"": 0.03825328127, ""z_score"": -0.50152197571, ""empirical_p"": 0.633663366337, ""null_samples"": 100}"
C:\github\5hr-conlang\riemann_analysis\rrlang\outputs\mesu_register_v0_3_nulls100\mesu_basho_text_only.json,mesu_register_v0_3_nulls100,,,,mesu,unknown,unknown,,,,,,,,,grapheme,42,,,punctuation,Punctuation positions under the declared punctuation/hyphen policies.,5,gap_entropy,markov_1,1.5,1.685762834588,0.540520961952,-0.343673691982,0.343673691982,0.821782178218,,"{""name"": ""gap_entropy"", ""null_model"": ""markov_1"", ""observed"": 1.5, ""null_mean"": 1.685762834588, ""null_std"": 0.540520961952, ""z_score"": -0.343673691982, ""empirical_p"": 0.821782178218, ""null_samples"": 100}"
C:\github\5hr-conlang\riemann_analysis\rrlang\outputs\mesu_register_v0_3_nulls100\mesu_basho_text_only.json,mesu_register_v0_3_nulls100,,,,mesu,unknown,unknown,,,,,,,,,grapheme,42,,,punctuation,Punctuation positions under the declared punctuation/hyphen policies.,5,run_entropy,markov_1,1.960964047444,1.898876387809,0.301034672566,0.206247536557,0.206247536557,0.841584158416,,"{""name"": ""run_entropy"", ""null_model"": ""markov_1"", ""observed"": 1.960964047444, ""null_mean"": 1.898876387809, ""null_std"": 0.301034672566, ""z_score"": 0.206247536557, ""empirical_p"": 0.841584158416, ""null_samples"": 100}"
C:\github\5hr-conlang\riemann_analysis\rrlang\outputs\mesu_register_v0_3_nulls100\mesu_basho_text_only.json,mesu_register_v0_3_nulls100,,,,mesu,unknown,unknown,,,,,,,,,grapheme,42,,,punctuation,Punctuation positions under the declared punctuation/hyphen policies.,5,prime_index_occupancy_bias,markov_1,-0.065934065934,-0.008736263736,0.11431350096,-0.50035911522,0.50035911522,0.643564356436,,"{""name"": ""prime_index_occupancy_bias"", ""null_model"": ""markov_1"", ""observed"": -0.065934065934, ""null_mean"": -0.008736263736, ""null_std"": 0.11431350096, ""z_score"": -0.50035911522, ""empirical_p"": 0.643564356436, ""null_samples"": 100}"
C:\github\5hr-conlang\riemann_analysis\rrlang\outputs\mesu_register_v0_3_nulls100\mesu_basho_text_only.json,mesu_register_v0_3_nulls100,,,,mesu,unknown,unknown,,,,,,,,,grapheme,42,,,punctuation,Punctuation positions under the declared punctuation/hyphen policies.,5,prime_gap_affinity,markov_1,0.25,0.540992063492,0.261234301874,-1.113912152442,1.113912152442,0.29702970297,,"{""name"": ""prime_gap_affinity"", ""null_model"": ""markov_1"", ""observed"": 0.25, ""null_mean"": 0.540992063492, ""null_std"": 0.261234301874, ""z_score"": -1.113912152442, ""empirical_p"": 0.29702970297, ""null_samples"": 100}"
C:\github\5hr-conlang\riemann_analysis\rrlang\outputs\mesu_register_v0_3_nulls100\mesu_basho_text_only.json,mesu_register_v0_3_nulls100,,,,mesu,unknown,unknown,,,,,,,,,grapheme,42,,,punctuation,Punctuation positions under the declared punctuation/hyphen policies.,5,zeta_spectral_coherence,markov_1,0.00863151354,0.010356612613,0.008478545761,-0.203466386957,0.203466386957,0.861386138614,,"{""name"": ""zeta_spectral_coherence"", ""null_model"": ""markov_1"", ""observed"": 0.00863151354, ""null_mean"": 0.010356612613, ""null_std"": 0.008478545761, ""z_score"": -0.203466386957, ""empirical_p"": 0.861386138614, ""null_samples"": 100}"
C:\github\5hr-conlang\riemann_analysis\rrlang\outputs\mesu_register_v0_3_nulls100\mesu_basho_text_only.json,mesu_register_v0_3_nulls100,,,,mesu,unknown,unknown,,,,,,,,,grapheme,42,,,punctuation,Punctuation positions under the declared punctuation/hyphen policies.,5,critical_line_symmetry,markov_1,0.887374771778,0.89943443581,0.041855307193,-0.288127476325,0.288127476325,0.811881188119,,"{""name"": ""critical_line_symmetry"", ""null_model"": ""markov_1"", ""observed"": 0.887374771778, ""null_mean"": 0.89943443581, ""null_std"": 0.041855307193, ""z_score"": -0.288127476325, ""empirical_p"": 0.811881188119, ""null_samples"": 100}"
C:\github\5hr-conlang\riemann_analysis\rrlang\outputs\mesu_register_v0_3_nulls100\mesu_basho_text_only.json,mesu_register_v0_3_nulls100,,,,mesu,unknown,unknown,,,,,,,,,grapheme,42,,,punctuation,Punctuation positions under the declared punctuation/hyphen policies.,5,gap_entropy,markov_2,1.5,1.610588678855,0.563370783001,-0.196298214589,0.196298214589,0.821782178218,False,"{""name"": ""gap_entropy"", ""null_model"": ""markov_2"", ""observed"": 1.5, ""null_mean"": 1.610588678855, ""null_std"": 0.563370783001, ""z_score"": -0.196298214589, ""empirical_p"": 0.821782178218, ""null_samples"": 100}"
C:\github\5hr-conlang\riemann_analysis\rrlang\outputs\mesu_register_v0_3_nulls100\mesu_basho_text_only.json,mesu_register_v0_3_nulls100,,,,mesu,unknown,unknown,,,,,,,,,grapheme,42,,,punctuation,Punctuation positions under the declared punctuation/hyphen policies.,5,run_entropy,markov_2,1.960964047444,2.053975535689,0.27062481337,-0.34369164855,0.34369164855,0.60396039604,False,"{""name"": ""run_entropy"", ""null_model"": ""markov_2"", ""observed"": 1.960964047444, ""null_mean"": 2.053975535689, ""null_std"": 0.27062481337, ""z_score"": -0.34369164855, ""empirical_p"": 0.60396039604, ""null_samples"": 100}"
C:\github\5hr-conlang\riemann_analysis\rrlang\outputs\mesu_register_v0_3_nulls100\mesu_basho_text_only.json,mesu_register_v0_3_nulls100,,,,mesu,unknown,unknown,,,,,,,,,grapheme,42,,,punctuation,Punctuation positions under the declared punctuation/hyphen policies.,5,prime_index_occupancy_bias,markov_2,-0.065934065934,-0.006401098901,0.118891938859,-0.500731736771,0.500731736771,0.683168316832,False,"{""name"": ""prime_index_occupancy_bias"", ""null_model"": ""markov_2"", ""observed"": -0.065934065934, ""null_mean"": -0.006401098901, ""null_std"": 0.118891938859, ""z_score"": -0.500731736771, ""empirical_p"": 0.683168316832, ""null_samples"": 100}"
C:\github\5hr-conlang\riemann_analysis\rrlang\outputs\mesu_register_v0_3_nulls100\mesu_basho_text_only.json,mesu_register_v0_3_nulls100,,,,mesu,unknown,unknown,,,,,,,,,grapheme,42,,,punctuation,Punctuation positions under the declared punctuation/hyphen policies.,5,prime_gap_affinity,markov_2,0.25,0.423773809524,0.265755205048,-0.653886758276,0.653886758276,0.584158415842,False,"{""name"": ""prime_gap_affinity"", ""null_model"": ""markov_2"", ""observed"": 0.25, ""null_mean"": 0.423773809524, ""null_std"": 0.265755205048, ""z_score"": -0.653886758276, ""empirical_p"": 0.584158415842, ""null_samples"": 100}"
C:\github\5hr-conlang\riemann_analysis\rrlang\outputs\mesu_register_v0_3_nulls100\mesu_basho_text_only.json,mesu_register_v0_3_nulls100,,,,mesu,unknown,unknown,,,,,,,,,grapheme,42,,,punctuation,Punctuation positions under the declared punctuation/hyphen policies.,5,zeta_spectral_coherence,markov_2,0.00863151354,0.009041549127,0.007042972617,-0.058219108405,0.058219108405,0.960396039604,False,"{""name"": ""zeta_spectral_coherence"", ""null_model"": ""markov_2"", ""observed"": 0.00863151354, ""null_mean"": 0.009041549127, ""null_std"": 0.007042972617, ""z_score"": -0.058219108405, ""empirical_p"": 0.960396039604, ""null_samples"": 100}"
C:\github\5hr-conlang\riemann_analysis\rrlang\outputs\mesu_register_v0_3_nulls100\mesu_basho_text_only.json,mesu_register_v0_3_nulls100,,,,mesu,unknown,unknown,,,,,,,,,grapheme,42,,,punctuation,Punctuation positions under the declared punctuation/hyphen policies.,5,critical_line_symmetry,markov_2,0.887374771778,0.908552022111,0.03632761739,-0.582951810633,0.582951810633,0.534653465347,False,"{""name"": ""critical_line_symmetry"", ""null_model"": ""markov_2"", ""observed"": 0.887374771778, ""null_mean"": 0.908552022111, ""null_std"": 0.03632761739, ""z_score"": -0.582951810633, ""empirical_p"": 0.534653465347, ""null_samples"": 100}"
C:\github\5hr-conlang\riemann_analysis\rrlang\outputs\mesu_register_v0_3_nulls100\mesu_basho_text_only.json,mesu_register_v0_3_nulls100,,,,mesu,unknown,unknown,,,,,,,,,grapheme,42,,,punctuation,Punctuation positions under the declared punctuation/hyphen policies.,5,gap_entropy,gap_order_shuffle,1.5,1.5,0.0,0.0,0.0,1.0,,"{""name"": ""gap_entropy"", ""null_model"": ""gap_order_shuffle"", ""observed"": 1.5, ""null_mean"": 1.5, ""null_std"": 0, ""z_score"": 0, ""empirical_p"": 1, ""null_samples"": 100}"
C:\github\5hr-conlang\riemann_analysis\rrlang\outputs\mesu_register_v0_3_nulls100\mesu_basho_text_only.json,mesu_register_v0_3_nulls100,,,,mesu,unknown,unknown,,,,,,,,,grapheme,42,,,punctuation,Punctuation positions under the declared punctuation/hyphen policies.,5,run_entropy,gap_order_shuffle,1.960964047444,1.960964047444,0.0,1.000783539524,1.000783539524,0.871287128713,,"{""name"": ""run_entropy"", ""null_model"": ""gap_order_shuffle"", ""observed"": 1.960964047444, ""null_mean"": 1.960964047444, ""null_std"": 0.0, ""z_score"": 1.000783539524, ""empirical_p"": 0.871287128713, ""null_samples"": 100}"
C:\github\5hr-conlang\riemann_analysis\rrlang\outputs\mesu_register_v0_3_nulls100\mesu_basho_text_only.json,mesu_register_v0_3_nulls100,,,,mesu,unknown,unknown,,,,,,,,,grapheme,42,,,punctuation,Punctuation positions under the declared punctuation/hyphen policies.,5,prime_index_occupancy_bias,gap_order_shuffle,-0.065934065934,-0.04228021978,0.075593353473,-0.312909072914,0.312909072914,1.0,,"{""name"": ""prime_index_occupancy_bias"", ""null_model"": ""gap_order_shuffle"", ""observed"": -0.065934065934, ""null_mean"": -0.04228021978, ""null_std"": 0.075593353473, ""z_score"": -0.312909072914, ""empirical_p"": 1, ""null_samples"": 100}"
C:\github\5hr-conlang\riemann_analysis\rrlang\outputs\mesu_register_v0_3_nulls100\mesu_basho_text_only.json,mesu_register_v0_3_nulls100,,,,mesu,unknown,unknown,,,,,,,,,grapheme,42,,,punctuation,Punctuation positions under the declared punctuation/hyphen policies.,5,prime_gap_affinity,gap_order_shuffle,0.25,0.25,0.0,0.0,0.0,1.0,,"{""name"": ""prime_gap_affinity"", ""null_model"": ""gap_order_shuffle"", ""observed"": 0.25, ""null_mean"": 0.25, ""null_std"": 0, ""z_score"": 0, ""empirical_p"": 1, ""null_samples"": 100}"
C:\github\5hr-conlang\riemann_analysis\rrlang\outputs\mesu_register_v0_3_nulls100\mesu_basho_text_only.json,mesu_register_v0_3_nulls100,,,,mesu,unknown,unknown,,,,,,,,,grapheme,42,,,punctuation,Punctuation positions under the declared punctuation/hyphen policies.,5,zeta_spectral_coherence,gap_order_shuffle,0.00863151354,0.009361809457,0.001845765729,-0.39566013477,0.39566013477,0.772277227723,,"{""name"": ""zeta_spectral_coherence"", ""null_model"": ""gap_order_shuffle"", ""observed"": 0.00863151354, ""null_mean"": 0.009361809457, ""null_std"": 0.001845765729, ""z_score"": -0.39566013477, ""empirical_p"": 0.772277227723, ""null_samples"": 100}"
C:\github\5hr-conlang\riemann_analysis\rrlang\outputs\mesu_register_v0_3_nulls100\mesu_basho_text_only.json,mesu_register_v0_3_nulls100,,,,mesu,unknown,unknown,,,,,,,,,grapheme,42,,,punctuation,Punctuation positions under the declared punctuation/hyphen policies.,5,critical_line_symmetry,gap_order_shuffle,0.887374771778,0.905393043593,0.025951945046,-0.694293694894,0.694293694894,0.534653465347,,"{""name"": ""critical_line_symmetry"", ""null_model"": ""gap_order_shuffle"", ""observed"": 0.887374771778, ""null_mean"": 0.905393043593, ""null_std"": 0.025951945046, ""z_score"": -0.694293694894, ""empirical_p"": 0.534653465347, ""null_samples"": 100}"
C:\github\5hr-conlang\riemann_analysis\rrlang\outputs\mesu_register_v0_3_nulls100\mesu_basho_text_only.json,mesu_register_v0_3_nulls100,,,,mesu,unknown,unknown,,,,,,,,,grapheme,42,,,hyphen_boundary,Hyphen positions treated as morpheme boundaries by the declared hyphen policy.,0,event_density,observed_only,0.0,,,,,,,"{""name"": ""event_density"", ""value"": 0, ""details"": ""count(event=true) / sequence_length""}"
C:\github\5hr-conlang\riemann_analysis\rrlang\outputs\mesu_register_v0_3_nulls100\mesu_basho_text_only.json,mesu_register_v0_3_nulls100,,,,mesu,unknown,unknown,,,,,,,,,grapheme,42,,,hyphen_boundary,Hyphen positions treated as morpheme boundaries by the declared hyphen policy.,0,event_count,observed_only,0.0,,,,,,,"{""name"": ""event_count"", ""value"": 0, ""details"": ""Number of true positions in the event map.""}"
C:\github\5hr-conlang\riemann_analysis\rrlang\outputs\mesu_register_v0_3_nulls100\mesu_basho_text_only.json,mesu_register_v0_3_nulls100,,,,mesu,unknown,unknown,,,,,,,,,grapheme,42,,,hyphen_boundary,Hyphen positions treated as morpheme boundaries by the declared hyphen policy.,0,sequence_length,observed_only,42.0,,,,,,,"{""name"": ""sequence_length"", ""value"": 42, ""details"": ""Number of positions in the event map.""}"
C:\github\5hr-conlang\riemann_analysis\rrlang\outputs\mesu_register_v0_3_nulls100\mesu_basho_text_only.json,mesu_register_v0_3_nulls100,,,,mesu,unknown,unknown,,,,,,,,,grapheme,42,,,hyphen_boundary,Hyphen positions treated as morpheme boundaries by the declared hyphen policy.,0,modular_residue_peak_m_2,observed_only,0.0,,,,,,,"{""name"": ""modular_residue_peak_m_2"", ""value"": 0, ""details"": ""Largest event-position residue fraction modulo 2.""}"
C:\github\5hr-conlang\riemann_analysis\rrlang\outputs\mesu_register_v0_3_nulls100\mesu_basho_text_only.json,mesu_register_v0_3_nulls100,,,,mesu,unknown,unknown,,,,,,,,,grapheme,42,,,hyphen_boundary,Hyphen positions treated as morpheme boundaries by the declared hyphen policy.,0,modular_residue_peak_m_3,observed_only,0.0,,,,,,,"{""name"": ""modular_residue_peak_m_3"", ""value"": 0, ""details"": ""Largest event-position residue fraction modulo 3.""}"
C:\github\5hr-conlang\riemann_analysis\rrlang\outputs\mesu_register_v0_3_nulls100\mesu_basho_text_only.json,mesu_register_v0_3_nulls100,,,,mesu,unknown,unknown,,,,,,,,,grapheme,42,,,hyphen_boundary,Hyphen positions treated as morpheme boundaries by the declared hyphen policy.,0,modular_residue_peak_m_5,observed_only,0.0,,,,,,,"{""name"": ""modular_residue_peak_m_5"", ""value"": 0, ""details"": ""Largest event-position residue fraction modulo 5.""}"
C:\github\5hr-conlang\riemann_analysis\rrlang\outputs\mesu_register_v0_3_nulls100\mesu_basho_text_only.json,mesu_register_v0_3_nulls100,,,,mesu,unknown,unknown,,,,,,,,,grapheme,42,,,hyphen_boundary,Hyphen positions treated as morpheme boundaries by the declared hyphen policy.,0,modular_residue_peak_m_7,observed_only,0.0,,,,,,,"{""name"": ""modular_residue_peak_m_7"", ""value"": 0, ""details"": ""Largest event-position residue fraction modulo 7.""}"
C:\github\5hr-conlang\riemann_analysis\rrlang\outputs\mesu_register_v0_3_nulls100\mesu_basho_text_only.json,mesu_register_v0_3_nulls100,,,,mesu,unknown,unknown,,,,,,,,,grapheme,42,,,hyphen_boundary,Hyphen positions treated as morpheme boundaries by the declared hyphen policy.,0,gap_entropy,density_shuffle,0.0,0.0,0.0,0.0,0.0,1.0,,"{""name"": ""gap_entropy"", ""null_model"": ""density_shuffle"", ""observed"": 0, ""null_mean"": 0, ""null_std"": 0, ""z_score"": 0, ""empirical_p"": 1, ""null_samples"": 100}"
C:\github\5hr-conlang\riemann_analysis\rrlang\outputs\mesu_register_v0_3_nulls100\mesu_basho_text_only.json,mesu_register_v0_3_nulls100,,,,mesu,unknown,unknown,,,,,,,,,grapheme,42,,,hyphen_boundary,Hyphen positions treated as morpheme boundaries by the declared hyphen policy.,0,run_entropy,density_shuffle,0.0,0.0,0.0,0.0,0.0,1.0,,"{""name"": ""run_entropy"", ""null_model"": ""density_shuffle"", ""observed"": 0, ""null_mean"": 0, ""null_std"": 0, ""z_score"": 0, ""empirical_p"": 1, ""null_samples"": 100}"
C:\github\5hr-conlang\riemann_analysis\rrlang\outputs\mesu_register_v0_3_nulls100\mesu_basho_text_only.json,mesu_register_v0_3_nulls100,,,,mesu,unknown,unknown,,,,,,,,,grapheme,42,,,hyphen_boundary,Hyphen positions treated as morpheme boundaries by the declared hyphen policy.,0,prime_index_occupancy_bias,density_shuffle,0.0,0.0,0.0,0.0,0.0,1.0,,"{""name"": ""prime_index_occupancy_bias"", ""null_model"": ""density_shuffle"", ""observed"": 0, ""null_mean"": 0, ""null_std"": 0, ""z_score"": 0, ""empirical_p"": 1, ""null_samples"": 100}"
C:\github\5hr-conlang\riemann_analysis\rrlang\outputs\mesu_register_v0_3_nulls100\mesu_basho_text_only.json,mesu_register_v0_3_nulls100,,,,mesu,unknown,unknown,,,,,,,,,grapheme,42,,,hyphen_boundary,Hyphen positions treated as morpheme boundaries by the declared hyphen policy.,0,prime_gap_affinity,density_shuffle,0.0,0.0,0.0,0.0,0.0,1.0,,"{""name"": ""prime_gap_affinity"", ""null_model"": ""density_shuffle"", ""observed"": 0, ""null_mean"": 0, ""null_std"": 0, ""z_score"": 0, ""empirical_p"": 1, ""null_samples"": 100}"
C:\github\5hr-conlang\riemann_analysis\rrlang\outputs\mesu_register_v0_3_nulls100\mesu_basho_text_only.json,mesu_register_v0_3_nulls100,,,,mesu,unknown,unknown,,,,,,,,,grapheme,42,,,hyphen_boundary,Hyphen positions treated as morpheme boundaries by the declared hyphen policy.,0,zeta_spectral_coherence,density_shuffle,0.0,0.0,0.0,0.0,0.0,1.0,,"{""name"": ""zeta_spectral_coherence"", ""null_model"": ""density_shuffle"", ""observed"": 0, ""null_mean"": 0, ""null_std"": 0, ""z_score"": 0, ""empirical_p"": 1, ""null_samples"": 100}"
C:\github\5hr-conlang\riemann_analysis\rrlang\outputs\mesu_register_v0_3_nulls100\mesu_basho_text_only.json,mesu_register_v0_3_nulls100,,,,mesu,unknown,unknown,,,,,,,,,grapheme,42,,,hyphen_boundary,Hyphen positions treated as morpheme boundaries by the declared hyphen policy.,0,critical_line_symmetry,density_shuffle,1.0,1.0,0.0,0.0,0.0,1.0,,"{""name"": ""critical_line_symmetry"", ""null_model"": ""density_shuffle"", ""observed"": 1, ""null_mean"": 1, ""null_std"": 0, ""z_score"": 0, ""empirical_p"": 1, ""null_samples"": 100}"
C:\github\5hr-conlang\riemann_analysis\rrlang\outputs\mesu_register_v0_3_nulls100\mesu_basho_text_only.json,mesu_register_v0_3_nulls100,,,,mesu,unknown,unknown,,,,,,,,,grapheme,42,,,hyphen_boundary,Hyphen positions treated as morpheme boundaries by the declared hyphen policy.,0,gap_entropy,markov_1,0.0,0.0,0.0,0.0,0.0,1.0,,"{""name"": ""gap_entropy"", ""null_model"": ""markov_1"", ""observed"": 0, ""null_mean"": 0, ""null_std"": 0, ""z_score"": 0, ""empirical_p"": 1, ""null_samples"": 100}"
C:\github\5hr-conlang\riemann_analysis\rrlang\outputs\mesu_register_v0_3_nulls100\mesu_basho_text_only.json,mesu_register_v0_3_nulls100,,,,mesu,unknown,unknown,,,,,,,,,grapheme,42,,,hyphen_boundary,Hyphen positions treated as morpheme boundaries by the declared hyphen policy.,0,run_entropy,markov_1,0.0,0.0,0.0,0.0,0.0,1.0,,"{""name"": ""run_entropy"", ""null_model"": ""markov_1"", ""observed"": 0, ""null_mean"": 0, ""null_std"": 0, ""z_score"": 0, ""empirical_p"": 1, ""null_samples"": 100}"
C:\github\5hr-conlang\riemann_analysis\rrlang\outputs\mesu_register_v0_3_nulls100\mesu_basho_text_only.json,mesu_register_v0_3_nulls100,,,,mesu,unknown,unknown,,,,,,,,,grapheme,42,,,hyphen_boundary,Hyphen positions treated as morpheme boundaries by the declared hyphen policy.,0,prime_index_occupancy_bias,markov_1,0.0,0.0,0.0,0.0,0.0,1.0,,"{""name"": ""prime_index_occupancy_bias"", ""null_model"": ""markov_1"", ""observed"": 0, ""null_mean"": 0, ""null_std"": 0, ""z_score"": 0, ""empirical_p"": 1, ""null_samples"": 100}"
C:\github\5hr-conlang\riemann_analysis\rrlang\outputs\mesu_register_v0_3_nulls100\mesu_basho_text_only.json,mesu_register_v0_3_nulls100,,,,mesu,unknown,unknown,,,,,,,,,grapheme,42,,,hyphen_boundary,Hyphen positions treated as morpheme boundaries by the declared hyphen policy.,0,prime_gap_affinity,markov_1,0.0,0.0,0.0,0.0,0.0,1.0,,"{""name"": ""prime_gap_affinity"", ""null_model"": ""markov_1"", ""observed"": 0, ""null_mean"": 0, ""null_std"": 0, ""z_score"": 0, ""empirical_p"": 1, ""null_samples"": 100}"
C:\github\5hr-conlang\riemann_analysis\rrlang\outputs\mesu_register_v0_3_nulls100\mesu_basho_text_only.json,mesu_register_v0_3_nulls100,,,,mesu,unknown,unknown,,,,,,,,,grapheme,42,,,hyphen_boundary,Hyphen positions treated as morpheme boundaries by the declared hyphen policy.,0,zeta_spectral_coherence,markov_1,0.0,0.0,0.0,0.0,0.0,1.0,,"{""name"": ""zeta_spectral_coherence"", ""null_model"": ""markov_1"", ""observed"": 0, ""null_mean"": 0, ""null_std"": 0, ""z_score"": 0, ""empirical_p"": 1, ""null_samples"": 100}"
C:\github\5hr-conlang\riemann_analysis\rrlang\outputs\mesu_register_v0_3_nulls100\mesu_basho_text_only.json,mesu_register_v0_3_nulls100,,,,mesu,unknown,unknown,,,,,,,,,grapheme,42,,,hyphen_boundary,Hyphen positions treated as morpheme boundaries by the declared hyphen policy.,0,critical_line_symmetry,markov_1,1.0,1.0,0.0,0.0,0.0,1.0,,"{""name"": ""critical_line_symmetry"", ""null_model"": ""markov_1"", ""observed"": 1, ""null_mean"": 1, ""null_std"": 0, ""z_score"": 0, ""empirical_p"": 1, ""null_samples"": 100}"
C:\github\5hr-conlang\riemann_analysis\rrlang\outputs\mesu_register_v0_3_nulls100\mesu_basho_text_only.json,mesu_register_v0_3_nulls100,,,,mesu,unknown,unknown,,,,,,,,,grapheme,42,,,hyphen_boundary,Hyphen positions treated as morpheme boundaries by the declared hyphen policy.,0,gap_entropy,markov_2,0.0,0.0,0.0,0.0,0.0,1.0,False,"{""name"": ""gap_entropy"", ""null_model"": ""markov_2"", ""observed"": 0, ""null_mean"": 0, ""null_std"": 0, ""z_score"": 0, ""empirical_p"": 1, ""null_samples"": 100}"
C:\github\5hr-conlang\riemann_analysis\rrlang\outputs\mesu_register_v0_3_nulls100\mesu_basho_text_only.json,mesu_register_v0_3_nulls100,,,,mesu,unknown,unknown,,,,,,,,,grapheme,42,,,hyphen_boundary,Hyphen positions treated as morpheme boundaries by the declared hyphen policy.,0,run_entropy,markov_2,0.0,0.0,0.0,0.0,0.0,1.0,False,"{""name"": ""run_entropy"", ""null_model"": ""markov_2"", ""observed"": 0, ""null_mean"": 0, ""null_std"": 0, ""z_score"": 0, ""empirical_p"": 1, ""null_samples"": 100}"
C:\github\5hr-conlang\riemann_analysis\rrlang\outputs\mesu_register_v0_3_nulls100\mesu_basho_text_only.json,mesu_register_v0_3_nulls100,,,,mesu,unknown,unknown,,,,,,,,,grapheme,42,,,hyphen_boundary,Hyphen positions treated as morpheme boundaries by the declared hyphen policy.,0,prime_index_occupancy_bias,markov_2,0.0,0.0,0.0,0.0,0.0,1.0,False,"{""name"": ""prime_index_occupancy_bias"", ""null_model"": ""markov_2"", ""observed"": 0, ""null_mean"": 0, ""null_std"": 0, ""z_score"": 0, ""empirical_p"": 1, ""null_samples"": 100}"
C:\github\5hr-conlang\riemann_analysis\rrlang\outputs\mesu_register_v0_3_nulls100\mesu_basho_text_only.json,mesu_register_v0_3_nulls100,,,,mesu,unknown,unknown,,,,,,,,,grapheme,42,,,hyphen_boundary,Hyphen positions treated as morpheme boundaries by the declared hyphen policy.,0,prime_gap_affinity,markov_2,0.0,0.0,0.0,0.0,0.0,1.0,False,"{""name"": ""prime_gap_affinity"", ""null_model"": ""markov_2"", ""observed"": 0, ""null_mean"": 0, ""null_std"": 0, ""z_score"": 0, ""empirical_p"": 1, ""null_samples"": 100}"
C:\github\5hr-conlang\riemann_analysis\rrlang\outputs\mesu_register_v0_3_nulls100\mesu_basho_text_only.json,mesu_register_v0_3_nulls100,,,,mesu,unknown,unknown,,,,,,,,,grapheme,42,,,hyphen_boundary,Hyphen positions treated as morpheme boundaries by the declared hyphen policy.,0,zeta_spectral_coherence,markov_2,0.0,0.0,0.0,0.0,0.0,1.0,False,"{""name"": ""zeta_spectral_coherence"", ""null_model"": ""markov_2"", ""observed"": 0, ""null_mean"": 0, ""null_std"": 0, ""z_score"": 0, ""empirical_p"": 1, ""null_samples"": 100}"
C:\github\5hr-conlang\riemann_analysis\rrlang\outputs\mesu_register_v0_3_nulls100\mesu_basho_text_only.json,mesu_register_v0_3_nulls100,,,,mesu,unknown,unknown,,,,,,,,,grapheme,42,,,hyphen_boundary,Hyphen positions treated as morpheme boundaries by the declared hyphen policy.,0,critical_line_symmetry,markov_2,1.0,1.0,0.0,0.0,0.0,1.0,False,"{""name"": ""critical_line_symmetry"", ""null_model"": ""markov_2"", ""observed"": 1, ""null_mean"": 1, ""null_std"": 0, ""z_score"": 0, ""empirical_p"": 1, ""null_samples"": 100}"
C:\github\5hr-conlang\riemann_analysis\rrlang\outputs\mesu_register_v0_3_nulls100\mesu_basho_text_only.json,mesu_register_v0_3_nulls100,,,,mesu,unknown,unknown,,,,,,,,,grapheme,42,,,digit,ASCII digit positions.,0,event_density,observed_only,0.0,,,,,,,"{""name"": ""event_density"", ""value"": 0, ""details"": ""count(event=true) / sequence_length""}"
C:\github\5hr-conlang\riemann_analysis\rrlang\outputs\mesu_register_v0_3_nulls100\mesu_basho_text_only.json,mesu_register_v0_3_nulls100,,,,mesu,unknown,unknown,,,,,,,,,grapheme,42,,,digit,ASCII digit positions.,0,event_count,observed_only,0.0,,,,,,,"{""name"": ""event_count"", ""value"": 0, ""details"": ""Number of true positions in the event map.""}"
C:\github\5hr-conlang\riemann_analysis\rrlang\outputs\mesu_register_v0_3_nulls100\mesu_basho_text_only.json,mesu_register_v0_3_nulls100,,,,mesu,unknown,unknown,,,,,,,,,grapheme,42,,,digit,ASCII digit positions.,0,sequence_length,observed_only,42.0,,,,,,,"{""name"": ""sequence_length"", ""value"": 42, ""details"": ""Number of positions in the event map.""}"
C:\github\5hr-conlang\riemann_analysis\rrlang\outputs\mesu_register_v0_3_nulls100\mesu_basho_text_only.json,mesu_register_v0_3_nulls100,,,,mesu,unknown,unknown,,,,,,,,,grapheme,42,,,digit,ASCII digit positions.,0,modular_residue_peak_m_2,observed_only,0.0,,,,,,,"{""name"": ""modular_residue_peak_m_2"", ""value"": 0, ""details"": ""Largest event-position residue fraction modulo 2.""}"
C:\github\5hr-conlang\riemann_analysis\rrlang\outputs\mesu_register_v0_3_nulls100\mesu_basho_text_only.json,mesu_register_v0_3_nulls100,,,,mesu,unknown,unknown,,,,,,,,,grapheme,42,,,digit,ASCII digit positions.,0,modular_residue_peak_m_3,observed_only,0.0,,,,,,,"{""name"": ""modular_residue_peak_m_3"", ""value"": 0, ""details"": ""Largest event-position residue fraction modulo 3.""}"
C:\github\5hr-conlang\riemann_analysis\rrlang\outputs\mesu_register_v0_3_nulls100\mesu_basho_text_only.json,mesu_register_v0_3_nulls100,,,,mesu,unknown,unknown,,,,,,,,,grapheme,42,,,digit,ASCII digit positions.,0,modular_residue_peak_m_5,observed_only,0.0,,,,,,,"{""name"": ""modular_residue_peak_m_5"", ""value"": 0, ""details"": ""Largest event-position residue fraction modulo 5.""}"
C:\github\5hr-conlang\riemann_analysis\rrlang\outputs\mesu_register_v0_3_nulls100\mesu_basho_text_only.json,mesu_register_v0_3_nulls100,,,,mesu,unknown,unknown,,,,,,,,,grapheme,42,,,digit,ASCII digit positions.,0,modular_residue_peak_m_7,observed_only,0.0,,,,,,,"{""name"": ""modular_residue_peak_m_7"", ""value"": 0, ""details"": ""Largest event-position residue fraction modulo 7.""}"
C:\github\5hr-conlang\riemann_analysis\rrlang\outputs\mesu_register_v0_3_nulls100\mesu_basho_text_only.json,mesu_register_v0_3_nulls100,,,,mesu,unknown,unknown,,,,,,,,,grapheme,42,,,digit,ASCII digit positions.,0,gap_entropy,density_shuffle,0.0,0.0,0.0,0.0,0.0,1.0,,"{""name"": ""gap_entropy"", ""null_model"": ""density_shuffle"", ""observed"": 0, ""null_mean"": 0, ""null_std"": 0, ""z_score"": 0, ""empirical_p"": 1, ""null_samples"": 100}"
C:\github\5hr-conlang\riemann_analysis\rrlang\outputs\mesu_register_v0_3_nulls100\mesu_basho_text_only.json,mesu_register_v0_3_nulls100,,,,mesu,unknown,unknown,,,,,,,,,grapheme,42,,,digit,ASCII digit positions.,0,run_entropy,density_shuffle,0.0,0.0,0.0,0.0,0.0,1.0,,"{""name"": ""run_entropy"", ""null_model"": ""density_shuffle"", ""observed"": 0, ""null_mean"": 0, ""null_std"": 0, ""z_score"": 0, ""empirical_p"": 1, ""null_samples"": 100}"
C:\github\5hr-conlang\riemann_analysis\rrlang\outputs\mesu_register_v0_3_nulls100\mesu_basho_text_only.json,mesu_register_v0_3_nulls100,,,,mesu,unknown,unknown,,,,,,,,,grapheme,42,,,digit,ASCII digit positions.,0,prime_index_occupancy_bias,density_shuffle,0.0,0.0,0.0,0.0,0.0,1.0,,"{""name"": ""prime_index_occupancy_bias"", ""null_model"": ""density_shuffle"", ""observed"": 0, ""null_mean"": 0, ""null_std"": 0, ""z_score"": 0, ""empirical_p"": 1, ""null_samples"": 100}"
C:\github\5hr-conlang\riemann_analysis\rrlang\outputs\mesu_register_v0_3_nulls100\mesu_basho_text_only.json,mesu_register_v0_3_nulls100,,,,mesu,unknown,unknown,,,,,,,,,grapheme,42,,,digit,ASCII digit positions.,0,prime_gap_affinity,density_shuffle,0.0,0.0,0.0,0.0,0.0,1.0,,"{""name"": ""prime_gap_affinity"", ""null_model"": ""density_shuffle"", ""observed"": 0, ""null_mean"": 0, ""null_std"": 0, ""z_score"": 0, ""empirical_p"": 1, ""null_samples"": 100}"
C:\github\5hr-conlang\riemann_analysis\rrlang\outputs\mesu_register_v0_3_nulls100\mesu_basho_text_only.json,mesu_register_v0_3_nulls100,,,,mesu,unknown,unknown,,,,,,,,,grapheme,42,,,digit,ASCII digit positions.,0,zeta_spectral_coherence,density_shuffle,0.0,0.0,0.0,0.0,0.0,1.0,,"{""name"": ""zeta_spectral_coherence"", ""null_model"": ""density_shuffle"", ""observed"": 0, ""null_mean"": 0, ""null_std"": 0, ""z_score"": 0, ""empirical_p"": 1, ""null_samples"": 100}"
C:\github\5hr-conlang\riemann_analysis\rrlang\outputs\mesu_register_v0_3_nulls100\mesu_basho_text_only.json,mesu_register_v0_3_nulls100,,,,mesu,unknown,unknown,,,,,,,,,grapheme,42,,,digit,ASCII digit positions.,0,critical_line_symmetry,density_shuffle,1.0,1.0,0.0,0.0,0.0,1.0,,"{""name"": ""critical_line_symmetry"", ""null_model"": ""density_shuffle"", ""observed"": 1, ""null_mean"": 1, ""null_std"": 0, ""z_score"": 0, ""empirical_p"": 1, ""null_samples"": 100}"
C:\github\5hr-conlang\riemann_analysis\rrlang\outputs\mesu_register_v0_3_nulls100\mesu_basho_text_only.json,mesu_register_v0_3_nulls100,,,,mesu,unknown,unknown,,,,,,,,,grapheme,42,,,digit,ASCII digit positions.,0,gap_entropy,markov_1,0.0,0.0,0.0,0.0,0.0,1.0,,"{""name"": ""gap_entropy"", ""null_model"": ""markov_1"", ""observed"": 0, ""null_mean"": 0, ""null_std"": 0, ""z_score"": 0, ""empirical_p"": 1, ""null_samples"": 100}"
C:\github\5hr-conlang\riemann_analysis\rrlang\outputs\mesu_register_v0_3_nulls100\mesu_basho_text_only.json,mesu_register_v0_3_nulls100,,,,mesu,unknown,unknown,,,,,,,,,grapheme,42,,,digit,ASCII digit positions.,0,run_entropy,markov_1,0.0,0.0,0.0,0.0,0.0,1.0,,"{""name"": ""run_entropy"", ""null_model"": ""markov_1"", ""observed"": 0, ""null_mean"": 0, ""null_std"": 0, ""z_score"": 0, ""empirical_p"": 1, ""null_samples"": 100}"
C:\github\5hr-conlang\riemann_analysis\rrlang\outputs\mesu_register_v0_3_nulls100\mesu_basho_text_only.json,mesu_register_v0_3_nulls100,,,,mesu,unknown,unknown,,,,,,,,,grapheme,42,,,digit,ASCII digit positions.,0,prime_index_occupancy_bias,markov_1,0.0,0.0,0.0,0.0,0.0,1.0,,"{""name"": ""prime_index_occupancy_bias"", ""null_model"": ""markov_1"", ""observed"": 0, ""null_mean"": 0, ""null_std"": 0, ""z_score"": 0, ""empirical_p"": 1, ""null_samples"": 100}"
C:\github\5hr-conlang\riemann_analysis\rrlang\outputs\mesu_register_v0_3_nulls100\mesu_basho_text_only.json,mesu_register_v0_3_nulls100,,,,mesu,unknown,unknown,,,,,,,,,grapheme,42,,,digit,ASCII digit positions.,0,prime_gap_affinity,markov_1,0.0,0.0,0.0,0.0,0.0,1.0,,"{""name"": ""prime_gap_affinity"", ""null_model"": ""markov_1"", ""observed"": 0, ""null_mean"": 0, ""null_std"": 0, ""z_score"": 0, ""empirical_p"": 1, ""null_samples"": 100}"
C:\github\5hr-conlang\riemann_analysis\rrlang\outputs\mesu_register_v0_3_nulls100\mesu_basho_text_only.json,mesu_register_v0_3_nulls100,,,,mesu,unknown,unknown,,,,,,,,,grapheme,42,,,digit,ASCII digit positions.,0,zeta_spectral_coherence,markov_1,0.0,0.0,0.0,0.0,0.0,1.0,,"{""name"": ""zeta_spectral_coherence"", ""null_model"": ""markov_1"", ""observed"": 0, ""null_mean"": 0, ""null_std"": 0, ""z_score"": 0, ""empirical_p"": 1, ""null_samples"": 100}"
C:\github\5hr-conlang\riemann_analysis\rrlang\outputs\mesu_register_v0_3_nulls100\mesu_basho_text_only.json,mesu_register_v0_3_nulls100,,,,mesu,unknown,unknown,,,,,,,,,grapheme,42,,,digit,ASCII digit positions.,0,critical_line_symmetry,markov_1,1.0,1.0,0.0,0.0,0.0,1.0,,"{""name"": ""critical_line_symmetry"", ""null_model"": ""markov_1"", ""observed"": 1, ""null_mean"": 1, ""null_std"": 0, ""z_score"": 0, ""empirical_p"": 1, ""null_samples"": 100}"
C:\github\5hr-conlang\riemann_analysis\rrlang\outputs\mesu_register_v0_3_nulls100\mesu_basho_text_only.json,mesu_register_v0_3_nulls100,,,,mesu,unknown,unknown,,,,,,,,,grapheme,42,,,digit,ASCII digit positions.,0,gap_entropy,markov_2,0.0,0.0,0.0,0.0,0.0,1.0,False,"{""name"": ""gap_entropy"", ""null_model"": ""markov_2"", ""observed"": 0, ""null_mean"": 0, ""null_std"": 0, ""z_score"": 0, ""empirical_p"": 1, ""null_samples"": 100}"
C:\github\5hr-conlang\riemann_analysis\rrlang\outputs\mesu_register_v0_3_nulls100\mesu_basho_text_only.json,mesu_register_v0_3_nulls100,,,,mesu,unknown,unknown,,,,,,,,,grapheme,42,,,digit,ASCII digit positions.,0,run_entropy,markov_2,0.0,0.0,0.0,0.0,0.0,1.0,False,"{""name"": ""run_entropy"", ""null_model"": ""markov_2"", ""observed"": 0, ""null_mean"": 0, ""null_std"": 0, ""z_score"": 0, ""empirical_p"": 1, ""null_samples"": 100}"
C:\github\5hr-conlang\riemann_analysis\rrlang\outputs\mesu_register_v0_3_nulls100\mesu_basho_text_only.json,mesu_register_v0_3_nulls100,,,,mesu,unknown,unknown,,,,,,,,,grapheme,42,,,digit,ASCII digit positions.,0,prime_index_occupancy_bias,markov_2,0.0,0.0,0.0,0.0,0.0,1.0,False,"{""name"": ""prime_index_occupancy_bias"", ""null_model"": ""markov_2"", ""observed"": 0, ""null_mean"": 0, ""null_std"": 0, ""z_score"": 0, ""empirical_p"": 1, ""null_samples"": 100}"
C:\github\5hr-conlang\riemann_analysis\rrlang\outputs\mesu_register_v0_3_nulls100\mesu_basho_text_only.json,mesu_register_v0_3_nulls100,,,,mesu,unknown,unknown,,,,,,,,,grapheme,42,,,digit,ASCII digit positions.,0,prime_gap_affinity,markov_2,0.0,0.0,0.0,0.0,0.0,1.0,False,"{""name"": ""prime_gap_affinity"", ""null_model"": ""markov_2"", ""observed"": 0, ""null_mean"": 0, ""null_std"": 0, ""z_score"": 0, ""empirical_p"": 1, ""null_samples"": 100}"
C:\github\5hr-conlang\riemann_analysis\rrlang\outputs\mesu_register_v0_3_nulls100\mesu_basho_text_only.json,mesu_register_v0_3_nulls100,,,,mesu,unknown,unknown,,,,,,,,,grapheme,42,,,digit,ASCII digit positions.,0,zeta_spectral_coherence,markov_2,0.0,0.0,0.0,0.0,0.0,1.0,False,"{""name"": ""zeta_spectral_coherence"", ""null_model"": ""markov_2"", ""observed"": 0, ""null_mean"": 0, ""null_std"": 0, ""z_score"": 0, ""empirical_p"": 1, ""null_samples"": 100}"
C:\github\5hr-conlang\riemann_analysis\rrlang\outputs\mesu_register_v0_3_nulls100\mesu_basho_text_only.json,mesu_register_v0_3_nulls100,,,,mesu,unknown,unknown,,,,,,,,,grapheme,42,,,digit,ASCII digit positions.,0,critical_line_symmetry,markov_2,1.0,1.0,0.0,0.0,0.0,1.0,False,"{""name"": ""critical_line_symmetry"", ""null_model"": ""markov_2"", ""observed"": 1, ""null_mean"": 1, ""null_std"": 0, ""z_score"": 0, ""empirical_p"": 1, ""null_samples"": 100}"
C:\github\5hr-conlang\riemann_analysis\rrlang\outputs\mesu_register_v0_3_nulls100\mesu_basho_text_only.json,mesu_register_v0_3_nulls100,,,,mesu,unknown,unknown,,,,,,,,,grapheme_class,42,,,vowel,Positions classified as vowel in the grapheme-class stream.,13,event_density,observed_only,0.309523809524,,,,,,,"{""name"": ""event_density"", ""value"": 0.309523809524, ""details"": ""count(event=true) / sequence_length""}"
C:\github\5hr-conlang\riemann_analysis\rrlang\outputs\mesu_register_v0_3_nulls100\mesu_basho_text_only.json,mesu_register_v0_3_nulls100,,,,mesu,unknown,unknown,,,,,,,,,grapheme_class,42,,,vowel,Positions classified as vowel in the grapheme-class stream.,13,event_count,observed_only,13.0,,,,,,,"{""name"": ""event_count"", ""value"": 13, ""details"": ""Number of true positions in the event map.""}"
C:\github\5hr-conlang\riemann_analysis\rrlang\outputs\mesu_register_v0_3_nulls100\mesu_basho_text_only.json,mesu_register_v0_3_nulls100,,,,mesu,unknown,unknown,,,,,,,,,grapheme_class,42,,,vowel,Positions classified as vowel in the grapheme-class stream.,13,sequence_length,observed_only,42.0,,,,,,,"{""name"": ""sequence_length"", ""value"": 42, ""details"": ""Number of positions in the event map.""}"
C:\github\5hr-conlang\riemann_analysis\rrlang\outputs\mesu_register_v0_3_nulls100\mesu_basho_text_only.json,mesu_register_v0_3_nulls100,,,,mesu,unknown,unknown,,,,,,,,,grapheme_class,42,,,vowel,Positions classified as vowel in the grapheme-class stream.,13,modular_residue_peak_m_2,observed_only,0.615384615385,,,,,,,"{""name"": ""modular_residue_peak_m_2"", ""value"": 0.615384615385, ""details"": ""Largest event-position residue fraction modulo 2.""}"
C:\github\5hr-conlang\riemann_analysis\rrlang\outputs\mesu_register_v0_3_nulls100\mesu_basho_text_only.json,mesu_register_v0_3_nulls100,,,,mesu,unknown,unknown,,,,,,,,,grapheme_class,42,,,vowel,Positions classified as vowel in the grapheme-class stream.,13,modular_residue_peak_m_3,observed_only,0.384615384615,,,,,,,"{""name"": ""modular_residue_peak_m_3"", ""value"": 0.384615384615, ""details"": ""Largest event-position residue fraction modulo 3.""}"
C:\github\5hr-conlang\riemann_analysis\rrlang\outputs\mesu_register_v0_3_nulls100\mesu_basho_text_only.json,mesu_register_v0_3_nulls100,,,,mesu,unknown,unknown,,,,,,,,,grapheme_class,42,,,vowel,Positions classified as vowel in the grapheme-class stream.,13,modular_residue_peak_m_5,observed_only,0.307692307692,,,,,,,"{""name"": ""modular_residue_peak_m_5"", ""value"": 0.307692307692, ""details"": ""Largest event-position residue fraction modulo 5.""}"
C:\github\5hr-conlang\riemann_analysis\rrlang\outputs\mesu_register_v0_3_nulls100\mesu_basho_text_only.json,mesu_register_v0_3_nulls100,,,,mesu,unknown,unknown,,,,,,,,,grapheme_class,42,,,vowel,Positions classified as vowel in the grapheme-class stream.,13,modular_residue_peak_m_7,observed_only,0.230769230769,,,,,,,"{""name"": ""modular_residue_peak_m_7"", ""value"": 0.230769230769, ""details"": ""Largest event-position residue fraction modulo 7.""}"
C:\github\5hr-conlang\riemann_analysis\rrlang\outputs\mesu_register_v0_3_nulls100\mesu_basho_text_only.json,mesu_register_v0_3_nulls100,,,,mesu,unknown,unknown,,,,,,,,,grapheme_class,42,,,vowel,Positions classified as vowel in the grapheme-class stream.,13,gap_entropy,density_shuffle,0.811278124459,2.242156587204,0.247225926306,-5.78773627881,5.78773627881,0.009900990099,,"{""name"": ""gap_entropy"", ""null_model"": ""density_shuffle"", ""observed"": 0.811278124459, ""null_mean"": 2.242156587204, ""null_std"": 0.247225926306, ""z_score"": -5.78773627881, ""empirical_p"": 0.009900990099, ""null_samples"": 100}"
C:\github\5hr-conlang\riemann_analysis\rrlang\outputs\mesu_register_v0_3_nulls100\mesu_basho_text_only.json,mesu_register_v0_3_nulls100,,,,mesu,unknown,unknown,,,,,,,,,grapheme_class,42,,,vowel,Positions classified as vowel in the grapheme-class stream.,13,run_entropy,density_shuffle,1.351644115153,1.908644004565,0.240337655696,-2.317572283042,2.317572283042,0.039603960396,,"{""name"": ""run_entropy"", ""null_model"": ""density_shuffle"", ""observed"": 1.351644115153, ""null_mean"": 1.908644004565, ""null_std"": 0.240337655696, ""z_score"": -2.317572283042, ""empirical_p"": 0.039603960396, ""null_samples"": 100}"
C:\github\5hr-conlang\riemann_analysis\rrlang\outputs\mesu_register_v0_3_nulls100\mesu_basho_text_only.json,mesu_register_v0_3_nulls100,,,,mesu,unknown,unknown,,,,,,,,,grapheme_class,42,,,vowel,Positions classified as vowel in the grapheme-class stream.,13,prime_index_occupancy_bias,density_shuffle,-0.126373626374,0.010851648352,0.153786368174,-0.892311043914,0.892311043914,0.405940594059,,"{""name"": ""prime_index_occupancy_bias"", ""null_model"": ""density_shuffle"", ""observed"": -0.126373626374, ""null_mean"": 0.010851648352, ""null_std"": 0.153786368174, ""z_score"": -0.892311043914, ""empirical_p"": 0.405940594059, ""null_samples"": 100}"
C:\github\5hr-conlang\riemann_analysis\rrlang\outputs\mesu_register_v0_3_nulls100\mesu_basho_text_only.json,mesu_register_v0_3_nulls100,,,,mesu,unknown,unknown,,,,,,,,,grapheme_class,42,,,vowel,Positions classified as vowel in the grapheme-class stream.,13,prime_gap_affinity,density_shuffle,0.75,0.490833333333,0.145013931758,1.787184607189,1.787184607189,0.108910891089,,"{""name"": ""prime_gap_affinity"", ""null_model"": ""density_shuffle"", ""observed"": 0.75, ""null_mean"": 0.490833333333, ""null_std"": 0.145013931758, ""z_score"": 1.787184607189, ""empirical_p"": 0.108910891089, ""null_samples"": 100}"
C:\github\5hr-conlang\riemann_analysis\rrlang\outputs\mesu_register_v0_3_nulls100\mesu_basho_text_only.json,mesu_register_v0_3_nulls100,,,,mesu,unknown,unknown,,,,,,,,,grapheme_class,42,,,vowel,Positions classified as vowel in the grapheme-class stream.,13,zeta_spectral_coherence,density_shuffle,0.014205767013,0.022220697193,0.007257851856,-1.104311625446,1.104311625446,0.257425742574,,"{""name"": ""zeta_spectral_coherence"", ""null_model"": ""density_shuffle"", ""observed"": 0.014205767013, ""null_mean"": 0.022220697193, ""null_std"": 0.007257851856, ""z_score"": -1.104311625446, ""empirical_p"": 0.257425742574, ""null_samples"": 100}"
C:\github\5hr-conlang\riemann_analysis\rrlang\outputs\mesu_register_v0_3_nulls100\mesu_basho_text_only.json,mesu_register_v0_3_nulls100,,,,mesu,unknown,unknown,,,,,,,,,grapheme_class,42,,,vowel,Positions classified as vowel in the grapheme-class stream.,13,critical_line_symmetry,density_shuffle,0.940714781679,0.913834513683,0.025519649169,1.05331651773,1.05331651773,0.316831683168,,"{""name"": ""critical_line_symmetry"", ""null_model"": ""density_shuffle"", ""observed"": 0.940714781679, ""null_mean"": 0.913834513683, ""null_std"": 0.025519649169, ""z_score"": 1.05331651773, ""empirical_p"": 0.316831683168, ""null_samples"": 100}"
C:\github\5hr-conlang\riemann_analysis\rrlang\outputs\mesu_register_v0_3_nulls100\mesu_basho_text_only.json,mesu_register_v0_3_nulls100,,,,mesu,unknown,unknown,,,,,,,,,grapheme_class,42,,,vowel,Positions classified as vowel in the grapheme-class stream.,13,gap_entropy,markov_1,0.811278124459,1.696860825479,0.32285294186,-2.742990960275,2.742990960275,0.009900990099,,"{""name"": ""gap_entropy"", ""null_model"": ""markov_1"", ""observed"": 0.811278124459, ""null_mean"": 1.696860825479, ""null_std"": 0.32285294186, ""z_score"": -2.742990960275, ""empirical_p"": 0.009900990099, ""null_samples"": 100}"
C:\github\5hr-conlang\riemann_analysis\rrlang\outputs\mesu_register_v0_3_nulls100\mesu_basho_text_only.json,mesu_register_v0_3_nulls100,,,,mesu,unknown,unknown,,,,,,,,,grapheme_class,42,,,vowel,Positions classified as vowel in the grapheme-class stream.,13,run_entropy,markov_1,1.351644115153,1.240212389153,0.261724149389,0.425760199278,0.425760199278,0.673267326733,,"{""name"": ""run_entropy"", ""null_model"": ""markov_1"", ""observed"": 1.351644115153, ""null_mean"": 1.240212389153, ""null_std"": 0.261724149389, ""z_score"": 0.425760199278, ""empirical_p"": 0.673267326733, ""null_samples"": 100}"
C:\github\5hr-conlang\riemann_analysis\rrlang\outputs\mesu_register_v0_3_nulls100\mesu_basho_text_only.json,mesu_register_v0_3_nulls100,,,,mesu,unknown,unknown,,,,,,,,,grapheme_class,42,,,vowel,Positions classified as vowel in the grapheme-class stream.,13,prime_index_occupancy_bias,markov_1,-0.126373626374,0.052967032967,0.190677837115,-0.940542760785,0.940542760785,0.356435643564,,"{""name"": ""prime_index_occupancy_bias"", ""null_model"": ""markov_1"", ""observed"": -0.126373626374, ""null_mean"": 0.052967032967, ""null_std"": 0.190677837115, ""z_score"": -0.940542760785, ""empirical_p"": 0.356435643564, ""null_samples"": 100}"
C:\github\5hr-conlang\riemann_analysis\rrlang\outputs\mesu_register_v0_3_nulls100\mesu_basho_text_only.json,mesu_register_v0_3_nulls100,,,,mesu,unknown,unknown,,,,,,,,,grapheme_class,42,,,vowel,Positions classified as vowel in the grapheme-class stream.,13,prime_gap_affinity,markov_1,0.75,0.802668220668,0.115850670403,-0.454621630458,0.454621630458,0.712871287129,,"{""name"": ""prime_gap_affinity"", ""null_model"": ""markov_1"", ""observed"": 0.75, ""null_mean"": 0.802668220668, ""null_std"": 0.115850670403, ""z_score"": -0.454621630458, ""empirical_p"": 0.712871287129, ""null_samples"": 100}"
C:\github\5hr-conlang\riemann_analysis\rrlang\outputs\mesu_register_v0_3_nulls100\mesu_basho_text_only.json,mesu_register_v0_3_nulls100,,,,mesu,unknown,unknown,,,,,,,,,grapheme_class,42,,,vowel,Positions classified as vowel in the grapheme-class stream.,13,zeta_spectral_coherence,markov_1,0.014205767013,0.015477000037,0.005926562144,-0.214497543934,0.214497543934,0.90099009901,,"{""name"": ""zeta_spectral_coherence"", ""null_model"": ""markov_1"", ""observed"": 0.014205767013, ""null_mean"": 0.015477000037, ""null_std"": 0.005926562144, ""z_score"": -0.214497543934, ""empirical_p"": 0.90099009901, ""null_samples"": 100}"
C:\github\5hr-conlang\riemann_analysis\rrlang\outputs\mesu_register_v0_3_nulls100\mesu_basho_text_only.json,mesu_register_v0_3_nulls100,,,,mesu,unknown,unknown,,,,,,,,,grapheme_class,42,,,vowel,Positions classified as vowel in the grapheme-class stream.,13,critical_line_symmetry,markov_1,0.940714781679,0.926479453324,0.026427258844,0.538660798648,0.538660798648,0.574257425743,,"{""name"": ""critical_line_symmetry"", ""null_model"": ""markov_1"", ""observed"": 0.940714781679, ""null_mean"": 0.926479453324, ""null_std"": 0.026427258844, ""z_score"": 0.538660798648, ""empirical_p"": 0.574257425743, ""null_samples"": 100}"
C:\github\5hr-conlang\riemann_analysis\rrlang\outputs\mesu_register_v0_3_nulls100\mesu_basho_text_only.json,mesu_register_v0_3_nulls100,,,,mesu,unknown,unknown,,,,,,,,,grapheme_class,42,,,vowel,Positions classified as vowel in the grapheme-class stream.,13,gap_entropy,markov_2,0.811278124459,0.695408154753,0.328092447777,0.353162562843,0.353162562843,0.891089108911,False,"{""name"": ""gap_entropy"", ""null_model"": ""markov_2"", ""observed"": 0.811278124459, ""null_mean"": 0.695408154753, ""null_std"": 0.328092447777, ""z_score"": 0.353162562843, ""empirical_p"": 0.891089108911, ""null_samples"": 100}"
C:\github\5hr-conlang\riemann_analysis\rrlang\outputs\mesu_register_v0_3_nulls100\mesu_basho_text_only.json,mesu_register_v0_3_nulls100,,,,mesu,unknown,unknown,,,,,,,,,grapheme_class,42,,,vowel,Positions classified as vowel in the grapheme-class stream.,13,run_entropy,markov_2,1.351644115153,1.334216312287,0.154541822976,0.112770786123,0.112770786123,0.960396039604,False,"{""name"": ""run_entropy"", ""null_model"": ""markov_2"", ""observed"": 1.351644115153, ""null_mean"": 1.334216312287, ""null_std"": 0.154541822976, ""z_score"": 0.112770786123, ""empirical_p"": 0.960396039604, ""null_samples"": 100}"
C:\github\5hr-conlang\riemann_analysis\rrlang\outputs\mesu_register_v0_3_nulls100\mesu_basho_text_only.json,mesu_register_v0_3_nulls100,,,,mesu,unknown,unknown,,,,,,,,,grapheme_class,42,,,vowel,Positions classified as vowel in the grapheme-class stream.,13,prime_index_occupancy_bias,markov_2,-0.126373626374,-0.011263736264,0.184353977632,-0.624396021113,0.624396021113,0.574257425743,False,"{""name"": ""prime_index_occupancy_bias"", ""null_model"": ""markov_2"", ""observed"": -0.126373626374, ""null_mean"": -0.011263736264, ""null_std"": 0.184353977632, ""z_score"": -0.624396021113, ""empirical_p"": 0.574257425743, ""null_samples"": 100}"
C:\github\5hr-conlang\riemann_analysis\rrlang\outputs\mesu_register_v0_3_nulls100\mesu_basho_text_only.json,mesu_register_v0_3_nulls100,,,,mesu,unknown,unknown,,,,,,,,,grapheme_class,42,,,vowel,Positions classified as vowel in the grapheme-class stream.,13,prime_gap_affinity,markov_2,0.75,0.849701631702,0.107135122065,-0.930615747477,0.930615747477,0.405940594059,False,"{""name"": ""prime_gap_affinity"", ""null_model"": ""markov_2"", ""observed"": 0.75, ""null_mean"": 0.849701631702, ""null_std"": 0.107135122065, ""z_score"": -0.930615747477, ""empirical_p"": 0.405940594059, ""null_samples"": 100}"
C:\github\5hr-conlang\riemann_analysis\rrlang\outputs\mesu_register_v0_3_nulls100\mesu_basho_text_only.json,mesu_register_v0_3_nulls100,,,,mesu,unknown,unknown,,,,,,,,,grapheme_class,42,,,vowel,Positions classified as vowel in the grapheme-class stream.,13,zeta_spectral_coherence,markov_2,0.014205767013,0.014644006288,0.005400849747,-0.081142652586,0.081142652586,0.940594059406,False,"{""name"": ""zeta_spectral_coherence"", ""null_model"": ""markov_2"", ""observed"": 0.014205767013, ""null_mean"": 0.014644006288, ""null_std"": 0.005400849747, ""z_score"": -0.081142652586, ""empirical_p"": 0.940594059406, ""null_samples"": 100}"
C:\github\5hr-conlang\riemann_analysis\rrlang\outputs\mesu_register_v0_3_nulls100\mesu_basho_text_only.json,mesu_register_v0_3_nulls100,,,,mesu,unknown,unknown,,,,,,,,,grapheme_class,42,,,vowel,Positions classified as vowel in the grapheme-class stream.,13,critical_line_symmetry,markov_2,0.940714781679,0.941858196814,0.032219094571,-0.035488742003,0.035488742003,0.990099009901,False,"{""name"": ""critical_line_symmetry"", ""null_model"": ""markov_2"", ""observed"": 0.940714781679, ""null_mean"": 0.941858196814, ""null_std"": 0.032219094571, ""z_score"": -0.035488742003, ""empirical_p"": 0.990099009901, ""null_samples"": 100}"
C:\github\5hr-conlang\riemann_analysis\rrlang\outputs\mesu_register_v0_3_nulls100\mesu_basho_text_only.json,mesu_register_v0_3_nulls100,,,,mesu,unknown,unknown,,,,,,,,,grapheme_class,42,,,vowel,Positions classified as vowel in the grapheme-class stream.,13,gap_entropy,gap_order_shuffle,0.811278124459,0.811278124459,0.0,-0.994987437107,0.994987437107,1.0,,"{""name"": ""gap_entropy"", ""null_model"": ""gap_order_shuffle"", ""observed"": 0.811278124459, ""null_mean"": 0.811278124459, ""null_std"": 0.0, ""z_score"": -0.994987437107, ""empirical_p"": 1, ""null_samples"": 100}"
C:\github\5hr-conlang\riemann_analysis\rrlang\outputs\mesu_register_v0_3_nulls100\mesu_basho_text_only.json,mesu_register_v0_3_nulls100,,,,mesu,unknown,unknown,,,,,,,,,grapheme_class,42,,,vowel,Positions classified as vowel in the grapheme-class stream.,13,run_entropy,gap_order_shuffle,1.351644115153,1.351644115153,0.0,0.854964599855,0.854964599855,1.0,,"{""name"": ""run_entropy"", ""null_model"": ""gap_order_shuffle"", ""observed"": 1.351644115153, ""null_mean"": 1.351644115153, ""null_std"": 0.0, ""z_score"": 0.854964599855, ""empirical_p"": 1, ""null_samples"": 100}"
C:\github\5hr-conlang\riemann_analysis\rrlang\outputs\mesu_register_v0_3_nulls100\mesu_basho_text_only.json,mesu_register_v0_3_nulls100,,,,mesu,unknown,unknown,,,,,,,,,grapheme_class,42,,,vowel,Positions classified as vowel in the grapheme-class stream.,13,prime_index_occupancy_bias,gap_order_shuffle,-0.126373626374,0.086510989011,0.135746680286,-1.568249145656,1.568249145656,0.227722772277,,"{""name"": ""prime_index_occupancy_bias"", ""null_model"": ""gap_order_shuffle"", ""observed"": -0.126373626374, ""null_mean"": 0.086510989011, ""null_std"": 0.135746680286, ""z_score"": -1.568249145656, ""empirical_p"": 0.227722772277, ""null_samples"": 100}"
C:\github\5hr-conlang\riemann_analysis\rrlang\outputs\mesu_register_v0_3_nulls100\mesu_basho_text_only.json,mesu_register_v0_3_nulls100,,,,mesu,unknown,unknown,,,,,,,,,grapheme_class,42,,,vowel,Positions classified as vowel in the grapheme-class stream.,13,prime_gap_affinity,gap_order_shuffle,0.75,0.75,0.0,0.0,0.0,1.0,,"{""name"": ""prime_gap_affinity"", ""null_model"": ""gap_order_shuffle"", ""observed"": 0.75, ""null_mean"": 0.75, ""null_std"": 0, ""z_score"": 0, ""empirical_p"": 1, ""null_samples"": 100}"
C:\github\5hr-conlang\riemann_analysis\rrlang\outputs\mesu_register_v0_3_nulls100\mesu_basho_text_only.json,mesu_register_v0_3_nulls100,,,,mesu,unknown,unknown,,,,,,,,,grapheme_class,42,,,vowel,Positions classified as vowel in the grapheme-class stream.,13,zeta_spectral_coherence,gap_order_shuffle,0.014205767013,0.016832637035,0.003720080863,-0.706132505725,0.706132505725,0.455445544554,,"{""name"": ""zeta_spectral_coherence"", ""null_model"": ""gap_order_shuffle"", ""observed"": 0.014205767013, ""null_mean"": 0.016832637035, ""null_std"": 0.003720080863, ""z_score"": -0.706132505725, ""empirical_p"": 0.455445544554, ""null_samples"": 100}"
C:\github\5hr-conlang\riemann_analysis\rrlang\outputs\mesu_register_v0_3_nulls100\mesu_basho_text_only.json,mesu_register_v0_3_nulls100,,,,mesu,unknown,unknown,,,,,,,,,grapheme_class,42,,,vowel,Positions classified as vowel in the grapheme-class stream.,13,critical_line_symmetry,gap_order_shuffle,0.940714781679,0.951424494089,0.014361267092,-0.745735897929,0.745735897929,0.227722772277,,"{""name"": ""critical_line_symmetry"", ""null_model"": ""gap_order_shuffle"", ""observed"": 0.940714781679, ""null_mean"": 0.951424494089, ""null_std"": 0.014361267092, ""z_score"": -0.745735897929, ""empirical_p"": 0.227722772277, ""null_samples"": 100}"
C:\github\5hr-conlang\riemann_analysis\rrlang\outputs\mesu_register_v0_3_nulls100\mesu_basho_text_only.json,mesu_register_v0_3_nulls100,,,,mesu,unknown,unknown,,,,,,,,,grapheme_class,42,,,consonant,Positions classified as consonant in the grapheme-class stream.,15,event_density,observed_only,0.357142857143,,,,,,,"{""name"": ""event_density"", ""value"": 0.357142857143, ""details"": ""count(event=true) / sequence_length""}"
C:\github\5hr-conlang\riemann_analysis\rrlang\outputs\mesu_register_v0_3_nulls100\mesu_basho_text_only.json,mesu_register_v0_3_nulls100,,,,mesu,unknown,unknown,,,,,,,,,grapheme_class,42,,,consonant,Positions classified as consonant in the grapheme-class stream.,15,event_count,observed_only,15.0,,,,,,,"{""name"": ""event_count"", ""value"": 15, ""details"": ""Number of true positions in the event map.""}"
C:\github\5hr-conlang\riemann_analysis\rrlang\outputs\mesu_register_v0_3_nulls100\mesu_basho_text_only.json,mesu_register_v0_3_nulls100,,,,mesu,unknown,unknown,,,,,,,,,grapheme_class,42,,,consonant,Positions classified as consonant in the grapheme-class stream.,15,sequence_length,observed_only,42.0,,,,,,,"{""name"": ""sequence_length"", ""value"": 42, ""details"": ""Number of positions in the event map.""}"
C:\github\5hr-conlang\riemann_analysis\rrlang\outputs\mesu_register_v0_3_nulls100\mesu_basho_text_only.json,mesu_register_v0_3_nulls100,,,,mesu,unknown,unknown,,,,,,,,,grapheme_class,42,,,consonant,Positions classified as consonant in the grapheme-class stream.,15,modular_residue_peak_m_2,observed_only,0.866666666667,,,,,,,"{""name"": ""modular_residue_peak_m_2"", ""value"": 0.866666666667, ""details"": ""Largest event-position residue fraction modulo 2.""}"
C:\github\5hr-conlang\riemann_analysis\rrlang\outputs\mesu_register_v0_3_nulls100\mesu_basho_text_only.json,mesu_register_v0_3_nulls100,,,,mesu,unknown,unknown,,,,,,,,,grapheme_class,42,,,consonant,Positions classified as consonant in the grapheme-class stream.,15,modular_residue_peak_m_3,observed_only,0.4,,,,,,,"{""name"": ""modular_residue_peak_m_3"", ""value"": 0.4, ""details"": ""Largest event-position residue fraction modulo 3.""}"
C:\github\5hr-conlang\riemann_analysis\rrlang\outputs\mesu_register_v0_3_nulls100\mesu_basho_text_only.json,mesu_register_v0_3_nulls100,,,,mesu,unknown,unknown,,,,,,,,,grapheme_class,42,,,consonant,Positions classified as consonant in the grapheme-class stream.,15,modular_residue_peak_m_5,observed_only,0.266666666667,,,,,,,"{""name"": ""modular_residue_peak_m_5"", ""value"": 0.266666666667, ""details"": ""Largest event-position residue fraction modulo 5.""}"
C:\github\5hr-conlang\riemann_analysis\rrlang\outputs\mesu_register_v0_3_nulls100\mesu_basho_text_only.json,mesu_register_v0_3_nulls100,,,,mesu,unknown,unknown,,,,,,,,,grapheme_class,42,,,consonant,Positions classified as consonant in the grapheme-class stream.,15,modular_residue_peak_m_7,observed_only,0.266666666667,,,,,,,"{""name"": ""modular_residue_peak_m_7"", ""value"": 0.266666666667, ""details"": ""Largest event-position residue fraction modulo 7.""}"
C:\github\5hr-conlang\riemann_analysis\rrlang\outputs\mesu_register_v0_3_nulls100\mesu_basho_text_only.json,mesu_register_v0_3_nulls100,,,,mesu,unknown,unknown,,,,,,,,,grapheme_class,42,,,consonant,Positions classified as consonant in the grapheme-class stream.,15,gap_entropy,density_shuffle,1.492614068017,2.116371041417,0.177951456836,-3.505208580422,3.505208580422,0.009900990099,,"{""name"": ""gap_entropy"", ""null_model"": ""density_shuffle"", ""observed"": 1.492614068017, ""null_mean"": 2.116371041417, ""null_std"": 0.177951456836, ""z_score"": -3.505208580422, ""empirical_p"": 0.009900990099, ""null_samples"": 100}"
C:\github\5hr-conlang\riemann_analysis\rrlang\outputs\mesu_register_v0_3_nulls100\mesu_basho_text_only.json,mesu_register_v0_3_nulls100,,,,mesu,unknown,unknown,,,,,,,,,grapheme_class,42,,,consonant,Positions classified as consonant in the grapheme-class stream.,15,run_entropy,density_shuffle,1.103307408608,1.799548923605,0.240599289587,-2.893780427171,2.893780427171,0.009900990099,,"{""name"": ""run_entropy"", ""null_model"": ""density_shuffle"", ""observed"": 1.103307408608, ""null_mean"": 1.799548923605, ""null_std"": 0.240599289587, ""z_score"": -2.893780427171, ""empirical_p"": 0.009900990099, ""null_samples"": 100}"
C:\github\5hr-conlang\riemann_analysis\rrlang\outputs\mesu_register_v0_3_nulls100\mesu_basho_text_only.json,mesu_register_v0_3_nulls100,,,,mesu,unknown,unknown,,,,,,,,,grapheme_class,42,,,consonant,Positions classified as consonant in the grapheme-class stream.,15,prime_index_occupancy_bias,density_shuffle,0.401098901099,-0.014615384615,0.175356520926,2.370680505745,2.370680505745,0.049504950495,,"{""name"": ""prime_index_occupancy_bias"", ""null_model"": ""density_shuffle"", ""observed"": 0.401098901099, ""null_mean"": -0.014615384615, ""null_std"": 0.175356520926, ""z_score"": 2.370680505745, ""empirical_p"": 0.049504950495, ""null_samples"": 100}"
C:\github\5hr-conlang\riemann_analysis\rrlang\outputs\mesu_register_v0_3_nulls100\mesu_basho_text_only.json,mesu_register_v0_3_nulls100,,,,mesu,unknown,unknown,,,,,,,,,grapheme_class,42,,,consonant,Positions classified as consonant in the grapheme-class stream.,15,prime_gap_affinity,density_shuffle,0.714285714286,0.488571428571,0.131872016815,1.711616241005,1.711616241005,0.138613861386,,"{""name"": ""prime_gap_affinity"", ""null_model"": ""density_shuffle"", ""observed"": 0.714285714286, ""null_mean"": 0.488571428571, ""null_std"": 0.131872016815, ""z_score"": 1.711616241005, ""empirical_p"": 0.138613861386, ""null_samples"": 100}"
C:\github\5hr-conlang\riemann_analysis\rrlang\outputs\mesu_register_v0_3_nulls100\mesu_basho_text_only.json,mesu_register_v0_3_nulls100,,,,mesu,unknown,unknown,,,,,,,,,grapheme_class,42,,,consonant,Positions classified as consonant in the grapheme-class stream.,15,zeta_spectral_coherence,density_shuffle,0.011983600717,0.024028194025,0.008674089361,-1.388571503796,1.388571503796,0.168316831683,,"{""name"": ""zeta_spectral_coherence"", ""null_model"": ""density_shuffle"", ""observed"": 0.011983600717, ""null_mean"": 0.024028194025, ""null_std"": 0.008674089361, ""z_score"": -1.388571503796, ""empirical_p"": 0.168316831683, ""null_samples"": 100}"
C:\github\5hr-conlang\riemann_analysis\rrlang\outputs\mesu_register_v0_3_nulls100\mesu_basho_text_only.json,mesu_register_v0_3_nulls100,,,,mesu,unknown,unknown,,,,,,,,,grapheme_class,42,,,consonant,Positions classified as consonant in the grapheme-class stream.,15,critical_line_symmetry,density_shuffle,0.93926638801,0.907620921988,0.028388721542,1.114719659859,1.114719659859,0.237623762376,,"{""name"": ""critical_line_symmetry"", ""null_model"": ""density_shuffle"", ""observed"": 0.93926638801, ""null_mean"": 0.907620921988, ""null_std"": 0.028388721542, ""z_score"": 1.114719659859, ""empirical_p"": 0.237623762376, ""null_samples"": 100}"
C:\github\5hr-conlang\riemann_analysis\rrlang\outputs\mesu_register_v0_3_nulls100\mesu_basho_text_only.json,mesu_register_v0_3_nulls100,,,,mesu,unknown,unknown,,,,,,,,,grapheme_class,42,,,consonant,Positions classified as consonant in the grapheme-class stream.,15,gap_entropy,markov_1,1.492614068017,1.539188450308,0.298642382911,-0.155953692297,0.155953692297,0.910891089109,,"{""name"": ""gap_entropy"", ""null_model"": ""markov_1"", ""observed"": 1.492614068017, ""null_mean"": 1.539188450308, ""null_std"": 0.298642382911, ""z_score"": -0.155953692297, ""empirical_p"": 0.910891089109, ""null_samples"": 100}"
C:\github\5hr-conlang\riemann_analysis\rrlang\outputs\mesu_register_v0_3_nulls100\mesu_basho_text_only.json,mesu_register_v0_3_nulls100,,,,mesu,unknown,unknown,,,,,,,,,grapheme_class,42,,,consonant,Positions classified as consonant in the grapheme-class stream.,15,run_entropy,markov_1,1.103307408608,1.079091407006,0.226215512648,0.107048368694,0.107048368694,0.950495049505,,"{""name"": ""run_entropy"", ""null_model"": ""markov_1"", ""observed"": 1.103307408608, ""null_mean"": 1.079091407006, ""null_std"": 0.226215512648, ""z_score"": 0.107048368694, ""empirical_p"": 0.950495049505, ""null_samples"": 100}"
C:\github\5hr-conlang\riemann_analysis\rrlang\outputs\mesu_register_v0_3_nulls100\mesu_basho_text_only.json,mesu_register_v0_3_nulls100,,,,mesu,unknown,unknown,,,,,,,,,grapheme_class,42,,,consonant,Positions classified as consonant in the grapheme-class stream.,15,prime_index_occupancy_bias,markov_1,0.401098901099,-0.004615384615,0.21745561346,1.865733789339,1.865733789339,0.039603960396,,"{""name"": ""prime_index_occupancy_bias"", ""null_model"": ""markov_1"", ""observed"": 0.401098901099, ""null_mean"": -0.004615384615, ""null_std"": 0.21745561346, ""z_score"": 1.865733789339, ""empirical_p"": 0.039603960396, ""null_samples"": 100}"
C:\github\5hr-conlang\riemann_analysis\rrlang\outputs\mesu_register_v0_3_nulls100\mesu_basho_text_only.json,mesu_register_v0_3_nulls100,,,,mesu,unknown,unknown,,,,,,,,,grapheme_class,42,,,consonant,Positions classified as consonant in the grapheme-class stream.,15,prime_gap_affinity,markov_1,0.714285714286,0.851463192853,0.096121761212,-1.427121984004,1.427121984004,0.168316831683,,"{""name"": ""prime_gap_affinity"", ""null_model"": ""markov_1"", ""observed"": 0.714285714286, ""null_mean"": 0.851463192853, ""null_std"": 0.096121761212, ""z_score"": -1.427121984004, ""empirical_p"": 0.168316831683, ""null_samples"": 100}"
C:\github\5hr-conlang\riemann_analysis\rrlang\outputs\mesu_register_v0_3_nulls100\mesu_basho_text_only.json,mesu_register_v0_3_nulls100,,,,mesu,unknown,unknown,,,,,,,,,grapheme_class,42,,,consonant,Positions classified as consonant in the grapheme-class stream.,15,zeta_spectral_coherence,markov_1,0.011983600717,0.016499844065,0.006451116896,-0.700071541199,0.700071541199,0.584158415842,,"{""name"": ""zeta_spectral_coherence"", ""null_model"": ""markov_1"", ""observed"": 0.011983600717, ""null_mean"": 0.016499844065, ""null_std"": 0.006451116896, ""z_score"": -0.700071541199, ""empirical_p"": 0.584158415842, ""null_samples"": 100}"
C:\github\5hr-conlang\riemann_analysis\rrlang\outputs\mesu_register_v0_3_nulls100\mesu_basho_text_only.json,mesu_register_v0_3_nulls100,,,,mesu,unknown,unknown,,,,,,,,,grapheme_class,42,,,consonant,Positions classified as consonant in the grapheme-class stream.,15,critical_line_symmetry,markov_1,0.93926638801,0.930634621957,0.029388941543,0.293707959525,0.293707959525,0.821782178218,,"{""name"": ""critical_line_symmetry"", ""null_model"": ""markov_1"", ""observed"": 0.93926638801, ""null_mean"": 0.930634621957, ""null_std"": 0.029388941543, ""z_score"": 0.293707959525, ""empirical_p"": 0.821782178218, ""null_samples"": 100}"
C:\github\5hr-conlang\riemann_analysis\rrlang\outputs\mesu_register_v0_3_nulls100\mesu_basho_text_only.json,mesu_register_v0_3_nulls100,,,,mesu,unknown,unknown,,,,,,,,,grapheme_class,42,,,consonant,Positions classified as consonant in the grapheme-class stream.,15,gap_entropy,markov_2,1.492614068017,1.554013368508,0.255938288492,-0.239898847696,0.239898847696,0.752475247525,False,"{""name"": ""gap_entropy"", ""null_model"": ""markov_2"", ""observed"": 1.492614068017, ""null_mean"": 1.554013368508, ""null_std"": 0.255938288492, ""z_score"": -0.239898847696, ""empirical_p"": 0.752475247525, ""null_samples"": 100}"
C:\github\5hr-conlang\riemann_analysis\rrlang\outputs\mesu_register_v0_3_nulls100\mesu_basho_text_only.json,mesu_register_v0_3_nulls100,,,,mesu,unknown,unknown,,,,,,,,,grapheme_class,42,,,consonant,Positions classified as consonant in the grapheme-class stream.,15,run_entropy,markov_2,1.103307408608,1.106681389182,0.194151144687,-0.017378113218,0.017378113218,0.990099009901,False,"{""name"": ""run_entropy"", ""null_model"": ""markov_2"", ""observed"": 1.103307408608, ""null_mean"": 1.106681389182, ""null_std"": 0.194151144687, ""z_score"": -0.017378113218, ""empirical_p"": 0.990099009901, ""null_samples"": 100}"
C:\github\5hr-conlang\riemann_analysis\rrlang\outputs\mesu_register_v0_3_nulls100\mesu_basho_text_only.json,mesu_register_v0_3_nulls100,,,,mesu,unknown,unknown,,,,,,,,,grapheme_class,42,,,consonant,Positions classified as consonant in the grapheme-class stream.,15,prime_index_occupancy_bias,markov_2,0.401098901099,0.016401098901,0.197197500342,1.950824942159,1.950824942159,0.069306930693,False,"{""name"": ""prime_index_occupancy_bias"", ""null_model"": ""markov_2"", ""observed"": 0.401098901099, ""null_mean"": 0.016401098901, ""null_std"": 0.197197500342, ""z_score"": 1.950824942159, ""empirical_p"": 0.069306930693, ""null_samples"": 100}"
C:\github\5hr-conlang\riemann_analysis\rrlang\outputs\mesu_register_v0_3_nulls100\mesu_basho_text_only.json,mesu_register_v0_3_nulls100,,,,mesu,unknown,unknown,,,,,,,,,grapheme_class,42,,,consonant,Positions classified as consonant in the grapheme-class stream.,15,prime_gap_affinity,markov_2,0.714285714286,0.843041426711,0.093473607584,-1.377455259863,1.377455259863,0.227722772277,False,"{""name"": ""prime_gap_affinity"", ""null_model"": ""markov_2"", ""observed"": 0.714285714286, ""null_mean"": 0.843041426711, ""null_std"": 0.093473607584, ""z_score"": -1.377455259863, ""empirical_p"": 0.227722772277, ""null_samples"": 100}"
C:\github\5hr-conlang\riemann_analysis\rrlang\outputs\mesu_register_v0_3_nulls100\mesu_basho_text_only.json,mesu_register_v0_3_nulls100,,,,mesu,unknown,unknown,,,,,,,,,grapheme_class,42,,,consonant,Positions classified as consonant in the grapheme-class stream.,15,zeta_spectral_coherence,markov_2,0.011983600717,0.017622462534,0.006352510833,-0.887658748708,0.887658748708,0.386138613861,False,"{""name"": ""zeta_spectral_coherence"", ""null_model"": ""markov_2"", ""observed"": 0.011983600717, ""null_mean"": 0.017622462534, ""null_std"": 0.006352510833, ""z_score"": -0.887658748708, ""empirical_p"": 0.386138613861, ""null_samples"": 100}"
C:\github\5hr-conlang\riemann_analysis\rrlang\outputs\mesu_register_v0_3_nulls100\mesu_basho_text_only.json,mesu_register_v0_3_nulls100,,,,mesu,unknown,unknown,,,,,,,,,grapheme_class,42,,,consonant,Positions classified as consonant in the grapheme-class stream.,15,critical_line_symmetry,markov_2,0.93926638801,0.934654852088,0.026166551509,0.176237817208,0.176237817208,0.831683168317,False,"{""name"": ""critical_line_symmetry"", ""null_model"": ""markov_2"", ""observed"": 0.93926638801, ""null_mean"": 0.934654852088, ""null_std"": 0.026166551509, ""z_score"": 0.176237817208, ""empirical_p"": 0.831683168317, ""null_samples"": 100}"
C:\github\5hr-conlang\riemann_analysis\rrlang\outputs\mesu_register_v0_3_nulls100\mesu_basho_text_only.json,mesu_register_v0_3_nulls100,,,,mesu,unknown,unknown,,,,,,,,,grapheme_class,42,,,consonant,Positions classified as consonant in the grapheme-class stream.,15,gap_entropy,gap_order_shuffle,1.492614068017,1.492614068017,0.0,-1.153225973122,1.153225973122,0.29702970297,,"{""name"": ""gap_entropy"", ""null_model"": ""gap_order_shuffle"", ""observed"": 1.492614068017, ""null_mean"": 1.492614068017, ""null_std"": 0.0, ""z_score"": -1.153225973122, ""empirical_p"": 0.29702970297, ""null_samples"": 100}"
C:\github\5hr-conlang\riemann_analysis\rrlang\outputs\mesu_register_v0_3_nulls100\mesu_basho_text_only.json,mesu_register_v0_3_nulls100,,,,mesu,unknown,unknown,,,,,,,,,grapheme_class,42,,,consonant,Positions classified as consonant in the grapheme-class stream.,15,run_entropy,gap_order_shuffle,1.103307408608,1.103307408608,0.0,0.994987437107,0.994987437107,1.0,,"{""name"": ""run_entropy"", ""null_model"": ""gap_order_shuffle"", ""observed"": 1.103307408608, ""null_mean"": 1.103307408608, ""null_std"": 0.0, ""z_score"": 0.994987437107, ""empirical_p"": 1, ""null_samples"": 100}"
C:\github\5hr-conlang\riemann_analysis\rrlang\outputs\mesu_register_v0_3_nulls100\mesu_basho_text_only.json,mesu_register_v0_3_nulls100,,,,mesu,unknown,unknown,,,,,,,,,grapheme_class,42,,,consonant,Positions classified as consonant in the grapheme-class stream.,15,prime_index_occupancy_bias,gap_order_shuffle,0.401098901099,-0.079862637363,0.198580079803,2.422002946809,2.422002946809,0.039603960396,,"{""name"": ""prime_index_occupancy_bias"", ""null_model"": ""gap_order_shuffle"", ""observed"": 0.401098901099, ""null_mean"": -0.079862637363, ""null_std"": 0.198580079803, ""z_score"": 2.422002946809, ""empirical_p"": 0.039603960396, ""null_samples"": 100}"
C:\github\5hr-conlang\riemann_analysis\rrlang\outputs\mesu_register_v0_3_nulls100\mesu_basho_text_only.json,mesu_register_v0_3_nulls100,,,,mesu,unknown,unknown,,,,,,,,,grapheme_class,42,,,consonant,Positions classified as consonant in the grapheme-class stream.,15,prime_gap_affinity,gap_order_shuffle,0.714285714286,0.714285714286,0.0,0.994987437107,0.994987437107,1.0,,"{""name"": ""prime_gap_affinity"", ""null_model"": ""gap_order_shuffle"", ""observed"": 0.714285714286, ""null_mean"": 0.714285714286, ""null_std"": 0.0, ""z_score"": 0.994987437107, ""empirical_p"": 1, ""null_samples"": 100}"
C:\github\5hr-conlang\riemann_analysis\rrlang\outputs\mesu_register_v0_3_nulls100\mesu_basho_text_only.json,mesu_register_v0_3_nulls100,,,,mesu,unknown,unknown,,,,,,,,,grapheme_class,42,,,consonant,Positions classified as consonant in the grapheme-class stream.,15,zeta_spectral_coherence,gap_order_shuffle,0.011983600717,0.017353819398,0.005203850042,-1.03197029857,1.03197029857,0.326732673267,,"{""name"": ""zeta_spectral_coherence"", ""null_model"": ""gap_order_shuffle"", ""observed"": 0.011983600717, ""null_mean"": 0.017353819398, ""null_std"": 0.005203850042, ""z_score"": -1.03197029857, ""empirical_p"": 0.326732673267, ""null_samples"": 100}"
C:\github\5hr-conlang\riemann_analysis\rrlang\outputs\mesu_register_v0_3_nulls100\mesu_basho_text_only.json,mesu_register_v0_3_nulls100,,,,mesu,unknown,unknown,,,,,,,,,grapheme_class,42,,,consonant,Positions classified as consonant in the grapheme-class stream.,15,critical_line_symmetry,gap_order_shuffle,0.93926638801,0.947446866111,0.022615736316,-0.361716195619,0.361716195619,0.663366336634,,"{""name"": ""critical_line_symmetry"", ""null_model"": ""gap_order_shuffle"", ""observed"": 0.93926638801, ""null_mean"": 0.947446866111, ""null_std"": 0.022615736316, ""z_score"": -0.361716195619, ""empirical_p"": 0.663366336634, ""null_samples"": 100}"
C:\github\5hr-conlang\riemann_analysis\rrlang\outputs\mesu_register_v0_3_nulls100\mesu_basho_text_only.json,mesu_register_v0_3_nulls100,,,,mesu,unknown,unknown,,,,,,,,,grapheme_class,42,,,digit,Positions classified as digit in the grapheme-class stream.,0,event_density,observed_only,0.0,,,,,,,"{""name"": ""event_density"", ""value"": 0, ""details"": ""count(event=true) / sequence_length""}"
C:\github\5hr-conlang\riemann_analysis\rrlang\outputs\mesu_register_v0_3_nulls100\mesu_basho_text_only.json,mesu_register_v0_3_nulls100,,,,mesu,unknown,unknown,,,,,,,,,grapheme_class,42,,,digit,Positions classified as digit in the grapheme-class stream.,0,event_count,observed_only,0.0,,,,,,,"{""name"": ""event_count"", ""value"": 0, ""details"": ""Number of true positions in the event map.""}"
C:\github\5hr-conlang\riemann_analysis\rrlang\outputs\mesu_register_v0_3_nulls100\mesu_basho_text_only.json,mesu_register_v0_3_nulls100,,,,mesu,unknown,unknown,,,,,,,,,grapheme_class,42,,,digit,Positions classified as digit in the grapheme-class stream.,0,sequence_length,observed_only,42.0,,,,,,,"{""name"": ""sequence_length"", ""value"": 42, ""details"": ""Number of positions in the event map.""}"
C:\github\5hr-conlang\riemann_analysis\rrlang\outputs\mesu_register_v0_3_nulls100\mesu_basho_text_only.json,mesu_register_v0_3_nulls100,,,,mesu,unknown,unknown,,,,,,,,,grapheme_class,42,,,digit,Positions classified as digit in the grapheme-class stream.,0,modular_residue_peak_m_2,observed_only,0.0,,,,,,,"{""name"": ""modular_residue_peak_m_2"", ""value"": 0, ""details"": ""Largest event-position residue fraction modulo 2.""}"
C:\github\5hr-conlang\riemann_analysis\rrlang\outputs\mesu_register_v0_3_nulls100\mesu_basho_text_only.json,mesu_register_v0_3_nulls100,,,,mesu,unknown,unknown,,,,,,,,,grapheme_class,42,,,digit,Positions classified as digit in the grapheme-class stream.,0,modular_residue_peak_m_3,observed_only,0.0,,,,,,,"{""name"": ""modular_residue_peak_m_3"", ""value"": 0, ""details"": ""Largest event-position residue fraction modulo 3.""}"
C:\github\5hr-conlang\riemann_analysis\rrlang\outputs\mesu_register_v0_3_nulls100\mesu_basho_text_only.json,mesu_register_v0_3_nulls100,,,,mesu,unknown,unknown,,,,,,,,,grapheme_class,42,,,digit,Positions classified as digit in the grapheme-class stream.,0,modular_residue_peak_m_5,observed_only,0.0,,,,,,,"{""name"": ""modular_residue_peak_m_5"", ""value"": 0, ""details"": ""Largest event-position residue fraction modulo 5.""}"
C:\github\5hr-conlang\riemann_analysis\rrlang\outputs\mesu_register_v0_3_nulls100\mesu_basho_text_only.json,mesu_register_v0_3_nulls100,,,,mesu,unknown,unknown,,,,,,,,,grapheme_class,42,,,digit,Positions classified as digit in the grapheme-class stream.,0,modular_residue_peak_m_7,observed_only,0.0,,,,,,,"{""name"": ""modular_residue_peak_m_7"", ""value"": 0, ""details"": ""Largest event-position residue fraction modulo 7.""}"
C:\github\5hr-conlang\riemann_analysis\rrlang\outputs\mesu_register_v0_3_nulls100\mesu_basho_text_only.json,mesu_register_v0_3_nulls100,,,,mesu,unknown,unknown,,,,,,,,,grapheme_class,42,,,digit,Positions classified as digit in the grapheme-class stream.,0,gap_entropy,density_shuffle,0.0,0.0,0.0,0.0,0.0,1.0,,"{""name"": ""gap_entropy"", ""null_model"": ""density_shuffle"", ""observed"": 0, ""null_mean"": 0, ""null_std"": 0, ""z_score"": 0, ""empirical_p"": 1, ""null_samples"": 100}"
C:\github\5hr-conlang\riemann_analysis\rrlang\outputs\mesu_register_v0_3_nulls100\mesu_basho_text_only.json,mesu_register_v0_3_nulls100,,,,mesu,unknown,unknown,,,,,,,,,grapheme_class,42,,,digit,Positions classified as digit in the grapheme-class stream.,0,run_entropy,density_shuffle,0.0,0.0,0.0,0.0,0.0,1.0,,"{""name"": ""run_entropy"", ""null_model"": ""density_shuffle"", ""observed"": 0, ""null_mean"": 0, ""null_std"": 0, ""z_score"": 0, ""empirical_p"": 1, ""null_samples"": 100}"
C:\github\5hr-conlang\riemann_analysis\rrlang\outputs\mesu_register_v0_3_nulls100\mesu_basho_text_only.json,mesu_register_v0_3_nulls100,,,,mesu,unknown,unknown,,,,,,,,,grapheme_class,42,,,digit,Positions classified as digit in the grapheme-class stream.,0,prime_index_occupancy_bias,density_shuffle,0.0,0.0,0.0,0.0,0.0,1.0,,"{""name"": ""prime_index_occupancy_bias"", ""null_model"": ""density_shuffle"", ""observed"": 0, ""null_mean"": 0, ""null_std"": 0, ""z_score"": 0, ""empirical_p"": 1, ""null_samples"": 100}"
C:\github\5hr-conlang\riemann_analysis\rrlang\outputs\mesu_register_v0_3_nulls100\mesu_basho_text_only.json,mesu_register_v0_3_nulls100,,,,mesu,unknown,unknown,,,,,,,,,grapheme_class,42,,,digit,Positions classified as digit in the grapheme-class stream.,0,prime_gap_affinity,density_shuffle,0.0,0.0,0.0,0.0,0.0,1.0,,"{""name"": ""prime_gap_affinity"", ""null_model"": ""density_shuffle"", ""observed"": 0, ""null_mean"": 0, ""null_std"": 0, ""z_score"": 0, ""empirical_p"": 1, ""null_samples"": 100}"
C:\github\5hr-conlang\riemann_analysis\rrlang\outputs\mesu_register_v0_3_nulls100\mesu_basho_text_only.json,mesu_register_v0_3_nulls100,,,,mesu,unknown,unknown,,,,,,,,,grapheme_class,42,,,digit,Positions classified as digit in the grapheme-class stream.,0,zeta_spectral_coherence,density_shuffle,0.0,0.0,0.0,0.0,0.0,1.0,,"{""name"": ""zeta_spectral_coherence"", ""null_model"": ""density_shuffle"", ""observed"": 0, ""null_mean"": 0, ""null_std"": 0, ""z_score"": 0, ""empirical_p"": 1, ""null_samples"": 100}"
C:\github\5hr-conlang\riemann_analysis\rrlang\outputs\mesu_register_v0_3_nulls100\mesu_basho_text_only.json,mesu_register_v0_3_nulls100,,,,mesu,unknown,unknown,,,,,,,,,grapheme_class,42,,,digit,Positions classified as digit in the grapheme-class stream.,0,critical_line_symmetry,density_shuffle,1.0,1.0,0.0,0.0,0.0,1.0,,"{""name"": ""critical_line_symmetry"", ""null_model"": ""density_shuffle"", ""observed"": 1, ""null_mean"": 1, ""null_std"": 0, ""z_score"": 0, ""empirical_p"": 1, ""null_samples"": 100}"
C:\github\5hr-conlang\riemann_analysis\rrlang\outputs\mesu_register_v0_3_nulls100\mesu_basho_text_only.json,mesu_register_v0_3_nulls100,,,,mesu,unknown,unknown,,,,,,,,,grapheme_class,42,,,digit,Positions classified as digit in the grapheme-class stream.,0,gap_entropy,markov_1,0.0,0.0,0.0,0.0,0.0,1.0,,"{""name"": ""gap_entropy"", ""null_model"": ""markov_1"", ""observed"": 0, ""null_mean"": 0, ""null_std"": 0, ""z_score"": 0, ""empirical_p"": 1, ""null_samples"": 100}"
C:\github\5hr-conlang\riemann_analysis\rrlang\outputs\mesu_register_v0_3_nulls100\mesu_basho_text_only.json,mesu_register_v0_3_nulls100,,,,mesu,unknown,unknown,,,,,,,,,grapheme_class,42,,,digit,Positions classified as digit in the grapheme-class stream.,0,run_entropy,markov_1,0.0,0.0,0.0,0.0,0.0,1.0,,"{""name"": ""run_entropy"", ""null_model"": ""markov_1"", ""observed"": 0, ""null_mean"": 0, ""null_std"": 0, ""z_score"": 0, ""empirical_p"": 1, ""null_samples"": 100}"
C:\github\5hr-conlang\riemann_analysis\rrlang\outputs\mesu_register_v0_3_nulls100\mesu_basho_text_only.json,mesu_register_v0_3_nulls100,,,,mesu,unknown,unknown,,,,,,,,,grapheme_class,42,,,digit,Positions classified as digit in the grapheme-class stream.,0,prime_index_occupancy_bias,markov_1,0.0,0.0,0.0,0.0,0.0,1.0,,"{""name"": ""prime_index_occupancy_bias"", ""null_model"": ""markov_1"", ""observed"": 0, ""null_mean"": 0, ""null_std"": 0, ""z_score"": 0, ""empirical_p"": 1, ""null_samples"": 100}"
C:\github\5hr-conlang\riemann_analysis\rrlang\outputs\mesu_register_v0_3_nulls100\mesu_basho_text_only.json,mesu_register_v0_3_nulls100,,,,mesu,unknown,unknown,,,,,,,,,grapheme_class,42,,,digit,Positions classified as digit in the grapheme-class stream.,0,prime_gap_affinity,markov_1,0.0,0.0,0.0,0.0,0.0,1.0,,"{""name"": ""prime_gap_affinity"", ""null_model"": ""markov_1"", ""observed"": 0, ""null_mean"": 0, ""null_std"": 0, ""z_score"": 0, ""empirical_p"": 1, ""null_samples"": 100}"
C:\github\5hr-conlang\riemann_analysis\rrlang\outputs\mesu_register_v0_3_nulls100\mesu_basho_text_only.json,mesu_register_v0_3_nulls100,,,,mesu,unknown,unknown,,,,,,,,,grapheme_class,42,,,digit,Positions classified as digit in the grapheme-class stream.,0,zeta_spectral_coherence,markov_1,0.0,0.0,0.0,0.0,0.0,1.0,,"{""name"": ""zeta_spectral_coherence"", ""null_model"": ""markov_1"", ""observed"": 0, ""null_mean"": 0, ""null_std"": 0, ""z_score"": 0, ""empirical_p"": 1, ""null_samples"": 100}"
C:\github\5hr-conlang\riemann_analysis\rrlang\outputs\mesu_register_v0_3_nulls100\mesu_basho_text_only.json,mesu_register_v0_3_nulls100,,,,mesu,unknown,unknown,,,,,,,,,grapheme_class,42,,,digit,Positions classified as digit in the grapheme-class stream.,0,critical_line_symmetry,markov_1,1.0,1.0,0.0,0.0,0.0,1.0,,"{""name"": ""critical_line_symmetry"", ""null_model"": ""markov_1"", ""observed"": 1, ""null_mean"": 1, ""null_std"": 0, ""z_score"": 0, ""empirical_p"": 1, ""null_samples"": 100}"
C:\github\5hr-conlang\riemann_analysis\rrlang\outputs\mesu_register_v0_3_nulls100\mesu_basho_text_only.json,mesu_register_v0_3_nulls100,,,,mesu,unknown,unknown,,,,,,,,,grapheme_class,42,,,digit,Positions classified as digit in the grapheme-class stream.,0,gap_entropy,markov_2,0.0,0.0,0.0,0.0,0.0,1.0,False,"{""name"": ""gap_entropy"", ""null_model"": ""markov_2"", ""observed"": 0, ""null_mean"": 0, ""null_std"": 0, ""z_score"": 0, ""empirical_p"": 1, ""null_samples"": 100}"
C:\github\5hr-conlang\riemann_analysis\rrlang\outputs\mesu_register_v0_3_nulls100\mesu_basho_text_only.json,mesu_register_v0_3_nulls100,,,,mesu,unknown,unknown,,,,,,,,,grapheme_class,42,,,digit,Positions classified as digit in the grapheme-class stream.,0,run_entropy,markov_2,0.0,0.0,0.0,0.0,0.0,1.0,False,"{""name"": ""run_entropy"", ""null_model"": ""markov_2"", ""observed"": 0, ""null_mean"": 0, ""null_std"": 0, ""z_score"": 0, ""empirical_p"": 1, ""null_samples"": 100}"
C:\github\5hr-conlang\riemann_analysis\rrlang\outputs\mesu_register_v0_3_nulls100\mesu_basho_text_only.json,mesu_register_v0_3_nulls100,,,,mesu,unknown,unknown,,,,,,,,,grapheme_class,42,,,digit,Positions classified as digit in the grapheme-class stream.,0,prime_index_occupancy_bias,markov_2,0.0,0.0,0.0,0.0,0.0,1.0,False,"{""name"": ""prime_index_occupancy_bias"", ""null_model"": ""markov_2"", ""observed"": 0, ""null_mean"": 0, ""null_std"": 0, ""z_score"": 0, ""empirical_p"": 1, ""null_samples"": 100}"
C:\github\5hr-conlang\riemann_analysis\rrlang\outputs\mesu_register_v0_3_nulls100\mesu_basho_text_only.json,mesu_register_v0_3_nulls100,,,,mesu,unknown,unknown,,,,,,,,,grapheme_class,42,,,digit,Positions classified as digit in the grapheme-class stream.,0,prime_gap_affinity,markov_2,0.0,0.0,0.0,0.0,0.0,1.0,False,"{""name"": ""prime_gap_affinity"", ""null_model"": ""markov_2"", ""observed"": 0, ""null_mean"": 0, ""null_std"": 0, ""z_score"": 0, ""empirical_p"": 1, ""null_samples"": 100}"
C:\github\5hr-conlang\riemann_analysis\rrlang\outputs\mesu_register_v0_3_nulls100\mesu_basho_text_only.json,mesu_register_v0_3_nulls100,,,,mesu,unknown,unknown,,,,,,,,,grapheme_class,42,,,digit,Positions classified as digit in the grapheme-class stream.,0,zeta_spectral_coherence,markov_2,0.0,0.0,0.0,0.0,0.0,1.0,False,"{""name"": ""zeta_spectral_coherence"", ""null_model"": ""markov_2"", ""observed"": 0, ""null_mean"": 0, ""null_std"": 0, ""z_score"": 0, ""empirical_p"": 1, ""null_samples"": 100}"
C:\github\5hr-conlang\riemann_analysis\rrlang\outputs\mesu_register_v0_3_nulls100\mesu_basho_text_only.json,mesu_register_v0_3_nulls100,,,,mesu,unknown,unknown,,,,,,,,,grapheme_class,42,,,digit,Positions classified as digit in the grapheme-class stream.,0,critical_line_symmetry,markov_2,1.0,1.0,0.0,0.0,0.0,1.0,False,"{""name"": ""critical_line_symmetry"", ""null_model"": ""markov_2"", ""observed"": 1, ""null_mean"": 1, ""null_std"": 0, ""z_score"": 0, ""empirical_p"": 1, ""null_samples"": 100}"
C:\github\5hr-conlang\riemann_analysis\rrlang\outputs\mesu_register_v0_3_nulls100\mesu_basho_text_only.json,mesu_register_v0_3_nulls100,,,,mesu,unknown,unknown,,,,,,,,,grapheme_class,42,,,whitespace,Positions classified as whitespace in the grapheme-class stream.,9,event_density,observed_only,0.214285714286,,,,,,,"{""name"": ""event_density"", ""value"": 0.214285714286, ""details"": ""count(event=true) / sequence_length""}"
C:\github\5hr-conlang\riemann_analysis\rrlang\outputs\mesu_register_v0_3_nulls100\mesu_basho_text_only.json,mesu_register_v0_3_nulls100,,,,mesu,unknown,unknown,,,,,,,,,grapheme_class,42,,,whitespace,Positions classified as whitespace in the grapheme-class stream.,9,event_count,observed_only,9.0,,,,,,,"{""name"": ""event_count"", ""value"": 9, ""details"": ""Number of true positions in the event map.""}"
C:\github\5hr-conlang\riemann_analysis\rrlang\outputs\mesu_register_v0_3_nulls100\mesu_basho_text_only.json,mesu_register_v0_3_nulls100,,,,mesu,unknown,unknown,,,,,,,,,grapheme_class,42,,,whitespace,Positions classified as whitespace in the grapheme-class stream.,9,sequence_length,observed_only,42.0,,,,,,,"{""name"": ""sequence_length"", ""value"": 42, ""details"": ""Number of positions in the event map.""}"
C:\github\5hr-conlang\riemann_analysis\rrlang\outputs\mesu_register_v0_3_nulls100\mesu_basho_text_only.json,mesu_register_v0_3_nulls100,,,,mesu,unknown,unknown,,,,,,,,,grapheme_class,42,,,whitespace,Positions classified as whitespace in the grapheme-class stream.,9,modular_residue_peak_m_2,observed_only,0.888888888889,,,,,,,"{""name"": ""modular_residue_peak_m_2"", ""value"": 0.888888888889, ""details"": ""Largest event-position residue fraction modulo 2.""}"
C:\github\5hr-conlang\riemann_analysis\rrlang\outputs\mesu_register_v0_3_nulls100\mesu_basho_text_only.json,mesu_register_v0_3_nulls100,,,,mesu,unknown,unknown,,,,,,,,,grapheme_class,42,,,whitespace,Positions classified as whitespace in the grapheme-class stream.,9,modular_residue_peak_m_3,observed_only,0.444444444444,,,,,,,"{""name"": ""modular_residue_peak_m_3"", ""value"": 0.444444444444, ""details"": ""Largest event-position residue fraction modulo 3.""}"
C:\github\5hr-conlang\riemann_analysis\rrlang\outputs\mesu_register_v0_3_nulls100\mesu_basho_text_only.json,mesu_register_v0_3_nulls100,,,,mesu,unknown,unknown,,,,,,,,,grapheme_class,42,,,whitespace,Positions classified as whitespace in the grapheme-class stream.,9,modular_residue_peak_m_5,observed_only,0.333333333333,,,,,,,"{""name"": ""modular_residue_peak_m_5"", ""value"": 0.333333333333, ""details"": ""Largest event-position residue fraction modulo 5.""}"
C:\github\5hr-conlang\riemann_analysis\rrlang\outputs\mesu_register_v0_3_nulls100\mesu_basho_text_only.json,mesu_register_v0_3_nulls100,,,,mesu,unknown,unknown,,,,,,,,,grapheme_class,42,,,whitespace,Positions classified as whitespace in the grapheme-class stream.,9,modular_residue_peak_m_7,observed_only,0.222222222222,,,,,,,"{""name"": ""modular_residue_peak_m_7"", ""value"": 0.222222222222, ""details"": ""Largest event-position residue fraction modulo 7.""}"
C:\github\5hr-conlang\riemann_analysis\rrlang\outputs\mesu_register_v0_3_nulls100\mesu_basho_text_only.json,mesu_register_v0_3_nulls100,,,,mesu,unknown,unknown,,,,,,,,,grapheme_class,42,,,whitespace,Positions classified as whitespace in the grapheme-class stream.,9,gap_entropy,density_shuffle,1.90563906223,2.262445035602,0.305170322151,-1.169202728683,1.169202728683,0.247524752475,,"{""name"": ""gap_entropy"", ""null_model"": ""density_shuffle"", ""observed"": 1.90563906223, ""null_mean"": 2.262445035602, ""null_std"": 0.305170322151, ""z_score"": -1.169202728683, ""empirical_p"": 0.247524752475, ""null_samples"": 100}"
C:\github\5hr-conlang\riemann_analysis\rrlang\outputs\mesu_register_v0_3_nulls100\mesu_basho_text_only.json,mesu_register_v0_3_nulls100,,,,mesu,unknown,unknown,,,,,,,,,grapheme_class,42,,,whitespace,Positions classified as whitespace in the grapheme-class stream.,9,run_entropy,density_shuffle,1.667951197199,2.013264484923,0.2778872377,-1.242638167133,1.242638167133,0.188118811881,,"{""name"": ""run_entropy"", ""null_model"": ""density_shuffle"", ""observed"": 1.667951197199, ""null_mean"": 2.013264484923, ""null_std"": 0.2778872377, ""z_score"": -1.242638167133, ""empirical_p"": 0.188118811881, ""null_samples"": 100}"
C:\github\5hr-conlang\riemann_analysis\rrlang\outputs\mesu_register_v0_3_nulls100\mesu_basho_text_only.json,mesu_register_v0_3_nulls100,,,,mesu,unknown,unknown,,,,,,,,,grapheme_class,42,,,whitespace,Positions classified as whitespace in the grapheme-class stream.,9,prime_index_occupancy_bias,density_shuffle,-0.208791208791,0.015274725275,0.158659961253,-1.412239939404,1.412239939404,0.267326732673,,"{""name"": ""prime_index_occupancy_bias"", ""null_model"": ""density_shuffle"", ""observed"": -0.208791208791, ""null_mean"": 0.015274725275, ""null_std"": 0.158659961253, ""z_score"": -1.412239939404, ""empirical_p"": 0.267326732673, ""null_samples"": 100}"
C:\github\5hr-conlang\riemann_analysis\rrlang\outputs\mesu_register_v0_3_nulls100\mesu_basho_text_only.json,mesu_register_v0_3_nulls100,,,,mesu,unknown,unknown,,,,,,,,,grapheme_class,42,,,whitespace,Positions classified as whitespace in the grapheme-class stream.,9,prime_gap_affinity,density_shuffle,0.625,0.45875,0.18890884847,0.880054064944,0.880054064944,0.534653465347,,"{""name"": ""prime_gap_affinity"", ""null_model"": ""density_shuffle"", ""observed"": 0.625, ""null_mean"": 0.45875, ""null_std"": 0.18890884847, ""z_score"": 0.880054064944, ""empirical_p"": 0.534653465347, ""null_samples"": 100}"
C:\github\5hr-conlang\riemann_analysis\rrlang\outputs\mesu_register_v0_3_nulls100\mesu_basho_text_only.json,mesu_register_v0_3_nulls100,,,,mesu,unknown,unknown,,,,,,,,,grapheme_class,42,,,whitespace,Positions classified as whitespace in the grapheme-class stream.,9,zeta_spectral_coherence,density_shuffle,0.011759892742,0.018385826609,0.008212063415,-0.806853714051,0.806853714051,0.49504950495,,"{""name"": ""zeta_spectral_coherence"", ""null_model"": ""density_shuffle"", ""observed"": 0.011759892742, ""null_mean"": 0.018385826609, ""null_std"": 0.008212063415, ""z_score"": -0.806853714051, ""empirical_p"": 0.49504950495, ""null_samples"": 100}"
C:\github\5hr-conlang\riemann_analysis\rrlang\outputs\mesu_register_v0_3_nulls100\mesu_basho_text_only.json,mesu_register_v0_3_nulls100,,,,mesu,unknown,unknown,,,,,,,,,grapheme_class,42,,,whitespace,Positions classified as whitespace in the grapheme-class stream.,9,critical_line_symmetry,density_shuffle,0.886537983487,0.914856970873,0.028599842242,-0.990179845977,0.990179845977,0.336633663366,,"{""name"": ""critical_line_symmetry"", ""null_model"": ""density_shuffle"", ""observed"": 0.886537983487, ""null_mean"": 0.914856970873, ""null_std"": 0.028599842242, ""z_score"": -0.990179845977, ""empirical_p"": 0.336633663366, ""null_samples"": 100}"
C:\github\5hr-conlang\riemann_analysis\rrlang\outputs\mesu_register_v0_3_nulls100\mesu_basho_text_only.json,mesu_register_v0_3_nulls100,,,,mesu,unknown,unknown,,,,,,,,,grapheme_class,42,,,whitespace,Positions classified as whitespace in the grapheme-class stream.,9,gap_entropy,markov_1,1.90563906223,2.073366501056,0.305106454993,-0.549734153707,0.549734153707,0.544554455446,,"{""name"": ""gap_entropy"", ""null_model"": ""markov_1"", ""observed"": 1.90563906223, ""null_mean"": 2.073366501056, ""null_std"": 0.305106454993, ""z_score"": -0.549734153707, ""empirical_p"": 0.544554455446, ""null_samples"": 100}"
C:\github\5hr-conlang\riemann_analysis\rrlang\outputs\mesu_register_v0_3_nulls100\mesu_basho_text_only.json,mesu_register_v0_3_nulls100,,,,mesu,unknown,unknown,,,,,,,,,grapheme_class,42,,,whitespace,Positions classified as whitespace in the grapheme-class stream.,9,run_entropy,markov_1,1.667951197199,1.653173478803,0.267922318181,0.055156727876,0.055156727876,0.990099009901,,"{""name"": ""run_entropy"", ""null_model"": ""markov_1"", ""observed"": 1.667951197199, ""null_mean"": 1.653173478803, ""null_std"": 0.267922318181, ""z_score"": 0.055156727876, ""empirical_p"": 0.990099009901, ""null_samples"": 100}"
C:\github\5hr-conlang\riemann_analysis\rrlang\outputs\mesu_register_v0_3_nulls100\mesu_basho_text_only.json,mesu_register_v0_3_nulls100,,,,mesu,unknown,unknown,,,,,,,,,grapheme_class,42,,,whitespace,Positions classified as whitespace in the grapheme-class stream.,9,prime_index_occupancy_bias,markov_1,-0.208791208791,-0.01228021978,0.153400246053,-1.281034379458,1.281034379458,0.178217821782,,"{""name"": ""prime_index_occupancy_bias"", ""null_model"": ""markov_1"", ""observed"": -0.208791208791, ""null_mean"": -0.01228021978, ""null_std"": 0.153400246053, ""z_score"": -1.281034379458, ""empirical_p"": 0.178217821782, ""null_samples"": 100}"
C:\github\5hr-conlang\riemann_analysis\rrlang\outputs\mesu_register_v0_3_nulls100\mesu_basho_text_only.json,mesu_register_v0_3_nulls100,,,,mesu,unknown,unknown,,,,,,,,,grapheme_class,42,,,whitespace,Positions classified as whitespace in the grapheme-class stream.,9,prime_gap_affinity,markov_1,0.625,0.67063961039,0.175629241889,-0.259863391191,0.259863391191,0.831683168317,,"{""name"": ""prime_gap_affinity"", ""null_model"": ""markov_1"", ""observed"": 0.625, ""null_mean"": 0.67063961039, ""null_std"": 0.175629241889, ""z_score"": -0.259863391191, ""empirical_p"": 0.831683168317, ""null_samples"": 100}"
C:\github\5hr-conlang\riemann_analysis\rrlang\outputs\mesu_register_v0_3_nulls100\mesu_basho_text_only.json,mesu_register_v0_3_nulls100,,,,mesu,unknown,unknown,,,,,,,,,grapheme_class,42,,,whitespace,Positions classified as whitespace in the grapheme-class stream.,9,zeta_spectral_coherence,markov_1,0.011759892742,0.013939548124,0.006097811685,-0.357448785613,0.357448785613,0.712871287129,,"{""name"": ""zeta_spectral_coherence"", ""null_model"": ""markov_1"", ""observed"": 0.011759892742, ""null_mean"": 0.013939548124, ""null_std"": 0.006097811685, ""z_score"": -0.357448785613, ""empirical_p"": 0.712871287129, ""null_samples"": 100}"
C:\github\5hr-conlang\riemann_analysis\rrlang\outputs\mesu_register_v0_3_nulls100\mesu_basho_text_only.json,mesu_register_v0_3_nulls100,,,,mesu,unknown,unknown,,,,,,,,,grapheme_class,42,,,whitespace,Positions classified as whitespace in the grapheme-class stream.,9,critical_line_symmetry,markov_1,0.886537983487,0.921673122129,0.030211397084,-1.162976294825,1.162976294825,0.217821782178,,"{""name"": ""critical_line_symmetry"", ""null_model"": ""markov_1"", ""observed"": 0.886537983487, ""null_mean"": 0.921673122129, ""null_std"": 0.030211397084, ""z_score"": -1.162976294825, ""empirical_p"": 0.217821782178, ""null_samples"": 100}"
C:\github\5hr-conlang\riemann_analysis\rrlang\outputs\mesu_register_v0_3_nulls100\mesu_basho_text_only.json,mesu_register_v0_3_nulls100,,,,mesu,unknown,unknown,,,,,,,,,grapheme_class,42,,,whitespace,Positions classified as whitespace in the grapheme-class stream.,9,gap_entropy,markov_2,1.90563906223,2.086396667891,0.299476943992,-0.603577702016,0.603577702016,0.50495049505,False,"{""name"": ""gap_entropy"", ""null_model"": ""markov_2"", ""observed"": 1.90563906223, ""null_mean"": 2.086396667891, ""null_std"": 0.299476943992, ""z_score"": -0.603577702016, ""empirical_p"": 0.50495049505, ""null_samples"": 100}"
C:\github\5hr-conlang\riemann_analysis\rrlang\outputs\mesu_register_v0_3_nulls100\mesu_basho_text_only.json,mesu_register_v0_3_nulls100,,,,mesu,unknown,unknown,,,,,,,,,grapheme_class,42,,,whitespace,Positions classified as whitespace in the grapheme-class stream.,9,run_entropy,markov_2,1.667951197199,1.620535059513,0.290170830354,0.16340766447,0.16340766447,0.871287128713,False,"{""name"": ""run_entropy"", ""null_model"": ""markov_2"", ""observed"": 1.667951197199, ""null_mean"": 1.620535059513, ""null_std"": 0.290170830354, ""z_score"": 0.16340766447, ""empirical_p"": 0.871287128713, ""null_samples"": 100}"
C:\github\5hr-conlang\riemann_analysis\rrlang\outputs\mesu_register_v0_3_nulls100\mesu_basho_text_only.json,mesu_register_v0_3_nulls100,,,,mesu,unknown,unknown,,,,,,,,,grapheme_class,42,,,whitespace,Positions classified as whitespace in the grapheme-class stream.,9,prime_index_occupancy_bias,markov_2,-0.208791208791,0.008104395604,0.157079434075,-1.380802048801,1.380802048801,0.19801980198,False,"{""name"": ""prime_index_occupancy_bias"", ""null_model"": ""markov_2"", ""observed"": -0.208791208791, ""null_mean"": 0.008104395604, ""null_std"": 0.157079434075, ""z_score"": -1.380802048801, ""empirical_p"": 0.19801980198, ""null_samples"": 100}"
C:\github\5hr-conlang\riemann_analysis\rrlang\outputs\mesu_register_v0_3_nulls100\mesu_basho_text_only.json,mesu_register_v0_3_nulls100,,,,mesu,unknown,unknown,,,,,,,,,grapheme_class,42,,,whitespace,Positions classified as whitespace in the grapheme-class stream.,9,prime_gap_affinity,markov_2,0.625,0.679783438783,0.156828078022,-0.349321623236,0.349321623236,0.80198019802,False,"{""name"": ""prime_gap_affinity"", ""null_model"": ""markov_2"", ""observed"": 0.625, ""null_mean"": 0.679783438783, ""null_std"": 0.156828078022, ""z_score"": -0.349321623236, ""empirical_p"": 0.80198019802, ""null_samples"": 100}"
C:\github\5hr-conlang\riemann_analysis\rrlang\outputs\mesu_register_v0_3_nulls100\mesu_basho_text_only.json,mesu_register_v0_3_nulls100,,,,mesu,unknown,unknown,,,,,,,,,grapheme_class,42,,,whitespace,Positions classified as whitespace in the grapheme-class stream.,9,zeta_spectral_coherence,markov_2,0.011759892742,0.014558576157,0.007506565262,-0.372831423879,0.372831423879,0.752475247525,False,"{""name"": ""zeta_spectral_coherence"", ""null_model"": ""markov_2"", ""observed"": 0.011759892742, ""null_mean"": 0.014558576157, ""null_std"": 0.007506565262, ""z_score"": -0.372831423879, ""empirical_p"": 0.752475247525, ""null_samples"": 100}"
C:\github\5hr-conlang\riemann_analysis\rrlang\outputs\mesu_register_v0_3_nulls100\mesu_basho_text_only.json,mesu_register_v0_3_nulls100,,,,mesu,unknown,unknown,,,,,,,,,grapheme_class,42,,,whitespace,Positions classified as whitespace in the grapheme-class stream.,9,critical_line_symmetry,markov_2,0.886537983487,0.91661213699,0.03113229108,-0.966011573807,0.966011573807,0.376237623762,False,"{""name"": ""critical_line_symmetry"", ""null_model"": ""markov_2"", ""observed"": 0.886537983487, ""null_mean"": 0.91661213699, ""null_std"": 0.03113229108, ""z_score"": -0.966011573807, ""empirical_p"": 0.376237623762, ""null_samples"": 100}"
C:\github\5hr-conlang\riemann_analysis\rrlang\outputs\mesu_register_v0_3_nulls100\mesu_basho_text_only.json,mesu_register_v0_3_nulls100,,,,mesu,unknown,unknown,,,,,,,,,grapheme_class,42,,,whitespace,Positions classified as whitespace in the grapheme-class stream.,9,gap_entropy,gap_order_shuffle,1.90563906223,1.90563906223,0.0,-0.994987437107,0.994987437107,1.0,,"{""name"": ""gap_entropy"", ""null_model"": ""gap_order_shuffle"", ""observed"": 1.90563906223, ""null_mean"": 1.90563906223, ""null_std"": 0.0, ""z_score"": -0.994987437107, ""empirical_p"": 1, ""null_samples"": 100}"
C:\github\5hr-conlang\riemann_analysis\rrlang\outputs\mesu_register_v0_3_nulls100\mesu_basho_text_only.json,mesu_register_v0_3_nulls100,,,,mesu,unknown,unknown,,,,,,,,,grapheme_class,42,,,whitespace,Positions classified as whitespace in the grapheme-class stream.,9,run_entropy,gap_order_shuffle,1.667951197199,1.667951197199,0.0,-0.92512563758,0.92512563758,1.0,,"{""name"": ""run_entropy"", ""null_model"": ""gap_order_shuffle"", ""observed"": 1.667951197199, ""null_mean"": 1.667951197199, ""null_std"": 0.0, ""z_score"": -0.92512563758, ""empirical_p"": 1, ""null_samples"": 100}"
C:\github\5hr-conlang\riemann_analysis\rrlang\outputs\mesu_register_v0_3_nulls100\mesu_basho_text_only.json,mesu_register_v0_3_nulls100,,,,mesu,unknown,unknown,,,,,,,,,grapheme_class,42,,,whitespace,Positions classified as whitespace in the grapheme-class stream.,9,prime_index_occupancy_bias,gap_order_shuffle,-0.208791208791,-0.131071428571,0.135557736385,-0.573333417129,0.573333417129,0.762376237624,,"{""name"": ""prime_index_occupancy_bias"", ""null_model"": ""gap_order_shuffle"", ""observed"": -0.208791208791, ""null_mean"": -0.131071428571, ""null_std"": 0.135557736385, ""z_score"": -0.573333417129, ""empirical_p"": 0.762376237624, ""null_samples"": 100}"
C:\github\5hr-conlang\riemann_analysis\rrlang\outputs\mesu_register_v0_3_nulls100\mesu_basho_text_only.json,mesu_register_v0_3_nulls100,,,,mesu,unknown,unknown,,,,,,,,,grapheme_class,42,,,whitespace,Positions classified as whitespace in the grapheme-class stream.,9,prime_gap_affinity,gap_order_shuffle,0.625,0.625,0.0,0.0,0.0,1.0,,"{""name"": ""prime_gap_affinity"", ""null_model"": ""gap_order_shuffle"", ""observed"": 0.625, ""null_mean"": 0.625, ""null_std"": 0, ""z_score"": 0, ""empirical_p"": 1, ""null_samples"": 100}"
C:\github\5hr-conlang\riemann_analysis\rrlang\outputs\mesu_register_v0_3_nulls100\mesu_basho_text_only.json,mesu_register_v0_3_nulls100,,,,mesu,unknown,unknown,,,,,,,,,grapheme_class,42,,,whitespace,Positions classified as whitespace in the grapheme-class stream.,9,zeta_spectral_coherence,gap_order_shuffle,0.011759892742,0.009878478354,0.00187489358,1.003477961674,1.003477961674,0.316831683168,,"{""name"": ""zeta_spectral_coherence"", ""null_model"": ""gap_order_shuffle"", ""observed"": 0.011759892742, ""null_mean"": 0.009878478354, ""null_std"": 0.00187489358, ""z_score"": 1.003477961674, ""empirical_p"": 0.316831683168, ""null_samples"": 100}"
C:\github\5hr-conlang\riemann_analysis\rrlang\outputs\mesu_register_v0_3_nulls100\mesu_basho_text_only.json,mesu_register_v0_3_nulls100,,,,mesu,unknown,unknown,,,,,,,,,grapheme_class,42,,,whitespace,Positions classified as whitespace in the grapheme-class stream.,9,critical_line_symmetry,gap_order_shuffle,0.886537983487,0.887739867342,0.011839622644,-0.101513696106,0.101513696106,0.910891089109,,"{""name"": ""critical_line_symmetry"", ""null_model"": ""gap_order_shuffle"", ""observed"": 0.886537983487, ""null_mean"": 0.887739867342, ""null_std"": 0.011839622644, ""z_score"": -0.101513696106, ""empirical_p"": 0.910891089109, ""null_samples"": 100}"
C:\github\5hr-conlang\riemann_analysis\rrlang\outputs\mesu_register_v0_3_nulls100\mesu_basho_text_only.json,mesu_register_v0_3_nulls100,,,,mesu,unknown,unknown,,,,,,,,,grapheme_class,42,,,punctuation,Positions classified as punctuation in the grapheme-class stream.,5,event_density,observed_only,0.119047619048,,,,,,,"{""name"": ""event_density"", ""value"": 0.119047619048, ""details"": ""count(event=true) / sequence_length""}"
C:\github\5hr-conlang\riemann_analysis\rrlang\outputs\mesu_register_v0_3_nulls100\mesu_basho_text_only.json,mesu_register_v0_3_nulls100,,,,mesu,unknown,unknown,,,,,,,,,grapheme_class,42,,,punctuation,Positions classified as punctuation in the grapheme-class stream.,5,event_count,observed_only,5.0,,,,,,,"{""name"": ""event_count"", ""value"": 5, ""details"": ""Number of true positions in the event map.""}"
C:\github\5hr-conlang\riemann_analysis\rrlang\outputs\mesu_register_v0_3_nulls100\mesu_basho_text_only.json,mesu_register_v0_3_nulls100,,,,mesu,unknown,unknown,,,,,,,,,grapheme_class,42,,,punctuation,Positions classified as punctuation in the grapheme-class stream.,5,sequence_length,observed_only,42.0,,,,,,,"{""name"": ""sequence_length"", ""value"": 42, ""details"": ""Number of positions in the event map.""}"
C:\github\5hr-conlang\riemann_analysis\rrlang\outputs\mesu_register_v0_3_nulls100\mesu_basho_text_only.json,mesu_register_v0_3_nulls100,,,,mesu,unknown,unknown,,,,,,,,,grapheme_class,42,,,punctuation,Positions classified as punctuation in the grapheme-class stream.,5,modular_residue_peak_m_2,observed_only,0.6,,,,,,,"{""name"": ""modular_residue_peak_m_2"", ""value"": 0.6, ""details"": ""Largest event-position residue fraction modulo 2.""}"
C:\github\5hr-conlang\riemann_analysis\rrlang\outputs\mesu_register_v0_3_nulls100\mesu_basho_text_only.json,mesu_register_v0_3_nulls100,,,,mesu,unknown,unknown,,,,,,,,,grapheme_class,42,,,punctuation,Positions classified as punctuation in the grapheme-class stream.,5,modular_residue_peak_m_3,observed_only,0.4,,,,,,,"{""name"": ""modular_residue_peak_m_3"", ""value"": 0.4, ""details"": ""Largest event-position residue fraction modulo 3.""}"
C:\github\5hr-conlang\riemann_analysis\rrlang\outputs\mesu_register_v0_3_nulls100\mesu_basho_text_only.json,mesu_register_v0_3_nulls100,,,,mesu,unknown,unknown,,,,,,,,,grapheme_class,42,,,punctuation,Positions classified as punctuation in the grapheme-class stream.,5,modular_residue_peak_m_5,observed_only,0.8,,,,,,,"{""name"": ""modular_residue_peak_m_5"", ""value"": 0.8, ""details"": ""Largest event-position residue fraction modulo 5.""}"
C:\github\5hr-conlang\riemann_analysis\rrlang\outputs\mesu_register_v0_3_nulls100\mesu_basho_text_only.json,mesu_register_v0_3_nulls100,,,,mesu,unknown,unknown,,,,,,,,,grapheme_class,42,,,punctuation,Positions classified as punctuation in the grapheme-class stream.,5,modular_residue_peak_m_7,observed_only,0.4,,,,,,,"{""name"": ""modular_residue_peak_m_7"", ""value"": 0.4, ""details"": ""Largest event-position residue fraction modulo 7.""}"
C:\github\5hr-conlang\riemann_analysis\rrlang\outputs\mesu_register_v0_3_nulls100\mesu_basho_text_only.json,mesu_register_v0_3_nulls100,,,,mesu,unknown,unknown,,,,,,,,,grapheme_class,42,,,punctuation,Positions classified as punctuation in the grapheme-class stream.,5,gap_entropy,density_shuffle,1.5,1.778112781245,0.275051251655,-1.011130760433,1.011130760433,0.425742574257,,"{""name"": ""gap_entropy"", ""null_model"": ""density_shuffle"", ""observed"": 1.5, ""null_mean"": 1.778112781245, ""null_std"": 0.275051251655, ""z_score"": -1.011130760433, ""empirical_p"": 0.425742574257, ""null_samples"": 100}"
C:\github\5hr-conlang\riemann_analysis\rrlang\outputs\mesu_register_v0_3_nulls100\mesu_basho_text_only.json,mesu_register_v0_3_nulls100,,,,mesu,unknown,unknown,,,,,,,,,grapheme_class,42,,,punctuation,Positions classified as punctuation in the grapheme-class stream.,5,run_entropy,density_shuffle,1.960964047444,2.023419912203,0.288741187516,-0.216303968604,0.216303968604,0.851485148515,,"{""name"": ""run_entropy"", ""null_model"": ""density_shuffle"", ""observed"": 1.960964047444, ""null_mean"": 2.023419912203, ""null_std"": 0.288741187516, ""z_score"": -0.216303968604, ""empirical_p"": 0.851485148515, ""null_samples"": 100}"
C:\github\5hr-conlang\riemann_analysis\rrlang\outputs\mesu_register_v0_3_nulls100\mesu_basho_text_only.json,mesu_register_v0_3_nulls100,,,,mesu,unknown,unknown,,,,,,,,,grapheme_class,42,,,punctuation,Positions classified as punctuation in the grapheme-class stream.,5,prime_index_occupancy_bias,density_shuffle,-0.065934065934,0.000302197802,0.104693779823,-0.63266665745,0.63266665745,0.50495049505,,"{""name"": ""prime_index_occupancy_bias"", ""null_model"": ""density_shuffle"", ""observed"": -0.065934065934, ""null_mean"": 0.000302197802, ""null_std"": 0.104693779823, ""z_score"": -0.63266665745, ""empirical_p"": 0.50495049505, ""null_samples"": 100}"
C:\github\5hr-conlang\riemann_analysis\rrlang\outputs\mesu_register_v0_3_nulls100\mesu_basho_text_only.json,mesu_register_v0_3_nulls100,,,,mesu,unknown,unknown,,,,,,,,,grapheme_class,42,,,punctuation,Positions classified as punctuation in the grapheme-class stream.,5,prime_gap_affinity,density_shuffle,0.25,0.4175,0.248873725638,-0.673032075083,0.673032075083,0.613861386139,,"{""name"": ""prime_gap_affinity"", ""null_model"": ""density_shuffle"", ""observed"": 0.25, ""null_mean"": 0.4175, ""null_std"": 0.248873725638, ""z_score"": -0.673032075083, ""empirical_p"": 0.613861386139, ""null_samples"": 100}"
C:\github\5hr-conlang\riemann_analysis\rrlang\outputs\mesu_register_v0_3_nulls100\mesu_basho_text_only.json,mesu_register_v0_3_nulls100,,,,mesu,unknown,unknown,,,,,,,,,grapheme_class,42,,,punctuation,Positions classified as punctuation in the grapheme-class stream.,5,zeta_spectral_coherence,density_shuffle,0.00863151354,0.011402710728,0.00745375439,-0.37178541743,0.37178541743,0.80198019802,,"{""name"": ""zeta_spectral_coherence"", ""null_model"": ""density_shuffle"", ""observed"": 0.00863151354, ""null_mean"": 0.011402710728, ""null_std"": 0.00745375439, ""z_score"": -0.37178541743, ""empirical_p"": 0.80198019802, ""null_samples"": 100}"
C:\github\5hr-conlang\riemann_analysis\rrlang\outputs\mesu_register_v0_3_nulls100\mesu_basho_text_only.json,mesu_register_v0_3_nulls100,,,,mesu,unknown,unknown,,,,,,,,,grapheme_class,42,,,punctuation,Positions classified as punctuation in the grapheme-class stream.,5,critical_line_symmetry,density_shuffle,0.887374771778,0.899006666628,0.037663979537,-0.308833399803,0.308833399803,0.80198019802,,"{""name"": ""critical_line_symmetry"", ""null_model"": ""density_shuffle"", ""observed"": 0.887374771778, ""null_mean"": 0.899006666628, ""null_std"": 0.037663979537, ""z_score"": -0.308833399803, ""empirical_p"": 0.80198019802, ""null_samples"": 100}"
C:\github\5hr-conlang\riemann_analysis\rrlang\outputs\mesu_register_v0_3_nulls100\mesu_basho_text_only.json,mesu_register_v0_3_nulls100,,,,mesu,unknown,unknown,,,,,,,,,grapheme_class,42,,,punctuation,Positions classified as punctuation in the grapheme-class stream.,5,gap_entropy,markov_1,1.5,1.706647871761,0.580666381036,-0.355880551226,0.355880551226,0.752475247525,,"{""name"": ""gap_entropy"", ""null_model"": ""markov_1"", ""observed"": 1.5, ""null_mean"": 1.706647871761, ""null_std"": 0.580666381036, ""z_score"": -0.355880551226, ""empirical_p"": 0.752475247525, ""null_samples"": 100}"
C:\github\5hr-conlang\riemann_analysis\rrlang\outputs\mesu_register_v0_3_nulls100\mesu_basho_text_only.json,mesu_register_v0_3_nulls100,,,,mesu,unknown,unknown,,,,,,,,,grapheme_class,42,,,punctuation,Positions classified as punctuation in the grapheme-class stream.,5,run_entropy,markov_1,1.960964047444,1.799375291525,0.372510797132,0.433782744455,0.433782744455,0.534653465347,,"{""name"": ""run_entropy"", ""null_model"": ""markov_1"", ""observed"": 1.960964047444, ""null_mean"": 1.799375291525, ""null_std"": 0.372510797132, ""z_score"": 0.433782744455, ""empirical_p"": 0.534653465347, ""null_samples"": 100}"
C:\github\5hr-conlang\riemann_analysis\rrlang\outputs\mesu_register_v0_3_nulls100\mesu_basho_text_only.json,mesu_register_v0_3_nulls100,,,,mesu,unknown,unknown,,,,,,,,,grapheme_class,42,,,punctuation,Positions classified as punctuation in the grapheme-class stream.,5,prime_index_occupancy_bias,markov_1,-0.065934065934,0.02217032967,0.126954592117,-0.693983526988,0.693983526988,0.544554455446,,"{""name"": ""prime_index_occupancy_bias"", ""null_model"": ""markov_1"", ""observed"": -0.065934065934, ""null_mean"": 0.02217032967, ""null_std"": 0.126954592117, ""z_score"": -0.693983526988, ""empirical_p"": 0.544554455446, ""null_samples"": 100}"
C:\github\5hr-conlang\riemann_analysis\rrlang\outputs\mesu_register_v0_3_nulls100\mesu_basho_text_only.json,mesu_register_v0_3_nulls100,,,,mesu,unknown,unknown,,,,,,,,,grapheme_class,42,,,punctuation,Positions classified as punctuation in the grapheme-class stream.,5,prime_gap_affinity,markov_1,0.25,0.514674603175,0.280663133445,-0.943033022989,0.943033022989,0.376237623762,,"{""name"": ""prime_gap_affinity"", ""null_model"": ""markov_1"", ""observed"": 0.25, ""null_mean"": 0.514674603175, ""null_std"": 0.280663133445, ""z_score"": -0.943033022989, ""empirical_p"": 0.376237623762, ""null_samples"": 100}"
C:\github\5hr-conlang\riemann_analysis\rrlang\outputs\mesu_register_v0_3_nulls100\mesu_basho_text_only.json,mesu_register_v0_3_nulls100,,,,mesu,unknown,unknown,,,,,,,,,grapheme_class,42,,,punctuation,Positions classified as punctuation in the grapheme-class stream.,5,zeta_spectral_coherence,markov_1,0.00863151354,0.010096583614,0.007113609261,-0.205953127224,0.205953127224,0.811881188119,,"{""name"": ""zeta_spectral_coherence"", ""null_model"": ""markov_1"", ""observed"": 0.00863151354, ""null_mean"": 0.010096583614, ""null_std"": 0.007113609261, ""z_score"": -0.205953127224, ""empirical_p"": 0.811881188119, ""null_samples"": 100}"
C:\github\5hr-conlang\riemann_analysis\rrlang\outputs\mesu_register_v0_3_nulls100\mesu_basho_text_only.json,mesu_register_v0_3_nulls100,,,,mesu,unknown,unknown,,,,,,,,,grapheme_class,42,,,punctuation,Positions classified as punctuation in the grapheme-class stream.,5,critical_line_symmetry,markov_1,0.887374771778,0.906176013508,0.038749403178,-0.485200807975,0.485200807975,0.683168316832,,"{""name"": ""critical_line_symmetry"", ""null_model"": ""markov_1"", ""observed"": 0.887374771778, ""null_mean"": 0.906176013508, ""null_std"": 0.038749403178, ""z_score"": -0.485200807975, ""empirical_p"": 0.683168316832, ""null_samples"": 100}"
C:\github\5hr-conlang\riemann_analysis\rrlang\outputs\mesu_register_v0_3_nulls100\mesu_basho_text_only.json,mesu_register_v0_3_nulls100,,,,mesu,unknown,unknown,,,,,,,,,grapheme_class,42,,,punctuation,Positions classified as punctuation in the grapheme-class stream.,5,gap_entropy,markov_2,1.5,1.601805792776,0.598175548066,-0.170193838757,0.170193838757,0.841584158416,False,"{""name"": ""gap_entropy"", ""null_model"": ""markov_2"", ""observed"": 1.5, ""null_mean"": 1.601805792776, ""null_std"": 0.598175548066, ""z_score"": -0.170193838757, ""empirical_p"": 0.841584158416, ""null_samples"": 100}"
C:\github\5hr-conlang\riemann_analysis\rrlang\outputs\mesu_register_v0_3_nulls100\mesu_basho_text_only.json,mesu_register_v0_3_nulls100,,,,mesu,unknown,unknown,,,,,,,,,grapheme_class,42,,,punctuation,Positions classified as punctuation in the grapheme-class stream.,5,run_entropy,markov_2,1.960964047444,2.060524067894,0.237381443784,-0.419409448621,0.419409448621,0.60396039604,False,"{""name"": ""run_entropy"", ""null_model"": ""markov_2"", ""observed"": 1.960964047444, ""null_mean"": 2.060524067894, ""null_std"": 0.237381443784, ""z_score"": -0.419409448621, ""empirical_p"": 0.60396039604, ""null_samples"": 100}"
C:\github\5hr-conlang\riemann_analysis\rrlang\outputs\mesu_register_v0_3_nulls100\mesu_basho_text_only.json,mesu_register_v0_3_nulls100,,,,mesu,unknown,unknown,,,,,,,,,grapheme_class,42,,,punctuation,Positions classified as punctuation in the grapheme-class stream.,5,prime_index_occupancy_bias,markov_2,-0.065934065934,-0.00978021978,0.101748667249,-0.551887780669,0.551887780669,0.693069306931,False,"{""name"": ""prime_index_occupancy_bias"", ""null_model"": ""markov_2"", ""observed"": -0.065934065934, ""null_mean"": -0.00978021978, ""null_std"": 0.101748667249, ""z_score"": -0.551887780669, ""empirical_p"": 0.693069306931, ""null_samples"": 100}"
C:\github\5hr-conlang\riemann_analysis\rrlang\outputs\mesu_register_v0_3_nulls100\mesu_basho_text_only.json,mesu_register_v0_3_nulls100,,,,mesu,unknown,unknown,,,,,,,,,grapheme_class,42,,,punctuation,Positions classified as punctuation in the grapheme-class stream.,5,prime_gap_affinity,markov_2,0.25,0.430202380952,0.2567976108,-0.701729195965,0.701729195965,0.49504950495,False,"{""name"": ""prime_gap_affinity"", ""null_model"": ""markov_2"", ""observed"": 0.25, ""null_mean"": 0.430202380952, ""null_std"": 0.2567976108, ""z_score"": -0.701729195965, ""empirical_p"": 0.49504950495, ""null_samples"": 100}"
C:\github\5hr-conlang\riemann_analysis\rrlang\outputs\mesu_register_v0_3_nulls100\mesu_basho_text_only.json,mesu_register_v0_3_nulls100,,,,mesu,unknown,unknown,,,,,,,,,grapheme_class,42,,,punctuation,Positions classified as punctuation in the grapheme-class stream.,5,zeta_spectral_coherence,markov_2,0.00863151354,0.009767744299,0.007186807903,-0.158099503177,0.158099503177,0.811881188119,False,"{""name"": ""zeta_spectral_coherence"", ""null_model"": ""markov_2"", ""observed"": 0.00863151354, ""null_mean"": 0.009767744299, ""null_std"": 0.007186807903, ""z_score"": -0.158099503177, ""empirical_p"": 0.811881188119, ""null_samples"": 100}"
C:\github\5hr-conlang\riemann_analysis\rrlang\outputs\mesu_register_v0_3_nulls100\mesu_basho_text_only.json,mesu_register_v0_3_nulls100,,,,mesu,unknown,unknown,,,,,,,,,grapheme_class,42,,,punctuation,Positions classified as punctuation in the grapheme-class stream.,5,critical_line_symmetry,markov_2,0.887374771778,0.911021542273,0.035490733362,-0.666280131605,0.666280131605,0.475247524752,False,"{""name"": ""critical_line_symmetry"", ""null_model"": ""markov_2"", ""observed"": 0.887374771778, ""null_mean"": 0.911021542273, ""null_std"": 0.035490733362, ""z_score"": -0.666280131605, ""empirical_p"": 0.475247524752, ""null_samples"": 100}"
C:\github\5hr-conlang\riemann_analysis\rrlang\outputs\mesu_register_v0_3_nulls100\mesu_basho_text_only.json,mesu_register_v0_3_nulls100,,,,mesu,unknown,unknown,,,,,,,,,grapheme_class,42,,,punctuation,Positions classified as punctuation in the grapheme-class stream.,5,gap_entropy,gap_order_shuffle,1.5,1.5,0.0,0.0,0.0,1.0,,"{""name"": ""gap_entropy"", ""null_model"": ""gap_order_shuffle"", ""observed"": 1.5, ""null_mean"": 1.5, ""null_std"": 0, ""z_score"": 0, ""empirical_p"": 1, ""null_samples"": 100}"
C:\github\5hr-conlang\riemann_analysis\rrlang\outputs\mesu_register_v0_3_nulls100\mesu_basho_text_only.json,mesu_register_v0_3_nulls100,,,,mesu,unknown,unknown,,,,,,,,,grapheme_class,42,,,punctuation,Positions classified as punctuation in the grapheme-class stream.,5,run_entropy,gap_order_shuffle,1.960964047444,1.960964047444,0.0,0.997650015988,0.997650015988,0.940594059406,,"{""name"": ""run_entropy"", ""null_model"": ""gap_order_shuffle"", ""observed"": 1.960964047444, ""null_mean"": 1.960964047444, ""null_std"": 0.0, ""z_score"": 0.997650015988, ""empirical_p"": 0.940594059406, ""null_samples"": 100}"
C:\github\5hr-conlang\riemann_analysis\rrlang\outputs\mesu_register_v0_3_nulls100\mesu_basho_text_only.json,mesu_register_v0_3_nulls100,,,,mesu,unknown,unknown,,,,,,,,,grapheme_class,42,,,punctuation,Positions classified as punctuation in the grapheme-class stream.,5,prime_index_occupancy_bias,gap_order_shuffle,-0.065934065934,-0.058049450549,0.075525511096,-0.104396716688,0.104396716688,1.0,,"{""name"": ""prime_index_occupancy_bias"", ""null_model"": ""gap_order_shuffle"", ""observed"": -0.065934065934, ""null_mean"": -0.058049450549, ""null_std"": 0.075525511096, ""z_score"": -0.104396716688, ""empirical_p"": 1, ""null_samples"": 100}"
C:\github\5hr-conlang\riemann_analysis\rrlang\outputs\mesu_register_v0_3_nulls100\mesu_basho_text_only.json,mesu_register_v0_3_nulls100,,,,mesu,unknown,unknown,,,,,,,,,grapheme_class,42,,,punctuation,Positions classified as punctuation in the grapheme-class stream.,5,prime_gap_affinity,gap_order_shuffle,0.25,0.25,0.0,0.0,0.0,1.0,,"{""name"": ""prime_gap_affinity"", ""null_model"": ""gap_order_shuffle"", ""observed"": 0.25, ""null_mean"": 0.25, ""null_std"": 0, ""z_score"": 0, ""empirical_p"": 1, ""null_samples"": 100}"
C:\github\5hr-conlang\riemann_analysis\rrlang\outputs\mesu_register_v0_3_nulls100\mesu_basho_text_only.json,mesu_register_v0_3_nulls100,,,,mesu,unknown,unknown,,,,,,,,,grapheme_class,42,,,punctuation,Positions classified as punctuation in the grapheme-class stream.,5,zeta_spectral_coherence,gap_order_shuffle,0.00863151354,0.009397237199,0.001749186053,-0.437759983992,0.437759983992,0.80198019802,,"{""name"": ""zeta_spectral_coherence"", ""null_model"": ""gap_order_shuffle"", ""observed"": 0.00863151354, ""null_mean"": 0.009397237199, ""null_std"": 0.001749186053, ""z_score"": -0.437759983992, ""empirical_p"": 0.80198019802, ""null_samples"": 100}"
C:\github\5hr-conlang\riemann_analysis\rrlang\outputs\mesu_register_v0_3_nulls100\mesu_basho_text_only.json,mesu_register_v0_3_nulls100,,,,mesu,unknown,unknown,,,,,,,,,grapheme_class,42,,,punctuation,Positions classified as punctuation in the grapheme-class stream.,5,critical_line_symmetry,gap_order_shuffle,0.887374771778,0.907111656728,0.021803418263,-0.905219755557,0.905219755557,0.366336633663,,"{""name"": ""critical_line_symmetry"", ""null_model"": ""gap_order_shuffle"", ""observed"": 0.887374771778, ""null_mean"": 0.907111656728, ""null_std"": 0.021803418263, ""z_score"": -0.905219755557, ""empirical_p"": 0.366336633663, ""null_samples"": 100}"
C:\github\5hr-conlang\riemann_analysis\rrlang\outputs\mesu_register_v0_3_nulls100\mesu_basho_text_only.json,mesu_register_v0_3_nulls100,,,,mesu,unknown,unknown,,,,,,,,,grapheme_class,42,,,hyphen_boundary,Positions classified as hyphen_boundary in the grapheme-class stream.,0,event_density,observed_only,0.0,,,,,,,"{""name"": ""event_density"", ""value"": 0, ""details"": ""count(event=true) / sequence_length""}"
C:\github\5hr-conlang\riemann_analysis\rrlang\outputs\mesu_register_v0_3_nulls100\mesu_basho_text_only.json,mesu_register_v0_3_nulls100,,,,mesu,unknown,unknown,,,,,,,,,grapheme_class,42,,,hyphen_boundary,Positions classified as hyphen_boundary in the grapheme-class stream.,0,event_count,observed_only,0.0,,,,,,,"{""name"": ""event_count"", ""value"": 0, ""details"": ""Number of true positions in the event map.""}"
C:\github\5hr-conlang\riemann_analysis\rrlang\outputs\mesu_register_v0_3_nulls100\mesu_basho_text_only.json,mesu_register_v0_3_nulls100,,,,mesu,unknown,unknown,,,,,,,,,grapheme_class,42,,,hyphen_boundary,Positions classified as hyphen_boundary in the grapheme-class stream.,0,sequence_length,observed_only,42.0,,,,,,,"{""name"": ""sequence_length"", ""value"": 42, ""details"": ""Number of positions in the event map.""}"
C:\github\5hr-conlang\riemann_analysis\rrlang\outputs\mesu_register_v0_3_nulls100\mesu_basho_text_only.json,mesu_register_v0_3_nulls100,,,,mesu,unknown,unknown,,,,,,,,,grapheme_class,42,,,hyphen_boundary,Positions classified as hyphen_boundary in the grapheme-class stream.,0,modular_residue_peak_m_2,observed_only,0.0,,,,,,,"{""name"": ""modular_residue_peak_m_2"", ""value"": 0, ""details"": ""Largest event-position residue fraction modulo 2.""}"
C:\github\5hr-conlang\riemann_analysis\rrlang\outputs\mesu_register_v0_3_nulls100\mesu_basho_text_only.json,mesu_register_v0_3_nulls100,,,,mesu,unknown,unknown,,,,,,,,,grapheme_class,42,,,hyphen_boundary,Positions classified as hyphen_boundary in the grapheme-class stream.,0,modular_residue_peak_m_3,observed_only,0.0,,,,,,,"{""name"": ""modular_residue_peak_m_3"", ""value"": 0, ""details"": ""Largest event-position residue fraction modulo 3.""}"
C:\github\5hr-conlang\riemann_analysis\rrlang\outputs\mesu_register_v0_3_nulls100\mesu_basho_text_only.json,mesu_register_v0_3_nulls100,,,,mesu,unknown,unknown,,,,,,,,,grapheme_class,42,,,hyphen_boundary,Positions classified as hyphen_boundary in the grapheme-class stream.,0,modular_residue_peak_m_5,observed_only,0.0,,,,,,,"{""name"": ""modular_residue_peak_m_5"", ""value"": 0, ""details"": ""Largest event-position residue fraction modulo 5.""}"
C:\github\5hr-conlang\riemann_analysis\rrlang\outputs\mesu_register_v0_3_nulls100\mesu_basho_text_only.json,mesu_register_v0_3_nulls100,,,,mesu,unknown,unknown,,,,,,,,,grapheme_class,42,,,hyphen_boundary,Positions classified as hyphen_boundary in the grapheme-class stream.,0,modular_residue_peak_m_7,observed_only,0.0,,,,,,,"{""name"": ""modular_residue_peak_m_7"", ""value"": 0, ""details"": ""Largest event-position residue fraction modulo 7.""}"
C:\github\5hr-conlang\riemann_analysis\rrlang\outputs\mesu_register_v0_3_nulls100\mesu_basho_text_only.json,mesu_register_v0_3_nulls100,,,,mesu,unknown,unknown,,,,,,,,,grapheme_class,42,,,hyphen_boundary,Positions classified as hyphen_boundary in the grapheme-class stream.,0,gap_entropy,density_shuffle,0.0,0.0,0.0,0.0,0.0,1.0,,"{""name"": ""gap_entropy"", ""null_model"": ""density_shuffle"", ""observed"": 0, ""null_mean"": 0, ""null_std"": 0, ""z_score"": 0, ""empirical_p"": 1, ""null_samples"": 100}"
C:\github\5hr-conlang\riemann_analysis\rrlang\outputs\mesu_register_v0_3_nulls100\mesu_basho_text_only.json,mesu_register_v0_3_nulls100,,,,mesu,unknown,unknown,,,,,,,,,grapheme_class,42,,,hyphen_boundary,Positions classified as hyphen_boundary in the grapheme-class stream.,0,run_entropy,density_shuffle,0.0,0.0,0.0,0.0,0.0,1.0,,"{""name"": ""run_entropy"", ""null_model"": ""density_shuffle"", ""observed"": 0, ""null_mean"": 0, ""null_std"": 0, ""z_score"": 0, ""empirical_p"": 1, ""null_samples"": 100}"
C:\github\5hr-conlang\riemann_analysis\rrlang\outputs\mesu_register_v0_3_nulls100\mesu_basho_text_only.json,mesu_register_v0_3_nulls100,,,,mesu,unknown,unknown,,,,,,,,,grapheme_class,42,,,hyphen_boundary,Positions classified as hyphen_boundary in the grapheme-class stream.,0,prime_index_occupancy_bias,density_shuffle,0.0,0.0,0.0,0.0,0.0,1.0,,"{""name"": ""prime_index_occupancy_bias"", ""null_model"": ""density_shuffle"", ""observed"": 0, ""null_mean"": 0, ""null_std"": 0, ""z_score"": 0, ""empirical_p"": 1, ""null_samples"": 100}"
C:\github\5hr-conlang\riemann_analysis\rrlang\outputs\mesu_register_v0_3_nulls100\mesu_basho_text_only.json,mesu_register_v0_3_nulls100,,,,mesu,unknown,unknown,,,,,,,,,grapheme_class,42,,,hyphen_boundary,Positions classified as hyphen_boundary in the grapheme-class stream.,0,prime_gap_affinity,density_shuffle,0.0,0.0,0.0,0.0,0.0,1.0,,"{""name"": ""prime_gap_affinity"", ""null_model"": ""density_shuffle"", ""observed"": 0, ""null_mean"": 0, ""null_std"": 0, ""z_score"": 0, ""empirical_p"": 1, ""null_samples"": 100}"
C:\github\5hr-conlang\riemann_analysis\rrlang\outputs\mesu_register_v0_3_nulls100\mesu_basho_text_only.json,mesu_register_v0_3_nulls100,,,,mesu,unknown,unknown,,,,,,,,,grapheme_class,42,,,hyphen_boundary,Positions classified as hyphen_boundary in the grapheme-class stream.,0,zeta_spectral_coherence,density_shuffle,0.0,0.0,0.0,0.0,0.0,1.0,,"{""name"": ""zeta_spectral_coherence"", ""null_model"": ""density_shuffle"", ""observed"": 0, ""null_mean"": 0, ""null_std"": 0, ""z_score"": 0, ""empirical_p"": 1, ""null_samples"": 100}"
C:\github\5hr-conlang\riemann_analysis\rrlang\outputs\mesu_register_v0_3_nulls100\mesu_basho_text_only.json,mesu_register_v0_3_nulls100,,,,mesu,unknown,unknown,,,,,,,,,grapheme_class,42,,,hyphen_boundary,Positions classified as hyphen_boundary in the grapheme-class stream.,0,critical_line_symmetry,density_shuffle,1.0,1.0,0.0,0.0,0.0,1.0,,"{""name"": ""critical_line_symmetry"", ""null_model"": ""density_shuffle"", ""observed"": 1, ""null_mean"": 1, ""null_std"": 0, ""z_score"": 0, ""empirical_p"": 1, ""null_samples"": 100}"
C:\github\5hr-conlang\riemann_analysis\rrlang\outputs\mesu_register_v0_3_nulls100\mesu_basho_text_only.json,mesu_register_v0_3_nulls100,,,,mesu,unknown,unknown,,,,,,,,,grapheme_class,42,,,hyphen_boundary,Positions classified as hyphen_boundary in the grapheme-class stream.,0,gap_entropy,markov_1,0.0,0.0,0.0,0.0,0.0,1.0,,"{""name"": ""gap_entropy"", ""null_model"": ""markov_1"", ""observed"": 0, ""null_mean"": 0, ""null_std"": 0, ""z_score"": 0, ""empirical_p"": 1, ""null_samples"": 100}"
C:\github\5hr-conlang\riemann_analysis\rrlang\outputs\mesu_register_v0_3_nulls100\mesu_basho_text_only.json,mesu_register_v0_3_nulls100,,,,mesu,unknown,unknown,,,,,,,,,grapheme_class,42,,,hyphen_boundary,Positions classified as hyphen_boundary in the grapheme-class stream.,0,run_entropy,markov_1,0.0,0.0,0.0,0.0,0.0,1.0,,"{""name"": ""run_entropy"", ""null_model"": ""markov_1"", ""observed"": 0, ""null_mean"": 0, ""null_std"": 0, ""z_score"": 0, ""empirical_p"": 1, ""null_samples"": 100}"
C:\github\5hr-conlang\riemann_analysis\rrlang\outputs\mesu_register_v0_3_nulls100\mesu_basho_text_only.json,mesu_register_v0_3_nulls100,,,,mesu,unknown,unknown,,,,,,,,,grapheme_class,42,,,hyphen_boundary,Positions classified as hyphen_boundary in the grapheme-class stream.,0,prime_index_occupancy_bias,markov_1,0.0,0.0,0.0,0.0,0.0,1.0,,"{""name"": ""prime_index_occupancy_bias"", ""null_model"": ""markov_1"", ""observed"": 0, ""null_mean"": 0, ""null_std"": 0, ""z_score"": 0, ""empirical_p"": 1, ""null_samples"": 100}"
C:\github\5hr-conlang\riemann_analysis\rrlang\outputs\mesu_register_v0_3_nulls100\mesu_basho_text_only.json,mesu_register_v0_3_nulls100,,,,mesu,unknown,unknown,,,,,,,,,grapheme_class,42,,,hyphen_boundary,Positions classified as hyphen_boundary in the grapheme-class stream.,0,prime_gap_affinity,markov_1,0.0,0.0,0.0,0.0,0.0,1.0,,"{""name"": ""prime_gap_affinity"", ""null_model"": ""markov_1"", ""observed"": 0, ""null_mean"": 0, ""null_std"": 0, ""z_score"": 0, ""empirical_p"": 1, ""null_samples"": 100}"
C:\github\5hr-conlang\riemann_analysis\rrlang\outputs\mesu_register_v0_3_nulls100\mesu_basho_text_only.json,mesu_register_v0_3_nulls100,,,,mesu,unknown,unknown,,,,,,,,,grapheme_class,42,,,hyphen_boundary,Positions classified as hyphen_boundary in the grapheme-class stream.,0,zeta_spectral_coherence,markov_1,0.0,0.0,0.0,0.0,0.0,1.0,,"{""name"": ""zeta_spectral_coherence"", ""null_model"": ""markov_1"", ""observed"": 0, ""null_mean"": 0, ""null_std"": 0, ""z_score"": 0, ""empirical_p"": 1, ""null_samples"": 100}"
C:\github\5hr-conlang\riemann_analysis\rrlang\outputs\mesu_register_v0_3_nulls100\mesu_basho_text_only.json,mesu_register_v0_3_nulls100,,,,mesu,unknown,unknown,,,,,,,,,grapheme_class,42,,,hyphen_boundary,Positions classified as hyphen_boundary in the grapheme-class stream.,0,critical_line_symmetry,markov_1,1.0,1.0,0.0,0.0,0.0,1.0,,"{""name"": ""critical_line_symmetry"", ""null_model"": ""markov_1"", ""observed"": 1, ""null_mean"": 1, ""null_std"": 0, ""z_score"": 0, ""empirical_p"": 1, ""null_samples"": 100}"
C:\github\5hr-conlang\riemann_analysis\rrlang\outputs\mesu_register_v0_3_nulls100\mesu_basho_text_only.json,mesu_register_v0_3_nulls100,,,,mesu,unknown,unknown,,,,,,,,,grapheme_class,42,,,hyphen_boundary,Positions classified as hyphen_boundary in the grapheme-class stream.,0,gap_entropy,markov_2,0.0,0.0,0.0,0.0,0.0,1.0,False,"{""name"": ""gap_entropy"", ""null_model"": ""markov_2"", ""observed"": 0, ""null_mean"": 0, ""null_std"": 0, ""z_score"": 0, ""empirical_p"": 1, ""null_samples"": 100}"
C:\github\5hr-conlang\riemann_analysis\rrlang\outputs\mesu_register_v0_3_nulls100\mesu_basho_text_only.json,mesu_register_v0_3_nulls100,,,,mesu,unknown,unknown,,,,,,,,,grapheme_class,42,,,hyphen_boundary,Positions classified as hyphen_boundary in the grapheme-class stream.,0,run_entropy,markov_2,0.0,0.0,0.0,0.0,0.0,1.0,False,"{""name"": ""run_entropy"", ""null_model"": ""markov_2"", ""observed"": 0, ""null_mean"": 0, ""null_std"": 0, ""z_score"": 0, ""empirical_p"": 1, ""null_samples"": 100}"
C:\github\5hr-conlang\riemann_analysis\rrlang\outputs\mesu_register_v0_3_nulls100\mesu_basho_text_only.json,mesu_register_v0_3_nulls100,,,,mesu,unknown,unknown,,,,,,,,,grapheme_class,42,,,hyphen_boundary,Positions classified as hyphen_boundary in the grapheme-class stream.,0,prime_index_occupancy_bias,markov_2,0.0,0.0,0.0,0.0,0.0,1.0,False,"{""name"": ""prime_index_occupancy_bias"", ""null_model"": ""markov_2"", ""observed"": 0, ""null_mean"": 0, ""null_std"": 0, ""z_score"": 0, ""empirical_p"": 1, ""null_samples"": 100}"
C:\github\5hr-conlang\riemann_analysis\rrlang\outputs\mesu_register_v0_3_nulls100\mesu_basho_text_only.json,mesu_register_v0_3_nulls100,,,,mesu,unknown,unknown,,,,,,,,,grapheme_class,42,,,hyphen_boundary,Positions classified as hyphen_boundary in the grapheme-class stream.,0,prime_gap_affinity,markov_2,0.0,0.0,0.0,0.0,0.0,1.0,False,"{""name"": ""prime_gap_affinity"", ""null_model"": ""markov_2"", ""observed"": 0, ""null_mean"": 0, ""null_std"": 0, ""z_score"": 0, ""empirical_p"": 1, ""null_samples"": 100}"
C:\github\5hr-conlang\riemann_analysis\rrlang\outputs\mesu_register_v0_3_nulls100\mesu_basho_text_only.json,mesu_register_v0_3_nulls100,,,,mesu,unknown,unknown,,,,,,,,,grapheme_class,42,,,hyphen_boundary,Positions classified as hyphen_boundary in the grapheme-class stream.,0,zeta_spectral_coherence,markov_2,0.0,0.0,0.0,0.0,0.0,1.0,False,"{""name"": ""zeta_spectral_coherence"", ""null_model"": ""markov_2"", ""observed"": 0, ""null_mean"": 0, ""null_std"": 0, ""z_score"": 0, ""empirical_p"": 1, ""null_samples"": 100}"
C:\github\5hr-conlang\riemann_analysis\rrlang\outputs\mesu_register_v0_3_nulls100\mesu_basho_text_only.json,mesu_register_v0_3_nulls100,,,,mesu,unknown,unknown,,,,,,,,,grapheme_class,42,,,hyphen_boundary,Positions classified as hyphen_boundary in the grapheme-class stream.,0,critical_line_symmetry,markov_2,1.0,1.0,0.0,0.0,0.0,1.0,False,"{""name"": ""critical_line_symmetry"", ""null_model"": ""markov_2"", ""observed"": 1, ""null_mean"": 1, ""null_std"": 0, ""z_score"": 0, ""empirical_p"": 1, ""null_samples"": 100}"
C:\github\5hr-conlang\riemann_analysis\rrlang\outputs\mesu_register_v0_3_nulls100\mesu_basho_text_only.json,mesu_register_v0_3_nulls100,,,,mesu,unknown,unknown,,,,,,,,,grapheme_class,42,,,other,Positions classified as other in the grapheme-class stream.,0,event_density,observed_only,0.0,,,,,,,"{""name"": ""event_density"", ""value"": 0, ""details"": ""count(event=true) / sequence_length""}"
C:\github\5hr-conlang\riemann_analysis\rrlang\outputs\mesu_register_v0_3_nulls100\mesu_basho_text_only.json,mesu_register_v0_3_nulls100,,,,mesu,unknown,unknown,,,,,,,,,grapheme_class,42,,,other,Positions classified as other in the grapheme-class stream.,0,event_count,observed_only,0.0,,,,,,,"{""name"": ""event_count"", ""value"": 0, ""details"": ""Number of true positions in the event map.""}"
C:\github\5hr-conlang\riemann_analysis\rrlang\outputs\mesu_register_v0_3_nulls100\mesu_basho_text_only.json,mesu_register_v0_3_nulls100,,,,mesu,unknown,unknown,,,,,,,,,grapheme_class,42,,,other,Positions classified as other in the grapheme-class stream.,0,sequence_length,observed_only,42.0,,,,,,,"{""name"": ""sequence_length"", ""value"": 42, ""details"": ""Number of positions in the event map.""}"
C:\github\5hr-conlang\riemann_analysis\rrlang\outputs\mesu_register_v0_3_nulls100\mesu_basho_text_only.json,mesu_register_v0_3_nulls100,,,,mesu,unknown,unknown,,,,,,,,,grapheme_class,42,,,other,Positions classified as other in the grapheme-class stream.,0,modular_residue_peak_m_2,observed_only,0.0,,,,,,,"{""name"": ""modular_residue_peak_m_2"", ""value"": 0, ""details"": ""Largest event-position residue fraction modulo 2.""}"
C:\github\5hr-conlang\riemann_analysis\rrlang\outputs\mesu_register_v0_3_nulls100\mesu_basho_text_only.json,mesu_register_v0_3_nulls100,,,,mesu,unknown,unknown,,,,,,,,,grapheme_class,42,,,other,Positions classified as other in the grapheme-class stream.,0,modular_residue_peak_m_3,observed_only,0.0,,,,,,,"{""name"": ""modular_residue_peak_m_3"", ""value"": 0, ""details"": ""Largest event-position residue fraction modulo 3.""}"
C:\github\5hr-conlang\riemann_analysis\rrlang\outputs\mesu_register_v0_3_nulls100\mesu_basho_text_only.json,mesu_register_v0_3_nulls100,,,,mesu,unknown,unknown,,,,,,,,,grapheme_class,42,,,other,Positions classified as other in the grapheme-class stream.,0,modular_residue_peak_m_5,observed_only,0.0,,,,,,,"{""name"": ""modular_residue_peak_m_5"", ""value"": 0, ""details"": ""Largest event-position residue fraction modulo 5.""}"
C:\github\5hr-conlang\riemann_analysis\rrlang\outputs\mesu_register_v0_3_nulls100\mesu_basho_text_only.json,mesu_register_v0_3_nulls100,,,,mesu,unknown,unknown,,,,,,,,,grapheme_class,42,,,other,Positions classified as other in the grapheme-class stream.,0,modular_residue_peak_m_7,observed_only,0.0,,,,,,,"{""name"": ""modular_residue_peak_m_7"", ""value"": 0, ""details"": ""Largest event-position residue fraction modulo 7.""}"
C:\github\5hr-conlang\riemann_analysis\rrlang\outputs\mesu_register_v0_3_nulls100\mesu_basho_text_only.json,mesu_register_v0_3_nulls100,,,,mesu,unknown,unknown,,,,,,,,,grapheme_class,42,,,other,Positions classified as other in the grapheme-class stream.,0,gap_entropy,density_shuffle,0.0,0.0,0.0,0.0,0.0,1.0,,"{""name"": ""gap_entropy"", ""null_model"": ""density_shuffle"", ""observed"": 0, ""null_mean"": 0, ""null_std"": 0, ""z_score"": 0, ""empirical_p"": 1, ""null_samples"": 100}"
C:\github\5hr-conlang\riemann_analysis\rrlang\outputs\mesu_register_v0_3_nulls100\mesu_basho_text_only.json,mesu_register_v0_3_nulls100,,,,mesu,unknown,unknown,,,,,,,,,grapheme_class,42,,,other,Positions classified as other in the grapheme-class stream.,0,run_entropy,density_shuffle,0.0,0.0,0.0,0.0,0.0,1.0,,"{""name"": ""run_entropy"", ""null_model"": ""density_shuffle"", ""observed"": 0, ""null_mean"": 0, ""null_std"": 0, ""z_score"": 0, ""empirical_p"": 1, ""null_samples"": 100}"
C:\github\5hr-conlang\riemann_analysis\rrlang\outputs\mesu_register_v0_3_nulls100\mesu_basho_text_only.json,mesu_register_v0_3_nulls100,,,,mesu,unknown,unknown,,,,,,,,,grapheme_class,42,,,other,Positions classified as other in the grapheme-class stream.,0,prime_index_occupancy_bias,density_shuffle,0.0,0.0,0.0,0.0,0.0,1.0,,"{""name"": ""prime_index_occupancy_bias"", ""null_model"": ""density_shuffle"", ""observed"": 0, ""null_mean"": 0, ""null_std"": 0, ""z_score"": 0, ""empirical_p"": 1, ""null_samples"": 100}"
C:\github\5hr-conlang\riemann_analysis\rrlang\outputs\mesu_register_v0_3_nulls100\mesu_basho_text_only.json,mesu_register_v0_3_nulls100,,,,mesu,unknown,unknown,,,,,,,,,grapheme_class,42,,,other,Positions classified as other in the grapheme-class stream.,0,prime_gap_affinity,density_shuffle,0.0,0.0,0.0,0.0,0.0,1.0,,"{""name"": ""prime_gap_affinity"", ""null_model"": ""density_shuffle"", ""observed"": 0, ""null_mean"": 0, ""null_std"": 0, ""z_score"": 0, ""empirical_p"": 1, ""null_samples"": 100}"
C:\github\5hr-conlang\riemann_analysis\rrlang\outputs\mesu_register_v0_3_nulls100\mesu_basho_text_only.json,mesu_register_v0_3_nulls100,,,,mesu,unknown,unknown,,,,,,,,,grapheme_class,42,,,other,Positions classified as other in the grapheme-class stream.,0,zeta_spectral_coherence,density_shuffle,0.0,0.0,0.0,0.0,0.0,1.0,,"{""name"": ""zeta_spectral_coherence"", ""null_model"": ""density_shuffle"", ""observed"": 0, ""null_mean"": 0, ""null_std"": 0, ""z_score"": 0, ""empirical_p"": 1, ""null_samples"": 100}"
C:\github\5hr-conlang\riemann_analysis\rrlang\outputs\mesu_register_v0_3_nulls100\mesu_basho_text_only.json,mesu_register_v0_3_nulls100,,,,mesu,unknown,unknown,,,,,,,,,grapheme_class,42,,,other,Positions classified as other in the grapheme-class stream.,0,critical_line_symmetry,density_shuffle,1.0,1.0,0.0,0.0,0.0,1.0,,"{""name"": ""critical_line_symmetry"", ""null_model"": ""density_shuffle"", ""observed"": 1, ""null_mean"": 1, ""null_std"": 0, ""z_score"": 0, ""empirical_p"": 1, ""null_samples"": 100}"
C:\github\5hr-conlang\riemann_analysis\rrlang\outputs\mesu_register_v0_3_nulls100\mesu_basho_text_only.json,mesu_register_v0_3_nulls100,,,,mesu,unknown,unknown,,,,,,,,,grapheme_class,42,,,other,Positions classified as other in the grapheme-class stream.,0,gap_entropy,markov_1,0.0,0.0,0.0,0.0,0.0,1.0,,"{""name"": ""gap_entropy"", ""null_model"": ""markov_1"", ""observed"": 0, ""null_mean"": 0, ""null_std"": 0, ""z_score"": 0, ""empirical_p"": 1, ""null_samples"": 100}"
C:\github\5hr-conlang\riemann_analysis\rrlang\outputs\mesu_register_v0_3_nulls100\mesu_basho_text_only.json,mesu_register_v0_3_nulls100,,,,mesu,unknown,unknown,,,,,,,,,grapheme_class,42,,,other,Positions classified as other in the grapheme-class stream.,0,run_entropy,markov_1,0.0,0.0,0.0,0.0,0.0,1.0,,"{""name"": ""run_entropy"", ""null_model"": ""markov_1"", ""observed"": 0, ""null_mean"": 0, ""null_std"": 0, ""z_score"": 0, ""empirical_p"": 1, ""null_samples"": 100}"
C:\github\5hr-conlang\riemann_analysis\rrlang\outputs\mesu_register_v0_3_nulls100\mesu_basho_text_only.json,mesu_register_v0_3_nulls100,,,,mesu,unknown,unknown,,,,,,,,,grapheme_class,42,,,other,Positions classified as other in the grapheme-class stream.,0,prime_index_occupancy_bias,markov_1,0.0,0.0,0.0,0.0,0.0,1.0,,"{""name"": ""prime_index_occupancy_bias"", ""null_model"": ""markov_1"", ""observed"": 0, ""null_mean"": 0, ""null_std"": 0, ""z_score"": 0, ""empirical_p"": 1, ""null_samples"": 100}"
C:\github\5hr-conlang\riemann_analysis\rrlang\outputs\mesu_register_v0_3_nulls100\mesu_basho_text_only.json,mesu_register_v0_3_nulls100,,,,mesu,unknown,unknown,,,,,,,,,grapheme_class,42,,,other,Positions classified as other in the grapheme-class stream.,0,prime_gap_affinity,markov_1,0.0,0.0,0.0,0.0,0.0,1.0,,"{""name"": ""prime_gap_affinity"", ""null_model"": ""markov_1"", ""observed"": 0, ""null_mean"": 0, ""null_std"": 0, ""z_score"": 0, ""empirical_p"": 1, ""null_samples"": 100}"
C:\github\5hr-conlang\riemann_analysis\rrlang\outputs\mesu_register_v0_3_nulls100\mesu_basho_text_only.json,mesu_register_v0_3_nulls100,,,,mesu,unknown,unknown,,,,,,,,,grapheme_class,42,,,other,Positions classified as other in the grapheme-class stream.,0,zeta_spectral_coherence,markov_1,0.0,0.0,0.0,0.0,0.0,1.0,,"{""name"": ""zeta_spectral_coherence"", ""null_model"": ""markov_1"", ""observed"": 0, ""null_mean"": 0, ""null_std"": 0, ""z_score"": 0, ""empirical_p"": 1, ""null_samples"": 100}"
C:\github\5hr-conlang\riemann_analysis\rrlang\outputs\mesu_register_v0_3_nulls100\mesu_basho_text_only.json,mesu_register_v0_3_nulls100,,,,mesu,unknown,unknown,,,,,,,,,grapheme_class,42,,,other,Positions classified as other in the grapheme-class stream.,0,critical_line_symmetry,markov_1,1.0,1.0,0.0,0.0,0.0,1.0,,"{""name"": ""critical_line_symmetry"", ""null_model"": ""markov_1"", ""observed"": 1, ""null_mean"": 1, ""null_std"": 0, ""z_score"": 0, ""empirical_p"": 1, ""null_samples"": 100}"
C:\github\5hr-conlang\riemann_analysis\rrlang\outputs\mesu_register_v0_3_nulls100\mesu_basho_text_only.json,mesu_register_v0_3_nulls100,,,,mesu,unknown,unknown,,,,,,,,,grapheme_class,42,,,other,Positions classified as other in the grapheme-class stream.,0,gap_entropy,markov_2,0.0,0.0,0.0,0.0,0.0,1.0,False,"{""name"": ""gap_entropy"", ""null_model"": ""markov_2"", ""observed"": 0, ""null_mean"": 0, ""null_std"": 0, ""z_score"": 0, ""empirical_p"": 1, ""null_samples"": 100}"
C:\github\5hr-conlang\riemann_analysis\rrlang\outputs\mesu_register_v0_3_nulls100\mesu_basho_text_only.json,mesu_register_v0_3_nulls100,,,,mesu,unknown,unknown,,,,,,,,,grapheme_class,42,,,other,Positions classified as other in the grapheme-class stream.,0,run_entropy,markov_2,0.0,0.0,0.0,0.0,0.0,1.0,False,"{""name"": ""run_entropy"", ""null_model"": ""markov_2"", ""observed"": 0, ""null_mean"": 0, ""null_std"": 0, ""z_score"": 0, ""empirical_p"": 1, ""null_samples"": 100}"
C:\github\5hr-conlang\riemann_analysis\rrlang\outputs\mesu_register_v0_3_nulls100\mesu_basho_text_only.json,mesu_register_v0_3_nulls100,,,,mesu,unknown,unknown,,,,,,,,,grapheme_class,42,,,other,Positions classified as other in the grapheme-class stream.,0,prime_index_occupancy_bias,markov_2,0.0,0.0,0.0,0.0,0.0,1.0,False,"{""name"": ""prime_index_occupancy_bias"", ""null_model"": ""markov_2"", ""observed"": 0, ""null_mean"": 0, ""null_std"": 0, ""z_score"": 0, ""empirical_p"": 1, ""null_samples"": 100}"
C:\github\5hr-conlang\riemann_analysis\rrlang\outputs\mesu_register_v0_3_nulls100\mesu_basho_text_only.json,mesu_register_v0_3_nulls100,,,,mesu,unknown,unknown,,,,,,,,,grapheme_class,42,,,other,Positions classified as other in the grapheme-class stream.,0,prime_gap_affinity,markov_2,0.0,0.0,0.0,0.0,0.0,1.0,False,"{""name"": ""prime_gap_affinity"", ""null_model"": ""markov_2"", ""observed"": 0, ""null_mean"": 0, ""null_std"": 0, ""z_score"": 0, ""empirical_p"": 1, ""null_samples"": 100}"
C:\github\5hr-conlang\riemann_analysis\rrlang\outputs\mesu_register_v0_3_nulls100\mesu_basho_text_only.json,mesu_register_v0_3_nulls100,,,,mesu,unknown,unknown,,,,,,,,,grapheme_class,42,,,other,Positions classified as other in the grapheme-class stream.,0,zeta_spectral_coherence,markov_2,0.0,0.0,0.0,0.0,0.0,1.0,False,"{""name"": ""zeta_spectral_coherence"", ""null_model"": ""markov_2"", ""observed"": 0, ""null_mean"": 0, ""null_std"": 0, ""z_score"": 0, ""empirical_p"": 1, ""null_samples"": 100}"
C:\github\5hr-conlang\riemann_analysis\rrlang\outputs\mesu_register_v0_3_nulls100\mesu_basho_text_only.json,mesu_register_v0_3_nulls100,,,,mesu,unknown,unknown,,,,,,,,,grapheme_class,42,,,other,Positions classified as other in the grapheme-class stream.,0,critical_line_symmetry,markov_2,1.0,1.0,0.0,0.0,0.0,1.0,False,"{""name"": ""critical_line_symmetry"", ""null_model"": ""markov_2"", ""observed"": 1, ""null_mean"": 1, ""null_std"": 0, ""z_score"": 0, ""empirical_p"": 1, ""null_samples"": 100}"
C:\github\5hr-conlang\riemann_analysis\rrlang\outputs\mesu_register_v0_3_nulls100\mesu_basho_text_only.json,mesu_register_v0_3_nulls100,,,,mesu,unknown,unknown,,,,,,,,,word_boundary,42,,,word_boundary,Positions marked as word boundaries after declared whitespace preprocessing.,9,event_density,observed_only,0.214285714286,,,,,,,"{""name"": ""event_density"", ""value"": 0.214285714286, ""details"": ""count(event=true) / sequence_length""}"
C:\github\5hr-conlang\riemann_analysis\rrlang\outputs\mesu_register_v0_3_nulls100\mesu_basho_text_only.json,mesu_register_v0_3_nulls100,,,,mesu,unknown,unknown,,,,,,,,,word_boundary,42,,,word_boundary,Positions marked as word boundaries after declared whitespace preprocessing.,9,event_count,observed_only,9.0,,,,,,,"{""name"": ""event_count"", ""value"": 9, ""details"": ""Number of true positions in the event map.""}"
C:\github\5hr-conlang\riemann_analysis\rrlang\outputs\mesu_register_v0_3_nulls100\mesu_basho_text_only.json,mesu_register_v0_3_nulls100,,,,mesu,unknown,unknown,,,,,,,,,word_boundary,42,,,word_boundary,Positions marked as word boundaries after declared whitespace preprocessing.,9,sequence_length,observed_only,42.0,,,,,,,"{""name"": ""sequence_length"", ""value"": 42, ""details"": ""Number of positions in the event map.""}"
C:\github\5hr-conlang\riemann_analysis\rrlang\outputs\mesu_register_v0_3_nulls100\mesu_basho_text_only.json,mesu_register_v0_3_nulls100,,,,mesu,unknown,unknown,,,,,,,,,word_boundary,42,,,word_boundary,Positions marked as word boundaries after declared whitespace preprocessing.,9,modular_residue_peak_m_2,observed_only,0.888888888889,,,,,,,"{""name"": ""modular_residue_peak_m_2"", ""value"": 0.888888888889, ""details"": ""Largest event-position residue fraction modulo 2.""}"
C:\github\5hr-conlang\riemann_analysis\rrlang\outputs\mesu_register_v0_3_nulls100\mesu_basho_text_only.json,mesu_register_v0_3_nulls100,,,,mesu,unknown,unknown,,,,,,,,,word_boundary,42,,,word_boundary,Positions marked as word boundaries after declared whitespace preprocessing.,9,modular_residue_peak_m_3,observed_only,0.444444444444,,,,,,,"{""name"": ""modular_residue_peak_m_3"", ""value"": 0.444444444444, ""details"": ""Largest event-position residue fraction modulo 3.""}"
C:\github\5hr-conlang\riemann_analysis\rrlang\outputs\mesu_register_v0_3_nulls100\mesu_basho_text_only.json,mesu_register_v0_3_nulls100,,,,mesu,unknown,unknown,,,,,,,,,word_boundary,42,,,word_boundary,Positions marked as word boundaries after declared whitespace preprocessing.,9,modular_residue_peak_m_5,observed_only,0.333333333333,,,,,,,"{""name"": ""modular_residue_peak_m_5"", ""value"": 0.333333333333, ""details"": ""Largest event-position residue fraction modulo 5.""}"
C:\github\5hr-conlang\riemann_analysis\rrlang\outputs\mesu_register_v0_3_nulls100\mesu_basho_text_only.json,mesu_register_v0_3_nulls100,,,,mesu,unknown,unknown,,,,,,,,,word_boundary,42,,,word_boundary,Positions marked as word boundaries after declared whitespace preprocessing.,9,modular_residue_peak_m_7,observed_only,0.222222222222,,,,,,,"{""name"": ""modular_residue_peak_m_7"", ""value"": 0.222222222222, ""details"": ""Largest event-position residue fraction modulo 7.""}"
C:\github\5hr-conlang\riemann_analysis\rrlang\outputs\mesu_register_v0_3_nulls100\mesu_basho_text_only.json,mesu_register_v0_3_nulls100,,,,mesu,unknown,unknown,,,,,,,,,word_boundary,42,,,word_boundary,Positions marked as word boundaries after declared whitespace preprocessing.,9,gap_entropy,density_shuffle,1.90563906223,2.307743574299,0.289217021353,-1.390321047453,1.390321047453,0.257425742574,,"{""name"": ""gap_entropy"", ""null_model"": ""density_shuffle"", ""observed"": 1.90563906223, ""null_mean"": 2.307743574299, ""null_std"": 0.289217021353, ""z_score"": -1.390321047453, ""empirical_p"": 0.257425742574, ""null_samples"": 100}"
C:\github\5hr-conlang\riemann_analysis\rrlang\outputs\mesu_register_v0_3_nulls100\mesu_basho_text_only.json,mesu_register_v0_3_nulls100,,,,mesu,unknown,unknown,,,,,,,,,word_boundary,42,,,word_boundary,Positions marked as word boundaries after declared whitespace preprocessing.,9,run_entropy,density_shuffle,1.667951197199,1.990348444628,0.271602346159,-1.187019375897,1.187019375897,0.207920792079,,"{""name"": ""run_entropy"", ""null_model"": ""density_shuffle"", ""observed"": 1.667951197199, ""null_mean"": 1.990348444628, ""null_std"": 0.271602346159, ""z_score"": -1.187019375897, ""empirical_p"": 0.207920792079, ""null_samples"": 100}"
C:\github\5hr-conlang\riemann_analysis\rrlang\outputs\mesu_register_v0_3_nulls100\mesu_basho_text_only.json,mesu_register_v0_3_nulls100,,,,mesu,unknown,unknown,,,,,,,,,word_boundary,42,,,word_boundary,Positions marked as word boundaries after declared whitespace preprocessing.,9,prime_index_occupancy_bias,density_shuffle,-0.208791208791,0.011648351648,0.141311385851,-1.559956114733,1.559956114733,0.168316831683,,"{""name"": ""prime_index_occupancy_bias"", ""null_model"": ""density_shuffle"", ""observed"": -0.208791208791, ""null_mean"": 0.011648351648, ""null_std"": 0.141311385851, ""z_score"": -1.559956114733, ""empirical_p"": 0.168316831683, ""null_samples"": 100}"
C:\github\5hr-conlang\riemann_analysis\rrlang\outputs\mesu_register_v0_3_nulls100\mesu_basho_text_only.json,mesu_register_v0_3_nulls100,,,,mesu,unknown,unknown,,,,,,,,,word_boundary,42,,,word_boundary,Positions marked as word boundaries after declared whitespace preprocessing.,9,prime_gap_affinity,density_shuffle,0.625,0.50125,0.185910773374,0.665641897745,0.665641897745,0.742574257426,,"{""name"": ""prime_gap_affinity"", ""null_model"": ""density_shuffle"", ""observed"": 0.625, ""null_mean"": 0.50125, ""null_std"": 0.185910773374, ""z_score"": 0.665641897745, ""empirical_p"": 0.742574257426, ""null_samples"": 100}"
C:\github\5hr-conlang\riemann_analysis\rrlang\outputs\mesu_register_v0_3_nulls100\mesu_basho_text_only.json,mesu_register_v0_3_nulls100,,,,mesu,unknown,unknown,,,,,,,,,word_boundary,42,,,word_boundary,Positions marked as word boundaries after declared whitespace preprocessing.,9,zeta_spectral_coherence,density_shuffle,0.011759892742,0.017514408337,0.008005124616,-0.718853968074,0.718853968074,0.524752475248,,"{""name"": ""zeta_spectral_coherence"", ""null_model"": ""density_shuffle"", ""observed"": 0.011759892742, ""null_mean"": 0.017514408337, ""null_std"": 0.008005124616, ""z_score"": -0.718853968074, ""empirical_p"": 0.524752475248, ""null_samples"": 100}"
C:\github\5hr-conlang\riemann_analysis\rrlang\outputs\mesu_register_v0_3_nulls100\mesu_basho_text_only.json,mesu_register_v0_3_nulls100,,,,mesu,unknown,unknown,,,,,,,,,word_boundary,42,,,word_boundary,Positions marked as word boundaries after declared whitespace preprocessing.,9,critical_line_symmetry,density_shuffle,0.886537983487,0.906565111516,0.029968464818,-0.668273405091,0.668273405091,0.564356435644,,"{""name"": ""critical_line_symmetry"", ""null_model"": ""density_shuffle"", ""observed"": 0.886537983487, ""null_mean"": 0.906565111516, ""null_std"": 0.029968464818, ""z_score"": -0.668273405091, ""empirical_p"": 0.564356435644, ""null_samples"": 100}"
C:\github\5hr-conlang\riemann_analysis\rrlang\outputs\mesu_register_v0_3_nulls100\mesu_basho_text_only.json,mesu_register_v0_3_nulls100,,,,mesu,unknown,unknown,,,,,,,,,word_boundary,42,,,word_boundary,Positions marked as word boundaries after declared whitespace preprocessing.,9,gap_entropy,markov_1,1.90563906223,2.084763891424,0.295822319358,-0.6055149239,0.6055149239,0.524752475248,,"{""name"": ""gap_entropy"", ""null_model"": ""markov_1"", ""observed"": 1.90563906223, ""null_mean"": 2.084763891424, ""null_std"": 0.295822319358, ""z_score"": -0.6055149239, ""empirical_p"": 0.524752475248, ""null_samples"": 100}"
C:\github\5hr-conlang\riemann_analysis\rrlang\outputs\mesu_register_v0_3_nulls100\mesu_basho_text_only.json,mesu_register_v0_3_nulls100,,,,mesu,unknown,unknown,,,,,,,,,word_boundary,42,,,word_boundary,Positions marked as word boundaries after declared whitespace preprocessing.,9,run_entropy,markov_1,1.667951197199,1.653201097029,0.25332123132,0.058226861179,0.058226861179,0.970297029703,,"{""name"": ""run_entropy"", ""null_model"": ""markov_1"", ""observed"": 1.667951197199, ""null_mean"": 1.653201097029, ""null_std"": 0.25332123132, ""z_score"": 0.058226861179, ""empirical_p"": 0.970297029703, ""null_samples"": 100}"
C:\github\5hr-conlang\riemann_analysis\rrlang\outputs\mesu_register_v0_3_nulls100\mesu_basho_text_only.json,mesu_register_v0_3_nulls100,,,,mesu,unknown,unknown,,,,,,,,,word_boundary,42,,,word_boundary,Positions marked as word boundaries after declared whitespace preprocessing.,9,prime_index_occupancy_bias,markov_1,-0.208791208791,0.030054945055,0.165165900113,-1.446098460296,1.446098460296,0.148514851485,,"{""name"": ""prime_index_occupancy_bias"", ""null_model"": ""markov_1"", ""observed"": -0.208791208791, ""null_mean"": 0.030054945055, ""null_std"": 0.165165900113, ""z_score"": -1.446098460296, ""empirical_p"": 0.148514851485, ""null_samples"": 100}"
C:\github\5hr-conlang\riemann_analysis\rrlang\outputs\mesu_register_v0_3_nulls100\mesu_basho_text_only.json,mesu_register_v0_3_nulls100,,,,mesu,unknown,unknown,,,,,,,,,word_boundary,42,,,word_boundary,Positions marked as word boundaries after declared whitespace preprocessing.,9,prime_gap_affinity,markov_1,0.625,0.659863913864,0.190052474606,-0.183443619643,0.183443619643,0.881188118812,,"{""name"": ""prime_gap_affinity"", ""null_model"": ""markov_1"", ""observed"": 0.625, ""null_mean"": 0.659863913864, ""null_std"": 0.190052474606, ""z_score"": -0.183443619643, ""empirical_p"": 0.881188118812, ""null_samples"": 100}"
C:\github\5hr-conlang\riemann_analysis\rrlang\outputs\mesu_register_v0_3_nulls100\mesu_basho_text_only.json,mesu_register_v0_3_nulls100,,,,mesu,unknown,unknown,,,,,,,,,word_boundary,42,,,word_boundary,Positions marked as word boundaries after declared whitespace preprocessing.,9,zeta_spectral_coherence,markov_1,0.011759892742,0.015645639626,0.007325482734,-0.530442432944,0.530442432944,0.60396039604,,"{""name"": ""zeta_spectral_coherence"", ""null_model"": ""markov_1"", ""observed"": 0.011759892742, ""null_mean"": 0.015645639626, ""null_std"": 0.007325482734, ""z_score"": -0.530442432944, ""empirical_p"": 0.60396039604, ""null_samples"": 100}"
C:\github\5hr-conlang\riemann_analysis\rrlang\outputs\mesu_register_v0_3_nulls100\mesu_basho_text_only.json,mesu_register_v0_3_nulls100,,,,mesu,unknown,unknown,,,,,,,,,word_boundary,42,,,word_boundary,Positions marked as word boundaries after declared whitespace preprocessing.,9,critical_line_symmetry,markov_1,0.886537983487,0.921812780089,0.02965479015,-1.189514288338,1.189514288338,0.237623762376,,"{""name"": ""critical_line_symmetry"", ""null_model"": ""markov_1"", ""observed"": 0.886537983487, ""null_mean"": 0.921812780089, ""null_std"": 0.02965479015, ""z_score"": -1.189514288338, ""empirical_p"": 0.237623762376, ""null_samples"": 100}"
C:\github\5hr-conlang\riemann_analysis\rrlang\outputs\mesu_register_v0_3_nulls100\mesu_basho_text_only.json,mesu_register_v0_3_nulls100,,,,mesu,unknown,unknown,,,,,,,,,word_boundary,42,,,word_boundary,Positions marked as word boundaries after declared whitespace preprocessing.,9,gap_entropy,markov_2,1.90563906223,2.036240828493,0.339972477712,-0.384153938409,0.384153938409,0.732673267327,False,"{""name"": ""gap_entropy"", ""null_model"": ""markov_2"", ""observed"": 1.90563906223, ""null_mean"": 2.036240828493, ""null_std"": 0.339972477712, ""z_score"": -0.384153938409, ""empirical_p"": 0.732673267327, ""null_samples"": 100}"
C:\github\5hr-conlang\riemann_analysis\rrlang\outputs\mesu_register_v0_3_nulls100\mesu_basho_text_only.json,mesu_register_v0_3_nulls100,,,,mesu,unknown,unknown,,,,,,,,,word_boundary,42,,,word_boundary,Positions marked as word boundaries after declared whitespace preprocessing.,9,run_entropy,markov_2,1.667951197199,1.606191099114,0.260469042174,0.237111088401,0.237111088401,0.762376237624,False,"{""name"": ""run_entropy"", ""null_model"": ""markov_2"", ""observed"": 1.667951197199, ""null_mean"": 1.606191099114, ""null_std"": 0.260469042174, ""z_score"": 0.237111088401, ""empirical_p"": 0.762376237624, ""null_samples"": 100}"
C:\github\5hr-conlang\riemann_analysis\rrlang\outputs\mesu_register_v0_3_nulls100\mesu_basho_text_only.json,mesu_register_v0_3_nulls100,,,,mesu,unknown,unknown,,,,,,,,,word_boundary,42,,,word_boundary,Positions marked as word boundaries after declared whitespace preprocessing.,9,prime_index_occupancy_bias,markov_2,-0.208791208791,-0.001648351648,0.160588353237,-1.289899628261,1.289899628261,0.237623762376,False,"{""name"": ""prime_index_occupancy_bias"", ""null_model"": ""markov_2"", ""observed"": -0.208791208791, ""null_mean"": -0.001648351648, ""null_std"": 0.160588353237, ""z_score"": -1.289899628261, ""empirical_p"": 0.237623762376, ""null_samples"": 100}"
C:\github\5hr-conlang\riemann_analysis\rrlang\outputs\mesu_register_v0_3_nulls100\mesu_basho_text_only.json,mesu_register_v0_3_nulls100,,,,mesu,unknown,unknown,,,,,,,,,word_boundary,42,,,word_boundary,Positions marked as word boundaries after declared whitespace preprocessing.,9,prime_gap_affinity,markov_2,0.625,0.701184953935,0.153006803442,-0.497918734468,0.497918734468,0.60396039604,False,"{""name"": ""prime_gap_affinity"", ""null_model"": ""markov_2"", ""observed"": 0.625, ""null_mean"": 0.701184953935, ""null_std"": 0.153006803442, ""z_score"": -0.497918734468, ""empirical_p"": 0.60396039604, ""null_samples"": 100}"
C:\github\5hr-conlang\riemann_analysis\rrlang\outputs\mesu_register_v0_3_nulls100\mesu_basho_text_only.json,mesu_register_v0_3_nulls100,,,,mesu,unknown,unknown,,,,,,,,,word_boundary,42,,,word_boundary,Positions marked as word boundaries after declared whitespace preprocessing.,9,zeta_spectral_coherence,markov_2,0.011759892742,0.014704277437,0.007130879728,-0.412906234202,0.412906234202,0.643564356436,False,"{""name"": ""zeta_spectral_coherence"", ""null_model"": ""markov_2"", ""observed"": 0.011759892742, ""null_mean"": 0.014704277437, ""null_std"": 0.007130879728, ""z_score"": -0.412906234202, ""empirical_p"": 0.643564356436, ""null_samples"": 100}"
C:\github\5hr-conlang\riemann_analysis\rrlang\outputs\mesu_register_v0_3_nulls100\mesu_basho_text_only.json,mesu_register_v0_3_nulls100,,,,mesu,unknown,unknown,,,,,,,,,word_boundary,42,,,word_boundary,Positions marked as word boundaries after declared whitespace preprocessing.,9,critical_line_symmetry,markov_2,0.886537983487,0.91418918155,0.030577182357,-0.90430824334,0.90430824334,0.376237623762,False,"{""name"": ""critical_line_symmetry"", ""null_model"": ""markov_2"", ""observed"": 0.886537983487, ""null_mean"": 0.91418918155, ""null_std"": 0.030577182357, ""z_score"": -0.90430824334, ""empirical_p"": 0.376237623762, ""null_samples"": 100}"
C:\github\5hr-conlang\riemann_analysis\rrlang\outputs\mesu_register_v0_3_nulls100\mesu_basho_text_only.json,mesu_register_v0_3_nulls100,,,,mesu,unknown,unknown,,,,,,,,,word_boundary,42,,,word_boundary,Positions marked as word boundaries after declared whitespace preprocessing.,9,gap_entropy,gap_order_shuffle,1.90563906223,1.90563906223,0.0,-0.994987437107,0.994987437107,1.0,,"{""name"": ""gap_entropy"", ""null_model"": ""gap_order_shuffle"", ""observed"": 1.90563906223, ""null_mean"": 1.90563906223, ""null_std"": 0.0, ""z_score"": -0.994987437107, ""empirical_p"": 1, ""null_samples"": 100}"
C:\github\5hr-conlang\riemann_analysis\rrlang\outputs\mesu_register_v0_3_nulls100\mesu_basho_text_only.json,mesu_register_v0_3_nulls100,,,,mesu,unknown,unknown,,,,,,,,,word_boundary,42,,,word_boundary,Positions marked as word boundaries after declared whitespace preprocessing.,9,run_entropy,gap_order_shuffle,1.667951197199,1.667951197199,0.0,-0.910154463562,0.910154463562,1.0,,"{""name"": ""run_entropy"", ""null_model"": ""gap_order_shuffle"", ""observed"": 1.667951197199, ""null_mean"": 1.667951197199, ""null_std"": 0.0, ""z_score"": -0.910154463562, ""empirical_p"": 1, ""null_samples"": 100}"
C:\github\5hr-conlang\riemann_analysis\rrlang\outputs\mesu_register_v0_3_nulls100\mesu_basho_text_only.json,mesu_register_v0_3_nulls100,,,,mesu,unknown,unknown,,,,,,,,,word_boundary,42,,,word_boundary,Positions marked as word boundaries after declared whitespace preprocessing.,9,prime_index_occupancy_bias,gap_order_shuffle,-0.208791208791,-0.124313186813,0.135254877139,-0.624583924552,0.624583924552,0.732673267327,,"{""name"": ""prime_index_occupancy_bias"", ""null_model"": ""gap_order_shuffle"", ""observed"": -0.208791208791, ""null_mean"": -0.124313186813, ""null_std"": 0.135254877139, ""z_score"": -0.624583924552, ""empirical_p"": 0.732673267327, ""null_samples"": 100}"
C:\github\5hr-conlang\riemann_analysis\rrlang\outputs\mesu_register_v0_3_nulls100\mesu_basho_text_only.json,mesu_register_v0_3_nulls100,,,,mesu,unknown,unknown,,,,,,,,,word_boundary,42,,,word_boundary,Positions marked as word boundaries after declared whitespace preprocessing.,9,prime_gap_affinity,gap_order_shuffle,0.625,0.625,0.0,0.0,0.0,1.0,,"{""name"": ""prime_gap_affinity"", ""null_model"": ""gap_order_shuffle"", ""observed"": 0.625, ""null_mean"": 0.625, ""null_std"": 0, ""z_score"": 0, ""empirical_p"": 1, ""null_samples"": 100}"
C:\github\5hr-conlang\riemann_analysis\rrlang\outputs\mesu_register_v0_3_nulls100\mesu_basho_text_only.json,mesu_register_v0_3_nulls100,,,,mesu,unknown,unknown,,,,,,,,,word_boundary,42,,,word_boundary,Positions marked as word boundaries after declared whitespace preprocessing.,9,zeta_spectral_coherence,gap_order_shuffle,0.011759892742,0.010025074112,0.001931943215,0.897965642313,0.897965642313,0.39603960396,,"{""name"": ""zeta_spectral_coherence"", ""null_model"": ""gap_order_shuffle"", ""observed"": 0.011759892742, ""null_mean"": 0.010025074112, ""null_std"": 0.001931943215, ""z_score"": 0.897965642313, ""empirical_p"": 0.39603960396, ""null_samples"": 100}"
C:\github\5hr-conlang\riemann_analysis\rrlang\outputs\mesu_register_v0_3_nulls100\mesu_basho_text_only.json,mesu_register_v0_3_nulls100,,,,mesu,unknown,unknown,,,,,,,,,word_boundary,42,,,word_boundary,Positions marked as word boundaries after declared whitespace preprocessing.,9,critical_line_symmetry,gap_order_shuffle,0.886537983487,0.888642178361,0.011884150607,-0.177058920172,0.177058920172,0.881188118812,,"{""name"": ""critical_line_symmetry"", ""null_model"": ""gap_order_shuffle"", ""observed"": 0.886537983487, ""null_mean"": 0.888642178361, ""null_std"": 0.011884150607, ""z_score"": -0.177058920172, ""empirical_p"": 0.881188118812, ""null_samples"": 100}"
C:\github\5hr-conlang\riemann_analysis\rrlang\outputs\mesu_register_v0_3_nulls100\mesu_basho_text_only.json,mesu_register_v0_3_nulls100,,,,mesu,unknown,unknown,,,,,,,,,frequency_class,13,,,hapax,Token positions in frequency class hapax.,10,event_density,observed_only,0.769230769231,,,,,,,"{""name"": ""event_density"", ""value"": 0.769230769231, ""details"": ""count(event=true) / sequence_length""}"
C:\github\5hr-conlang\riemann_analysis\rrlang\outputs\mesu_register_v0_3_nulls100\mesu_basho_text_only.json,mesu_register_v0_3_nulls100,,,,mesu,unknown,unknown,,,,,,,,,frequency_class,13,,,hapax,Token positions in frequency class hapax.,10,event_count,observed_only,10.0,,,,,,,"{""name"": ""event_count"", ""value"": 10, ""details"": ""Number of true positions in the event map.""}"
C:\github\5hr-conlang\riemann_analysis\rrlang\outputs\mesu_register_v0_3_nulls100\mesu_basho_text_only.json,mesu_register_v0_3_nulls100,,,,mesu,unknown,unknown,,,,,,,,,frequency_class,13,,,hapax,Token positions in frequency class hapax.,10,sequence_length,observed_only,13.0,,,,,,,"{""name"": ""sequence_length"", ""value"": 13, ""details"": ""Number of positions in the event map.""}"
C:\github\5hr-conlang\riemann_analysis\rrlang\outputs\mesu_register_v0_3_nulls100\mesu_basho_text_only.json,mesu_register_v0_3_nulls100,,,,mesu,unknown,unknown,,,,,,,,,frequency_class,13,,,hapax,Token positions in frequency class hapax.,10,modular_residue_peak_m_2,observed_only,0.7,,,,,,,"{""name"": ""modular_residue_peak_m_2"", ""value"": 0.7, ""details"": ""Largest event-position residue fraction modulo 2.""}"
C:\github\5hr-conlang\riemann_analysis\rrlang\outputs\mesu_register_v0_3_nulls100\mesu_basho_text_only.json,mesu_register_v0_3_nulls100,,,,mesu,unknown,unknown,,,,,,,,,frequency_class,13,,,hapax,Token positions in frequency class hapax.,10,modular_residue_peak_m_3,observed_only,0.4,,,,,,,"{""name"": ""modular_residue_peak_m_3"", ""value"": 0.4, ""details"": ""Largest event-position residue fraction modulo 3.""}"
C:\github\5hr-conlang\riemann_analysis\rrlang\outputs\mesu_register_v0_3_nulls100\mesu_basho_text_only.json,mesu_register_v0_3_nulls100,,,,mesu,unknown,unknown,,,,,,,,,frequency_class,13,,,hapax,Token positions in frequency class hapax.,10,modular_residue_peak_m_5,observed_only,0.3,,,,,,,"{""name"": ""modular_residue_peak_m_5"", ""value"": 0.3, ""details"": ""Largest event-position residue fraction modulo 5.""}"
C:\github\5hr-conlang\riemann_analysis\rrlang\outputs\mesu_register_v0_3_nulls100\mesu_basho_text_only.json,mesu_register_v0_3_nulls100,,,,mesu,unknown,unknown,,,,,,,,,frequency_class,13,,,hapax,Token positions in frequency class hapax.,10,modular_residue_peak_m_7,observed_only,0.2,,,,,,,"{""name"": ""modular_residue_peak_m_7"", ""value"": 0.2, ""details"": ""Largest event-position residue fraction modulo 7.""}"
C:\github\5hr-conlang\riemann_analysis\rrlang\outputs\mesu_register_v0_3_nulls100\mesu_basho_text_only.json,mesu_register_v0_3_nulls100,,,,mesu,unknown,unknown,,,,,,,,,frequency_class,13,,,hapax,Token positions in frequency class hapax.,10,gap_entropy,density_shuffle,0.918295834054,0.801200678202,0.203444990526,0.575561755292,0.575561755292,0.841584158416,,"{""name"": ""gap_entropy"", ""null_model"": ""density_shuffle"", ""observed"": 0.918295834054, ""null_mean"": 0.801200678202, ""null_std"": 0.203444990526, ""z_score"": 0.575561755292, ""empirical_p"": 0.841584158416, ""null_samples"": 100}"
C:\github\5hr-conlang\riemann_analysis\rrlang\outputs\mesu_register_v0_3_nulls100\mesu_basho_text_only.json,mesu_register_v0_3_nulls100,,,,mesu,unknown,unknown,,,,,,,,,frequency_class,13,,,hapax,Token positions in frequency class hapax.,10,run_entropy,density_shuffle,1.148834854281,1.443858916759,0.351498193451,-0.839333083285,0.839333083285,0.485148514851,,"{""name"": ""run_entropy"", ""null_model"": ""density_shuffle"", ""observed"": 1.148834854281, ""null_mean"": 1.443858916759, ""null_std"": 0.351498193451, ""z_score"": -0.839333083285, ""empirical_p"": 0.485148514851, ""null_samples"": 100}"
C:\github\5hr-conlang\riemann_analysis\rrlang\outputs\mesu_register_v0_3_nulls100\mesu_basho_text_only.json,mesu_register_v0_3_nulls100,,,,mesu,unknown,unknown,,,,,,,,,frequency_class,13,,,hapax,Token positions in frequency class hapax.,10,prime_index_occupancy_bias,density_shuffle,0.166666666667,0.028333333333,0.232170019748,0.595827719202,0.595827719202,0.881188118812,,"{""name"": ""prime_index_occupancy_bias"", ""null_model"": ""density_shuffle"", ""observed"": 0.166666666667, ""null_mean"": 0.028333333333, ""null_std"": 0.232170019748, ""z_score"": 0.595827719202, ""empirical_p"": 0.881188118812, ""null_samples"": 100}"
C:\github\5hr-conlang\riemann_analysis\rrlang\outputs\mesu_register_v0_3_nulls100\mesu_basho_text_only.json,mesu_register_v0_3_nulls100,,,,mesu,unknown,unknown,,,,,,,,,frequency_class,13,,,hapax,Token positions in frequency class hapax.,10,prime_gap_affinity,density_shuffle,0.333333333333,0.226666666667,0.098523834696,1.082648345911,1.082648345911,0.60396039604,,"{""name"": ""prime_gap_affinity"", ""null_model"": ""density_shuffle"", ""observed"": 0.333333333333, ""null_mean"": 0.226666666667, ""null_std"": 0.098523834696, ""z_score"": 1.082648345911, ""empirical_p"": 0.60396039604, ""null_samples"": 100}"
C:\github\5hr-conlang\riemann_analysis\rrlang\outputs\mesu_register_v0_3_nulls100\mesu_basho_text_only.json,mesu_register_v0_3_nulls100,,,,mesu,unknown,unknown,,,,,,,,,frequency_class,13,,,hapax,Token positions in frequency class hapax.,10,zeta_spectral_coherence,density_shuffle,0.037142831157,0.042043476197,0.020815354187,-0.235434141366,0.235434141366,0.881188118812,,"{""name"": ""zeta_spectral_coherence"", ""null_model"": ""density_shuffle"", ""observed"": 0.037142831157, ""null_mean"": 0.042043476197, ""null_std"": 0.020815354187, ""z_score"": -0.235434141366, ""empirical_p"": 0.881188118812, ""null_samples"": 100}"
C:\github\5hr-conlang\riemann_analysis\rrlang\outputs\mesu_register_v0_3_nulls100\mesu_basho_text_only.json,mesu_register_v0_3_nulls100,,,,mesu,unknown,unknown,,,,,,,,,frequency_class,13,,,hapax,Token positions in frequency class hapax.,10,critical_line_symmetry,density_shuffle,0.953610063146,0.937267579542,0.024160035612,0.676426304436,0.676426304436,0.534653465347,,"{""name"": ""critical_line_symmetry"", ""null_model"": ""density_shuffle"", ""observed"": 0.953610063146, ""null_mean"": 0.937267579542, ""null_std"": 0.024160035612, ""z_score"": 0.676426304436, ""empirical_p"": 0.534653465347, ""null_samples"": 100}"
C:\github\5hr-conlang\riemann_analysis\rrlang\outputs\mesu_register_v0_3_nulls100\mesu_basho_text_only.json,mesu_register_v0_3_nulls100,,,,mesu,unknown,unknown,,,,,,,,,frequency_class,13,,,hapax,Token positions in frequency class hapax.,10,gap_entropy,markov_1,0.918295834054,0.831570526394,0.201373337481,0.430669267074,0.430669267074,0.821782178218,,"{""name"": ""gap_entropy"", ""null_model"": ""markov_1"", ""observed"": 0.918295834054, ""null_mean"": 0.831570526394, ""null_std"": 0.201373337481, ""z_score"": 0.430669267074, ""empirical_p"": 0.821782178218, ""null_samples"": 100}"
C:\github\5hr-conlang\riemann_analysis\rrlang\outputs\mesu_register_v0_3_nulls100\mesu_basho_text_only.json,mesu_register_v0_3_nulls100,,,,mesu,unknown,unknown,,,,,,,,,frequency_class,13,,,hapax,Token positions in frequency class hapax.,10,run_entropy,markov_1,1.148834854281,1.177495528673,0.406917267099,-0.070433664799,0.070433664799,1.0,,"{""name"": ""run_entropy"", ""null_model"": ""markov_1"", ""observed"": 1.148834854281, ""null_mean"": 1.177495528673, ""null_std"": 0.406917267099, ""z_score"": -0.070433664799, ""empirical_p"": 1, ""null_samples"": 100}"
C:\github\5hr-conlang\riemann_analysis\rrlang\outputs\mesu_register_v0_3_nulls100\mesu_basho_text_only.json,mesu_register_v0_3_nulls100,,,,mesu,unknown,unknown,,,,,,,,,frequency_class,13,,,hapax,Token positions in frequency class hapax.,10,prime_index_occupancy_bias,markov_1,0.166666666667,0.008333333333,0.295281828132,0.536210894979,0.536210894979,0.752475247525,,"{""name"": ""prime_index_occupancy_bias"", ""null_model"": ""markov_1"", ""observed"": 0.166666666667, ""null_mean"": 0.008333333333, ""null_std"": 0.295281828132, ""z_score"": 0.536210894979, ""empirical_p"": 0.752475247525, ""null_samples"": 100}"
C:\github\5hr-conlang\riemann_analysis\rrlang\outputs\mesu_register_v0_3_nulls100\mesu_basho_text_only.json,mesu_register_v0_3_nulls100,,,,mesu,unknown,unknown,,,,,,,,,frequency_class,13,,,hapax,Token positions in frequency class hapax.,10,prime_gap_affinity,markov_1,0.333333333333,0.342323593074,0.166674537815,-0.05393901107,0.05393901107,1.0,,"{""name"": ""prime_gap_affinity"", ""null_model"": ""markov_1"", ""observed"": 0.333333333333, ""null_mean"": 0.342323593074, ""null_std"": 0.166674537815, ""z_score"": -0.05393901107, ""empirical_p"": 1, ""null_samples"": 100}"
C:\github\5hr-conlang\riemann_analysis\rrlang\outputs\mesu_register_v0_3_nulls100\mesu_basho_text_only.json,mesu_register_v0_3_nulls100,,,,mesu,unknown,unknown,,,,,,,,,frequency_class,13,,,hapax,Token positions in frequency class hapax.,10,zeta_spectral_coherence,markov_1,0.037142831157,0.04225928486,0.020243019316,-0.252751510199,0.252751510199,0.871287128713,,"{""name"": ""zeta_spectral_coherence"", ""null_model"": ""markov_1"", ""observed"": 0.037142831157, ""null_mean"": 0.04225928486, ""null_std"": 0.020243019316, ""z_score"": -0.252751510199, ""empirical_p"": 0.871287128713, ""null_samples"": 100}"
C:\github\5hr-conlang\riemann_analysis\rrlang\outputs\mesu_register_v0_3_nulls100\mesu_basho_text_only.json,mesu_register_v0_3_nulls100,,,,mesu,unknown,unknown,,,,,,,,,frequency_class,13,,,hapax,Token positions in frequency class hapax.,10,critical_line_symmetry,markov_1,0.953610063146,0.947680183933,0.021117518926,0.280803783524,0.280803783524,0.722772277228,,"{""name"": ""critical_line_symmetry"", ""null_model"": ""markov_1"", ""observed"": 0.953610063146, ""null_mean"": 0.947680183933, ""null_std"": 0.021117518926, ""z_score"": 0.280803783524, ""empirical_p"": 0.722772277228, ""null_samples"": 100}"
C:\github\5hr-conlang\riemann_analysis\rrlang\outputs\mesu_register_v0_3_nulls100\mesu_basho_text_only.json,mesu_register_v0_3_nulls100,,,,mesu,unknown,unknown,,,,,,,,,frequency_class,13,,,hapax,Token positions in frequency class hapax.,10,gap_entropy,markov_2,0.918295834054,0.712725962739,0.212408900977,0.967802527908,0.967802527908,0.554455445545,False,"{""name"": ""gap_entropy"", ""null_model"": ""markov_2"", ""observed"": 0.918295834054, ""null_mean"": 0.712725962739, ""null_std"": 0.212408900977, ""z_score"": 0.967802527908, ""empirical_p"": 0.554455445545, ""null_samples"": 100}"
C:\github\5hr-conlang\riemann_analysis\rrlang\outputs\mesu_register_v0_3_nulls100\mesu_basho_text_only.json,mesu_register_v0_3_nulls100,,,,mesu,unknown,unknown,,,,,,,,,frequency_class,13,,,hapax,Token positions in frequency class hapax.,10,run_entropy,markov_2,1.148834854281,1.185383633769,0.371173016184,-0.098468309642,0.098468309642,1.0,False,"{""name"": ""run_entropy"", ""null_model"": ""markov_2"", ""observed"": 1.148834854281, ""null_mean"": 1.185383633769, ""null_std"": 0.371173016184, ""z_score"": -0.098468309642, ""empirical_p"": 1, ""null_samples"": 100}"
C:\github\5hr-conlang\riemann_analysis\rrlang\outputs\mesu_register_v0_3_nulls100\mesu_basho_text_only.json,mesu_register_v0_3_nulls100,,,,mesu,unknown,unknown,,,,,,,,,frequency_class,13,,,hapax,Token positions in frequency class hapax.,10,prime_index_occupancy_bias,markov_2,0.166666666667,0.046666666667,0.269138376618,0.445867295135,0.445867295135,0.584158415842,False,"{""name"": ""prime_index_occupancy_bias"", ""null_model"": ""markov_2"", ""observed"": 0.166666666667, ""null_mean"": 0.046666666667, ""null_std"": 0.269138376618, ""z_score"": 0.445867295135, ""empirical_p"": 0.584158415842, ""null_samples"": 100}"
C:\github\5hr-conlang\riemann_analysis\rrlang\outputs\mesu_register_v0_3_nulls100\mesu_basho_text_only.json,mesu_register_v0_3_nulls100,,,,mesu,unknown,unknown,,,,,,,,,frequency_class,13,,,hapax,Token positions in frequency class hapax.,10,prime_gap_affinity,markov_2,0.333333333333,0.251052669553,0.163910873544,0.501984169822,0.501984169822,0.584158415842,False,"{""name"": ""prime_gap_affinity"", ""null_model"": ""markov_2"", ""observed"": 0.333333333333, ""null_mean"": 0.251052669553, ""null_std"": 0.163910873544, ""z_score"": 0.501984169822, ""empirical_p"": 0.584158415842, ""null_samples"": 100}"
C:\github\5hr-conlang\riemann_analysis\rrlang\outputs\mesu_register_v0_3_nulls100\mesu_basho_text_only.json,mesu_register_v0_3_nulls100,,,,mesu,unknown,unknown,,,,,,,,,frequency_class,13,,,hapax,Token positions in frequency class hapax.,10,zeta_spectral_coherence,markov_2,0.037142831157,0.039126446862,0.025899158137,-0.076589968473,0.076589968473,0.970297029703,False,"{""name"": ""zeta_spectral_coherence"", ""null_model"": ""markov_2"", ""observed"": 0.037142831157, ""null_mean"": 0.039126446862, ""null_std"": 0.025899158137, ""z_score"": -0.076589968473, ""empirical_p"": 0.970297029703, ""null_samples"": 100}"
C:\github\5hr-conlang\riemann_analysis\rrlang\outputs\mesu_register_v0_3_nulls100\mesu_basho_text_only.json,mesu_register_v0_3_nulls100,,,,mesu,unknown,unknown,,,,,,,,,frequency_class,13,,,hapax,Token positions in frequency class hapax.,10,critical_line_symmetry,markov_2,0.953610063146,0.939652970452,0.031100815254,0.448769351549,0.448769351549,0.643564356436,False,"{""name"": ""critical_line_symmetry"", ""null_model"": ""markov_2"", ""observed"": 0.953610063146, ""null_mean"": 0.939652970452, ""null_std"": 0.031100815254, ""z_score"": 0.448769351549, ""empirical_p"": 0.643564356436, ""null_samples"": 100}"
C:\github\5hr-conlang\riemann_analysis\rrlang\outputs\mesu_register_v0_3_nulls100\mesu_basho_text_only.json,mesu_register_v0_3_nulls100,,,,mesu,unknown,unknown,,,,,,,,,frequency_class,13,,,mid_frequency,Token positions in frequency class mid_frequency.,3,event_density,observed_only,0.230769230769,,,,,,,"{""name"": ""event_density"", ""value"": 0.230769230769, ""details"": ""count(event=true) / sequence_length""}"
C:\github\5hr-conlang\riemann_analysis\rrlang\outputs\mesu_register_v0_3_nulls100\mesu_basho_text_only.json,mesu_register_v0_3_nulls100,,,,mesu,unknown,unknown,,,,,,,,,frequency_class,13,,,mid_frequency,Token positions in frequency class mid_frequency.,3,event_count,observed_only,3.0,,,,,,,"{""name"": ""event_count"", ""value"": 3, ""details"": ""Number of true positions in the event map.""}"
C:\github\5hr-conlang\riemann_analysis\rrlang\outputs\mesu_register_v0_3_nulls100\mesu_basho_text_only.json,mesu_register_v0_3_nulls100,,,,mesu,unknown,unknown,,,,,,,,,frequency_class,13,,,mid_frequency,Token positions in frequency class mid_frequency.,3,sequence_length,observed_only,13.0,,,,,,,"{""name"": ""sequence_length"", ""value"": 13, ""details"": ""Number of positions in the event map.""}"
C:\github\5hr-conlang\riemann_analysis\rrlang\outputs\mesu_register_v0_3_nulls100\mesu_basho_text_only.json,mesu_register_v0_3_nulls100,,,,mesu,unknown,unknown,,,,,,,,,frequency_class,13,,,mid_frequency,Token positions in frequency class mid_frequency.,3,modular_residue_peak_m_2,observed_only,1.0,,,,,,,"{""name"": ""modular_residue_peak_m_2"", ""value"": 1, ""details"": ""Largest event-position residue fraction modulo 2.""}"
C:\github\5hr-conlang\riemann_analysis\rrlang\outputs\mesu_register_v0_3_nulls100\mesu_basho_text_only.json,mesu_register_v0_3_nulls100,,,,mesu,unknown,unknown,,,,,,,,,frequency_class,13,,,mid_frequency,Token positions in frequency class mid_frequency.,3,modular_residue_peak_m_3,observed_only,0.666666666667,,,,,,,"{""name"": ""modular_residue_peak_m_3"", ""value"": 0.666666666667, ""details"": ""Largest event-position residue fraction modulo 3.""}"
C:\github\5hr-conlang\riemann_analysis\rrlang\outputs\mesu_register_v0_3_nulls100\mesu_basho_text_only.json,mesu_register_v0_3_nulls100,,,,mesu,unknown,unknown,,,,,,,,,frequency_class,13,,,mid_frequency,Token positions in frequency class mid_frequency.,3,modular_residue_peak_m_5,observed_only,0.333333333333,,,,,,,"{""name"": ""modular_residue_peak_m_5"", ""value"": 0.333333333333, ""details"": ""Largest event-position residue fraction modulo 5.""}"
C:\github\5hr-conlang\riemann_analysis\rrlang\outputs\mesu_register_v0_3_nulls100\mesu_basho_text_only.json,mesu_register_v0_3_nulls100,,,,mesu,unknown,unknown,,,,,,,,,frequency_class,13,,,mid_frequency,Token positions in frequency class mid_frequency.,3,modular_residue_peak_m_7,observed_only,0.333333333333,,,,,,,"{""name"": ""modular_residue_peak_m_7"", ""value"": 0.333333333333, ""details"": ""Largest event-position residue fraction modulo 7.""}"
C:\github\5hr-conlang\riemann_analysis\rrlang\outputs\mesu_register_v0_3_nulls100\mesu_basho_text_only.json,mesu_register_v0_3_nulls100,,,,mesu,unknown,unknown,,,,,,,,,frequency_class,13,,,mid_frequency,Token positions in frequency class mid_frequency.,3,gap_entropy,density_shuffle,1.0,0.86,0.34873508802,0.401450857139,0.401450857139,1.0,,"{""name"": ""gap_entropy"", ""null_model"": ""density_shuffle"", ""observed"": 1, ""null_mean"": 0.86, ""null_std"": 0.34873508802, ""z_score"": 0.401450857139, ""empirical_p"": 1, ""null_samples"": 100}"
C:\github\5hr-conlang\riemann_analysis\rrlang\outputs\mesu_register_v0_3_nulls100\mesu_basho_text_only.json,mesu_register_v0_3_nulls100,,,,mesu,unknown,unknown,,,,,,,,,frequency_class,13,,,mid_frequency,Token positions in frequency class mid_frequency.,3,run_entropy,density_shuffle,1.148834854281,1.483327086886,0.345129307006,-0.969179451919,0.969179451919,0.39603960396,,"{""name"": ""run_entropy"", ""null_model"": ""density_shuffle"", ""observed"": 1.148834854281, ""null_mean"": 1.483327086886, ""null_std"": 0.345129307006, ""z_score"": -0.969179451919, ""empirical_p"": 0.39603960396, ""null_samples"": 100}"
C:\github\5hr-conlang\riemann_analysis\rrlang\outputs\mesu_register_v0_3_nulls100\mesu_basho_text_only.json,mesu_register_v0_3_nulls100,,,,mesu,unknown,unknown,,,,,,,,,frequency_class,13,,,mid_frequency,Token positions in frequency class mid_frequency.,3,prime_index_occupancy_bias,density_shuffle,-0.166666666667,0.006666666667,0.24380080552,-0.710962923046,0.710962923046,0.534653465347,,"{""name"": ""prime_index_occupancy_bias"", ""null_model"": ""density_shuffle"", ""observed"": -0.166666666667, ""null_mean"": 0.006666666667, ""null_std"": 0.24380080552, ""z_score"": -0.710962923046, ""empirical_p"": 0.534653465347, ""null_samples"": 100}"
C:\github\5hr-conlang\riemann_analysis\rrlang\outputs\mesu_register_v0_3_nulls100\mesu_basho_text_only.json,mesu_register_v0_3_nulls100,,,,mesu,unknown,unknown,,,,,,,,,frequency_class,13,,,mid_frequency,Token positions in frequency class mid_frequency.,3,prime_gap_affinity,density_shuffle,0.5,0.53,0.368041499636,-0.081512546899,0.081512546899,1.0,,"{""name"": ""prime_gap_affinity"", ""null_model"": ""density_shuffle"", ""observed"": 0.5, ""null_mean"": 0.53, ""null_std"": 0.368041499636, ""z_score"": -0.081512546899, ""empirical_p"": 1, ""null_samples"": 100}"
C:\github\5hr-conlang\riemann_analysis\rrlang\outputs\mesu_register_v0_3_nulls100\mesu_basho_text_only.json,mesu_register_v0_3_nulls100,,,,mesu,unknown,unknown,,,,,,,,,frequency_class,13,,,mid_frequency,Token positions in frequency class mid_frequency.,3,zeta_spectral_coherence,density_shuffle,0.037142831157,0.04322191509,0.02131619043,-0.285186227512,0.285186227512,0.831683168317,,"{""name"": ""zeta_spectral_coherence"", ""null_model"": ""density_shuffle"", ""observed"": 0.037142831157, ""null_mean"": 0.04322191509, ""null_std"": 0.02131619043, ""z_score"": -0.285186227512, ""empirical_p"": 0.831683168317, ""null_samples"": 100}"
C:\github\5hr-conlang\riemann_analysis\rrlang\outputs\mesu_register_v0_3_nulls100\mesu_basho_text_only.json,mesu_register_v0_3_nulls100,,,,mesu,unknown,unknown,,,,,,,,,frequency_class,13,,,mid_frequency,Token positions in frequency class mid_frequency.,3,critical_line_symmetry,density_shuffle,0.953610063146,0.939264725185,0.021806055053,0.657860301905,0.657860301905,0.455445544554,,"{""name"": ""critical_line_symmetry"", ""null_model"": ""density_shuffle"", ""observed"": 0.953610063146, ""null_mean"": 0.939264725185, ""null_std"": 0.021806055053, ""z_score"": 0.657860301905, ""empirical_p"": 0.455445544554, ""null_samples"": 100}"
C:\github\5hr-conlang\riemann_analysis\rrlang\outputs\mesu_register_v0_3_nulls100\mesu_basho_text_only.json,mesu_register_v0_3_nulls100,,,,mesu,unknown,unknown,,,,,,,,,frequency_class,13,,,mid_frequency,Token positions in frequency class mid_frequency.,3,gap_entropy,markov_1,1.0,0.723669166277,0.552656675617,0.500004516212,0.500004516212,0.762376237624,,"{""name"": ""gap_entropy"", ""null_model"": ""markov_1"", ""observed"": 1, ""null_mean"": 0.723669166277, ""null_std"": 0.552656675617, ""z_score"": 0.500004516212, ""empirical_p"": 0.762376237624, ""null_samples"": 100}"
C:\github\5hr-conlang\riemann_analysis\rrlang\outputs\mesu_register_v0_3_nulls100\mesu_basho_text_only.json,mesu_register_v0_3_nulls100,,,,mesu,unknown,unknown,,,,,,,,,frequency_class,13,,,mid_frequency,Token positions in frequency class mid_frequency.,3,run_entropy,markov_1,1.148834854281,1.160628349744,0.33624347233,-0.035074273356,0.035074273356,1.0,,"{""name"": ""run_entropy"", ""null_model"": ""markov_1"", ""observed"": 1.148834854281, ""null_mean"": 1.160628349744, ""null_std"": 0.33624347233, ""z_score"": -0.035074273356, ""empirical_p"": 1, ""null_samples"": 100}"
C:\github\5hr-conlang\riemann_analysis\rrlang\outputs\mesu_register_v0_3_nulls100\mesu_basho_text_only.json,mesu_register_v0_3_nulls100,,,,mesu,unknown,unknown,,,,,,,,,frequency_class,13,,,mid_frequency,Token positions in frequency class mid_frequency.,3,prime_index_occupancy_bias,markov_1,-0.166666666667,0.011666666667,0.305445342841,-0.583846954988,0.583846954988,0.60396039604,,"{""name"": ""prime_index_occupancy_bias"", ""null_model"": ""markov_1"", ""observed"": -0.166666666667, ""null_mean"": 0.011666666667, ""null_std"": 0.305445342841, ""z_score"": -0.583846954988, ""empirical_p"": 0.60396039604, ""null_samples"": 100}"
C:\github\5hr-conlang\riemann_analysis\rrlang\outputs\mesu_register_v0_3_nulls100\mesu_basho_text_only.json,mesu_register_v0_3_nulls100,,,,mesu,unknown,unknown,,,,,,,,,frequency_class,13,,,mid_frequency,Token positions in frequency class mid_frequency.,3,prime_gap_affinity,markov_1,0.5,0.6975,0.354673582563,-0.556850043842,0.556850043842,0.851485148515,,"{""name"": ""prime_gap_affinity"", ""null_model"": ""markov_1"", ""observed"": 0.5, ""null_mean"": 0.6975, ""null_std"": 0.354673582563, ""z_score"": -0.556850043842, ""empirical_p"": 0.851485148515, ""null_samples"": 100}"
C:\github\5hr-conlang\riemann_analysis\rrlang\outputs\mesu_register_v0_3_nulls100\mesu_basho_text_only.json,mesu_register_v0_3_nulls100,,,,mesu,unknown,unknown,,,,,,,,,frequency_class,13,,,mid_frequency,Token positions in frequency class mid_frequency.,3,zeta_spectral_coherence,markov_1,0.037142831157,0.040213950182,0.019885197551,-0.154442469948,0.154442469948,0.930693069307,,"{""name"": ""zeta_spectral_coherence"", ""null_model"": ""markov_1"", ""observed"": 0.037142831157, ""null_mean"": 0.040213950182, ""null_std"": 0.019885197551, ""z_score"": -0.154442469948, ""empirical_p"": 0.930693069307, ""null_samples"": 100}"
C:\github\5hr-conlang\riemann_analysis\rrlang\outputs\mesu_register_v0_3_nulls100\mesu_basho_text_only.json,mesu_register_v0_3_nulls100,,,,mesu,unknown,unknown,,,,,,,,,frequency_class,13,,,mid_frequency,Token positions in frequency class mid_frequency.,3,critical_line_symmetry,markov_1,0.953610063146,0.942188995448,0.023290406853,0.490376478624,0.490376478624,0.594059405941,,"{""name"": ""critical_line_symmetry"", ""null_model"": ""markov_1"", ""observed"": 0.953610063146, ""null_mean"": 0.942188995448, ""null_std"": 0.023290406853, ""z_score"": 0.490376478624, ""empirical_p"": 0.594059405941, ""null_samples"": 100}"
C:\github\5hr-conlang\riemann_analysis\rrlang\outputs\mesu_register_v0_3_nulls100\mesu_basho_text_only.json,mesu_register_v0_3_nulls100,,,,mesu,unknown,unknown,,,,,,,,,frequency_class,13,,,mid_frequency,Token positions in frequency class mid_frequency.,3,gap_entropy,markov_2,1.0,0.534917312648,0.576851077594,0.80624394305,0.80624394305,0.861386138614,False,"{""name"": ""gap_entropy"", ""null_model"": ""markov_2"", ""observed"": 1, ""null_mean"": 0.534917312648, ""null_std"": 0.576851077594, ""z_score"": 0.80624394305, ""empirical_p"": 0.861386138614, ""null_samples"": 100}"
C:\github\5hr-conlang\riemann_analysis\rrlang\outputs\mesu_register_v0_3_nulls100\mesu_basho_text_only.json,mesu_register_v0_3_nulls100,,,,mesu,unknown,unknown,,,,,,,,,frequency_class,13,,,mid_frequency,Token positions in frequency class mid_frequency.,3,run_entropy,markov_2,1.148834854281,1.099259978221,0.45276985858,0.109492438864,0.109492438864,0.920792079208,False,"{""name"": ""run_entropy"", ""null_model"": ""markov_2"", ""observed"": 1.148834854281, ""null_mean"": 1.099259978221, ""null_std"": 0.45276985858, ""z_score"": 0.109492438864, ""empirical_p"": 0.920792079208, ""null_samples"": 100}"
C:\github\5hr-conlang\riemann_analysis\rrlang\outputs\mesu_register_v0_3_nulls100\mesu_basho_text_only.json,mesu_register_v0_3_nulls100,,,,mesu,unknown,unknown,,,,,,,,,frequency_class,13,,,mid_frequency,Token positions in frequency class mid_frequency.,3,prime_index_occupancy_bias,markov_2,-0.166666666667,0.01,0.257131722631,-0.687066787632,0.687066787632,0.584158415842,False,"{""name"": ""prime_index_occupancy_bias"", ""null_model"": ""markov_2"", ""observed"": -0.166666666667, ""null_mean"": 0.01, ""null_std"": 0.257131722631, ""z_score"": -0.687066787632, ""empirical_p"": 0.584158415842, ""null_samples"": 100}"
C:\github\5hr-conlang\riemann_analysis\rrlang\outputs\mesu_register_v0_3_nulls100\mesu_basho_text_only.json,mesu_register_v0_3_nulls100,,,,mesu,unknown,unknown,,,,,,,,,frequency_class,13,,,mid_frequency,Token positions in frequency class mid_frequency.,3,prime_gap_affinity,markov_2,0.5,0.613333333333,0.417678905128,-0.271340812145,0.271340812145,0.891089108911,False,"{""name"": ""prime_gap_affinity"", ""null_model"": ""markov_2"", ""observed"": 0.5, ""null_mean"": 0.613333333333, ""null_std"": 0.417678905128, ""z_score"": -0.271340812145, ""empirical_p"": 0.891089108911, ""null_samples"": 100}"
C:\github\5hr-conlang\riemann_analysis\rrlang\outputs\mesu_register_v0_3_nulls100\mesu_basho_text_only.json,mesu_register_v0_3_nulls100,,,,mesu,unknown,unknown,,,,,,,,,frequency_class,13,,,mid_frequency,Token positions in frequency class mid_frequency.,3,zeta_spectral_coherence,markov_2,0.037142831157,0.038435617777,0.024764503026,-0.052203212763,0.052203212763,0.970297029703,False,"{""name"": ""zeta_spectral_coherence"", ""null_model"": ""markov_2"", ""observed"": 0.037142831157, ""null_mean"": 0.038435617777, ""null_std"": 0.024764503026, ""z_score"": -0.052203212763, ""empirical_p"": 0.970297029703, ""null_samples"": 100}"
C:\github\5hr-conlang\riemann_analysis\rrlang\outputs\mesu_register_v0_3_nulls100\mesu_basho_text_only.json,mesu_register_v0_3_nulls100,,,,mesu,unknown,unknown,,,,,,,,,frequency_class,13,,,mid_frequency,Token positions in frequency class mid_frequency.,3,critical_line_symmetry,markov_2,0.953610063146,0.946887300451,0.029023883938,0.231628637628,0.231628637628,0.851485148515,False,"{""name"": ""critical_line_symmetry"", ""null_model"": ""markov_2"", ""observed"": 0.953610063146, ""null_mean"": 0.946887300451, ""null_std"": 0.029023883938, ""z_score"": 0.231628637628, ""empirical_p"": 0.851485148515, ""null_samples"": 100}"
C:\github\5hr-conlang\riemann_analysis\rrlang\outputs\mesu_register_v0_3_nulls100\mesu_basho_text_only.json,mesu_register_v0_3_nulls100,,,,mesu,unknown,unknown,,,,,,,,,frequency_class,13,,,high_frequency,Token positions in frequency class high_frequency.,0,event_density,observed_only,0.0,,,,,,,"{""name"": ""event_density"", ""value"": 0, ""details"": ""count(event=true) / sequence_length""}"
C:\github\5hr-conlang\riemann_analysis\rrlang\outputs\mesu_register_v0_3_nulls100\mesu_basho_text_only.json,mesu_register_v0_3_nulls100,,,,mesu,unknown,unknown,,,,,,,,,frequency_class,13,,,high_frequency,Token positions in frequency class high_frequency.,0,event_count,observed_only,0.0,,,,,,,"{""name"": ""event_count"", ""value"": 0, ""details"": ""Number of true positions in the event map.""}"
C:\github\5hr-conlang\riemann_analysis\rrlang\outputs\mesu_register_v0_3_nulls100\mesu_basho_text_only.json,mesu_register_v0_3_nulls100,,,,mesu,unknown,unknown,,,,,,,,,frequency_class,13,,,high_frequency,Token positions in frequency class high_frequency.,0,sequence_length,observed_only,13.0,,,,,,,"{""name"": ""sequence_length"", ""value"": 13, ""details"": ""Number of positions in the event map.""}"
C:\github\5hr-conlang\riemann_analysis\rrlang\outputs\mesu_register_v0_3_nulls100\mesu_basho_text_only.json,mesu_register_v0_3_nulls100,,,,mesu,unknown,unknown,,,,,,,,,frequency_class,13,,,high_frequency,Token positions in frequency class high_frequency.,0,modular_residue_peak_m_2,observed_only,0.0,,,,,,,"{""name"": ""modular_residue_peak_m_2"", ""value"": 0, ""details"": ""Largest event-position residue fraction modulo 2.""}"
C:\github\5hr-conlang\riemann_analysis\rrlang\outputs\mesu_register_v0_3_nulls100\mesu_basho_text_only.json,mesu_register_v0_3_nulls100,,,,mesu,unknown,unknown,,,,,,,,,frequency_class,13,,,high_frequency,Token positions in frequency class high_frequency.,0,modular_residue_peak_m_3,observed_only,0.0,,,,,,,"{""name"": ""modular_residue_peak_m_3"", ""value"": 0, ""details"": ""Largest event-position residue fraction modulo 3.""}"
C:\github\5hr-conlang\riemann_analysis\rrlang\outputs\mesu_register_v0_3_nulls100\mesu_basho_text_only.json,mesu_register_v0_3_nulls100,,,,mesu,unknown,unknown,,,,,,,,,frequency_class,13,,,high_frequency,Token positions in frequency class high_frequency.,0,modular_residue_peak_m_5,observed_only,0.0,,,,,,,"{""name"": ""modular_residue_peak_m_5"", ""value"": 0, ""details"": ""Largest event-position residue fraction modulo 5.""}"
C:\github\5hr-conlang\riemann_analysis\rrlang\outputs\mesu_register_v0_3_nulls100\mesu_basho_text_only.json,mesu_register_v0_3_nulls100,,,,mesu,unknown,unknown,,,,,,,,,frequency_class,13,,,high_frequency,Token positions in frequency class high_frequency.,0,modular_residue_peak_m_7,observed_only,0.0,,,,,,,"{""name"": ""modular_residue_peak_m_7"", ""value"": 0, ""details"": ""Largest event-position residue fraction modulo 7.""}"
C:\github\5hr-conlang\riemann_analysis\rrlang\outputs\mesu_register_v0_3_nulls100\mesu_basho_text_only.json,mesu_register_v0_3_nulls100,,,,mesu,unknown,unknown,,,,,,,,,frequency_class,13,,,high_frequency,Token positions in frequency class high_frequency.,0,gap_entropy,density_shuffle,0.0,0.0,0.0,0.0,0.0,1.0,,"{""name"": ""gap_entropy"", ""null_model"": ""density_shuffle"", ""observed"": 0, ""null_mean"": 0, ""null_std"": 0, ""z_score"": 0, ""empirical_p"": 1, ""null_samples"": 100}"
C:\github\5hr-conlang\riemann_analysis\rrlang\outputs\mesu_register_v0_3_nulls100\mesu_basho_text_only.json,mesu_register_v0_3_nulls100,,,,mesu,unknown,unknown,,,,,,,,,frequency_class,13,,,high_frequency,Token positions in frequency class high_frequency.,0,run_entropy,density_shuffle,0.0,0.0,0.0,0.0,0.0,1.0,,"{""name"": ""run_entropy"", ""null_model"": ""density_shuffle"", ""observed"": 0, ""null_mean"": 0, ""null_std"": 0, ""z_score"": 0, ""empirical_p"": 1, ""null_samples"": 100}"
C:\github\5hr-conlang\riemann_analysis\rrlang\outputs\mesu_register_v0_3_nulls100\mesu_basho_text_only.json,mesu_register_v0_3_nulls100,,,,mesu,unknown,unknown,,,,,,,,,frequency_class,13,,,high_frequency,Token positions in frequency class high_frequency.,0,prime_index_occupancy_bias,density_shuffle,0.0,0.0,0.0,0.0,0.0,1.0,,"{""name"": ""prime_index_occupancy_bias"", ""null_model"": ""density_shuffle"", ""observed"": 0, ""null_mean"": 0, ""null_std"": 0, ""z_score"": 0, ""empirical_p"": 1, ""null_samples"": 100}"
C:\github\5hr-conlang\riemann_analysis\rrlang\outputs\mesu_register_v0_3_nulls100\mesu_basho_text_only.json,mesu_register_v0_3_nulls100,,,,mesu,unknown,unknown,,,,,,,,,frequency_class,13,,,high_frequency,Token positions in frequency class high_frequency.,0,prime_gap_affinity,density_shuffle,0.0,0.0,0.0,0.0,0.0,1.0,,"{""name"": ""prime_gap_affinity"", ""null_model"": ""density_shuffle"", ""observed"": 0, ""null_mean"": 0, ""null_std"": 0, ""z_score"": 0, ""empirical_p"": 1, ""null_samples"": 100}"
C:\github\5hr-conlang\riemann_analysis\rrlang\outputs\mesu_register_v0_3_nulls100\mesu_basho_text_only.json,mesu_register_v0_3_nulls100,,,,mesu,unknown,unknown,,,,,,,,,frequency_class,13,,,high_frequency,Token positions in frequency class high_frequency.,0,zeta_spectral_coherence,density_shuffle,0.0,0.0,0.0,0.0,0.0,1.0,,"{""name"": ""zeta_spectral_coherence"", ""null_model"": ""density_shuffle"", ""observed"": 0, ""null_mean"": 0, ""null_std"": 0, ""z_score"": 0, ""empirical_p"": 1, ""null_samples"": 100}"
C:\github\5hr-conlang\riemann_analysis\rrlang\outputs\mesu_register_v0_3_nulls100\mesu_basho_text_only.json,mesu_register_v0_3_nulls100,,,,mesu,unknown,unknown,,,,,,,,,frequency_class,13,,,high_frequency,Token positions in frequency class high_frequency.,0,critical_line_symmetry,density_shuffle,1.0,1.0,0.0,0.0,0.0,1.0,,"{""name"": ""critical_line_symmetry"", ""null_model"": ""density_shuffle"", ""observed"": 1, ""null_mean"": 1, ""null_std"": 0, ""z_score"": 0, ""empirical_p"": 1, ""null_samples"": 100}"
C:\github\5hr-conlang\riemann_analysis\rrlang\outputs\mesu_register_v0_3_nulls100\mesu_basho_text_only.json,mesu_register_v0_3_nulls100,,,,mesu,unknown,unknown,,,,,,,,,frequency_class,13,,,high_frequency,Token positions in frequency class high_frequency.,0,gap_entropy,markov_1,0.0,0.0,0.0,0.0,0.0,1.0,,"{""name"": ""gap_entropy"", ""null_model"": ""markov_1"", ""observed"": 0, ""null_mean"": 0, ""null_std"": 0, ""z_score"": 0, ""empirical_p"": 1, ""null_samples"": 100}"
C:\github\5hr-conlang\riemann_analysis\rrlang\outputs\mesu_register_v0_3_nulls100\mesu_basho_text_only.json,mesu_register_v0_3_nulls100,,,,mesu,unknown,unknown,,,,,,,,,frequency_class,13,,,high_frequency,Token positions in frequency class high_frequency.,0,run_entropy,markov_1,0.0,0.0,0.0,0.0,0.0,1.0,,"{""name"": ""run_entropy"", ""null_model"": ""markov_1"", ""observed"": 0, ""null_mean"": 0, ""null_std"": 0, ""z_score"": 0, ""empirical_p"": 1, ""null_samples"": 100}"
C:\github\5hr-conlang\riemann_analysis\rrlang\outputs\mesu_register_v0_3_nulls100\mesu_basho_text_only.json,mesu_register_v0_3_nulls100,,,,mesu,unknown,unknown,,,,,,,,,frequency_class,13,,,high_frequency,Token positions in frequency class high_frequency.,0,prime_index_occupancy_bias,markov_1,0.0,0.0,0.0,0.0,0.0,1.0,,"{""name"": ""prime_index_occupancy_bias"", ""null_model"": ""markov_1"", ""observed"": 0, ""null_mean"": 0, ""null_std"": 0, ""z_score"": 0, ""empirical_p"": 1, ""null_samples"": 100}"
C:\github\5hr-conlang\riemann_analysis\rrlang\outputs\mesu_register_v0_3_nulls100\mesu_basho_text_only.json,mesu_register_v0_3_nulls100,,,,mesu,unknown,unknown,,,,,,,,,frequency_class,13,,,high_frequency,Token positions in frequency class high_frequency.,0,prime_gap_affinity,markov_1,0.0,0.0,0.0,0.0,0.0,1.0,,"{""name"": ""prime_gap_affinity"", ""null_model"": ""markov_1"", ""observed"": 0, ""null_mean"": 0, ""null_std"": 0, ""z_score"": 0, ""empirical_p"": 1, ""null_samples"": 100}"
C:\github\5hr-conlang\riemann_analysis\rrlang\outputs\mesu_register_v0_3_nulls100\mesu_basho_text_only.json,mesu_register_v0_3_nulls100,,,,mesu,unknown,unknown,,,,,,,,,frequency_class,13,,,high_frequency,Token positions in frequency class high_frequency.,0,zeta_spectral_coherence,markov_1,0.0,0.0,0.0,0.0,0.0,1.0,,"{""name"": ""zeta_spectral_coherence"", ""null_model"": ""markov_1"", ""observed"": 0, ""null_mean"": 0, ""null_std"": 0, ""z_score"": 0, ""empirical_p"": 1, ""null_samples"": 100}"
C:\github\5hr-conlang\riemann_analysis\rrlang\outputs\mesu_register_v0_3_nulls100\mesu_basho_text_only.json,mesu_register_v0_3_nulls100,,,,mesu,unknown,unknown,,,,,,,,,frequency_class,13,,,high_frequency,Token positions in frequency class high_frequency.,0,critical_line_symmetry,markov_1,1.0,1.0,0.0,0.0,0.0,1.0,,"{""name"": ""critical_line_symmetry"", ""null_model"": ""markov_1"", ""observed"": 1, ""null_mean"": 1, ""null_std"": 0, ""z_score"": 0, ""empirical_p"": 1, ""null_samples"": 100}"
C:\github\5hr-conlang\riemann_analysis\rrlang\outputs\mesu_register_v0_3_nulls100\mesu_basho_text_only.json,mesu_register_v0_3_nulls100,,,,mesu,unknown,unknown,,,,,,,,,frequency_class,13,,,high_frequency,Token positions in frequency class high_frequency.,0,gap_entropy,markov_2,0.0,0.0,0.0,0.0,0.0,1.0,False,"{""name"": ""gap_entropy"", ""null_model"": ""markov_2"", ""observed"": 0, ""null_mean"": 0, ""null_std"": 0, ""z_score"": 0, ""empirical_p"": 1, ""null_samples"": 100}"
C:\github\5hr-conlang\riemann_analysis\rrlang\outputs\mesu_register_v0_3_nulls100\mesu_basho_text_only.json,mesu_register_v0_3_nulls100,,,,mesu,unknown,unknown,,,,,,,,,frequency_class,13,,,high_frequency,Token positions in frequency class high_frequency.,0,run_entropy,markov_2,0.0,0.0,0.0,0.0,0.0,1.0,False,"{""name"": ""run_entropy"", ""null_model"": ""markov_2"", ""observed"": 0, ""null_mean"": 0, ""null_std"": 0, ""z_score"": 0, ""empirical_p"": 1, ""null_samples"": 100}"
C:\github\5hr-conlang\riemann_analysis\rrlang\outputs\mesu_register_v0_3_nulls100\mesu_basho_text_only.json,mesu_register_v0_3_nulls100,,,,mesu,unknown,unknown,,,,,,,,,frequency_class,13,,,high_frequency,Token positions in frequency class high_frequency.,0,prime_index_occupancy_bias,markov_2,0.0,0.0,0.0,0.0,0.0,1.0,False,"{""name"": ""prime_index_occupancy_bias"", ""null_model"": ""markov_2"", ""observed"": 0, ""null_mean"": 0, ""null_std"": 0, ""z_score"": 0, ""empirical_p"": 1, ""null_samples"": 100}"
C:\github\5hr-conlang\riemann_analysis\rrlang\outputs\mesu_register_v0_3_nulls100\mesu_basho_text_only.json,mesu_register_v0_3_nulls100,,,,mesu,unknown,unknown,,,,,,,,,frequency_class,13,,,high_frequency,Token positions in frequency class high_frequency.,0,prime_gap_affinity,markov_2,0.0,0.0,0.0,0.0,0.0,1.0,False,"{""name"": ""prime_gap_affinity"", ""null_model"": ""markov_2"", ""observed"": 0, ""null_mean"": 0, ""null_std"": 0, ""z_score"": 0, ""empirical_p"": 1, ""null_samples"": 100}"
C:\github\5hr-conlang\riemann_analysis\rrlang\outputs\mesu_register_v0_3_nulls100\mesu_basho_text_only.json,mesu_register_v0_3_nulls100,,,,mesu,unknown,unknown,,,,,,,,,frequency_class,13,,,high_frequency,Token positions in frequency class high_frequency.,0,zeta_spectral_coherence,markov_2,0.0,0.0,0.0,0.0,0.0,1.0,False,"{""name"": ""zeta_spectral_coherence"", ""null_model"": ""markov_2"", ""observed"": 0, ""null_mean"": 0, ""null_std"": 0, ""z_score"": 0, ""empirical_p"": 1, ""null_samples"": 100}"
C:\github\5hr-conlang\riemann_analysis\rrlang\outputs\mesu_register_v0_3_nulls100\mesu_basho_text_only.json,mesu_register_v0_3_nulls100,,,,mesu,unknown,unknown,,,,,,,,,frequency_class,13,,,high_frequency,Token positions in frequency class high_frequency.,0,critical_line_symmetry,markov_2,1.0,1.0,0.0,0.0,0.0,1.0,False,"{""name"": ""critical_line_symmetry"", ""null_model"": ""markov_2"", ""observed"": 1, ""null_mean"": 1, ""null_std"": 0, ""z_score"": 0, ""empirical_p"": 1, ""null_samples"": 100}"
C:\github\5hr-conlang\riemann_analysis\rrlang\outputs\mesu_register_v0_3_nulls100\mesu_thomas_text_only.json,mesu_register_v0_3_nulls100,,,,mesu,unknown,unknown,,,,,,,,,grapheme,1002,,,vowel,Basic Latin-vowel positions plus common accented vowels.,305,event_density,observed_only,0.304391217565,,,,,,,"{""name"": ""event_density"", ""value"": 0.304391217565, ""details"": ""count(event=true) / sequence_length""}"
C:\github\5hr-conlang\riemann_analysis\rrlang\outputs\mesu_register_v0_3_nulls100\mesu_thomas_text_only.json,mesu_register_v0_3_nulls100,,,,mesu,unknown,unknown,,,,,,,,,grapheme,1002,,,vowel,Basic Latin-vowel positions plus common accented vowels.,305,event_count,observed_only,305.0,,,,,,,"{""name"": ""event_count"", ""value"": 305, ""details"": ""Number of true positions in the event map.""}"
C:\github\5hr-conlang\riemann_analysis\rrlang\outputs\mesu_register_v0_3_nulls100\mesu_thomas_text_only.json,mesu_register_v0_3_nulls100,,,,mesu,unknown,unknown,,,,,,,,,grapheme,1002,,,vowel,Basic Latin-vowel positions plus common accented vowels.,305,sequence_length,observed_only,1002.0,,,,,,,"{""name"": ""sequence_length"", ""value"": 1002, ""details"": ""Number of positions in the event map.""}"
C:\github\5hr-conlang\riemann_analysis\rrlang\outputs\mesu_register_v0_3_nulls100\mesu_thomas_text_only.json,mesu_register_v0_3_nulls100,,,,mesu,unknown,unknown,,,,,,,,,grapheme,1002,,,vowel,Basic Latin-vowel positions plus common accented vowels.,305,modular_residue_peak_m_2,observed_only,0.518032786885,,,,,,,"{""name"": ""modular_residue_peak_m_2"", ""value"": 0.518032786885, ""details"": ""Largest event-position residue fraction modulo 2.""}"
C:\github\5hr-conlang\riemann_analysis\rrlang\outputs\mesu_register_v0_3_nulls100\mesu_thomas_text_only.json,mesu_register_v0_3_nulls100,,,,mesu,unknown,unknown,,,,,,,,,grapheme,1002,,,vowel,Basic Latin-vowel positions plus common accented vowels.,305,modular_residue_peak_m_3,observed_only,0.403278688525,,,,,,,"{""name"": ""modular_residue_peak_m_3"", ""value"": 0.403278688525, ""details"": ""Largest event-position residue fraction modulo 3.""}"
C:\github\5hr-conlang\riemann_analysis\rrlang\outputs\mesu_register_v0_3_nulls100\mesu_thomas_text_only.json,mesu_register_v0_3_nulls100,,,,mesu,unknown,unknown,,,,,,,,,grapheme,1002,,,vowel,Basic Latin-vowel positions plus common accented vowels.,305,modular_residue_peak_m_5,observed_only,0.222950819672,,,,,,,"{""name"": ""modular_residue_peak_m_5"", ""value"": 0.222950819672, ""details"": ""Largest event-position residue fraction modulo 5.""}"
C:\github\5hr-conlang\riemann_analysis\rrlang\outputs\mesu_register_v0_3_nulls100\mesu_thomas_text_only.json,mesu_register_v0_3_nulls100,,,,mesu,unknown,unknown,,,,,,,,,grapheme,1002,,,vowel,Basic Latin-vowel positions plus common accented vowels.,305,modular_residue_peak_m_7,observed_only,0.16393442623,,,,,,,"{""name"": ""modular_residue_peak_m_7"", ""value"": 0.16393442623, ""details"": ""Largest event-position residue fraction modulo 7.""}"
C:\github\5hr-conlang\riemann_analysis\rrlang\outputs\mesu_register_v0_3_nulls100\mesu_thomas_text_only.json,mesu_register_v0_3_nulls100,,,,mesu,unknown,unknown,,,,,,,,,grapheme,1002,,,vowel,Basic Latin-vowel positions plus common accented vowels.,305,gap_entropy,density_shuffle,1.418014404039,2.864834996637,0.01349534313,-107.208877806335,107.208877806335,0.009900990099,,"{""name"": ""gap_entropy"", ""null_model"": ""density_shuffle"", ""observed"": 1.418014404039, ""null_mean"": 2.864834996637, ""null_std"": 0.01349534313, ""z_score"": -107.208877806335, ""empirical_p"": 0.009900990099, ""null_samples"": 100}"
C:\github\5hr-conlang\riemann_analysis\rrlang\outputs\mesu_register_v0_3_nulls100\mesu_thomas_text_only.json,mesu_register_v0_3_nulls100,,,,mesu,unknown,unknown,,,,,,,,,grapheme,1002,,,vowel,Basic Latin-vowel positions plus common accented vowels.,305,run_entropy,density_shuffle,1.51974821342,2.252889114983,0.060343021571,-12.149555698111,12.149555698111,0.009900990099,,"{""name"": ""run_entropy"", ""null_model"": ""density_shuffle"", ""observed"": 1.51974821342, ""null_mean"": 2.252889114983, ""null_std"": 0.060343021571, ""z_score"": -12.149555698111, ""empirical_p"": 0.009900990099, ""null_samples"": 100}"
C:\github\5hr-conlang\riemann_analysis\rrlang\outputs\mesu_register_v0_3_nulls100\mesu_thomas_text_only.json,mesu_register_v0_3_nulls100,,,,mesu,unknown,unknown,,,,,,,,,grapheme,1002,,,vowel,Basic Latin-vowel positions plus common accented vowels.,305,prime_index_occupancy_bias,density_shuffle,0.028461384554,0.001941776711,0.038428977517,0.690094026877,0.690094026877,0.514851485149,,"{""name"": ""prime_index_occupancy_bias"", ""null_model"": ""density_shuffle"", ""observed"": 0.028461384554, ""null_mean"": 0.001941776711, ""null_std"": 0.038428977517, ""z_score"": 0.690094026877, ""empirical_p"": 0.514851485149, ""null_samples"": 100}"
C:\github\5hr-conlang\riemann_analysis\rrlang\outputs\mesu_register_v0_3_nulls100\mesu_thomas_text_only.json,mesu_register_v0_3_nulls100,,,,mesu,unknown,unknown,,,,,,,,,grapheme,1002,,,vowel,Basic Latin-vowel positions plus common accented vowels.,305,prime_gap_affinity,density_shuffle,0.736842105263,0.477039473684,0.025599894914,10.148581955224,10.148581955224,0.009900990099,,"{""name"": ""prime_gap_affinity"", ""null_model"": ""density_shuffle"", ""observed"": 0.736842105263, ""null_mean"": 0.477039473684, ""null_std"": 0.025599894914, ""z_score"": 10.148581955224, ""empirical_p"": 0.009900990099, ""null_samples"": 100}"
C:\github\5hr-conlang\riemann_analysis\rrlang\outputs\mesu_register_v0_3_nulls100\mesu_thomas_text_only.json,mesu_register_v0_3_nulls100,,,,mesu,unknown,unknown,,,,,,,,,grapheme,1002,,,vowel,Basic Latin-vowel positions plus common accented vowels.,305,zeta_spectral_coherence,density_shuffle,0.001028088197,0.001478886068,0.000542485025,-0.830986755911,0.830986755911,0.386138613861,,"{""name"": ""zeta_spectral_coherence"", ""null_model"": ""density_shuffle"", ""observed"": 0.001028088197, ""null_mean"": 0.001478886068, ""null_std"": 0.000542485025, ""z_score"": -0.830986755911, ""empirical_p"": 0.386138613861, ""null_samples"": 100}"
C:\github\5hr-conlang\riemann_analysis\rrlang\outputs\mesu_register_v0_3_nulls100\mesu_thomas_text_only.json,mesu_register_v0_3_nulls100,,,,mesu,unknown,unknown,,,,,,,,,grapheme,1002,,,vowel,Basic Latin-vowel positions plus common accented vowels.,305,critical_line_symmetry,density_shuffle,0.932778906173,0.826785192331,0.035778386643,2.962506803309,2.962506803309,0.009900990099,,"{""name"": ""critical_line_symmetry"", ""null_model"": ""density_shuffle"", ""observed"": 0.932778906173, ""null_mean"": 0.826785192331, ""null_std"": 0.035778386643, ""z_score"": 2.962506803309, ""empirical_p"": 0.009900990099, ""null_samples"": 100}"
C:\github\5hr-conlang\riemann_analysis\rrlang\outputs\mesu_register_v0_3_nulls100\mesu_thomas_text_only.json,mesu_register_v0_3_nulls100,,,,mesu,unknown,unknown,,,,,,,,,grapheme,1002,,,vowel,Basic Latin-vowel positions plus common accented vowels.,305,gap_entropy,markov_1,1.418014404039,2.290119489824,0.075247454693,-11.589828378094,11.589828378094,0.009900990099,,"{""name"": ""gap_entropy"", ""null_model"": ""markov_1"", ""observed"": 1.418014404039, ""null_mean"": 2.290119489824, ""null_std"": 0.075247454693, ""z_score"": -11.589828378094, ""empirical_p"": 0.009900990099, ""null_samples"": 100}"
C:\github\5hr-conlang\riemann_analysis\rrlang\outputs\mesu_register_v0_3_nulls100\mesu_thomas_text_only.json,mesu_register_v0_3_nulls100,,,,mesu,unknown,unknown,,,,,,,,,grapheme,1002,,,vowel,Basic Latin-vowel positions plus common accented vowels.,305,run_entropy,markov_1,1.51974821342,1.499195562011,0.052968549723,0.388016124964,0.388016124964,0.752475247525,,"{""name"": ""run_entropy"", ""null_model"": ""markov_1"", ""observed"": 1.51974821342, ""null_mean"": 1.499195562011, ""null_std"": 0.052968549723, ""z_score"": 0.388016124964, ""empirical_p"": 0.752475247525, ""null_samples"": 100}"
C:\github\5hr-conlang\riemann_analysis\rrlang\outputs\mesu_register_v0_3_nulls100\mesu_thomas_text_only.json,mesu_register_v0_3_nulls100,,,,mesu,unknown,unknown,,,,,,,,,grapheme,1002,,,vowel,Basic Latin-vowel positions plus common accented vowels.,305,prime_index_occupancy_bias,markov_1,0.028461384554,-0.002357943177,0.040743803564,0.756417541684,0.756417541684,0.50495049505,,"{""name"": ""prime_index_occupancy_bias"", ""null_model"": ""markov_1"", ""observed"": 0.028461384554, ""null_mean"": -0.002357943177, ""null_std"": 0.040743803564, ""z_score"": 0.756417541684, ""empirical_p"": 0.50495049505, ""null_samples"": 100}"
C:\github\5hr-conlang\riemann_analysis\rrlang\outputs\mesu_register_v0_3_nulls100\mesu_thomas_text_only.json,mesu_register_v0_3_nulls100,,,,mesu,unknown,unknown,,,,,,,,,grapheme,1002,,,vowel,Basic Latin-vowel positions plus common accented vowels.,305,prime_gap_affinity,markov_1,0.736842105263,0.780554244316,0.02009874457,-2.174869126812,2.174869126812,0.039603960396,,"{""name"": ""prime_gap_affinity"", ""null_model"": ""markov_1"", ""observed"": 0.736842105263, ""null_mean"": 0.780554244316, ""null_std"": 0.02009874457, ""z_score"": -2.174869126812, ""empirical_p"": 0.039603960396, ""null_samples"": 100}"
C:\github\5hr-conlang\riemann_analysis\rrlang\outputs\mesu_register_v0_3_nulls100\mesu_thomas_text_only.json,mesu_register_v0_3_nulls100,,,,mesu,unknown,unknown,,,,,,,,,grapheme,1002,,,vowel,Basic Latin-vowel positions plus common accented vowels.,305,zeta_spectral_coherence,markov_1,0.001028088197,0.001010010535,0.000385523716,0.046891179055,0.046891179055,0.980198019802,,"{""name"": ""zeta_spectral_coherence"", ""null_model"": ""markov_1"", ""observed"": 0.001028088197, ""null_mean"": 0.001010010535, ""null_std"": 0.000385523716, ""z_score"": 0.046891179055, ""empirical_p"": 0.980198019802, ""null_samples"": 100}"
C:\github\5hr-conlang\riemann_analysis\rrlang\outputs\mesu_register_v0_3_nulls100\mesu_thomas_text_only.json,mesu_register_v0_3_nulls100,,,,mesu,unknown,unknown,,,,,,,,,grapheme,1002,,,vowel,Basic Latin-vowel positions plus common accented vowels.,305,critical_line_symmetry,markov_1,0.932778906173,0.868396766628,0.037531589675,1.715412006304,1.715412006304,0.079207920792,,"{""name"": ""critical_line_symmetry"", ""null_model"": ""markov_1"", ""observed"": 0.932778906173, ""null_mean"": 0.868396766628, ""null_std"": 0.037531589675, ""z_score"": 1.715412006304, ""empirical_p"": 0.079207920792, ""null_samples"": 100}"
C:\github\5hr-conlang\riemann_analysis\rrlang\outputs\mesu_register_v0_3_nulls100\mesu_thomas_text_only.json,mesu_register_v0_3_nulls100,,,,mesu,unknown,unknown,,,,,,,,,grapheme,1002,,,vowel,Basic Latin-vowel positions plus common accented vowels.,305,gap_entropy,markov_2,1.418014404039,1.469118459188,0.078025573338,-0.654965455082,0.654965455082,0.524752475248,False,"{""name"": ""gap_entropy"", ""null_model"": ""markov_2"", ""observed"": 1.418014404039, ""null_mean"": 1.469118459188, ""null_std"": 0.078025573338, ""z_score"": -0.654965455082, ""empirical_p"": 0.524752475248, ""null_samples"": 100}"
C:\github\5hr-conlang\riemann_analysis\rrlang\outputs\mesu_register_v0_3_nulls100\mesu_thomas_text_only.json,mesu_register_v0_3_nulls100,,,,mesu,unknown,unknown,,,,,,,,,grapheme,1002,,,vowel,Basic Latin-vowel positions plus common accented vowels.,305,run_entropy,markov_2,1.51974821342,1.550532685199,0.036410933159,-0.845473299034,0.845473299034,0.415841584158,False,"{""name"": ""run_entropy"", ""null_model"": ""markov_2"", ""observed"": 1.51974821342, ""null_mean"": 1.550532685199, ""null_std"": 0.036410933159, ""z_score"": -0.845473299034, ""empirical_p"": 0.415841584158, ""null_samples"": 100}"
C:\github\5hr-conlang\riemann_analysis\rrlang\outputs\mesu_register_v0_3_nulls100\mesu_thomas_text_only.json,mesu_register_v0_3_nulls100,,,,mesu,unknown,unknown,,,,,,,,,grapheme,1002,,,vowel,Basic Latin-vowel positions plus common accented vowels.,305,prime_index_occupancy_bias,markov_2,0.028461384554,0.004057122849,0.040227059662,0.606662826211,0.606662826211,0.574257425743,False,"{""name"": ""prime_index_occupancy_bias"", ""null_model"": ""markov_2"", ""observed"": 0.028461384554, ""null_mean"": 0.004057122849, ""null_std"": 0.040227059662, ""z_score"": 0.606662826211, ""empirical_p"": 0.574257425743, ""null_samples"": 100}"
C:\github\5hr-conlang\riemann_analysis\rrlang\outputs\mesu_register_v0_3_nulls100\mesu_thomas_text_only.json,mesu_register_v0_3_nulls100,,,,mesu,unknown,unknown,,,,,,,,,grapheme,1002,,,vowel,Basic Latin-vowel positions plus common accented vowels.,305,prime_gap_affinity,markov_2,0.736842105263,0.790816966722,0.023863436163,-2.26182269353,2.26182269353,0.029702970297,False,"{""name"": ""prime_gap_affinity"", ""null_model"": ""markov_2"", ""observed"": 0.736842105263, ""null_mean"": 0.790816966722, ""null_std"": 0.023863436163, ""z_score"": -2.26182269353, ""empirical_p"": 0.029702970297, ""null_samples"": 100}"
C:\github\5hr-conlang\riemann_analysis\rrlang\outputs\mesu_register_v0_3_nulls100\mesu_thomas_text_only.json,mesu_register_v0_3_nulls100,,,,mesu,unknown,unknown,,,,,,,,,grapheme,1002,,,vowel,Basic Latin-vowel positions plus common accented vowels.,305,zeta_spectral_coherence,markov_2,0.001028088197,0.000672968571,0.000235190896,1.509920802675,1.509920802675,0.09900990099,False,"{""name"": ""zeta_spectral_coherence"", ""null_model"": ""markov_2"", ""observed"": 0.001028088197, ""null_mean"": 0.000672968571, ""null_std"": 0.000235190896, ""z_score"": 1.509920802675, ""empirical_p"": 0.09900990099, ""null_samples"": 100}"
C:\github\5hr-conlang\riemann_analysis\rrlang\outputs\mesu_register_v0_3_nulls100\mesu_thomas_text_only.json,mesu_register_v0_3_nulls100,,,,mesu,unknown,unknown,,,,,,,,,grapheme,1002,,,vowel,Basic Latin-vowel positions plus common accented vowels.,305,critical_line_symmetry,markov_2,0.932778906173,0.911426350648,0.033209625572,0.642962850608,0.642962850608,0.524752475248,False,"{""name"": ""critical_line_symmetry"", ""null_model"": ""markov_2"", ""observed"": 0.932778906173, ""null_mean"": 0.911426350648, ""null_std"": 0.033209625572, ""z_score"": 0.642962850608, ""empirical_p"": 0.524752475248, ""null_samples"": 100}"
C:\github\5hr-conlang\riemann_analysis\rrlang\outputs\mesu_register_v0_3_nulls100\mesu_thomas_text_only.json,mesu_register_v0_3_nulls100,,,,mesu,unknown,unknown,,,,,,,,,grapheme,1002,,,vowel,Basic Latin-vowel positions plus common accented vowels.,305,gap_entropy,gap_order_shuffle,1.418014404039,1.418014404039,0.0,1.183440114234,1.183440114234,0.336633663366,,"{""name"": ""gap_entropy"", ""null_model"": ""gap_order_shuffle"", ""observed"": 1.418014404039, ""null_mean"": 1.418014404039, ""null_std"": 0.0, ""z_score"": 1.183440114234, ""empirical_p"": 0.336633663366, ""null_samples"": 100}"
C:\github\5hr-conlang\riemann_analysis\rrlang\outputs\mesu_register_v0_3_nulls100\mesu_thomas_text_only.json,mesu_register_v0_3_nulls100,,,,mesu,unknown,unknown,,,,,,,,,grapheme,1002,,,vowel,Basic Latin-vowel positions plus common accented vowels.,305,run_entropy,gap_order_shuffle,1.51974821342,1.519771187902,0.000161631566,-0.142141062457,0.142141062457,1.0,,"{""name"": ""run_entropy"", ""null_model"": ""gap_order_shuffle"", ""observed"": 1.51974821342, ""null_mean"": 1.519771187902, ""null_std"": 0.000161631566, ""z_score"": -0.142141062457, ""empirical_p"": 1, ""null_samples"": 100}"
C:\github\5hr-conlang\riemann_analysis\rrlang\outputs\mesu_register_v0_3_nulls100\mesu_thomas_text_only.json,mesu_register_v0_3_nulls100,,,,mesu,unknown,unknown,,,,,,,,,grapheme,1002,,,vowel,Basic Latin-vowel positions plus common accented vowels.,305,prime_index_occupancy_bias,gap_order_shuffle,0.028461384554,0.003640956383,0.042022217567,0.590650127685,0.590650127685,0.594059405941,,"{""name"": ""prime_index_occupancy_bias"", ""null_model"": ""gap_order_shuffle"", ""observed"": 0.028461384554, ""null_mean"": 0.003640956383, ""null_std"": 0.042022217567, ""z_score"": 0.590650127685, ""empirical_p"": 0.594059405941, ""null_samples"": 100}"
C:\github\5hr-conlang\riemann_analysis\rrlang\outputs\mesu_register_v0_3_nulls100\mesu_thomas_text_only.json,mesu_register_v0_3_nulls100,,,,mesu,unknown,unknown,,,,,,,,,grapheme,1002,,,vowel,Basic Latin-vowel positions plus common accented vowels.,305,prime_gap_affinity,gap_order_shuffle,0.736842105263,0.736842105263,0.0,-0.994987437107,0.994987437107,1.0,,"{""name"": ""prime_gap_affinity"", ""null_model"": ""gap_order_shuffle"", ""observed"": 0.736842105263, ""null_mean"": 0.736842105263, ""null_std"": 0.0, ""z_score"": -0.994987437107, ""empirical_p"": 1, ""null_samples"": 100}"
C:\github\5hr-conlang\riemann_analysis\rrlang\outputs\mesu_register_v0_3_nulls100\mesu_thomas_text_only.json,mesu_register_v0_3_nulls100,,,,mesu,unknown,unknown,,,,,,,,,grapheme,1002,,,vowel,Basic Latin-vowel positions plus common accented vowels.,305,zeta_spectral_coherence,gap_order_shuffle,0.001028088197,0.000838452179,0.000197136705,0.961951847432,0.961951847432,0.316831683168,,"{""name"": ""zeta_spectral_coherence"", ""null_model"": ""gap_order_shuffle"", ""observed"": 0.001028088197, ""null_mean"": 0.000838452179, ""null_std"": 0.000197136705, ""z_score"": 0.961951847432, ""empirical_p"": 0.316831683168, ""null_samples"": 100}"
C:\github\5hr-conlang\riemann_analysis\rrlang\outputs\mesu_register_v0_3_nulls100\mesu_thomas_text_only.json,mesu_register_v0_3_nulls100,,,,mesu,unknown,unknown,,,,,,,,,grapheme,1002,,,vowel,Basic Latin-vowel positions plus common accented vowels.,305,critical_line_symmetry,gap_order_shuffle,0.932778906173,0.927650565669,0.023667893451,0.21667921206,0.21667921206,0.851485148515,,"{""name"": ""critical_line_symmetry"", ""null_model"": ""gap_order_shuffle"", ""observed"": 0.932778906173, ""null_mean"": 0.927650565669, ""null_std"": 0.023667893451, ""z_score"": 0.21667921206, ""empirical_p"": 0.851485148515, ""null_samples"": 100}"
C:\github\5hr-conlang\riemann_analysis\rrlang\outputs\mesu_register_v0_3_nulls100\mesu_thomas_text_only.json,mesu_register_v0_3_nulls100,,,,mesu,unknown,unknown,,,,,,,,,grapheme,1002,,,consonant,Alphabetic non-vowel positions under the MVP classifier.,350,event_density,observed_only,0.349301397206,,,,,,,"{""name"": ""event_density"", ""value"": 0.349301397206, ""details"": ""count(event=true) / sequence_length""}"
C:\github\5hr-conlang\riemann_analysis\rrlang\outputs\mesu_register_v0_3_nulls100\mesu_thomas_text_only.json,mesu_register_v0_3_nulls100,,,,mesu,unknown,unknown,,,,,,,,,grapheme,1002,,,consonant,Alphabetic non-vowel positions under the MVP classifier.,350,event_count,observed_only,350.0,,,,,,,"{""name"": ""event_count"", ""value"": 350, ""details"": ""Number of true positions in the event map.""}"
C:\github\5hr-conlang\riemann_analysis\rrlang\outputs\mesu_register_v0_3_nulls100\mesu_thomas_text_only.json,mesu_register_v0_3_nulls100,,,,mesu,unknown,unknown,,,,,,,,,grapheme,1002,,,consonant,Alphabetic non-vowel positions under the MVP classifier.,350,sequence_length,observed_only,1002.0,,,,,,,"{""name"": ""sequence_length"", ""value"": 1002, ""details"": ""Number of positions in the event map.""}"
C:\github\5hr-conlang\riemann_analysis\rrlang\outputs\mesu_register_v0_3_nulls100\mesu_thomas_text_only.json,mesu_register_v0_3_nulls100,,,,mesu,unknown,unknown,,,,,,,,,grapheme,1002,,,consonant,Alphabetic non-vowel positions under the MVP classifier.,350,modular_residue_peak_m_2,observed_only,0.514285714286,,,,,,,"{""name"": ""modular_residue_peak_m_2"", ""value"": 0.514285714286, ""details"": ""Largest event-position residue fraction modulo 2.""}"
C:\github\5hr-conlang\riemann_analysis\rrlang\outputs\mesu_register_v0_3_nulls100\mesu_thomas_text_only.json,mesu_register_v0_3_nulls100,,,,mesu,unknown,unknown,,,,,,,,,grapheme,1002,,,consonant,Alphabetic non-vowel positions under the MVP classifier.,350,modular_residue_peak_m_3,observed_only,0.382857142857,,,,,,,"{""name"": ""modular_residue_peak_m_3"", ""value"": 0.382857142857, ""details"": ""Largest event-position residue fraction modulo 3.""}"
C:\github\5hr-conlang\riemann_analysis\rrlang\outputs\mesu_register_v0_3_nulls100\mesu_thomas_text_only.json,mesu_register_v0_3_nulls100,,,,mesu,unknown,unknown,,,,,,,,,grapheme,1002,,,consonant,Alphabetic non-vowel positions under the MVP classifier.,350,modular_residue_peak_m_5,observed_only,0.225714285714,,,,,,,"{""name"": ""modular_residue_peak_m_5"", ""value"": 0.225714285714, ""details"": ""Largest event-position residue fraction modulo 5.""}"
C:\github\5hr-conlang\riemann_analysis\rrlang\outputs\mesu_register_v0_3_nulls100\mesu_thomas_text_only.json,mesu_register_v0_3_nulls100,,,,mesu,unknown,unknown,,,,,,,,,grapheme,1002,,,consonant,Alphabetic non-vowel positions under the MVP classifier.,350,modular_residue_peak_m_7,observed_only,0.162857142857,,,,,,,"{""name"": ""modular_residue_peak_m_7"", ""value"": 0.162857142857, ""details"": ""Largest event-position residue fraction modulo 7.""}"
C:\github\5hr-conlang\riemann_analysis\rrlang\outputs\mesu_register_v0_3_nulls100\mesu_thomas_text_only.json,mesu_register_v0_3_nulls100,,,,mesu,unknown,unknown,,,,,,,,,grapheme,1002,,,consonant,Alphabetic non-vowel positions under the MVP classifier.,350,gap_entropy,density_shuffle,1.914406904357,2.634524466194,0.013708030617,-52.53253235019,52.53253235019,0.009900990099,,"{""name"": ""gap_entropy"", ""null_model"": ""density_shuffle"", ""observed"": 1.914406904357, ""null_mean"": 2.634524466194, ""null_std"": 0.013708030617, ""z_score"": -52.53253235019, ""empirical_p"": 0.009900990099, ""null_samples"": 100}"
C:\github\5hr-conlang\riemann_analysis\rrlang\outputs\mesu_register_v0_3_nulls100\mesu_thomas_text_only.json,mesu_register_v0_3_nulls100,,,,mesu,unknown,unknown,,,,,,,,,grapheme,1002,,,consonant,Alphabetic non-vowel positions under the MVP classifier.,350,run_entropy,density_shuffle,1.341139878878,2.149024567971,0.054047147565,-14.947776626346,14.947776626346,0.009900990099,,"{""name"": ""run_entropy"", ""null_model"": ""density_shuffle"", ""observed"": 1.341139878878, ""null_mean"": 2.149024567971, ""null_std"": 0.054047147565, ""z_score"": -14.947776626346, ""empirical_p"": 0.009900990099, ""null_samples"": 100}"
C:\github\5hr-conlang\riemann_analysis\rrlang\outputs\mesu_register_v0_3_nulls100\mesu_thomas_text_only.json,mesu_register_v0_3_nulls100,,,,mesu,unknown,unknown,,,,,,,,,grapheme,1002,,,consonant,Alphabetic non-vowel positions under the MVP classifier.,350,prime_index_occupancy_bias,density_shuffle,-0.005302120848,-6.502601e-06,0.036760273935,-0.144058182393,0.144058182393,0.871287128713,,"{""name"": ""prime_index_occupancy_bias"", ""null_model"": ""density_shuffle"", ""observed"": -0.005302120848, ""null_mean"": -6.502601e-06, ""null_std"": 0.036760273935, ""z_score"": -0.144058182393, ""empirical_p"": 0.871287128713, ""null_samples"": 100}"
C:\github\5hr-conlang\riemann_analysis\rrlang\outputs\mesu_register_v0_3_nulls100\mesu_thomas_text_only.json,mesu_register_v0_3_nulls100,,,,mesu,unknown,unknown,,,,,,,,,grapheme,1002,,,consonant,Alphabetic non-vowel positions under the MVP classifier.,350,prime_gap_affinity,density_shuffle,0.839541547278,0.469197707736,0.024690097335,14.999691354849,14.999691354849,0.009900990099,,"{""name"": ""prime_gap_affinity"", ""null_model"": ""density_shuffle"", ""observed"": 0.839541547278, ""null_mean"": 0.469197707736, ""null_std"": 0.024690097335, ""z_score"": 14.999691354849, ""empirical_p"": 0.009900990099, ""null_samples"": 100}"
C:\github\5hr-conlang\riemann_analysis\rrlang\outputs\mesu_register_v0_3_nulls100\mesu_thomas_text_only.json,mesu_register_v0_3_nulls100,,,,mesu,unknown,unknown,,,,,,,,,grapheme,1002,,,consonant,Alphabetic non-vowel positions under the MVP classifier.,350,zeta_spectral_coherence,density_shuffle,0.000849119604,0.00166274029,0.000570761933,-1.425499213919,1.425499213919,0.128712871287,,"{""name"": ""zeta_spectral_coherence"", ""null_model"": ""density_shuffle"", ""observed"": 0.000849119604, ""null_mean"": 0.00166274029, ""null_std"": 0.000570761933, ""z_score"": -1.425499213919, ""empirical_p"": 0.128712871287, ""null_samples"": 100}"
C:\github\5hr-conlang\riemann_analysis\rrlang\outputs\mesu_register_v0_3_nulls100\mesu_thomas_text_only.json,mesu_register_v0_3_nulls100,,,,mesu,unknown,unknown,,,,,,,,,grapheme,1002,,,consonant,Alphabetic non-vowel positions under the MVP classifier.,350,critical_line_symmetry,density_shuffle,0.812523760156,0.832191518504,0.037047542328,-0.530878895373,0.530878895373,0.693069306931,,"{""name"": ""critical_line_symmetry"", ""null_model"": ""density_shuffle"", ""observed"": 0.812523760156, ""null_mean"": 0.832191518504, ""null_std"": 0.037047542328, ""z_score"": -0.530878895373, ""empirical_p"": 0.693069306931, ""null_samples"": 100}"
C:\github\5hr-conlang\riemann_analysis\rrlang\outputs\mesu_register_v0_3_nulls100\mesu_thomas_text_only.json,mesu_register_v0_3_nulls100,,,,mesu,unknown,unknown,,,,,,,,,grapheme,1002,,,consonant,Alphabetic non-vowel positions under the MVP classifier.,350,gap_entropy,markov_1,1.914406904357,2.049701274114,0.076834541647,-1.760853476259,1.760853476259,0.069306930693,,"{""name"": ""gap_entropy"", ""null_model"": ""markov_1"", ""observed"": 1.914406904357, ""null_mean"": 2.049701274114, ""null_std"": 0.076834541647, ""z_score"": -1.760853476259, ""empirical_p"": 0.069306930693, ""null_samples"": 100}"
C:\github\5hr-conlang\riemann_analysis\rrlang\outputs\mesu_register_v0_3_nulls100\mesu_thomas_text_only.json,mesu_register_v0_3_nulls100,,,,mesu,unknown,unknown,,,,,,,,,grapheme,1002,,,consonant,Alphabetic non-vowel positions under the MVP classifier.,350,run_entropy,markov_1,1.341139878878,1.290601098929,0.055012548488,0.918677307962,0.918677307962,0.386138613861,,"{""name"": ""run_entropy"", ""null_model"": ""markov_1"", ""observed"": 1.341139878878, ""null_mean"": 1.290601098929, ""null_std"": 0.055012548488, ""z_score"": 0.918677307962, ""empirical_p"": 0.386138613861, ""null_samples"": 100}"
C:\github\5hr-conlang\riemann_analysis\rrlang\outputs\mesu_register_v0_3_nulls100\mesu_thomas_text_only.json,mesu_register_v0_3_nulls100,,,,mesu,unknown,unknown,,,,,,,,,grapheme,1002,,,consonant,Alphabetic non-vowel positions under the MVP classifier.,350,prime_index_occupancy_bias,markov_1,-0.005302120848,0.001092937175,0.048065171764,-0.13304972787,0.13304972787,0.910891089109,,"{""name"": ""prime_index_occupancy_bias"", ""null_model"": ""markov_1"", ""observed"": -0.005302120848, ""null_mean"": 0.001092937175, ""null_std"": 0.048065171764, ""z_score"": -0.13304972787, ""empirical_p"": 0.910891089109, ""null_samples"": 100}"
C:\github\5hr-conlang\riemann_analysis\rrlang\outputs\mesu_register_v0_3_nulls100\mesu_thomas_text_only.json,mesu_register_v0_3_nulls100,,,,mesu,unknown,unknown,,,,,,,,,grapheme,1002,,,consonant,Alphabetic non-vowel positions under the MVP classifier.,350,prime_gap_affinity,markov_1,0.839541547278,0.812981048536,0.021073061626,1.260400563249,1.260400563249,0.217821782178,,"{""name"": ""prime_gap_affinity"", ""null_model"": ""markov_1"", ""observed"": 0.839541547278, ""null_mean"": 0.812981048536, ""null_std"": 0.021073061626, ""z_score"": 1.260400563249, ""empirical_p"": 0.217821782178, ""null_samples"": 100}"
C:\github\5hr-conlang\riemann_analysis\rrlang\outputs\mesu_register_v0_3_nulls100\mesu_thomas_text_only.json,mesu_register_v0_3_nulls100,,,,mesu,unknown,unknown,,,,,,,,,grapheme,1002,,,consonant,Alphabetic non-vowel positions under the MVP classifier.,350,zeta_spectral_coherence,markov_1,0.000849119604,0.000952225595,0.000294537692,-0.350060432455,0.350060432455,0.693069306931,,"{""name"": ""zeta_spectral_coherence"", ""null_model"": ""markov_1"", ""observed"": 0.000849119604, ""null_mean"": 0.000952225595, ""null_std"": 0.000294537692, ""z_score"": -0.350060432455, ""empirical_p"": 0.693069306931, ""null_samples"": 100}"
C:\github\5hr-conlang\riemann_analysis\rrlang\outputs\mesu_register_v0_3_nulls100\mesu_thomas_text_only.json,mesu_register_v0_3_nulls100,,,,mesu,unknown,unknown,,,,,,,,,grapheme,1002,,,consonant,Alphabetic non-vowel positions under the MVP classifier.,350,critical_line_symmetry,markov_1,0.812523760156,0.867887630323,0.042503865504,-1.302560826203,1.302560826203,0.168316831683,,"{""name"": ""critical_line_symmetry"", ""null_model"": ""markov_1"", ""observed"": 0.812523760156, ""null_mean"": 0.867887630323, ""null_std"": 0.042503865504, ""z_score"": -1.302560826203, ""empirical_p"": 0.168316831683, ""null_samples"": 100}"
C:\github\5hr-conlang\riemann_analysis\rrlang\outputs\mesu_register_v0_3_nulls100\mesu_thomas_text_only.json,mesu_register_v0_3_nulls100,,,,mesu,unknown,unknown,,,,,,,,,grapheme,1002,,,consonant,Alphabetic non-vowel positions under the MVP classifier.,350,gap_entropy,markov_2,1.914406904357,1.916547844838,0.061065768617,-0.035059584595,0.035059584595,0.960396039604,False,"{""name"": ""gap_entropy"", ""null_model"": ""markov_2"", ""observed"": 1.914406904357, ""null_mean"": 1.916547844838, ""null_std"": 0.061065768617, ""z_score"": -0.035059584595, ""empirical_p"": 0.960396039604, ""null_samples"": 100}"
C:\github\5hr-conlang\riemann_analysis\rrlang\outputs\mesu_register_v0_3_nulls100\mesu_thomas_text_only.json,mesu_register_v0_3_nulls100,,,,mesu,unknown,unknown,,,,,,,,,grapheme,1002,,,consonant,Alphabetic non-vowel positions under the MVP classifier.,350,run_entropy,markov_2,1.341139878878,1.343782406429,0.042201326278,-0.062617168313,0.062617168313,0.940594059406,False,"{""name"": ""run_entropy"", ""null_model"": ""markov_2"", ""observed"": 1.341139878878, ""null_mean"": 1.343782406429, ""null_std"": 0.042201326278, ""z_score"": -0.062617168313, ""empirical_p"": 0.940594059406, ""null_samples"": 100}"
C:\github\5hr-conlang\riemann_analysis\rrlang\outputs\mesu_register_v0_3_nulls100\mesu_thomas_text_only.json,mesu_register_v0_3_nulls100,,,,mesu,unknown,unknown,,,,,,,,,grapheme,1002,,,consonant,Alphabetic non-vowel positions under the MVP classifier.,350,prime_index_occupancy_bias,markov_2,-0.005302120848,0.002692076831,0.044092257615,-0.181306154674,0.181306154674,0.831683168317,False,"{""name"": ""prime_index_occupancy_bias"", ""null_model"": ""markov_2"", ""observed"": -0.005302120848, ""null_mean"": 0.002692076831, ""null_std"": 0.044092257615, ""z_score"": -0.181306154674, ""empirical_p"": 0.831683168317, ""null_samples"": 100}"
C:\github\5hr-conlang\riemann_analysis\rrlang\outputs\mesu_register_v0_3_nulls100\mesu_thomas_text_only.json,mesu_register_v0_3_nulls100,,,,mesu,unknown,unknown,,,,,,,,,grapheme,1002,,,consonant,Alphabetic non-vowel positions under the MVP classifier.,350,prime_gap_affinity,markov_2,0.839541547278,0.816695107367,0.019988319561,1.142989526489,1.142989526489,0.227722772277,False,"{""name"": ""prime_gap_affinity"", ""null_model"": ""markov_2"", ""observed"": 0.839541547278, ""null_mean"": 0.816695107367, ""null_std"": 0.019988319561, ""z_score"": 1.142989526489, ""empirical_p"": 0.227722772277, ""null_samples"": 100}"
C:\github\5hr-conlang\riemann_analysis\rrlang\outputs\mesu_register_v0_3_nulls100\mesu_thomas_text_only.json,mesu_register_v0_3_nulls100,,,,mesu,unknown,unknown,,,,,,,,,grapheme,1002,,,consonant,Alphabetic non-vowel positions under the MVP classifier.,350,zeta_spectral_coherence,markov_2,0.000849119604,0.000872088884,0.000318423135,-0.0721344574,0.0721344574,0.940594059406,False,"{""name"": ""zeta_spectral_coherence"", ""null_model"": ""markov_2"", ""observed"": 0.000849119604, ""null_mean"": 0.000872088884, ""null_std"": 0.000318423135, ""z_score"": -0.0721344574, ""empirical_p"": 0.940594059406, ""null_samples"": 100}"
C:\github\5hr-conlang\riemann_analysis\rrlang\outputs\mesu_register_v0_3_nulls100\mesu_thomas_text_only.json,mesu_register_v0_3_nulls100,,,,mesu,unknown,unknown,,,,,,,,,grapheme,1002,,,consonant,Alphabetic non-vowel positions under the MVP classifier.,350,critical_line_symmetry,markov_2,0.812523760156,0.890584819204,0.033683226908,-2.317505364306,2.317505364306,0.039603960396,False,"{""name"": ""critical_line_symmetry"", ""null_model"": ""markov_2"", ""observed"": 0.812523760156, ""null_mean"": 0.890584819204, ""null_std"": 0.033683226908, ""z_score"": -2.317505364306, ""empirical_p"": 0.039603960396, ""null_samples"": 100}"
C:\github\5hr-conlang\riemann_analysis\rrlang\outputs\mesu_register_v0_3_nulls100\mesu_thomas_text_only.json,mesu_register_v0_3_nulls100,,,,mesu,unknown,unknown,,,,,,,,,grapheme,1002,,,consonant,Alphabetic non-vowel positions under the MVP classifier.,350,gap_entropy,gap_order_shuffle,1.914406904357,1.914406904357,0.0,-0.984774129038,0.984774129038,0.930693069307,,"{""name"": ""gap_entropy"", ""null_model"": ""gap_order_shuffle"", ""observed"": 1.914406904357, ""null_mean"": 1.914406904357, ""null_std"": 0.0, ""z_score"": -0.984774129038, ""empirical_p"": 0.930693069307, ""null_samples"": 100}"
C:\github\5hr-conlang\riemann_analysis\rrlang\outputs\mesu_register_v0_3_nulls100\mesu_thomas_text_only.json,mesu_register_v0_3_nulls100,,,,mesu,unknown,unknown,,,,,,,,,grapheme,1002,,,consonant,Alphabetic non-vowel positions under the MVP classifier.,350,run_entropy,gap_order_shuffle,1.341139878878,1.338317919161,0.000655028779,4.308146160418,4.308146160418,0.009900990099,,"{""name"": ""run_entropy"", ""null_model"": ""gap_order_shuffle"", ""observed"": 1.341139878878, ""null_mean"": 1.338317919161, ""null_std"": 0.000655028779, ""z_score"": 4.308146160418, ""empirical_p"": 0.009900990099, ""null_samples"": 100}"
C:\github\5hr-conlang\riemann_analysis\rrlang\outputs\mesu_register_v0_3_nulls100\mesu_thomas_text_only.json,mesu_register_v0_3_nulls100,,,,mesu,unknown,unknown,,,,,,,,,grapheme,1002,,,consonant,Alphabetic non-vowel positions under the MVP classifier.,350,prime_index_occupancy_bias,gap_order_shuffle,-0.005302120848,0.005713285314,0.039863319283,-0.276329376496,0.276329376496,0.80198019802,,"{""name"": ""prime_index_occupancy_bias"", ""null_model"": ""gap_order_shuffle"", ""observed"": -0.005302120848, ""null_mean"": 0.005713285314, ""null_std"": 0.039863319283, ""z_score"": -0.276329376496, ""empirical_p"": 0.80198019802, ""null_samples"": 100}"
C:\github\5hr-conlang\riemann_analysis\rrlang\outputs\mesu_register_v0_3_nulls100\mesu_thomas_text_only.json,mesu_register_v0_3_nulls100,,,,mesu,unknown,unknown,,,,,,,,,grapheme,1002,,,consonant,Alphabetic non-vowel positions under the MVP classifier.,350,prime_gap_affinity,gap_order_shuffle,0.839541547278,0.839541547278,0.0,0.994987437107,0.994987437107,1.0,,"{""name"": ""prime_gap_affinity"", ""null_model"": ""gap_order_shuffle"", ""observed"": 0.839541547278, ""null_mean"": 0.839541547278, ""null_std"": 0.0, ""z_score"": 0.994987437107, ""empirical_p"": 1, ""null_samples"": 100}"
C:\github\5hr-conlang\riemann_analysis\rrlang\outputs\mesu_register_v0_3_nulls100\mesu_thomas_text_only.json,mesu_register_v0_3_nulls100,,,,mesu,unknown,unknown,,,,,,,,,grapheme,1002,,,consonant,Alphabetic non-vowel positions under the MVP classifier.,350,zeta_spectral_coherence,gap_order_shuffle,0.000849119604,0.000702353667,0.000209894976,0.699235110226,0.699235110226,0.50495049505,,"{""name"": ""zeta_spectral_coherence"", ""null_model"": ""gap_order_shuffle"", ""observed"": 0.000849119604, ""null_mean"": 0.000702353667, ""null_std"": 0.000209894976, ""z_score"": 0.699235110226, ""empirical_p"": 0.50495049505, ""null_samples"": 100}"
C:\github\5hr-conlang\riemann_analysis\rrlang\outputs\mesu_register_v0_3_nulls100\mesu_thomas_text_only.json,mesu_register_v0_3_nulls100,,,,mesu,unknown,unknown,,,,,,,,,grapheme,1002,,,consonant,Alphabetic non-vowel positions under the MVP classifier.,350,critical_line_symmetry,gap_order_shuffle,0.812523760156,0.881859722155,0.033821993733,-2.050025866188,2.050025866188,0.049504950495,,"{""name"": ""critical_line_symmetry"", ""null_model"": ""gap_order_shuffle"", ""observed"": 0.812523760156, ""null_mean"": 0.881859722155, ""null_std"": 0.033821993733, ""z_score"": -2.050025866188, ""empirical_p"": 0.049504950495, ""null_samples"": 100}"
C:\github\5hr-conlang\riemann_analysis\rrlang\outputs\mesu_register_v0_3_nulls100\mesu_thomas_text_only.json,mesu_register_v0_3_nulls100,,,,mesu,unknown,unknown,,,,,,,,,grapheme,1002,,,whitespace,Whitespace positions.,213,event_density,observed_only,0.212574850299,,,,,,,"{""name"": ""event_density"", ""value"": 0.212574850299, ""details"": ""count(event=true) / sequence_length""}"
C:\github\5hr-conlang\riemann_analysis\rrlang\outputs\mesu_register_v0_3_nulls100\mesu_thomas_text_only.json,mesu_register_v0_3_nulls100,,,,mesu,unknown,unknown,,,,,,,,,grapheme,1002,,,whitespace,Whitespace positions.,213,event_count,observed_only,213.0,,,,,,,"{""name"": ""event_count"", ""value"": 213, ""details"": ""Number of true positions in the event map.""}"
C:\github\5hr-conlang\riemann_analysis\rrlang\outputs\mesu_register_v0_3_nulls100\mesu_thomas_text_only.json,mesu_register_v0_3_nulls100,,,,mesu,unknown,unknown,,,,,,,,,grapheme,1002,,,whitespace,Whitespace positions.,213,sequence_length,observed_only,1002.0,,,,,,,"{""name"": ""sequence_length"", ""value"": 1002, ""details"": ""Number of positions in the event map.""}"
C:\github\5hr-conlang\riemann_analysis\rrlang\outputs\mesu_register_v0_3_nulls100\mesu_thomas_text_only.json,mesu_register_v0_3_nulls100,,,,mesu,unknown,unknown,,,,,,,,,grapheme,1002,,,whitespace,Whitespace positions.,213,modular_residue_peak_m_2,observed_only,0.530516431925,,,,,,,"{""name"": ""modular_residue_peak_m_2"", ""value"": 0.530516431925, ""details"": ""Largest event-position residue fraction modulo 2.""}"
C:\github\5hr-conlang\riemann_analysis\rrlang\outputs\mesu_register_v0_3_nulls100\mesu_thomas_text_only.json,mesu_register_v0_3_nulls100,,,,mesu,unknown,unknown,,,,,,,,,grapheme,1002,,,whitespace,Whitespace positions.,213,modular_residue_peak_m_3,observed_only,0.347417840376,,,,,,,"{""name"": ""modular_residue_peak_m_3"", ""value"": 0.347417840376, ""details"": ""Largest event-position residue fraction modulo 3.""}"
C:\github\5hr-conlang\riemann_analysis\rrlang\outputs\mesu_register_v0_3_nulls100\mesu_thomas_text_only.json,mesu_register_v0_3_nulls100,,,,mesu,unknown,unknown,,,,,,,,,grapheme,1002,,,whitespace,Whitespace positions.,213,modular_residue_peak_m_5,observed_only,0.215962441315,,,,,,,"{""name"": ""modular_residue_peak_m_5"", ""value"": 0.215962441315, ""details"": ""Largest event-position residue fraction modulo 5.""}"
C:\github\5hr-conlang\riemann_analysis\rrlang\outputs\mesu_register_v0_3_nulls100\mesu_thomas_text_only.json,mesu_register_v0_3_nulls100,,,,mesu,unknown,unknown,,,,,,,,,grapheme,1002,,,whitespace,Whitespace positions.,213,modular_residue_peak_m_7,observed_only,0.197183098592,,,,,,,"{""name"": ""modular_residue_peak_m_7"", ""value"": 0.197183098592, ""details"": ""Largest event-position residue fraction modulo 7.""}"
C:\github\5hr-conlang\riemann_analysis\rrlang\outputs\mesu_register_v0_3_nulls100\mesu_thomas_text_only.json,mesu_register_v0_3_nulls100,,,,mesu,unknown,unknown,,,,,,,,,grapheme,1002,,,whitespace,Whitespace positions.,213,gap_entropy,density_shuffle,2.782193022526,3.413588545643,0.025589191414,-24.674305369608,24.674305369608,0.009900990099,,"{""name"": ""gap_entropy"", ""null_model"": ""density_shuffle"", ""observed"": 2.782193022526, ""null_mean"": 3.413588545643, ""null_std"": 0.025589191414, ""z_score"": -24.674305369608, ""empirical_p"": 0.009900990099, ""null_samples"": 100}"
C:\github\5hr-conlang\riemann_analysis\rrlang\outputs\mesu_register_v0_3_nulls100\mesu_thomas_text_only.json,mesu_register_v0_3_nulls100,,,,mesu,unknown,unknown,,,,,,,,,grapheme,1002,,,whitespace,Whitespace positions.,213,run_entropy,density_shuffle,2.047510009467,2.553992646868,0.078263896933,-6.471472252811,6.471472252811,0.009900990099,,"{""name"": ""run_entropy"", ""null_model"": ""density_shuffle"", ""observed"": 2.047510009467, ""null_mean"": 2.553992646868, ""null_std"": 0.078263896933, ""z_score"": -6.471472252811, ""empirical_p"": 0.009900990099, ""null_samples"": 100}"
C:\github\5hr-conlang\riemann_analysis\rrlang\outputs\mesu_register_v0_3_nulls100\mesu_thomas_text_only.json,mesu_register_v0_3_nulls100,,,,mesu,unknown,unknown,,,,,,,,,grapheme,1002,,,whitespace,Whitespace positions.,213,prime_index_occupancy_bias,density_shuffle,0.001800720288,-0.00049819928,0.032880822361,0.069916729654,0.069916729654,1.0,,"{""name"": ""prime_index_occupancy_bias"", ""null_model"": ""density_shuffle"", ""observed"": 0.001800720288, ""null_mean"": -0.00049819928, ""null_std"": 0.032880822361, ""z_score"": 0.069916729654, ""empirical_p"": 1, ""null_samples"": 100}"
C:\github\5hr-conlang\riemann_analysis\rrlang\outputs\mesu_register_v0_3_nulls100\mesu_thomas_text_only.json,mesu_register_v0_3_nulls100,,,,mesu,unknown,unknown,,,,,,,,,grapheme,1002,,,whitespace,Whitespace positions.,213,prime_gap_affinity,density_shuffle,0.63679245283,0.469952830189,0.034393471759,4.850909608902,4.850909608902,0.009900990099,,"{""name"": ""prime_gap_affinity"", ""null_model"": ""density_shuffle"", ""observed"": 0.63679245283, ""null_mean"": 0.469952830189, ""null_std"": 0.034393471759, ""z_score"": 4.850909608902, ""empirical_p"": 0.009900990099, ""null_samples"": 100}"
C:\github\5hr-conlang\riemann_analysis\rrlang\outputs\mesu_register_v0_3_nulls100\mesu_thomas_text_only.json,mesu_register_v0_3_nulls100,,,,mesu,unknown,unknown,,,,,,,,,grapheme,1002,,,whitespace,Whitespace positions.,213,zeta_spectral_coherence,density_shuffle,0.001114286261,0.001248073609,0.000464717473,-0.287889644722,0.287889644722,0.712871287129,,"{""name"": ""zeta_spectral_coherence"", ""null_model"": ""density_shuffle"", ""observed"": 0.001114286261, ""null_mean"": 0.001248073609, ""null_std"": 0.000464717473, ""z_score"": -0.287889644722, ""empirical_p"": 0.712871287129, ""null_samples"": 100}"
C:\github\5hr-conlang\riemann_analysis\rrlang\outputs\mesu_register_v0_3_nulls100\mesu_thomas_text_only.json,mesu_register_v0_3_nulls100,,,,mesu,unknown,unknown,,,,,,,,,grapheme,1002,,,whitespace,Whitespace positions.,213,critical_line_symmetry,density_shuffle,0.874530674156,0.827930618245,0.04096121853,1.137662832897,1.137662832897,0.267326732673,,"{""name"": ""critical_line_symmetry"", ""null_model"": ""density_shuffle"", ""observed"": 0.874530674156, ""null_mean"": 0.827930618245, ""null_std"": 0.04096121853, ""z_score"": 1.137662832897, ""empirical_p"": 0.267326732673, ""null_samples"": 100}"
C:\github\5hr-conlang\riemann_analysis\rrlang\outputs\mesu_register_v0_3_nulls100\mesu_thomas_text_only.json,mesu_register_v0_3_nulls100,,,,mesu,unknown,unknown,,,,,,,,,grapheme,1002,,,whitespace,Whitespace positions.,213,gap_entropy,markov_1,2.782193022526,3.041390030165,0.082962486059,-3.124267605159,3.124267605159,0.009900990099,,"{""name"": ""gap_entropy"", ""null_model"": ""markov_1"", ""observed"": 2.782193022526, ""null_mean"": 3.041390030165, ""null_std"": 0.082962486059, ""z_score"": -3.124267605159, ""empirical_p"": 0.009900990099, ""null_samples"": 100}"
C:\github\5hr-conlang\riemann_analysis\rrlang\outputs\mesu_register_v0_3_nulls100\mesu_thomas_text_only.json,mesu_register_v0_3_nulls100,,,,mesu,unknown,unknown,,,,,,,,,grapheme,1002,,,whitespace,Whitespace positions.,213,run_entropy,markov_1,2.047510009467,2.052733168052,0.071921954652,-0.072622589446,0.072622589446,0.950495049505,,"{""name"": ""run_entropy"", ""null_model"": ""markov_1"", ""observed"": 2.047510009467, ""null_mean"": 2.052733168052, ""null_std"": 0.071921954652, ""z_score"": -0.072622589446, ""empirical_p"": 0.950495049505, ""null_samples"": 100}"
C:\github\5hr-conlang\riemann_analysis\rrlang\outputs\mesu_register_v0_3_nulls100\mesu_thomas_text_only.json,mesu_register_v0_3_nulls100,,,,mesu,unknown,unknown,,,,,,,,,grapheme,1002,,,whitespace,Whitespace positions.,213,prime_index_occupancy_bias,markov_1,0.001800720288,1.1504602e-05,0.036385418752,0.04917397539,0.04917397539,0.950495049505,,"{""name"": ""prime_index_occupancy_bias"", ""null_model"": ""markov_1"", ""observed"": 0.001800720288, ""null_mean"": 1.1504602e-05, ""null_std"": 0.036385418752, ""z_score"": 0.04917397539, ""empirical_p"": 0.950495049505, ""null_samples"": 100}"
C:\github\5hr-conlang\riemann_analysis\rrlang\outputs\mesu_register_v0_3_nulls100\mesu_thomas_text_only.json,mesu_register_v0_3_nulls100,,,,mesu,unknown,unknown,,,,,,,,,grapheme,1002,,,whitespace,Whitespace positions.,213,prime_gap_affinity,markov_1,0.63679245283,0.654345965408,0.039622621405,-0.443017446999,0.443017446999,0.643564356436,,"{""name"": ""prime_gap_affinity"", ""null_model"": ""markov_1"", ""observed"": 0.63679245283, ""null_mean"": 0.654345965408, ""null_std"": 0.039622621405, ""z_score"": -0.443017446999, ""empirical_p"": 0.643564356436, ""null_samples"": 100}"
C:\github\5hr-conlang\riemann_analysis\rrlang\outputs\mesu_register_v0_3_nulls100\mesu_thomas_text_only.json,mesu_register_v0_3_nulls100,,,,mesu,unknown,unknown,,,,,,,,,grapheme,1002,,,whitespace,Whitespace positions.,213,zeta_spectral_coherence,markov_1,0.001114286261,0.000893974481,0.000335201469,0.657251832843,0.657251832843,0.584158415842,,"{""name"": ""zeta_spectral_coherence"", ""null_model"": ""markov_1"", ""observed"": 0.001114286261, ""null_mean"": 0.000893974481, ""null_std"": 0.000335201469, ""z_score"": 0.657251832843, ""empirical_p"": 0.584158415842, ""null_samples"": 100}"
C:\github\5hr-conlang\riemann_analysis\rrlang\outputs\mesu_register_v0_3_nulls100\mesu_thomas_text_only.json,mesu_register_v0_3_nulls100,,,,mesu,unknown,unknown,,,,,,,,,grapheme,1002,,,whitespace,Whitespace positions.,213,critical_line_symmetry,markov_1,0.874530674156,0.848121264869,0.050641473863,0.521497643572,0.521497643572,0.673267326733,,"{""name"": ""critical_line_symmetry"", ""null_model"": ""markov_1"", ""observed"": 0.874530674156, ""null_mean"": 0.848121264869, ""null_std"": 0.050641473863, ""z_score"": 0.521497643572, ""empirical_p"": 0.673267326733, ""null_samples"": 100}"
C:\github\5hr-conlang\riemann_analysis\rrlang\outputs\mesu_register_v0_3_nulls100\mesu_thomas_text_only.json,mesu_register_v0_3_nulls100,,,,mesu,unknown,unknown,,,,,,,,,grapheme,1002,,,whitespace,Whitespace positions.,213,gap_entropy,markov_2,2.782193022526,2.990839433996,0.084098902927,-2.480964723773,2.480964723773,0.029702970297,False,"{""name"": ""gap_entropy"", ""null_model"": ""markov_2"", ""observed"": 2.782193022526, ""null_mean"": 2.990839433996, ""null_std"": 0.084098902927, ""z_score"": -2.480964723773, ""empirical_p"": 0.029702970297, ""null_samples"": 100}"
C:\github\5hr-conlang\riemann_analysis\rrlang\outputs\mesu_register_v0_3_nulls100\mesu_thomas_text_only.json,mesu_register_v0_3_nulls100,,,,mesu,unknown,unknown,,,,,,,,,grapheme,1002,,,whitespace,Whitespace positions.,213,run_entropy,markov_2,2.047510009467,2.160054441814,0.059512192521,-1.89111554423,1.89111554423,0.089108910891,False,"{""name"": ""run_entropy"", ""null_model"": ""markov_2"", ""observed"": 2.047510009467, ""null_mean"": 2.160054441814, ""null_std"": 0.059512192521, ""z_score"": -1.89111554423, ""empirical_p"": 0.089108910891, ""null_samples"": 100}"
C:\github\5hr-conlang\riemann_analysis\rrlang\outputs\mesu_register_v0_3_nulls100\mesu_thomas_text_only.json,mesu_register_v0_3_nulls100,,,,mesu,unknown,unknown,,,,,,,,,grapheme,1002,,,whitespace,Whitespace positions.,213,prime_index_occupancy_bias,markov_2,0.001800720288,0.00193577431,0.033498228134,-0.004031676573,0.004031676573,0.990099009901,False,"{""name"": ""prime_index_occupancy_bias"", ""null_model"": ""markov_2"", ""observed"": 0.001800720288, ""null_mean"": 0.00193577431, ""null_std"": 0.033498228134, ""z_score"": -0.004031676573, ""empirical_p"": 0.990099009901, ""null_samples"": 100}"
C:\github\5hr-conlang\riemann_analysis\rrlang\outputs\mesu_register_v0_3_nulls100\mesu_thomas_text_only.json,mesu_register_v0_3_nulls100,,,,mesu,unknown,unknown,,,,,,,,,grapheme,1002,,,whitespace,Whitespace positions.,213,prime_gap_affinity,markov_2,0.63679245283,0.625632800866,0.034229032095,0.326028849798,0.326028849798,0.742574257426,False,"{""name"": ""prime_gap_affinity"", ""null_model"": ""markov_2"", ""observed"": 0.63679245283, ""null_mean"": 0.625632800866, ""null_std"": 0.034229032095, ""z_score"": 0.326028849798, ""empirical_p"": 0.742574257426, ""null_samples"": 100}"
C:\github\5hr-conlang\riemann_analysis\rrlang\outputs\mesu_register_v0_3_nulls100\mesu_thomas_text_only.json,mesu_register_v0_3_nulls100,,,,mesu,unknown,unknown,,,,,,,,,grapheme,1002,,,whitespace,Whitespace positions.,213,zeta_spectral_coherence,markov_2,0.001114286261,0.000768484567,0.000283437094,1.220029778264,1.220029778264,0.19801980198,False,"{""name"": ""zeta_spectral_coherence"", ""null_model"": ""markov_2"", ""observed"": 0.001114286261, ""null_mean"": 0.000768484567, ""null_std"": 0.000283437094, ""z_score"": 1.220029778264, ""empirical_p"": 0.19801980198, ""null_samples"": 100}"
C:\github\5hr-conlang\riemann_analysis\rrlang\outputs\mesu_register_v0_3_nulls100\mesu_thomas_text_only.json,mesu_register_v0_3_nulls100,,,,mesu,unknown,unknown,,,,,,,,,grapheme,1002,,,whitespace,Whitespace positions.,213,critical_line_symmetry,markov_2,0.874530674156,0.849440911576,0.04033528035,0.622030201892,0.622030201892,0.455445544554,False,"{""name"": ""critical_line_symmetry"", ""null_model"": ""markov_2"", ""observed"": 0.874530674156, ""null_mean"": 0.849440911576, ""null_std"": 0.04033528035, ""z_score"": 0.622030201892, ""empirical_p"": 0.455445544554, ""null_samples"": 100}"
C:\github\5hr-conlang\riemann_analysis\rrlang\outputs\mesu_register_v0_3_nulls100\mesu_thomas_text_only.json,mesu_register_v0_3_nulls100,,,,mesu,unknown,unknown,,,,,,,,,grapheme,1002,,,whitespace,Whitespace positions.,213,gap_entropy,gap_order_shuffle,2.782193022526,2.782193022526,0.0,-0.688659202368,0.688659202368,1.0,,"{""name"": ""gap_entropy"", ""null_model"": ""gap_order_shuffle"", ""observed"": 2.782193022526, ""null_mean"": 2.782193022526, ""null_std"": 0.0, ""z_score"": -0.688659202368, ""empirical_p"": 1, ""null_samples"": 100}"
C:\github\5hr-conlang\riemann_analysis\rrlang\outputs\mesu_register_v0_3_nulls100\mesu_thomas_text_only.json,mesu_register_v0_3_nulls100,,,,mesu,unknown,unknown,,,,,,,,,grapheme,1002,,,whitespace,Whitespace positions.,213,run_entropy,gap_order_shuffle,2.047510009467,2.047510009467,0.0,-0.987743115988,0.987743115988,0.930693069307,,"{""name"": ""run_entropy"", ""null_model"": ""gap_order_shuffle"", ""observed"": 2.047510009467, ""null_mean"": 2.047510009467, ""null_std"": 0.0, ""z_score"": -0.987743115988, ""empirical_p"": 0.930693069307, ""null_samples"": 100}"
C:\github\5hr-conlang\riemann_analysis\rrlang\outputs\mesu_register_v0_3_nulls100\mesu_thomas_text_only.json,mesu_register_v0_3_nulls100,,,,mesu,unknown,unknown,,,,,,,,,grapheme,1002,,,whitespace,Whitespace positions.,213,prime_index_occupancy_bias,gap_order_shuffle,0.001800720288,0.005734793918,0.030943583583,-0.12713697555,0.12713697555,0.920792079208,,"{""name"": ""prime_index_occupancy_bias"", ""null_model"": ""gap_order_shuffle"", ""observed"": 0.001800720288, ""null_mean"": 0.005734793918, ""null_std"": 0.030943583583, ""z_score"": -0.12713697555, ""empirical_p"": 0.920792079208, ""null_samples"": 100}"
C:\github\5hr-conlang\riemann_analysis\rrlang\outputs\mesu_register_v0_3_nulls100\mesu_thomas_text_only.json,mesu_register_v0_3_nulls100,,,,mesu,unknown,unknown,,,,,,,,,grapheme,1002,,,whitespace,Whitespace positions.,213,prime_gap_affinity,gap_order_shuffle,0.63679245283,0.63679245283,0.0,0.994987437107,0.994987437107,1.0,,"{""name"": ""prime_gap_affinity"", ""null_model"": ""gap_order_shuffle"", ""observed"": 0.63679245283, ""null_mean"": 0.63679245283, ""null_std"": 0.0, ""z_score"": 0.994987437107, ""empirical_p"": 1, ""null_samples"": 100}"
C:\github\5hr-conlang\riemann_analysis\rrlang\outputs\mesu_register_v0_3_nulls100\mesu_thomas_text_only.json,mesu_register_v0_3_nulls100,,,,mesu,unknown,unknown,,,,,,,,,grapheme,1002,,,whitespace,Whitespace positions.,213,zeta_spectral_coherence,gap_order_shuffle,0.001114286261,0.000904371935,0.000259930408,0.807578952194,0.807578952194,0.415841584158,,"{""name"": ""zeta_spectral_coherence"", ""null_model"": ""gap_order_shuffle"", ""observed"": 0.001114286261, ""null_mean"": 0.000904371935, ""null_std"": 0.000259930408, ""z_score"": 0.807578952194, ""empirical_p"": 0.415841584158, ""null_samples"": 100}"
C:\github\5hr-conlang\riemann_analysis\rrlang\outputs\mesu_register_v0_3_nulls100\mesu_thomas_text_only.json,mesu_register_v0_3_nulls100,,,,mesu,unknown,unknown,,,,,,,,,grapheme,1002,,,whitespace,Whitespace positions.,213,critical_line_symmetry,gap_order_shuffle,0.874530674156,0.866839665594,0.03605602991,0.213307138392,0.213307138392,0.772277227723,,"{""name"": ""critical_line_symmetry"", ""null_model"": ""gap_order_shuffle"", ""observed"": 0.874530674156, ""null_mean"": 0.866839665594, ""null_std"": 0.03605602991, ""z_score"": 0.213307138392, ""empirical_p"": 0.772277227723, ""null_samples"": 100}"
C:\github\5hr-conlang\riemann_analysis\rrlang\outputs\mesu_register_v0_3_nulls100\mesu_thomas_text_only.json,mesu_register_v0_3_nulls100,,,,mesu,unknown,unknown,,,,,,,,,grapheme,1002,,,punctuation,Punctuation positions under the declared punctuation/hyphen policies.,134,event_density,observed_only,0.13373253493,,,,,,,"{""name"": ""event_density"", ""value"": 0.13373253493, ""details"": ""count(event=true) / sequence_length""}"
C:\github\5hr-conlang\riemann_analysis\rrlang\outputs\mesu_register_v0_3_nulls100\mesu_thomas_text_only.json,mesu_register_v0_3_nulls100,,,,mesu,unknown,unknown,,,,,,,,,grapheme,1002,,,punctuation,Punctuation positions under the declared punctuation/hyphen policies.,134,event_count,observed_only,134.0,,,,,,,"{""name"": ""event_count"", ""value"": 134, ""details"": ""Number of true positions in the event map.""}"
C:\github\5hr-conlang\riemann_analysis\rrlang\outputs\mesu_register_v0_3_nulls100\mesu_thomas_text_only.json,mesu_register_v0_3_nulls100,,,,mesu,unknown,unknown,,,,,,,,,grapheme,1002,,,punctuation,Punctuation positions under the declared punctuation/hyphen policies.,134,sequence_length,observed_only,1002.0,,,,,,,"{""name"": ""sequence_length"", ""value"": 1002, ""details"": ""Number of positions in the event map.""}"
C:\github\5hr-conlang\riemann_analysis\rrlang\outputs\mesu_register_v0_3_nulls100\mesu_thomas_text_only.json,mesu_register_v0_3_nulls100,,,,mesu,unknown,unknown,,,,,,,,,grapheme,1002,,,punctuation,Punctuation positions under the declared punctuation/hyphen policies.,134,modular_residue_peak_m_2,observed_only,0.55223880597,,,,,,,"{""name"": ""modular_residue_peak_m_2"", ""value"": 0.55223880597, ""details"": ""Largest event-position residue fraction modulo 2.""}"
C:\github\5hr-conlang\riemann_analysis\rrlang\outputs\mesu_register_v0_3_nulls100\mesu_thomas_text_only.json,mesu_register_v0_3_nulls100,,,,mesu,unknown,unknown,,,,,,,,,grapheme,1002,,,punctuation,Punctuation positions under the declared punctuation/hyphen policies.,134,modular_residue_peak_m_3,observed_only,0.417910447761,,,,,,,"{""name"": ""modular_residue_peak_m_3"", ""value"": 0.417910447761, ""details"": ""Largest event-position residue fraction modulo 3.""}"
C:\github\5hr-conlang\riemann_analysis\rrlang\outputs\mesu_register_v0_3_nulls100\mesu_thomas_text_only.json,mesu_register_v0_3_nulls100,,,,mesu,unknown,unknown,,,,,,,,,grapheme,1002,,,punctuation,Punctuation positions under the declared punctuation/hyphen policies.,134,modular_residue_peak_m_5,observed_only,0.231343283582,,,,,,,"{""name"": ""modular_residue_peak_m_5"", ""value"": 0.231343283582, ""details"": ""Largest event-position residue fraction modulo 5.""}"
C:\github\5hr-conlang\riemann_analysis\rrlang\outputs\mesu_register_v0_3_nulls100\mesu_thomas_text_only.json,mesu_register_v0_3_nulls100,,,,mesu,unknown,unknown,,,,,,,,,grapheme,1002,,,punctuation,Punctuation positions under the declared punctuation/hyphen policies.,134,modular_residue_peak_m_7,observed_only,0.171641791045,,,,,,,"{""name"": ""modular_residue_peak_m_7"", ""value"": 0.171641791045, ""details"": ""Largest event-position residue fraction modulo 7.""}"
C:\github\5hr-conlang\riemann_analysis\rrlang\outputs\mesu_register_v0_3_nulls100\mesu_thomas_text_only.json,mesu_register_v0_3_nulls100,,,,mesu,unknown,unknown,,,,,,,,,grapheme,1002,,,punctuation,Punctuation positions under the declared punctuation/hyphen policies.,134,gap_entropy,density_shuffle,3.389728559437,4.031962291671,0.047801347983,-13.435473251848,13.435473251848,0.009900990099,,"{""name"": ""gap_entropy"", ""null_model"": ""density_shuffle"", ""observed"": 3.389728559437, ""null_mean"": 4.031962291671, ""null_std"": 0.047801347983, ""z_score"": -13.435473251848, ""empirical_p"": 0.009900990099, ""null_samples"": 100}"
C:\github\5hr-conlang\riemann_analysis\rrlang\outputs\mesu_register_v0_3_nulls100\mesu_thomas_text_only.json,mesu_register_v0_3_nulls100,,,,mesu,unknown,unknown,,,,,,,,,grapheme,1002,,,punctuation,Punctuation positions under the declared punctuation/hyphen policies.,134,run_entropy,density_shuffle,2.642375304724,2.896822263778,0.072106802681,-3.528751096887,3.528751096887,0.009900990099,,"{""name"": ""run_entropy"", ""null_model"": ""density_shuffle"", ""observed"": 2.642375304724, ""null_mean"": 2.896822263778, ""null_std"": 0.072106802681, ""z_score"": -3.528751096887, ""empirical_p"": 0.009900990099, ""null_samples"": 100}"
C:\github\5hr-conlang\riemann_analysis\rrlang\outputs\mesu_register_v0_3_nulls100\mesu_thomas_text_only.json,mesu_register_v0_3_nulls100,,,,mesu,unknown,unknown,,,,,,,,,grapheme,1002,,,punctuation,Punctuation positions under the declared punctuation/hyphen policies.,134,prime_index_occupancy_bias,density_shuffle,-0.024959983994,-7.8531413e-05,0.029715521886,-0.83732174303,0.83732174303,0.50495049505,,"{""name"": ""prime_index_occupancy_bias"", ""null_model"": ""density_shuffle"", ""observed"": -0.024959983994, ""null_mean"": -7.8531413e-05, ""null_std"": 0.029715521886, ""z_score"": -0.83732174303, ""empirical_p"": 0.50495049505, ""null_samples"": 100}"
C:\github\5hr-conlang\riemann_analysis\rrlang\outputs\mesu_register_v0_3_nulls100\mesu_thomas_text_only.json,mesu_register_v0_3_nulls100,,,,mesu,unknown,unknown,,,,,,,,,grapheme,1002,,,punctuation,Punctuation positions under the declared punctuation/hyphen policies.,134,prime_gap_affinity,density_shuffle,0.390977443609,0.435939849624,0.040875676567,-1.099979493719,1.099979493719,0.346534653465,,"{""name"": ""prime_gap_affinity"", ""null_model"": ""density_shuffle"", ""observed"": 0.390977443609, ""null_mean"": 0.435939849624, ""null_std"": 0.040875676567, ""z_score"": -1.099979493719, ""empirical_p"": 0.346534653465, ""null_samples"": 100}"
C:\github\5hr-conlang\riemann_analysis\rrlang\outputs\mesu_register_v0_3_nulls100\mesu_thomas_text_only.json,mesu_register_v0_3_nulls100,,,,mesu,unknown,unknown,,,,,,,,,grapheme,1002,,,punctuation,Punctuation positions under the declared punctuation/hyphen policies.,134,zeta_spectral_coherence,density_shuffle,0.000593820656,0.000830207799,0.000386967445,-0.610870877518,0.610870877518,0.485148514851,,"{""name"": ""zeta_spectral_coherence"", ""null_model"": ""density_shuffle"", ""observed"": 0.000593820656, ""null_mean"": 0.000830207799, ""null_std"": 0.000386967445, ""z_score"": -0.610870877518, ""empirical_p"": 0.485148514851, ""null_samples"": 100}"
C:\github\5hr-conlang\riemann_analysis\rrlang\outputs\mesu_register_v0_3_nulls100\mesu_thomas_text_only.json,mesu_register_v0_3_nulls100,,,,mesu,unknown,unknown,,,,,,,,,grapheme,1002,,,punctuation,Punctuation positions under the declared punctuation/hyphen policies.,134,critical_line_symmetry,density_shuffle,0.815665778738,0.828356139103,0.049439505013,-0.256684616104,0.256684616104,0.782178217822,,"{""name"": ""critical_line_symmetry"", ""null_model"": ""density_shuffle"", ""observed"": 0.815665778738, ""null_mean"": 0.828356139103, ""null_std"": 0.049439505013, ""z_score"": -0.256684616104, ""empirical_p"": 0.782178217822, ""null_samples"": 100}"
C:\github\5hr-conlang\riemann_analysis\rrlang\outputs\mesu_register_v0_3_nulls100\mesu_thomas_text_only.json,mesu_register_v0_3_nulls100,,,,mesu,unknown,unknown,,,,,,,,,grapheme,1002,,,punctuation,Punctuation positions under the declared punctuation/hyphen policies.,134,gap_entropy,markov_1,3.389728559437,3.836844884302,0.102322117932,-4.369693805226,4.369693805226,0.009900990099,,"{""name"": ""gap_entropy"", ""null_model"": ""markov_1"", ""observed"": 3.389728559437, ""null_mean"": 3.836844884302, ""null_std"": 0.102322117932, ""z_score"": -4.369693805226, ""empirical_p"": 0.009900990099, ""null_samples"": 100}"
C:\github\5hr-conlang\riemann_analysis\rrlang\outputs\mesu_register_v0_3_nulls100\mesu_thomas_text_only.json,mesu_register_v0_3_nulls100,,,,mesu,unknown,unknown,,,,,,,,,grapheme,1002,,,punctuation,Punctuation positions under the declared punctuation/hyphen policies.,134,run_entropy,markov_1,2.642375304724,2.598696041998,0.080446857624,0.5429579727,0.5429579727,0.633663366337,,"{""name"": ""run_entropy"", ""null_model"": ""markov_1"", ""observed"": 2.642375304724, ""null_mean"": 2.598696041998, ""null_std"": 0.080446857624, ""z_score"": 0.5429579727, ""empirical_p"": 0.633663366337, ""null_samples"": 100}"
C:\github\5hr-conlang\riemann_analysis\rrlang\outputs\mesu_register_v0_3_nulls100\mesu_thomas_text_only.json,mesu_register_v0_3_nulls100,,,,mesu,unknown,unknown,,,,,,,,,grapheme,1002,,,punctuation,Punctuation positions under the declared punctuation/hyphen policies.,134,prime_index_occupancy_bias,markov_1,-0.024959983994,0.000399159664,0.028907939325,-0.877238026986,0.877238026986,0.405940594059,,"{""name"": ""prime_index_occupancy_bias"", ""null_model"": ""markov_1"", ""observed"": -0.024959983994, ""null_mean"": 0.000399159664, ""null_std"": 0.028907939325, ""z_score"": -0.877238026986, ""empirical_p"": 0.405940594059, ""null_samples"": 100}"
C:\github\5hr-conlang\riemann_analysis\rrlang\outputs\mesu_register_v0_3_nulls100\mesu_thomas_text_only.json,mesu_register_v0_3_nulls100,,,,mesu,unknown,unknown,,,,,,,,,grapheme,1002,,,punctuation,Punctuation positions under the declared punctuation/hyphen policies.,134,prime_gap_affinity,markov_1,0.390977443609,0.536929874571,0.039261740218,-3.717421340762,3.717421340762,0.009900990099,,"{""name"": ""prime_gap_affinity"", ""null_model"": ""markov_1"", ""observed"": 0.390977443609, ""null_mean"": 0.536929874571, ""null_std"": 0.039261740218, ""z_score"": -3.717421340762, ""empirical_p"": 0.009900990099, ""null_samples"": 100}"
C:\github\5hr-conlang\riemann_analysis\rrlang\outputs\mesu_register_v0_3_nulls100\mesu_thomas_text_only.json,mesu_register_v0_3_nulls100,,,,mesu,unknown,unknown,,,,,,,,,grapheme,1002,,,punctuation,Punctuation positions under the declared punctuation/hyphen policies.,134,zeta_spectral_coherence,markov_1,0.000593820656,0.000671130681,0.000355038925,-0.217750842581,0.217750842581,0.811881188119,,"{""name"": ""zeta_spectral_coherence"", ""null_model"": ""markov_1"", ""observed"": 0.000593820656, ""null_mean"": 0.000671130681, ""null_std"": 0.000355038925, ""z_score"": -0.217750842581, ""empirical_p"": 0.811881188119, ""null_samples"": 100}"
C:\github\5hr-conlang\riemann_analysis\rrlang\outputs\mesu_register_v0_3_nulls100\mesu_thomas_text_only.json,mesu_register_v0_3_nulls100,,,,mesu,unknown,unknown,,,,,,,,,grapheme,1002,,,punctuation,Punctuation positions under the declared punctuation/hyphen policies.,134,critical_line_symmetry,markov_1,0.815665778738,0.829523202469,0.054381932887,-0.254816682594,0.254816682594,0.831683168317,,"{""name"": ""critical_line_symmetry"", ""null_model"": ""markov_1"", ""observed"": 0.815665778738, ""null_mean"": 0.829523202469, ""null_std"": 0.054381932887, ""z_score"": -0.254816682594, ""empirical_p"": 0.831683168317, ""null_samples"": 100}"
C:\github\5hr-conlang\riemann_analysis\rrlang\outputs\mesu_register_v0_3_nulls100\mesu_thomas_text_only.json,mesu_register_v0_3_nulls100,,,,mesu,unknown,unknown,,,,,,,,,grapheme,1002,,,punctuation,Punctuation positions under the declared punctuation/hyphen policies.,134,gap_entropy,markov_2,3.389728559437,3.684332895022,0.107545739008,-2.739339915316,2.739339915316,0.009900990099,False,"{""name"": ""gap_entropy"", ""null_model"": ""markov_2"", ""observed"": 3.389728559437, ""null_mean"": 3.684332895022, ""null_std"": 0.107545739008, ""z_score"": -2.739339915316, ""empirical_p"": 0.009900990099, ""null_samples"": 100}"
C:\github\5hr-conlang\riemann_analysis\rrlang\outputs\mesu_register_v0_3_nulls100\mesu_thomas_text_only.json,mesu_register_v0_3_nulls100,,,,mesu,unknown,unknown,,,,,,,,,grapheme,1002,,,punctuation,Punctuation positions under the declared punctuation/hyphen policies.,134,run_entropy,markov_2,2.642375304724,2.791282329751,0.05580034193,-2.668568325503,2.668568325503,0.019801980198,False,"{""name"": ""run_entropy"", ""null_model"": ""markov_2"", ""observed"": 2.642375304724, ""null_mean"": 2.791282329751, ""null_std"": 0.05580034193, ""z_score"": -2.668568325503, ""empirical_p"": 0.019801980198, ""null_samples"": 100}"
C:\github\5hr-conlang\riemann_analysis\rrlang\outputs\mesu_register_v0_3_nulls100\mesu_thomas_text_only.json,mesu_register_v0_3_nulls100,,,,mesu,unknown,unknown,,,,,,,,,grapheme,1002,,,punctuation,Punctuation positions under the declared punctuation/hyphen policies.,134,prime_index_occupancy_bias,markov_2,-0.024959983994,0.001003401361,0.034303098677,-0.756881633308,0.756881633308,0.39603960396,False,"{""name"": ""prime_index_occupancy_bias"", ""null_model"": ""markov_2"", ""observed"": -0.024959983994, ""null_mean"": 0.001003401361, ""null_std"": 0.034303098677, ""z_score"": -0.756881633308, ""empirical_p"": 0.39603960396, ""null_samples"": 100}"
C:\github\5hr-conlang\riemann_analysis\rrlang\outputs\mesu_register_v0_3_nulls100\mesu_thomas_text_only.json,mesu_register_v0_3_nulls100,,,,mesu,unknown,unknown,,,,,,,,,grapheme,1002,,,punctuation,Punctuation positions under the declared punctuation/hyphen policies.,134,prime_gap_affinity,markov_2,0.390977443609,0.473530323655,0.041669610442,-1.981129153121,1.981129153121,0.069306930693,False,"{""name"": ""prime_gap_affinity"", ""null_model"": ""markov_2"", ""observed"": 0.390977443609, ""null_mean"": 0.473530323655, ""null_std"": 0.041669610442, ""z_score"": -1.981129153121, ""empirical_p"": 0.069306930693, ""null_samples"": 100}"
C:\github\5hr-conlang\riemann_analysis\rrlang\outputs\mesu_register_v0_3_nulls100\mesu_thomas_text_only.json,mesu_register_v0_3_nulls100,,,,mesu,unknown,unknown,,,,,,,,,grapheme,1002,,,punctuation,Punctuation positions under the declared punctuation/hyphen policies.,134,zeta_spectral_coherence,markov_2,0.000593820656,0.000587249648,0.000300135027,0.021893506552,0.021893506552,0.990099009901,False,"{""name"": ""zeta_spectral_coherence"", ""null_model"": ""markov_2"", ""observed"": 0.000593820656, ""null_mean"": 0.000587249648, ""null_std"": 0.000300135027, ""z_score"": 0.021893506552, ""empirical_p"": 0.990099009901, ""null_samples"": 100}"
C:\github\5hr-conlang\riemann_analysis\rrlang\outputs\mesu_register_v0_3_nulls100\mesu_thomas_text_only.json,mesu_register_v0_3_nulls100,,,,mesu,unknown,unknown,,,,,,,,,grapheme,1002,,,punctuation,Punctuation positions under the declared punctuation/hyphen policies.,134,critical_line_symmetry,markov_2,0.815665778738,0.849164168714,0.046741467832,-0.716673898559,0.716673898559,0.554455445545,False,"{""name"": ""critical_line_symmetry"", ""null_model"": ""markov_2"", ""observed"": 0.815665778738, ""null_mean"": 0.849164168714, ""null_std"": 0.046741467832, ""z_score"": -0.716673898559, ""empirical_p"": 0.554455445545, ""null_samples"": 100}"
C:\github\5hr-conlang\riemann_analysis\rrlang\outputs\mesu_register_v0_3_nulls100\mesu_thomas_text_only.json,mesu_register_v0_3_nulls100,,,,mesu,unknown,unknown,,,,,,,,,grapheme,1002,,,punctuation,Punctuation positions under the declared punctuation/hyphen policies.,134,gap_entropy,gap_order_shuffle,3.389728559437,3.389728559437,0.0,0.865410983414,0.865410983414,0.920792079208,,"{""name"": ""gap_entropy"", ""null_model"": ""gap_order_shuffle"", ""observed"": 3.389728559437, ""null_mean"": 3.389728559437, ""null_std"": 0.0, ""z_score"": 0.865410983414, ""empirical_p"": 0.920792079208, ""null_samples"": 100}"
C:\github\5hr-conlang\riemann_analysis\rrlang\outputs\mesu_register_v0_3_nulls100\mesu_thomas_text_only.json,mesu_register_v0_3_nulls100,,,,mesu,unknown,unknown,,,,,,,,,grapheme,1002,,,punctuation,Punctuation positions under the declared punctuation/hyphen policies.,134,run_entropy,gap_order_shuffle,2.642375304724,2.642375304724,0.0,0.574217057371,0.574217057371,1.0,,"{""name"": ""run_entropy"", ""null_model"": ""gap_order_shuffle"", ""observed"": 2.642375304724, ""null_mean"": 2.642375304724, ""null_std"": 0.0, ""z_score"": 0.574217057371, ""empirical_p"": 1, ""null_samples"": 100}"
C:\github\5hr-conlang\riemann_analysis\rrlang\outputs\mesu_register_v0_3_nulls100\mesu_thomas_text_only.json,mesu_register_v0_3_nulls100,,,,mesu,unknown,unknown,,,,,,,,,grapheme,1002,,,punctuation,Punctuation positions under the declared punctuation/hyphen policies.,134,prime_index_occupancy_bias,gap_order_shuffle,-0.024959983994,-0.005718787515,0.027368741481,-0.703035486388,0.703035486388,0.524752475248,,"{""name"": ""prime_index_occupancy_bias"", ""null_model"": ""gap_order_shuffle"", ""observed"": -0.024959983994, ""null_mean"": -0.005718787515, ""null_std"": 0.027368741481, ""z_score"": -0.703035486388, ""empirical_p"": 0.524752475248, ""null_samples"": 100}"
C:\github\5hr-conlang\riemann_analysis\rrlang\outputs\mesu_register_v0_3_nulls100\mesu_thomas_text_only.json,mesu_register_v0_3_nulls100,,,,mesu,unknown,unknown,,,,,,,,,grapheme,1002,,,punctuation,Punctuation positions under the declared punctuation/hyphen policies.,134,prime_gap_affinity,gap_order_shuffle,0.390977443609,0.390977443609,0.0,0.994987437107,0.994987437107,1.0,,"{""name"": ""prime_gap_affinity"", ""null_model"": ""gap_order_shuffle"", ""observed"": 0.390977443609, ""null_mean"": 0.390977443609, ""null_std"": 0.0, ""z_score"": 0.994987437107, ""empirical_p"": 1, ""null_samples"": 100}"
C:\github\5hr-conlang\riemann_analysis\rrlang\outputs\mesu_register_v0_3_nulls100\mesu_thomas_text_only.json,mesu_register_v0_3_nulls100,,,,mesu,unknown,unknown,,,,,,,,,grapheme,1002,,,punctuation,Punctuation positions under the declared punctuation/hyphen policies.,134,zeta_spectral_coherence,gap_order_shuffle,0.000593820656,0.00045573231,0.000128049418,1.078398862135,1.078398862135,0.267326732673,,"{""name"": ""zeta_spectral_coherence"", ""null_model"": ""gap_order_shuffle"", ""observed"": 0.000593820656, ""null_mean"": 0.00045573231, ""null_std"": 0.000128049418, ""z_score"": 1.078398862135, ""empirical_p"": 0.267326732673, ""null_samples"": 100}"
C:\github\5hr-conlang\riemann_analysis\rrlang\outputs\mesu_register_v0_3_nulls100\mesu_thomas_text_only.json,mesu_register_v0_3_nulls100,,,,mesu,unknown,unknown,,,,,,,,,grapheme,1002,,,punctuation,Punctuation positions under the declared punctuation/hyphen policies.,134,critical_line_symmetry,gap_order_shuffle,0.815665778738,0.809133106941,0.027657514948,0.236198798394,0.236198798394,0.80198019802,,"{""name"": ""critical_line_symmetry"", ""null_model"": ""gap_order_shuffle"", ""observed"": 0.815665778738, ""null_mean"": 0.809133106941, ""null_std"": 0.027657514948, ""z_score"": 0.236198798394, ""empirical_p"": 0.80198019802, ""null_samples"": 100}"
C:\github\5hr-conlang\riemann_analysis\rrlang\outputs\mesu_register_v0_3_nulls100\mesu_thomas_text_only.json,mesu_register_v0_3_nulls100,,,,mesu,unknown,unknown,,,,,,,,,grapheme,1002,,,hyphen_boundary,Hyphen positions treated as morpheme boundaries by the declared hyphen policy.,0,event_density,observed_only,0.0,,,,,,,"{""name"": ""event_density"", ""value"": 0, ""details"": ""count(event=true) / sequence_length""}"
C:\github\5hr-conlang\riemann_analysis\rrlang\outputs\mesu_register_v0_3_nulls100\mesu_thomas_text_only.json,mesu_register_v0_3_nulls100,,,,mesu,unknown,unknown,,,,,,,,,grapheme,1002,,,hyphen_boundary,Hyphen positions treated as morpheme boundaries by the declared hyphen policy.,0,event_count,observed_only,0.0,,,,,,,"{""name"": ""event_count"", ""value"": 0, ""details"": ""Number of true positions in the event map.""}"
C:\github\5hr-conlang\riemann_analysis\rrlang\outputs\mesu_register_v0_3_nulls100\mesu_thomas_text_only.json,mesu_register_v0_3_nulls100,,,,mesu,unknown,unknown,,,,,,,,,grapheme,1002,,,hyphen_boundary,Hyphen positions treated as morpheme boundaries by the declared hyphen policy.,0,sequence_length,observed_only,1002.0,,,,,,,"{""name"": ""sequence_length"", ""value"": 1002, ""details"": ""Number of positions in the event map.""}"
C:\github\5hr-conlang\riemann_analysis\rrlang\outputs\mesu_register_v0_3_nulls100\mesu_thomas_text_only.json,mesu_register_v0_3_nulls100,,,,mesu,unknown,unknown,,,,,,,,,grapheme,1002,,,hyphen_boundary,Hyphen positions treated as morpheme boundaries by the declared hyphen policy.,0,modular_residue_peak_m_2,observed_only,0.0,,,,,,,"{""name"": ""modular_residue_peak_m_2"", ""value"": 0, ""details"": ""Largest event-position residue fraction modulo 2.""}"
C:\github\5hr-conlang\riemann_analysis\rrlang\outputs\mesu_register_v0_3_nulls100\mesu_thomas_text_only.json,mesu_register_v0_3_nulls100,,,,mesu,unknown,unknown,,,,,,,,,grapheme,1002,,,hyphen_boundary,Hyphen positions treated as morpheme boundaries by the declared hyphen policy.,0,modular_residue_peak_m_3,observed_only,0.0,,,,,,,"{""name"": ""modular_residue_peak_m_3"", ""value"": 0, ""details"": ""Largest event-position residue fraction modulo 3.""}"
C:\github\5hr-conlang\riemann_analysis\rrlang\outputs\mesu_register_v0_3_nulls100\mesu_thomas_text_only.json,mesu_register_v0_3_nulls100,,,,mesu,unknown,unknown,,,,,,,,,grapheme,1002,,,hyphen_boundary,Hyphen positions treated as morpheme boundaries by the declared hyphen policy.,0,modular_residue_peak_m_5,observed_only,0.0,,,,,,,"{""name"": ""modular_residue_peak_m_5"", ""value"": 0, ""details"": ""Largest event-position residue fraction modulo 5.""}"
C:\github\5hr-conlang\riemann_analysis\rrlang\outputs\mesu_register_v0_3_nulls100\mesu_thomas_text_only.json,mesu_register_v0_3_nulls100,,,,mesu,unknown,unknown,,,,,,,,,grapheme,1002,,,hyphen_boundary,Hyphen positions treated as morpheme boundaries by the declared hyphen policy.,0,modular_residue_peak_m_7,observed_only,0.0,,,,,,,"{""name"": ""modular_residue_peak_m_7"", ""value"": 0, ""details"": ""Largest event-position residue fraction modulo 7.""}"
C:\github\5hr-conlang\riemann_analysis\rrlang\outputs\mesu_register_v0_3_nulls100\mesu_thomas_text_only.json,mesu_register_v0_3_nulls100,,,,mesu,unknown,unknown,,,,,,,,,grapheme,1002,,,hyphen_boundary,Hyphen positions treated as morpheme boundaries by the declared hyphen policy.,0,gap_entropy,density_shuffle,0.0,0.0,0.0,0.0,0.0,1.0,,"{""name"": ""gap_entropy"", ""null_model"": ""density_shuffle"", ""observed"": 0, ""null_mean"": 0, ""null_std"": 0, ""z_score"": 0, ""empirical_p"": 1, ""null_samples"": 100}"
C:\github\5hr-conlang\riemann_analysis\rrlang\outputs\mesu_register_v0_3_nulls100\mesu_thomas_text_only.json,mesu_register_v0_3_nulls100,,,,mesu,unknown,unknown,,,,,,,,,grapheme,1002,,,hyphen_boundary,Hyphen positions treated as morpheme boundaries by the declared hyphen policy.,0,run_entropy,density_shuffle,0.0,0.0,0.0,0.0,0.0,1.0,,"{""name"": ""run_entropy"", ""null_model"": ""density_shuffle"", ""observed"": 0, ""null_mean"": 0, ""null_std"": 0, ""z_score"": 0, ""empirical_p"": 1, ""null_samples"": 100}"
C:\github\5hr-conlang\riemann_analysis\rrlang\outputs\mesu_register_v0_3_nulls100\mesu_thomas_text_only.json,mesu_register_v0_3_nulls100,,,,mesu,unknown,unknown,,,,,,,,,grapheme,1002,,,hyphen_boundary,Hyphen positions treated as morpheme boundaries by the declared hyphen policy.,0,prime_index_occupancy_bias,density_shuffle,0.0,0.0,0.0,0.0,0.0,1.0,,"{""name"": ""prime_index_occupancy_bias"", ""null_model"": ""density_shuffle"", ""observed"": 0, ""null_mean"": 0, ""null_std"": 0, ""z_score"": 0, ""empirical_p"": 1, ""null_samples"": 100}"
C:\github\5hr-conlang\riemann_analysis\rrlang\outputs\mesu_register_v0_3_nulls100\mesu_thomas_text_only.json,mesu_register_v0_3_nulls100,,,,mesu,unknown,unknown,,,,,,,,,grapheme,1002,,,hyphen_boundary,Hyphen positions treated as morpheme boundaries by the declared hyphen policy.,0,prime_gap_affinity,density_shuffle,0.0,0.0,0.0,0.0,0.0,1.0,,"{""name"": ""prime_gap_affinity"", ""null_model"": ""density_shuffle"", ""observed"": 0, ""null_mean"": 0, ""null_std"": 0, ""z_score"": 0, ""empirical_p"": 1, ""null_samples"": 100}"
C:\github\5hr-conlang\riemann_analysis\rrlang\outputs\mesu_register_v0_3_nulls100\mesu_thomas_text_only.json,mesu_register_v0_3_nulls100,,,,mesu,unknown,unknown,,,,,,,,,grapheme,1002,,,hyphen_boundary,Hyphen positions treated as morpheme boundaries by the declared hyphen policy.,0,zeta_spectral_coherence,density_shuffle,0.0,0.0,0.0,0.0,0.0,1.0,,"{""name"": ""zeta_spectral_coherence"", ""null_model"": ""density_shuffle"", ""observed"": 0, ""null_mean"": 0, ""null_std"": 0, ""z_score"": 0, ""empirical_p"": 1, ""null_samples"": 100}"
C:\github\5hr-conlang\riemann_analysis\rrlang\outputs\mesu_register_v0_3_nulls100\mesu_thomas_text_only.json,mesu_register_v0_3_nulls100,,,,mesu,unknown,unknown,,,,,,,,,grapheme,1002,,,hyphen_boundary,Hyphen positions treated as morpheme boundaries by the declared hyphen policy.,0,critical_line_symmetry,density_shuffle,1.0,1.0,0.0,0.0,0.0,1.0,,"{""name"": ""critical_line_symmetry"", ""null_model"": ""density_shuffle"", ""observed"": 1, ""null_mean"": 1, ""null_std"": 0, ""z_score"": 0, ""empirical_p"": 1, ""null_samples"": 100}"
C:\github\5hr-conlang\riemann_analysis\rrlang\outputs\mesu_register_v0_3_nulls100\mesu_thomas_text_only.json,mesu_register_v0_3_nulls100,,,,mesu,unknown,unknown,,,,,,,,,grapheme,1002,,,hyphen_boundary,Hyphen positions treated as morpheme boundaries by the declared hyphen policy.,0,gap_entropy,markov_1,0.0,0.0,0.0,0.0,0.0,1.0,,"{""name"": ""gap_entropy"", ""null_model"": ""markov_1"", ""observed"": 0, ""null_mean"": 0, ""null_std"": 0, ""z_score"": 0, ""empirical_p"": 1, ""null_samples"": 100}"
C:\github\5hr-conlang\riemann_analysis\rrlang\outputs\mesu_register_v0_3_nulls100\mesu_thomas_text_only.json,mesu_register_v0_3_nulls100,,,,mesu,unknown,unknown,,,,,,,,,grapheme,1002,,,hyphen_boundary,Hyphen positions treated as morpheme boundaries by the declared hyphen policy.,0,run_entropy,markov_1,0.0,0.0,0.0,0.0,0.0,1.0,,"{""name"": ""run_entropy"", ""null_model"": ""markov_1"", ""observed"": 0, ""null_mean"": 0, ""null_std"": 0, ""z_score"": 0, ""empirical_p"": 1, ""null_samples"": 100}"
C:\github\5hr-conlang\riemann_analysis\rrlang\outputs\mesu_register_v0_3_nulls100\mesu_thomas_text_only.json,mesu_register_v0_3_nulls100,,,,mesu,unknown,unknown,,,,,,,,,grapheme,1002,,,hyphen_boundary,Hyphen positions treated as morpheme boundaries by the declared hyphen policy.,0,prime_index_occupancy_bias,markov_1,0.0,0.0,0.0,0.0,0.0,1.0,,"{""name"": ""prime_index_occupancy_bias"", ""null_model"": ""markov_1"", ""observed"": 0, ""null_mean"": 0, ""null_std"": 0, ""z_score"": 0, ""empirical_p"": 1, ""null_samples"": 100}"
C:\github\5hr-conlang\riemann_analysis\rrlang\outputs\mesu_register_v0_3_nulls100\mesu_thomas_text_only.json,mesu_register_v0_3_nulls100,,,,mesu,unknown,unknown,,,,,,,,,grapheme,1002,,,hyphen_boundary,Hyphen positions treated as morpheme boundaries by the declared hyphen policy.,0,prime_gap_affinity,markov_1,0.0,0.0,0.0,0.0,0.0,1.0,,"{""name"": ""prime_gap_affinity"", ""null_model"": ""markov_1"", ""observed"": 0, ""null_mean"": 0, ""null_std"": 0, ""z_score"": 0, ""empirical_p"": 1, ""null_samples"": 100}"
C:\github\5hr-conlang\riemann_analysis\rrlang\outputs\mesu_register_v0_3_nulls100\mesu_thomas_text_only.json,mesu_register_v0_3_nulls100,,,,mesu,unknown,unknown,,,,,,,,,grapheme,1002,,,hyphen_boundary,Hyphen positions treated as morpheme boundaries by the declared hyphen policy.,0,zeta_spectral_coherence,markov_1,0.0,0.0,0.0,0.0,0.0,1.0,,"{""name"": ""zeta_spectral_coherence"", ""null_model"": ""markov_1"", ""observed"": 0, ""null_mean"": 0, ""null_std"": 0, ""z_score"": 0, ""empirical_p"": 1, ""null_samples"": 100}"
C:\github\5hr-conlang\riemann_analysis\rrlang\outputs\mesu_register_v0_3_nulls100\mesu_thomas_text_only.json,mesu_register_v0_3_nulls100,,,,mesu,unknown,unknown,,,,,,,,,grapheme,1002,,,hyphen_boundary,Hyphen positions treated as morpheme boundaries by the declared hyphen policy.,0,critical_line_symmetry,markov_1,1.0,1.0,0.0,0.0,0.0,1.0,,"{""name"": ""critical_line_symmetry"", ""null_model"": ""markov_1"", ""observed"": 1, ""null_mean"": 1, ""null_std"": 0, ""z_score"": 0, ""empirical_p"": 1, ""null_samples"": 100}"
C:\github\5hr-conlang\riemann_analysis\rrlang\outputs\mesu_register_v0_3_nulls100\mesu_thomas_text_only.json,mesu_register_v0_3_nulls100,,,,mesu,unknown,unknown,,,,,,,,,grapheme,1002,,,hyphen_boundary,Hyphen positions treated as morpheme boundaries by the declared hyphen policy.,0,gap_entropy,markov_2,0.0,0.0,0.0,0.0,0.0,1.0,False,"{""name"": ""gap_entropy"", ""null_model"": ""markov_2"", ""observed"": 0, ""null_mean"": 0, ""null_std"": 0, ""z_score"": 0, ""empirical_p"": 1, ""null_samples"": 100}"
C:\github\5hr-conlang\riemann_analysis\rrlang\outputs\mesu_register_v0_3_nulls100\mesu_thomas_text_only.json,mesu_register_v0_3_nulls100,,,,mesu,unknown,unknown,,,,,,,,,grapheme,1002,,,hyphen_boundary,Hyphen positions treated as morpheme boundaries by the declared hyphen policy.,0,run_entropy,markov_2,0.0,0.0,0.0,0.0,0.0,1.0,False,"{""name"": ""run_entropy"", ""null_model"": ""markov_2"", ""observed"": 0, ""null_mean"": 0, ""null_std"": 0, ""z_score"": 0, ""empirical_p"": 1, ""null_samples"": 100}"
C:\github\5hr-conlang\riemann_analysis\rrlang\outputs\mesu_register_v0_3_nulls100\mesu_thomas_text_only.json,mesu_register_v0_3_nulls100,,,,mesu,unknown,unknown,,,,,,,,,grapheme,1002,,,hyphen_boundary,Hyphen positions treated as morpheme boundaries by the declared hyphen policy.,0,prime_index_occupancy_bias,markov_2,0.0,0.0,0.0,0.0,0.0,1.0,False,"{""name"": ""prime_index_occupancy_bias"", ""null_model"": ""markov_2"", ""observed"": 0, ""null_mean"": 0, ""null_std"": 0, ""z_score"": 0, ""empirical_p"": 1, ""null_samples"": 100}"
C:\github\5hr-conlang\riemann_analysis\rrlang\outputs\mesu_register_v0_3_nulls100\mesu_thomas_text_only.json,mesu_register_v0_3_nulls100,,,,mesu,unknown,unknown,,,,,,,,,grapheme,1002,,,hyphen_boundary,Hyphen positions treated as morpheme boundaries by the declared hyphen policy.,0,prime_gap_affinity,markov_2,0.0,0.0,0.0,0.0,0.0,1.0,False,"{""name"": ""prime_gap_affinity"", ""null_model"": ""markov_2"", ""observed"": 0, ""null_mean"": 0, ""null_std"": 0, ""z_score"": 0, ""empirical_p"": 1, ""null_samples"": 100}"
C:\github\5hr-conlang\riemann_analysis\rrlang\outputs\mesu_register_v0_3_nulls100\mesu_thomas_text_only.json,mesu_register_v0_3_nulls100,,,,mesu,unknown,unknown,,,,,,,,,grapheme,1002,,,hyphen_boundary,Hyphen positions treated as morpheme boundaries by the declared hyphen policy.,0,zeta_spectral_coherence,markov_2,0.0,0.0,0.0,0.0,0.0,1.0,False,"{""name"": ""zeta_spectral_coherence"", ""null_model"": ""markov_2"", ""observed"": 0, ""null_mean"": 0, ""null_std"": 0, ""z_score"": 0, ""empirical_p"": 1, ""null_samples"": 100}"
C:\github\5hr-conlang\riemann_analysis\rrlang\outputs\mesu_register_v0_3_nulls100\mesu_thomas_text_only.json,mesu_register_v0_3_nulls100,,,,mesu,unknown,unknown,,,,,,,,,grapheme,1002,,,hyphen_boundary,Hyphen positions treated as morpheme boundaries by the declared hyphen policy.,0,critical_line_symmetry,markov_2,1.0,1.0,0.0,0.0,0.0,1.0,False,"{""name"": ""critical_line_symmetry"", ""null_model"": ""markov_2"", ""observed"": 1, ""null_mean"": 1, ""null_std"": 0, ""z_score"": 0, ""empirical_p"": 1, ""null_samples"": 100}"
C:\github\5hr-conlang\riemann_analysis\rrlang\outputs\mesu_register_v0_3_nulls100\mesu_thomas_text_only.json,mesu_register_v0_3_nulls100,,,,mesu,unknown,unknown,,,,,,,,,grapheme,1002,,,digit,ASCII digit positions.,0,event_density,observed_only,0.0,,,,,,,"{""name"": ""event_density"", ""value"": 0, ""details"": ""count(event=true) / sequence_length""}"
C:\github\5hr-conlang\riemann_analysis\rrlang\outputs\mesu_register_v0_3_nulls100\mesu_thomas_text_only.json,mesu_register_v0_3_nulls100,,,,mesu,unknown,unknown,,,,,,,,,grapheme,1002,,,digit,ASCII digit positions.,0,event_count,observed_only,0.0,,,,,,,"{""name"": ""event_count"", ""value"": 0, ""details"": ""Number of true positions in the event map.""}"
C:\github\5hr-conlang\riemann_analysis\rrlang\outputs\mesu_register_v0_3_nulls100\mesu_thomas_text_only.json,mesu_register_v0_3_nulls100,,,,mesu,unknown,unknown,,,,,,,,,grapheme,1002,,,digit,ASCII digit positions.,0,sequence_length,observed_only,1002.0,,,,,,,"{""name"": ""sequence_length"", ""value"": 1002, ""details"": ""Number of positions in the event map.""}"
C:\github\5hr-conlang\riemann_analysis\rrlang\outputs\mesu_register_v0_3_nulls100\mesu_thomas_text_only.json,mesu_register_v0_3_nulls100,,,,mesu,unknown,unknown,,,,,,,,,grapheme,1002,,,digit,ASCII digit positions.,0,modular_residue_peak_m_2,observed_only,0.0,,,,,,,"{""name"": ""modular_residue_peak_m_2"", ""value"": 0, ""details"": ""Largest event-position residue fraction modulo 2.""}"
C:\github\5hr-conlang\riemann_analysis\rrlang\outputs\mesu_register_v0_3_nulls100\mesu_thomas_text_only.json,mesu_register_v0_3_nulls100,,,,mesu,unknown,unknown,,,,,,,,,grapheme,1002,,,digit,ASCII digit positions.,0,modular_residue_peak_m_3,observed_only,0.0,,,,,,,"{""name"": ""modular_residue_peak_m_3"", ""value"": 0, ""details"": ""Largest event-position residue fraction modulo 3.""}"
C:\github\5hr-conlang\riemann_analysis\rrlang\outputs\mesu_register_v0_3_nulls100\mesu_thomas_text_only.json,mesu_register_v0_3_nulls100,,,,mesu,unknown,unknown,,,,,,,,,grapheme,1002,,,digit,ASCII digit positions.,0,modular_residue_peak_m_5,observed_only,0.0,,,,,,,"{""name"": ""modular_residue_peak_m_5"", ""value"": 0, ""details"": ""Largest event-position residue fraction modulo 5.""}"
C:\github\5hr-conlang\riemann_analysis\rrlang\outputs\mesu_register_v0_3_nulls100\mesu_thomas_text_only.json,mesu_register_v0_3_nulls100,,,,mesu,unknown,unknown,,,,,,,,,grapheme,1002,,,digit,ASCII digit positions.,0,modular_residue_peak_m_7,observed_only,0.0,,,,,,,"{""name"": ""modular_residue_peak_m_7"", ""value"": 0, ""details"": ""Largest event-position residue fraction modulo 7.""}"
C:\github\5hr-conlang\riemann_analysis\rrlang\outputs\mesu_register_v0_3_nulls100\mesu_thomas_text_only.json,mesu_register_v0_3_nulls100,,,,mesu,unknown,unknown,,,,,,,,,grapheme,1002,,,digit,ASCII digit positions.,0,gap_entropy,density_shuffle,0.0,0.0,0.0,0.0,0.0,1.0,,"{""name"": ""gap_entropy"", ""null_model"": ""density_shuffle"", ""observed"": 0, ""null_mean"": 0, ""null_std"": 0, ""z_score"": 0, ""empirical_p"": 1, ""null_samples"": 100}"
C:\github\5hr-conlang\riemann_analysis\rrlang\outputs\mesu_register_v0_3_nulls100\mesu_thomas_text_only.json,mesu_register_v0_3_nulls100,,,,mesu,unknown,unknown,,,,,,,,,grapheme,1002,,,digit,ASCII digit positions.,0,run_entropy,density_shuffle,0.0,0.0,0.0,0.0,0.0,1.0,,"{""name"": ""run_entropy"", ""null_model"": ""density_shuffle"", ""observed"": 0, ""null_mean"": 0, ""null_std"": 0, ""z_score"": 0, ""empirical_p"": 1, ""null_samples"": 100}"
C:\github\5hr-conlang\riemann_analysis\rrlang\outputs\mesu_register_v0_3_nulls100\mesu_thomas_text_only.json,mesu_register_v0_3_nulls100,,,,mesu,unknown,unknown,,,,,,,,,grapheme,1002,,,digit,ASCII digit positions.,0,prime_index_occupancy_bias,density_shuffle,0.0,0.0,0.0,0.0,0.0,1.0,,"{""name"": ""prime_index_occupancy_bias"", ""null_model"": ""density_shuffle"", ""observed"": 0, ""null_mean"": 0, ""null_std"": 0, ""z_score"": 0, ""empirical_p"": 1, ""null_samples"": 100}"
C:\github\5hr-conlang\riemann_analysis\rrlang\outputs\mesu_register_v0_3_nulls100\mesu_thomas_text_only.json,mesu_register_v0_3_nulls100,,,,mesu,unknown,unknown,,,,,,,,,grapheme,1002,,,digit,ASCII digit positions.,0,prime_gap_affinity,density_shuffle,0.0,0.0,0.0,0.0,0.0,1.0,,"{""name"": ""prime_gap_affinity"", ""null_model"": ""density_shuffle"", ""observed"": 0, ""null_mean"": 0, ""null_std"": 0, ""z_score"": 0, ""empirical_p"": 1, ""null_samples"": 100}"
C:\github\5hr-conlang\riemann_analysis\rrlang\outputs\mesu_register_v0_3_nulls100\mesu_thomas_text_only.json,mesu_register_v0_3_nulls100,,,,mesu,unknown,unknown,,,,,,,,,grapheme,1002,,,digit,ASCII digit positions.,0,zeta_spectral_coherence,density_shuffle,0.0,0.0,0.0,0.0,0.0,1.0,,"{""name"": ""zeta_spectral_coherence"", ""null_model"": ""density_shuffle"", ""observed"": 0, ""null_mean"": 0, ""null_std"": 0, ""z_score"": 0, ""empirical_p"": 1, ""null_samples"": 100}"
C:\github\5hr-conlang\riemann_analysis\rrlang\outputs\mesu_register_v0_3_nulls100\mesu_thomas_text_only.json,mesu_register_v0_3_nulls100,,,,mesu,unknown,unknown,,,,,,,,,grapheme,1002,,,digit,ASCII digit positions.,0,critical_line_symmetry,density_shuffle,1.0,1.0,0.0,0.0,0.0,1.0,,"{""name"": ""critical_line_symmetry"", ""null_model"": ""density_shuffle"", ""observed"": 1, ""null_mean"": 1, ""null_std"": 0, ""z_score"": 0, ""empirical_p"": 1, ""null_samples"": 100}"
C:\github\5hr-conlang\riemann_analysis\rrlang\outputs\mesu_register_v0_3_nulls100\mesu_thomas_text_only.json,mesu_register_v0_3_nulls100,,,,mesu,unknown,unknown,,,,,,,,,grapheme,1002,,,digit,ASCII digit positions.,0,gap_entropy,markov_1,0.0,0.0,0.0,0.0,0.0,1.0,,"{""name"": ""gap_entropy"", ""null_model"": ""markov_1"", ""observed"": 0, ""null_mean"": 0, ""null_std"": 0, ""z_score"": 0, ""empirical_p"": 1, ""null_samples"": 100}"
C:\github\5hr-conlang\riemann_analysis\rrlang\outputs\mesu_register_v0_3_nulls100\mesu_thomas_text_only.json,mesu_register_v0_3_nulls100,,,,mesu,unknown,unknown,,,,,,,,,grapheme,1002,,,digit,ASCII digit positions.,0,run_entropy,markov_1,0.0,0.0,0.0,0.0,0.0,1.0,,"{""name"": ""run_entropy"", ""null_model"": ""markov_1"", ""observed"": 0, ""null_mean"": 0, ""null_std"": 0, ""z_score"": 0, ""empirical_p"": 1, ""null_samples"": 100}"
C:\github\5hr-conlang\riemann_analysis\rrlang\outputs\mesu_register_v0_3_nulls100\mesu_thomas_text_only.json,mesu_register_v0_3_nulls100,,,,mesu,unknown,unknown,,,,,,,,,grapheme,1002,,,digit,ASCII digit positions.,0,prime_index_occupancy_bias,markov_1,0.0,0.0,0.0,0.0,0.0,1.0,,"{""name"": ""prime_index_occupancy_bias"", ""null_model"": ""markov_1"", ""observed"": 0, ""null_mean"": 0, ""null_std"": 0, ""z_score"": 0, ""empirical_p"": 1, ""null_samples"": 100}"
C:\github\5hr-conlang\riemann_analysis\rrlang\outputs\mesu_register_v0_3_nulls100\mesu_thomas_text_only.json,mesu_register_v0_3_nulls100,,,,mesu,unknown,unknown,,,,,,,,,grapheme,1002,,,digit,ASCII digit positions.,0,prime_gap_affinity,markov_1,0.0,0.0,0.0,0.0,0.0,1.0,,"{""name"": ""prime_gap_affinity"", ""null_model"": ""markov_1"", ""observed"": 0, ""null_mean"": 0, ""null_std"": 0, ""z_score"": 0, ""empirical_p"": 1, ""null_samples"": 100}"
C:\github\5hr-conlang\riemann_analysis\rrlang\outputs\mesu_register_v0_3_nulls100\mesu_thomas_text_only.json,mesu_register_v0_3_nulls100,,,,mesu,unknown,unknown,,,,,,,,,grapheme,1002,,,digit,ASCII digit positions.,0,zeta_spectral_coherence,markov_1,0.0,0.0,0.0,0.0,0.0,1.0,,"{""name"": ""zeta_spectral_coherence"", ""null_model"": ""markov_1"", ""observed"": 0, ""null_mean"": 0, ""null_std"": 0, ""z_score"": 0, ""empirical_p"": 1, ""null_samples"": 100}"
C:\github\5hr-conlang\riemann_analysis\rrlang\outputs\mesu_register_v0_3_nulls100\mesu_thomas_text_only.json,mesu_register_v0_3_nulls100,,,,mesu,unknown,unknown,,,,,,,,,grapheme,1002,,,digit,ASCII digit positions.,0,critical_line_symmetry,markov_1,1.0,1.0,0.0,0.0,0.0,1.0,,"{""name"": ""critical_line_symmetry"", ""null_model"": ""markov_1"", ""observed"": 1, ""null_mean"": 1, ""null_std"": 0, ""z_score"": 0, ""empirical_p"": 1, ""null_samples"": 100}"
C:\github\5hr-conlang\riemann_analysis\rrlang\outputs\mesu_register_v0_3_nulls100\mesu_thomas_text_only.json,mesu_register_v0_3_nulls100,,,,mesu,unknown,unknown,,,,,,,,,grapheme,1002,,,digit,ASCII digit positions.,0,gap_entropy,markov_2,0.0,0.0,0.0,0.0,0.0,1.0,False,"{""name"": ""gap_entropy"", ""null_model"": ""markov_2"", ""observed"": 0, ""null_mean"": 0, ""null_std"": 0, ""z_score"": 0, ""empirical_p"": 1, ""null_samples"": 100}"
C:\github\5hr-conlang\riemann_analysis\rrlang\outputs\mesu_register_v0_3_nulls100\mesu_thomas_text_only.json,mesu_register_v0_3_nulls100,,,,mesu,unknown,unknown,,,,,,,,,grapheme,1002,,,digit,ASCII digit positions.,0,run_entropy,markov_2,0.0,0.0,0.0,0.0,0.0,1.0,False,"{""name"": ""run_entropy"", ""null_model"": ""markov_2"", ""observed"": 0, ""null_mean"": 0, ""null_std"": 0, ""z_score"": 0, ""empirical_p"": 1, ""null_samples"": 100}"
C:\github\5hr-conlang\riemann_analysis\rrlang\outputs\mesu_register_v0_3_nulls100\mesu_thomas_text_only.json,mesu_register_v0_3_nulls100,,,,mesu,unknown,unknown,,,,,,,,,grapheme,1002,,,digit,ASCII digit positions.,0,prime_index_occupancy_bias,markov_2,0.0,0.0,0.0,0.0,0.0,1.0,False,"{""name"": ""prime_index_occupancy_bias"", ""null_model"": ""markov_2"", ""observed"": 0, ""null_mean"": 0, ""null_std"": 0, ""z_score"": 0, ""empirical_p"": 1, ""null_samples"": 100}"
C:\github\5hr-conlang\riemann_analysis\rrlang\outputs\mesu_register_v0_3_nulls100\mesu_thomas_text_only.json,mesu_register_v0_3_nulls100,,,,mesu,unknown,unknown,,,,,,,,,grapheme,1002,,,digit,ASCII digit positions.,0,prime_gap_affinity,markov_2,0.0,0.0,0.0,0.0,0.0,1.0,False,"{""name"": ""prime_gap_affinity"", ""null_model"": ""markov_2"", ""observed"": 0, ""null_mean"": 0, ""null_std"": 0, ""z_score"": 0, ""empirical_p"": 1, ""null_samples"": 100}"
C:\github\5hr-conlang\riemann_analysis\rrlang\outputs\mesu_register_v0_3_nulls100\mesu_thomas_text_only.json,mesu_register_v0_3_nulls100,,,,mesu,unknown,unknown,,,,,,,,,grapheme,1002,,,digit,ASCII digit positions.,0,zeta_spectral_coherence,markov_2,0.0,0.0,0.0,0.0,0.0,1.0,False,"{""name"": ""zeta_spectral_coherence"", ""null_model"": ""markov_2"", ""observed"": 0, ""null_mean"": 0, ""null_std"": 0, ""z_score"": 0, ""empirical_p"": 1, ""null_samples"": 100}"
C:\github\5hr-conlang\riemann_analysis\rrlang\outputs\mesu_register_v0_3_nulls100\mesu_thomas_text_only.json,mesu_register_v0_3_nulls100,,,,mesu,unknown,unknown,,,,,,,,,grapheme,1002,,,digit,ASCII digit positions.,0,critical_line_symmetry,markov_2,1.0,1.0,0.0,0.0,0.0,1.0,False,"{""name"": ""critical_line_symmetry"", ""null_model"": ""markov_2"", ""observed"": 1, ""null_mean"": 1, ""null_std"": 0, ""z_score"": 0, ""empirical_p"": 1, ""null_samples"": 100}"
C:\github\5hr-conlang\riemann_analysis\rrlang\outputs\mesu_register_v0_3_nulls100\mesu_thomas_text_only.json,mesu_register_v0_3_nulls100,,,,mesu,unknown,unknown,,,,,,,,,grapheme_class,1002,,,vowel,Positions classified as vowel in the grapheme-class stream.,305,event_density,observed_only,0.304391217565,,,,,,,"{""name"": ""event_density"", ""value"": 0.304391217565, ""details"": ""count(event=true) / sequence_length""}"
C:\github\5hr-conlang\riemann_analysis\rrlang\outputs\mesu_register_v0_3_nulls100\mesu_thomas_text_only.json,mesu_register_v0_3_nulls100,,,,mesu,unknown,unknown,,,,,,,,,grapheme_class,1002,,,vowel,Positions classified as vowel in the grapheme-class stream.,305,event_count,observed_only,305.0,,,,,,,"{""name"": ""event_count"", ""value"": 305, ""details"": ""Number of true positions in the event map.""}"
C:\github\5hr-conlang\riemann_analysis\rrlang\outputs\mesu_register_v0_3_nulls100\mesu_thomas_text_only.json,mesu_register_v0_3_nulls100,,,,mesu,unknown,unknown,,,,,,,,,grapheme_class,1002,,,vowel,Positions classified as vowel in the grapheme-class stream.,305,sequence_length,observed_only,1002.0,,,,,,,"{""name"": ""sequence_length"", ""value"": 1002, ""details"": ""Number of positions in the event map.""}"
C:\github\5hr-conlang\riemann_analysis\rrlang\outputs\mesu_register_v0_3_nulls100\mesu_thomas_text_only.json,mesu_register_v0_3_nulls100,,,,mesu,unknown,unknown,,,,,,,,,grapheme_class,1002,,,vowel,Positions classified as vowel in the grapheme-class stream.,305,modular_residue_peak_m_2,observed_only,0.518032786885,,,,,,,"{""name"": ""modular_residue_peak_m_2"", ""value"": 0.518032786885, ""details"": ""Largest event-position residue fraction modulo 2.""}"
C:\github\5hr-conlang\riemann_analysis\rrlang\outputs\mesu_register_v0_3_nulls100\mesu_thomas_text_only.json,mesu_register_v0_3_nulls100,,,,mesu,unknown,unknown,,,,,,,,,grapheme_class,1002,,,vowel,Positions classified as vowel in the grapheme-class stream.,305,modular_residue_peak_m_3,observed_only,0.403278688525,,,,,,,"{""name"": ""modular_residue_peak_m_3"", ""value"": 0.403278688525, ""details"": ""Largest event-position residue fraction modulo 3.""}"
C:\github\5hr-conlang\riemann_analysis\rrlang\outputs\mesu_register_v0_3_nulls100\mesu_thomas_text_only.json,mesu_register_v0_3_nulls100,,,,mesu,unknown,unknown,,,,,,,,,grapheme_class,1002,,,vowel,Positions classified as vowel in the grapheme-class stream.,305,modular_residue_peak_m_5,observed_only,0.222950819672,,,,,,,"{""name"": ""modular_residue_peak_m_5"", ""value"": 0.222950819672, ""details"": ""Largest event-position residue fraction modulo 5.""}"
C:\github\5hr-conlang\riemann_analysis\rrlang\outputs\mesu_register_v0_3_nulls100\mesu_thomas_text_only.json,mesu_register_v0_3_nulls100,,,,mesu,unknown,unknown,,,,,,,,,grapheme_class,1002,,,vowel,Positions classified as vowel in the grapheme-class stream.,305,modular_residue_peak_m_7,observed_only,0.16393442623,,,,,,,"{""name"": ""modular_residue_peak_m_7"", ""value"": 0.16393442623, ""details"": ""Largest event-position residue fraction modulo 7.""}"
C:\github\5hr-conlang\riemann_analysis\rrlang\outputs\mesu_register_v0_3_nulls100\mesu_thomas_text_only.json,mesu_register_v0_3_nulls100,,,,mesu,unknown,unknown,,,,,,,,,grapheme_class,1002,,,vowel,Positions classified as vowel in the grapheme-class stream.,305,gap_entropy,density_shuffle,1.418014404039,2.864170268806,0.014480631146,-99.868289595323,99.868289595323,0.009900990099,,"{""name"": ""gap_entropy"", ""null_model"": ""density_shuffle"", ""observed"": 1.418014404039, ""null_mean"": 2.864170268806, ""null_std"": 0.014480631146, ""z_score"": -99.868289595323, ""empirical_p"": 0.009900990099, ""null_samples"": 100}"
C:\github\5hr-conlang\riemann_analysis\rrlang\outputs\mesu_register_v0_3_nulls100\mesu_thomas_text_only.json,mesu_register_v0_3_nulls100,,,,mesu,unknown,unknown,,,,,,,,,grapheme_class,1002,,,vowel,Positions classified as vowel in the grapheme-class stream.,305,run_entropy,density_shuffle,1.51974821342,2.241658817282,0.060149553687,-12.001927854999,12.001927854999,0.009900990099,,"{""name"": ""run_entropy"", ""null_model"": ""density_shuffle"", ""observed"": 1.51974821342, ""null_mean"": 2.241658817282, ""null_std"": 0.060149553687, ""z_score"": -12.001927854999, ""empirical_p"": 0.009900990099, ""null_samples"": 100}"
C:\github\5hr-conlang\riemann_analysis\rrlang\outputs\mesu_register_v0_3_nulls100\mesu_thomas_text_only.json,mesu_register_v0_3_nulls100,,,,mesu,unknown,unknown,,,,,,,,,grapheme_class,1002,,,vowel,Positions classified as vowel in the grapheme-class stream.,305,prime_index_occupancy_bias,density_shuffle,0.028461384554,0.004112144858,0.038888936079,0.626122546688,0.626122546688,0.514851485149,,"{""name"": ""prime_index_occupancy_bias"", ""null_model"": ""density_shuffle"", ""observed"": 0.028461384554, ""null_mean"": 0.004112144858, ""null_std"": 0.038888936079, ""z_score"": 0.626122546688, ""empirical_p"": 0.514851485149, ""null_samples"": 100}"
C:\github\5hr-conlang\riemann_analysis\rrlang\outputs\mesu_register_v0_3_nulls100\mesu_thomas_text_only.json,mesu_register_v0_3_nulls100,,,,mesu,unknown,unknown,,,,,,,,,grapheme_class,1002,,,vowel,Positions classified as vowel in the grapheme-class stream.,305,prime_gap_affinity,density_shuffle,0.736842105263,0.483157894737,0.027756136818,9.139752127397,9.139752127397,0.009900990099,,"{""name"": ""prime_gap_affinity"", ""null_model"": ""density_shuffle"", ""observed"": 0.736842105263, ""null_mean"": 0.483157894737, ""null_std"": 0.027756136818, ""z_score"": 9.139752127397, ""empirical_p"": 0.009900990099, ""null_samples"": 100}"
C:\github\5hr-conlang\riemann_analysis\rrlang\outputs\mesu_register_v0_3_nulls100\mesu_thomas_text_only.json,mesu_register_v0_3_nulls100,,,,mesu,unknown,unknown,,,,,,,,,grapheme_class,1002,,,vowel,Positions classified as vowel in the grapheme-class stream.,305,zeta_spectral_coherence,density_shuffle,0.001028088197,0.001578751344,0.000544424171,-1.01145977109,1.01145977109,0.366336633663,,"{""name"": ""zeta_spectral_coherence"", ""null_model"": ""density_shuffle"", ""observed"": 0.001028088197, ""null_mean"": 0.001578751344, ""null_std"": 0.000544424171, ""z_score"": -1.01145977109, ""empirical_p"": 0.366336633663, ""null_samples"": 100}"
C:\github\5hr-conlang\riemann_analysis\rrlang\outputs\mesu_register_v0_3_nulls100\mesu_thomas_text_only.json,mesu_register_v0_3_nulls100,,,,mesu,unknown,unknown,,,,,,,,,grapheme_class,1002,,,vowel,Positions classified as vowel in the grapheme-class stream.,305,critical_line_symmetry,density_shuffle,0.932778906173,0.829715866092,0.040859162463,2.522397275624,2.522397275624,0.019801980198,,"{""name"": ""critical_line_symmetry"", ""null_model"": ""density_shuffle"", ""observed"": 0.932778906173, ""null_mean"": 0.829715866092, ""null_std"": 0.040859162463, ""z_score"": 2.522397275624, ""empirical_p"": 0.019801980198, ""null_samples"": 100}"
C:\github\5hr-conlang\riemann_analysis\rrlang\outputs\mesu_register_v0_3_nulls100\mesu_thomas_text_only.json,mesu_register_v0_3_nulls100,,,,mesu,unknown,unknown,,,,,,,,,grapheme_class,1002,,,vowel,Positions classified as vowel in the grapheme-class stream.,305,gap_entropy,markov_1,1.418014404039,2.285951383665,0.090242155781,-9.617866196944,9.617866196944,0.009900990099,,"{""name"": ""gap_entropy"", ""null_model"": ""markov_1"", ""observed"": 1.418014404039, ""null_mean"": 2.285951383665, ""null_std"": 0.090242155781, ""z_score"": -9.617866196944, ""empirical_p"": 0.009900990099, ""null_samples"": 100}"
C:\github\5hr-conlang\riemann_analysis\rrlang\outputs\mesu_register_v0_3_nulls100\mesu_thomas_text_only.json,mesu_register_v0_3_nulls100,,,,mesu,unknown,unknown,,,,,,,,,grapheme_class,1002,,,vowel,Positions classified as vowel in the grapheme-class stream.,305,run_entropy,markov_1,1.51974821342,1.498859167749,0.062772976425,0.332771311164,0.332771311164,0.782178217822,,"{""name"": ""run_entropy"", ""null_model"": ""markov_1"", ""observed"": 1.51974821342, ""null_mean"": 1.498859167749, ""null_std"": 0.062772976425, ""z_score"": 0.332771311164, ""empirical_p"": 0.782178217822, ""null_samples"": 100}"
C:\github\5hr-conlang\riemann_analysis\rrlang\outputs\mesu_register_v0_3_nulls100\mesu_thomas_text_only.json,mesu_register_v0_3_nulls100,,,,mesu,unknown,unknown,,,,,,,,,grapheme_class,1002,,,vowel,Positions classified as vowel in the grapheme-class stream.,305,prime_index_occupancy_bias,markov_1,0.028461384554,0.010380652261,0.043706558793,0.413684645792,0.413684645792,0.633663366337,,"{""name"": ""prime_index_occupancy_bias"", ""null_model"": ""markov_1"", ""observed"": 0.028461384554, ""null_mean"": 0.010380652261, ""null_std"": 0.043706558793, ""z_score"": 0.413684645792, ""empirical_p"": 0.633663366337, ""null_samples"": 100}"
C:\github\5hr-conlang\riemann_analysis\rrlang\outputs\mesu_register_v0_3_nulls100\mesu_thomas_text_only.json,mesu_register_v0_3_nulls100,,,,mesu,unknown,unknown,,,,,,,,,grapheme_class,1002,,,vowel,Positions classified as vowel in the grapheme-class stream.,305,prime_gap_affinity,markov_1,0.736842105263,0.77961490389,0.023281805689,-1.83717702994,1.83717702994,0.059405940594,,"{""name"": ""prime_gap_affinity"", ""null_model"": ""markov_1"", ""observed"": 0.736842105263, ""null_mean"": 0.77961490389, ""null_std"": 0.023281805689, ""z_score"": -1.83717702994, ""empirical_p"": 0.059405940594, ""null_samples"": 100}"
C:\github\5hr-conlang\riemann_analysis\rrlang\outputs\mesu_register_v0_3_nulls100\mesu_thomas_text_only.json,mesu_register_v0_3_nulls100,,,,mesu,unknown,unknown,,,,,,,,,grapheme_class,1002,,,vowel,Positions classified as vowel in the grapheme-class stream.,305,zeta_spectral_coherence,markov_1,0.001028088197,0.001007209514,0.000371844253,0.056148999921,0.056148999921,0.950495049505,,"{""name"": ""zeta_spectral_coherence"", ""null_model"": ""markov_1"", ""observed"": 0.001028088197, ""null_mean"": 0.001007209514, ""null_std"": 0.000371844253, ""z_score"": 0.056148999921, ""empirical_p"": 0.950495049505, ""null_samples"": 100}"
C:\github\5hr-conlang\riemann_analysis\rrlang\outputs\mesu_register_v0_3_nulls100\mesu_thomas_text_only.json,mesu_register_v0_3_nulls100,,,,mesu,unknown,unknown,,,,,,,,,grapheme_class,1002,,,vowel,Positions classified as vowel in the grapheme-class stream.,305,critical_line_symmetry,markov_1,0.932778906173,0.860239236718,0.038606250706,1.878961777668,1.878961777668,0.049504950495,,"{""name"": ""critical_line_symmetry"", ""null_model"": ""markov_1"", ""observed"": 0.932778906173, ""null_mean"": 0.860239236718, ""null_std"": 0.038606250706, ""z_score"": 1.878961777668, ""empirical_p"": 0.049504950495, ""null_samples"": 100}"
C:\github\5hr-conlang\riemann_analysis\rrlang\outputs\mesu_register_v0_3_nulls100\mesu_thomas_text_only.json,mesu_register_v0_3_nulls100,,,,mesu,unknown,unknown,,,,,,,,,grapheme_class,1002,,,vowel,Positions classified as vowel in the grapheme-class stream.,305,gap_entropy,markov_2,1.418014404039,1.473397119092,0.086777148512,-0.638217733614,0.638217733614,0.50495049505,False,"{""name"": ""gap_entropy"", ""null_model"": ""markov_2"", ""observed"": 1.418014404039, ""null_mean"": 1.473397119092, ""null_std"": 0.086777148512, ""z_score"": -0.638217733614, ""empirical_p"": 0.50495049505, ""null_samples"": 100}"
C:\github\5hr-conlang\riemann_analysis\rrlang\outputs\mesu_register_v0_3_nulls100\mesu_thomas_text_only.json,mesu_register_v0_3_nulls100,,,,mesu,unknown,unknown,,,,,,,,,grapheme_class,1002,,,vowel,Positions classified as vowel in the grapheme-class stream.,305,run_entropy,markov_2,1.51974821342,1.549071192406,0.039852488893,-0.735787896829,0.735787896829,0.475247524752,False,"{""name"": ""run_entropy"", ""null_model"": ""markov_2"", ""observed"": 1.51974821342, ""null_mean"": 1.549071192406, ""null_std"": 0.039852488893, ""z_score"": -0.735787896829, ""empirical_p"": 0.475247524752, ""null_samples"": 100}"
C:\github\5hr-conlang\riemann_analysis\rrlang\outputs\mesu_register_v0_3_nulls100\mesu_thomas_text_only.json,mesu_register_v0_3_nulls100,,,,mesu,unknown,unknown,,,,,,,,,grapheme_class,1002,,,vowel,Positions classified as vowel in the grapheme-class stream.,305,prime_index_occupancy_bias,markov_2,0.028461384554,0.000169067627,0.042933115152,0.658985885986,0.658985885986,0.544554455446,False,"{""name"": ""prime_index_occupancy_bias"", ""null_model"": ""markov_2"", ""observed"": 0.028461384554, ""null_mean"": 0.000169067627, ""null_std"": 0.042933115152, ""z_score"": 0.658985885986, ""empirical_p"": 0.544554455446, ""null_samples"": 100}"
C:\github\5hr-conlang\riemann_analysis\rrlang\outputs\mesu_register_v0_3_nulls100\mesu_thomas_text_only.json,mesu_register_v0_3_nulls100,,,,mesu,unknown,unknown,,,,,,,,,grapheme_class,1002,,,vowel,Positions classified as vowel in the grapheme-class stream.,305,prime_gap_affinity,markov_2,0.736842105263,0.795097146662,0.021737898481,-2.679883773024,2.679883773024,0.009900990099,False,"{""name"": ""prime_gap_affinity"", ""null_model"": ""markov_2"", ""observed"": 0.736842105263, ""null_mean"": 0.795097146662, ""null_std"": 0.021737898481, ""z_score"": -2.679883773024, ""empirical_p"": 0.009900990099, ""null_samples"": 100}"
C:\github\5hr-conlang\riemann_analysis\rrlang\outputs\mesu_register_v0_3_nulls100\mesu_thomas_text_only.json,mesu_register_v0_3_nulls100,,,,mesu,unknown,unknown,,,,,,,,,grapheme_class,1002,,,vowel,Positions classified as vowel in the grapheme-class stream.,305,zeta_spectral_coherence,markov_2,0.001028088197,0.000657891833,0.000274127084,1.350455266085,1.350455266085,0.178217821782,False,"{""name"": ""zeta_spectral_coherence"", ""null_model"": ""markov_2"", ""observed"": 0.001028088197, ""null_mean"": 0.000657891833, ""null_std"": 0.000274127084, ""z_score"": 1.350455266085, ""empirical_p"": 0.178217821782, ""null_samples"": 100}"
C:\github\5hr-conlang\riemann_analysis\rrlang\outputs\mesu_register_v0_3_nulls100\mesu_thomas_text_only.json,mesu_register_v0_3_nulls100,,,,mesu,unknown,unknown,,,,,,,,,grapheme_class,1002,,,vowel,Positions classified as vowel in the grapheme-class stream.,305,critical_line_symmetry,markov_2,0.932778906173,0.906438384093,0.039404359062,0.668467212943,0.668467212943,0.50495049505,False,"{""name"": ""critical_line_symmetry"", ""null_model"": ""markov_2"", ""observed"": 0.932778906173, ""null_mean"": 0.906438384093, ""null_std"": 0.039404359062, ""z_score"": 0.668467212943, ""empirical_p"": 0.50495049505, ""null_samples"": 100}"
C:\github\5hr-conlang\riemann_analysis\rrlang\outputs\mesu_register_v0_3_nulls100\mesu_thomas_text_only.json,mesu_register_v0_3_nulls100,,,,mesu,unknown,unknown,,,,,,,,,grapheme_class,1002,,,vowel,Positions classified as vowel in the grapheme-class stream.,305,gap_entropy,gap_order_shuffle,1.418014404039,1.418014404039,0.0,1.144260186317,1.144260186317,0.217821782178,,"{""name"": ""gap_entropy"", ""null_model"": ""gap_order_shuffle"", ""observed"": 1.418014404039, ""null_mean"": 1.418014404039, ""null_std"": 0.0, ""z_score"": 1.144260186317, ""empirical_p"": 0.217821782178, ""null_samples"": 100}"
C:\github\5hr-conlang\riemann_analysis\rrlang\outputs\mesu_register_v0_3_nulls100\mesu_thomas_text_only.json,mesu_register_v0_3_nulls100,,,,mesu,unknown,unknown,,,,,,,,,grapheme_class,1002,,,vowel,Positions classified as vowel in the grapheme-class stream.,305,run_entropy,gap_order_shuffle,1.51974821342,1.519759700661,0.000114872412,-0.100000000016,0.100000000016,0.990099009901,,"{""name"": ""run_entropy"", ""null_model"": ""gap_order_shuffle"", ""observed"": 1.51974821342, ""null_mean"": 1.519759700661, ""null_std"": 0.000114872412, ""z_score"": -0.100000000016, ""empirical_p"": 0.990099009901, ""null_samples"": 100}"
C:\github\5hr-conlang\riemann_analysis\rrlang\outputs\mesu_register_v0_3_nulls100\mesu_thomas_text_only.json,mesu_register_v0_3_nulls100,,,,mesu,unknown,unknown,,,,,,,,,grapheme_class,1002,,,vowel,Positions classified as vowel in the grapheme-class stream.,305,prime_index_occupancy_bias,gap_order_shuffle,0.028461384554,0.002210384154,0.039152168724,0.670486495526,0.670486495526,0.49504950495,,"{""name"": ""prime_index_occupancy_bias"", ""null_model"": ""gap_order_shuffle"", ""observed"": 0.028461384554, ""null_mean"": 0.002210384154, ""null_std"": 0.039152168724, ""z_score"": 0.670486495526, ""empirical_p"": 0.49504950495, ""null_samples"": 100}"
C:\github\5hr-conlang\riemann_analysis\rrlang\outputs\mesu_register_v0_3_nulls100\mesu_thomas_text_only.json,mesu_register_v0_3_nulls100,,,,mesu,unknown,unknown,,,,,,,,,grapheme_class,1002,,,vowel,Positions classified as vowel in the grapheme-class stream.,305,prime_gap_affinity,gap_order_shuffle,0.736842105263,0.736842105263,0.0,-0.994987437107,0.994987437107,1.0,,"{""name"": ""prime_gap_affinity"", ""null_model"": ""gap_order_shuffle"", ""observed"": 0.736842105263, ""null_mean"": 0.736842105263, ""null_std"": 0.0, ""z_score"": -0.994987437107, ""empirical_p"": 1, ""null_samples"": 100}"
C:\github\5hr-conlang\riemann_analysis\rrlang\outputs\mesu_register_v0_3_nulls100\mesu_thomas_text_only.json,mesu_register_v0_3_nulls100,,,,mesu,unknown,unknown,,,,,,,,,grapheme_class,1002,,,vowel,Positions classified as vowel in the grapheme-class stream.,305,zeta_spectral_coherence,gap_order_shuffle,0.001028088197,0.000834063874,0.000208849258,0.929016100399,0.929016100399,0.316831683168,,"{""name"": ""zeta_spectral_coherence"", ""null_model"": ""gap_order_shuffle"", ""observed"": 0.001028088197, ""null_mean"": 0.000834063874, ""null_std"": 0.000208849258, ""z_score"": 0.929016100399, ""empirical_p"": 0.316831683168, ""null_samples"": 100}"
C:\github\5hr-conlang\riemann_analysis\rrlang\outputs\mesu_register_v0_3_nulls100\mesu_thomas_text_only.json,mesu_register_v0_3_nulls100,,,,mesu,unknown,unknown,,,,,,,,,grapheme_class,1002,,,vowel,Positions classified as vowel in the grapheme-class stream.,305,critical_line_symmetry,gap_order_shuffle,0.932778906173,0.929070808124,0.025569068924,0.145022803134,0.145022803134,0.851485148515,,"{""name"": ""critical_line_symmetry"", ""null_model"": ""gap_order_shuffle"", ""observed"": 0.932778906173, ""null_mean"": 0.929070808124, ""null_std"": 0.025569068924, ""z_score"": 0.145022803134, ""empirical_p"": 0.851485148515, ""null_samples"": 100}"
C:\github\5hr-conlang\riemann_analysis\rrlang\outputs\mesu_register_v0_3_nulls100\mesu_thomas_text_only.json,mesu_register_v0_3_nulls100,,,,mesu,unknown,unknown,,,,,,,,,grapheme_class,1002,,,consonant,Positions classified as consonant in the grapheme-class stream.,350,event_density,observed_only,0.349301397206,,,,,,,"{""name"": ""event_density"", ""value"": 0.349301397206, ""details"": ""count(event=true) / sequence_length""}"
C:\github\5hr-conlang\riemann_analysis\rrlang\outputs\mesu_register_v0_3_nulls100\mesu_thomas_text_only.json,mesu_register_v0_3_nulls100,,,,mesu,unknown,unknown,,,,,,,,,grapheme_class,1002,,,consonant,Positions classified as consonant in the grapheme-class stream.,350,event_count,observed_only,350.0,,,,,,,"{""name"": ""event_count"", ""value"": 350, ""details"": ""Number of true positions in the event map.""}"
C:\github\5hr-conlang\riemann_analysis\rrlang\outputs\mesu_register_v0_3_nulls100\mesu_thomas_text_only.json,mesu_register_v0_3_nulls100,,,,mesu,unknown,unknown,,,,,,,,,grapheme_class,1002,,,consonant,Positions classified as consonant in the grapheme-class stream.,350,sequence_length,observed_only,1002.0,,,,,,,"{""name"": ""sequence_length"", ""value"": 1002, ""details"": ""Number of positions in the event map.""}"
C:\github\5hr-conlang\riemann_analysis\rrlang\outputs\mesu_register_v0_3_nulls100\mesu_thomas_text_only.json,mesu_register_v0_3_nulls100,,,,mesu,unknown,unknown,,,,,,,,,grapheme_class,1002,,,consonant,Positions classified as consonant in the grapheme-class stream.,350,modular_residue_peak_m_2,observed_only,0.514285714286,,,,,,,"{""name"": ""modular_residue_peak_m_2"", ""value"": 0.514285714286, ""details"": ""Largest event-position residue fraction modulo 2.""}"
C:\github\5hr-conlang\riemann_analysis\rrlang\outputs\mesu_register_v0_3_nulls100\mesu_thomas_text_only.json,mesu_register_v0_3_nulls100,,,,mesu,unknown,unknown,,,,,,,,,grapheme_class,1002,,,consonant,Positions classified as consonant in the grapheme-class stream.,350,modular_residue_peak_m_3,observed_only,0.382857142857,,,,,,,"{""name"": ""modular_residue_peak_m_3"", ""value"": 0.382857142857, ""details"": ""Largest event-position residue fraction modulo 3.""}"
C:\github\5hr-conlang\riemann_analysis\rrlang\outputs\mesu_register_v0_3_nulls100\mesu_thomas_text_only.json,mesu_register_v0_3_nulls100,,,,mesu,unknown,unknown,,,,,,,,,grapheme_class,1002,,,consonant,Positions classified as consonant in the grapheme-class stream.,350,modular_residue_peak_m_5,observed_only,0.225714285714,,,,,,,"{""name"": ""modular_residue_peak_m_5"", ""value"": 0.225714285714, ""details"": ""Largest event-position residue fraction modulo 5.""}"
C:\github\5hr-conlang\riemann_analysis\rrlang\outputs\mesu_register_v0_3_nulls100\mesu_thomas_text_only.json,mesu_register_v0_3_nulls100,,,,mesu,unknown,unknown,,,,,,,,,grapheme_class,1002,,,consonant,Positions classified as consonant in the grapheme-class stream.,350,modular_residue_peak_m_7,observed_only,0.162857142857,,,,,,,"{""name"": ""modular_residue_peak_m_7"", ""value"": 0.162857142857, ""details"": ""Largest event-position residue fraction modulo 7.""}"
C:\github\5hr-conlang\riemann_analysis\rrlang\outputs\mesu_register_v0_3_nulls100\mesu_thomas_text_only.json,mesu_register_v0_3_nulls100,,,,mesu,unknown,unknown,,,,,,,,,grapheme_class,1002,,,consonant,Positions classified as consonant in the grapheme-class stream.,350,gap_entropy,density_shuffle,1.914406904357,2.633576430276,0.014673120671,-49.012718020534,49.012718020534,0.009900990099,,"{""name"": ""gap_entropy"", ""null_model"": ""density_shuffle"", ""observed"": 1.914406904357, ""null_mean"": 2.633576430276, ""null_std"": 0.014673120671, ""z_score"": -49.012718020534, ""empirical_p"": 0.009900990099, ""null_samples"": 100}"
C:\github\5hr-conlang\riemann_analysis\rrlang\outputs\mesu_register_v0_3_nulls100\mesu_thomas_text_only.json,mesu_register_v0_3_nulls100,,,,mesu,unknown,unknown,,,,,,,,,grapheme_class,1002,,,consonant,Positions classified as consonant in the grapheme-class stream.,350,run_entropy,density_shuffle,1.341139878878,2.141294563464,0.062340264907,-12.835278864674,12.835278864674,0.009900990099,,"{""name"": ""run_entropy"", ""null_model"": ""density_shuffle"", ""observed"": 1.341139878878, ""null_mean"": 2.141294563464, ""null_std"": 0.062340264907, ""z_score"": -12.835278864674, ""empirical_p"": 0.009900990099, ""null_samples"": 100}"
C:\github\5hr-conlang\riemann_analysis\rrlang\outputs\mesu_register_v0_3_nulls100\mesu_thomas_text_only.json,mesu_register_v0_3_nulls100,,,,mesu,unknown,unknown,,,,,,,,,grapheme_class,1002,,,consonant,Positions classified as consonant in the grapheme-class stream.,350,prime_index_occupancy_bias,density_shuffle,-0.005302120848,-0.000864845938,0.038916028156,-0.114021782802,0.114021782802,0.90099009901,,"{""name"": ""prime_index_occupancy_bias"", ""null_model"": ""density_shuffle"", ""observed"": -0.005302120848, ""null_mean"": -0.000864845938, ""null_std"": 0.038916028156, ""z_score"": -0.114021782802, ""empirical_p"": 0.90099009901, ""null_samples"": 100}"
C:\github\5hr-conlang\riemann_analysis\rrlang\outputs\mesu_register_v0_3_nulls100\mesu_thomas_text_only.json,mesu_register_v0_3_nulls100,,,,mesu,unknown,unknown,,,,,,,,,grapheme_class,1002,,,consonant,Positions classified as consonant in the grapheme-class stream.,350,prime_gap_affinity,density_shuffle,0.839541547278,0.475902578797,0.029144283965,12.477196863698,12.477196863698,0.009900990099,,"{""name"": ""prime_gap_affinity"", ""null_model"": ""density_shuffle"", ""observed"": 0.839541547278, ""null_mean"": 0.475902578797, ""null_std"": 0.029144283965, ""z_score"": 12.477196863698, ""empirical_p"": 0.009900990099, ""null_samples"": 100}"
C:\github\5hr-conlang\riemann_analysis\rrlang\outputs\mesu_register_v0_3_nulls100\mesu_thomas_text_only.json,mesu_register_v0_3_nulls100,,,,mesu,unknown,unknown,,,,,,,,,grapheme_class,1002,,,consonant,Positions classified as consonant in the grapheme-class stream.,350,zeta_spectral_coherence,density_shuffle,0.000849119604,0.001653556578,0.000544430069,-1.477576314623,1.477576314623,0.138613861386,,"{""name"": ""zeta_spectral_coherence"", ""null_model"": ""density_shuffle"", ""observed"": 0.000849119604, ""null_mean"": 0.001653556578, ""null_std"": 0.000544430069, ""z_score"": -1.477576314623, ""empirical_p"": 0.138613861386, ""null_samples"": 100}"
C:\github\5hr-conlang\riemann_analysis\rrlang\outputs\mesu_register_v0_3_nulls100\mesu_thomas_text_only.json,mesu_register_v0_3_nulls100,,,,mesu,unknown,unknown,,,,,,,,,grapheme_class,1002,,,consonant,Positions classified as consonant in the grapheme-class stream.,350,critical_line_symmetry,density_shuffle,0.812523760156,0.82821460442,0.037469465181,-0.418763496844,0.418763496844,0.633663366337,,"{""name"": ""critical_line_symmetry"", ""null_model"": ""density_shuffle"", ""observed"": 0.812523760156, ""null_mean"": 0.82821460442, ""null_std"": 0.037469465181, ""z_score"": -0.418763496844, ""empirical_p"": 0.633663366337, ""null_samples"": 100}"
C:\github\5hr-conlang\riemann_analysis\rrlang\outputs\mesu_register_v0_3_nulls100\mesu_thomas_text_only.json,mesu_register_v0_3_nulls100,,,,mesu,unknown,unknown,,,,,,,,,grapheme_class,1002,,,consonant,Positions classified as consonant in the grapheme-class stream.,350,gap_entropy,markov_1,1.914406904357,2.063476826532,0.079326976599,-1.879183205596,1.879183205596,0.09900990099,,"{""name"": ""gap_entropy"", ""null_model"": ""markov_1"", ""observed"": 1.914406904357, ""null_mean"": 2.063476826532, ""null_std"": 0.079326976599, ""z_score"": -1.879183205596, ""empirical_p"": 0.09900990099, ""null_samples"": 100}"
C:\github\5hr-conlang\riemann_analysis\rrlang\outputs\mesu_register_v0_3_nulls100\mesu_thomas_text_only.json,mesu_register_v0_3_nulls100,,,,mesu,unknown,unknown,,,,,,,,,grapheme_class,1002,,,consonant,Positions classified as consonant in the grapheme-class stream.,350,run_entropy,markov_1,1.341139878878,1.300579948716,0.05560235727,0.729464219752,0.729464219752,0.465346534653,,"{""name"": ""run_entropy"", ""null_model"": ""markov_1"", ""observed"": 1.341139878878, ""null_mean"": 1.300579948716, ""null_std"": 0.05560235727, ""z_score"": 0.729464219752, ""empirical_p"": 0.465346534653, ""null_samples"": 100}"
C:\github\5hr-conlang\riemann_analysis\rrlang\outputs\mesu_register_v0_3_nulls100\mesu_thomas_text_only.json,mesu_register_v0_3_nulls100,,,,mesu,unknown,unknown,,,,,,,,,grapheme_class,1002,,,consonant,Positions classified as consonant in the grapheme-class stream.,350,prime_index_occupancy_bias,markov_1,-0.005302120848,-0.00237695078,0.047993408386,-0.06094941298,0.06094941298,0.950495049505,,"{""name"": ""prime_index_occupancy_bias"", ""null_model"": ""markov_1"", ""observed"": -0.005302120848, ""null_mean"": -0.00237695078, ""null_std"": 0.047993408386, ""z_score"": -0.06094941298, ""empirical_p"": 0.950495049505, ""null_samples"": 100}"
C:\github\5hr-conlang\riemann_analysis\rrlang\outputs\mesu_register_v0_3_nulls100\mesu_thomas_text_only.json,mesu_register_v0_3_nulls100,,,,mesu,unknown,unknown,,,,,,,,,grapheme_class,1002,,,consonant,Positions classified as consonant in the grapheme-class stream.,350,prime_gap_affinity,markov_1,0.839541547278,0.810057756058,0.020500158068,1.438222628464,1.438222628464,0.158415841584,,"{""name"": ""prime_gap_affinity"", ""null_model"": ""markov_1"", ""observed"": 0.839541547278, ""null_mean"": 0.810057756058, ""null_std"": 0.020500158068, ""z_score"": 1.438222628464, ""empirical_p"": 0.158415841584, ""null_samples"": 100}"
C:\github\5hr-conlang\riemann_analysis\rrlang\outputs\mesu_register_v0_3_nulls100\mesu_thomas_text_only.json,mesu_register_v0_3_nulls100,,,,mesu,unknown,unknown,,,,,,,,,grapheme_class,1002,,,consonant,Positions classified as consonant in the grapheme-class stream.,350,zeta_spectral_coherence,markov_1,0.000849119604,0.000927807951,0.000340873453,-0.230843284586,0.230843284586,0.831683168317,,"{""name"": ""zeta_spectral_coherence"", ""null_model"": ""markov_1"", ""observed"": 0.000849119604, ""null_mean"": 0.000927807951, ""null_std"": 0.000340873453, ""z_score"": -0.230843284586, ""empirical_p"": 0.831683168317, ""null_samples"": 100}"
C:\github\5hr-conlang\riemann_analysis\rrlang\outputs\mesu_register_v0_3_nulls100\mesu_thomas_text_only.json,mesu_register_v0_3_nulls100,,,,mesu,unknown,unknown,,,,,,,,,grapheme_class,1002,,,consonant,Positions classified as consonant in the grapheme-class stream.,350,critical_line_symmetry,markov_1,0.812523760156,0.865348426269,0.040823927857,-1.293963341747,1.293963341747,0.138613861386,,"{""name"": ""critical_line_symmetry"", ""null_model"": ""markov_1"", ""observed"": 0.812523760156, ""null_mean"": 0.865348426269, ""null_std"": 0.040823927857, ""z_score"": -1.293963341747, ""empirical_p"": 0.138613861386, ""null_samples"": 100}"
C:\github\5hr-conlang\riemann_analysis\rrlang\outputs\mesu_register_v0_3_nulls100\mesu_thomas_text_only.json,mesu_register_v0_3_nulls100,,,,mesu,unknown,unknown,,,,,,,,,grapheme_class,1002,,,consonant,Positions classified as consonant in the grapheme-class stream.,350,gap_entropy,markov_2,1.914406904357,1.926086594158,0.065071670576,-0.179489625785,0.179489625785,0.881188118812,False,"{""name"": ""gap_entropy"", ""null_model"": ""markov_2"", ""observed"": 1.914406904357, ""null_mean"": 1.926086594158, ""null_std"": 0.065071670576, ""z_score"": -0.179489625785, ""empirical_p"": 0.881188118812, ""null_samples"": 100}"
C:\github\5hr-conlang\riemann_analysis\rrlang\outputs\mesu_register_v0_3_nulls100\mesu_thomas_text_only.json,mesu_register_v0_3_nulls100,,,,mesu,unknown,unknown,,,,,,,,,grapheme_class,1002,,,consonant,Positions classified as consonant in the grapheme-class stream.,350,run_entropy,markov_2,1.341139878878,1.351045688193,0.043446394063,-0.228000724294,0.228000724294,0.772277227723,False,"{""name"": ""run_entropy"", ""null_model"": ""markov_2"", ""observed"": 1.341139878878, ""null_mean"": 1.351045688193, ""null_std"": 0.043446394063, ""z_score"": -0.228000724294, ""empirical_p"": 0.772277227723, ""null_samples"": 100}"
C:\github\5hr-conlang\riemann_analysis\rrlang\outputs\mesu_register_v0_3_nulls100\mesu_thomas_text_only.json,mesu_register_v0_3_nulls100,,,,mesu,unknown,unknown,,,,,,,,,grapheme_class,1002,,,consonant,Positions classified as consonant in the grapheme-class stream.,350,prime_index_occupancy_bias,markov_2,-0.005302120848,-0.004222188876,0.040023729766,-0.026982292232,0.026982292232,0.990099009901,False,"{""name"": ""prime_index_occupancy_bias"", ""null_model"": ""markov_2"", ""observed"": -0.005302120848, ""null_mean"": -0.004222188876, ""null_std"": 0.040023729766, ""z_score"": -0.026982292232, ""empirical_p"": 0.990099009901, ""null_samples"": 100}"
C:\github\5hr-conlang\riemann_analysis\rrlang\outputs\mesu_register_v0_3_nulls100\mesu_thomas_text_only.json,mesu_register_v0_3_nulls100,,,,mesu,unknown,unknown,,,,,,,,,grapheme_class,1002,,,consonant,Positions classified as consonant in the grapheme-class stream.,350,prime_gap_affinity,markov_2,0.839541547278,0.811343570115,0.020837869285,1.353208275648,1.353208275648,0.168316831683,False,"{""name"": ""prime_gap_affinity"", ""null_model"": ""markov_2"", ""observed"": 0.839541547278, ""null_mean"": 0.811343570115, ""null_std"": 0.020837869285, ""z_score"": 1.353208275648, ""empirical_p"": 0.168316831683, ""null_samples"": 100}"
C:\github\5hr-conlang\riemann_analysis\rrlang\outputs\mesu_register_v0_3_nulls100\mesu_thomas_text_only.json,mesu_register_v0_3_nulls100,,,,mesu,unknown,unknown,,,,,,,,,grapheme_class,1002,,,consonant,Positions classified as consonant in the grapheme-class stream.,350,zeta_spectral_coherence,markov_2,0.000849119604,0.000825109166,0.000310630927,0.077295706742,0.077295706742,0.920792079208,False,"{""name"": ""zeta_spectral_coherence"", ""null_model"": ""markov_2"", ""observed"": 0.000849119604, ""null_mean"": 0.000825109166, ""null_std"": 0.000310630927, ""z_score"": 0.077295706742, ""empirical_p"": 0.920792079208, ""null_samples"": 100}"
C:\github\5hr-conlang\riemann_analysis\rrlang\outputs\mesu_register_v0_3_nulls100\mesu_thomas_text_only.json,mesu_register_v0_3_nulls100,,,,mesu,unknown,unknown,,,,,,,,,grapheme_class,1002,,,consonant,Positions classified as consonant in the grapheme-class stream.,350,critical_line_symmetry,markov_2,0.812523760156,0.889912757081,0.033901342501,-2.282770864401,2.282770864401,0.039603960396,False,"{""name"": ""critical_line_symmetry"", ""null_model"": ""markov_2"", ""observed"": 0.812523760156, ""null_mean"": 0.889912757081, ""null_std"": 0.033901342501, ""z_score"": -2.282770864401, ""empirical_p"": 0.039603960396, ""null_samples"": 100}"
C:\github\5hr-conlang\riemann_analysis\rrlang\outputs\mesu_register_v0_3_nulls100\mesu_thomas_text_only.json,mesu_register_v0_3_nulls100,,,,mesu,unknown,unknown,,,,,,,,,grapheme_class,1002,,,consonant,Positions classified as consonant in the grapheme-class stream.,350,gap_entropy,gap_order_shuffle,1.914406904357,1.914406904357,0.0,-0.987206824331,0.987206824331,0.910891089109,,"{""name"": ""gap_entropy"", ""null_model"": ""gap_order_shuffle"", ""observed"": 1.914406904357, ""null_mean"": 1.914406904357, ""null_std"": 0.0, ""z_score"": -0.987206824331, ""empirical_p"": 0.910891089109, ""null_samples"": 100}"
C:\github\5hr-conlang\riemann_analysis\rrlang\outputs\mesu_register_v0_3_nulls100\mesu_thomas_text_only.json,mesu_register_v0_3_nulls100,,,,mesu,unknown,unknown,,,,,,,,,grapheme_class,1002,,,consonant,Positions classified as consonant in the grapheme-class stream.,350,run_entropy,gap_order_shuffle,1.341139878878,1.338352703695,0.000713471605,3.906497699798,3.906497699798,0.009900990099,,"{""name"": ""run_entropy"", ""null_model"": ""gap_order_shuffle"", ""observed"": 1.341139878878, ""null_mean"": 1.338352703695, ""null_std"": 0.000713471605, ""z_score"": 3.906497699798, ""empirical_p"": 0.009900990099, ""null_samples"": 100}"
C:\github\5hr-conlang\riemann_analysis\rrlang\outputs\mesu_register_v0_3_nulls100\mesu_thomas_text_only.json,mesu_register_v0_3_nulls100,,,,mesu,unknown,unknown,,,,,,,,,grapheme_class,1002,,,consonant,Positions classified as consonant in the grapheme-class stream.,350,prime_index_occupancy_bias,gap_order_shuffle,-0.005302120848,-0.007233393357,0.039202296016,0.049264270344,0.049264270344,1.0,,"{""name"": ""prime_index_occupancy_bias"", ""null_model"": ""gap_order_shuffle"", ""observed"": -0.005302120848, ""null_mean"": -0.007233393357, ""null_std"": 0.039202296016, ""z_score"": 0.049264270344, ""empirical_p"": 1, ""null_samples"": 100}"
C:\github\5hr-conlang\riemann_analysis\rrlang\outputs\mesu_register_v0_3_nulls100\mesu_thomas_text_only.json,mesu_register_v0_3_nulls100,,,,mesu,unknown,unknown,,,,,,,,,grapheme_class,1002,,,consonant,Positions classified as consonant in the grapheme-class stream.,350,prime_gap_affinity,gap_order_shuffle,0.839541547278,0.839541547278,0.0,0.994987437107,0.994987437107,1.0,,"{""name"": ""prime_gap_affinity"", ""null_model"": ""gap_order_shuffle"", ""observed"": 0.839541547278, ""null_mean"": 0.839541547278, ""null_std"": 0.0, ""z_score"": 0.994987437107, ""empirical_p"": 1, ""null_samples"": 100}"
C:\github\5hr-conlang\riemann_analysis\rrlang\outputs\mesu_register_v0_3_nulls100\mesu_thomas_text_only.json,mesu_register_v0_3_nulls100,,,,mesu,unknown,unknown,,,,,,,,,grapheme_class,1002,,,consonant,Positions classified as consonant in the grapheme-class stream.,350,zeta_spectral_coherence,gap_order_shuffle,0.000849119604,0.00072371177,0.000251199349,0.499236300236,0.499236300236,0.653465346535,,"{""name"": ""zeta_spectral_coherence"", ""null_model"": ""gap_order_shuffle"", ""observed"": 0.000849119604, ""null_mean"": 0.00072371177, ""null_std"": 0.000251199349, ""z_score"": 0.499236300236, ""empirical_p"": 0.653465346535, ""null_samples"": 100}"
C:\github\5hr-conlang\riemann_analysis\rrlang\outputs\mesu_register_v0_3_nulls100\mesu_thomas_text_only.json,mesu_register_v0_3_nulls100,,,,mesu,unknown,unknown,,,,,,,,,grapheme_class,1002,,,consonant,Positions classified as consonant in the grapheme-class stream.,350,critical_line_symmetry,gap_order_shuffle,0.812523760156,0.881430850385,0.031051124069,-2.219149621621,2.219149621621,0.039603960396,,"{""name"": ""critical_line_symmetry"", ""null_model"": ""gap_order_shuffle"", ""observed"": 0.812523760156, ""null_mean"": 0.881430850385, ""null_std"": 0.031051124069, ""z_score"": -2.219149621621, ""empirical_p"": 0.039603960396, ""null_samples"": 100}"
C:\github\5hr-conlang\riemann_analysis\rrlang\outputs\mesu_register_v0_3_nulls100\mesu_thomas_text_only.json,mesu_register_v0_3_nulls100,,,,mesu,unknown,unknown,,,,,,,,,grapheme_class,1002,,,digit,Positions classified as digit in the grapheme-class stream.,0,event_density,observed_only,0.0,,,,,,,"{""name"": ""event_density"", ""value"": 0, ""details"": ""count(event=true) / sequence_length""}"
C:\github\5hr-conlang\riemann_analysis\rrlang\outputs\mesu_register_v0_3_nulls100\mesu_thomas_text_only.json,mesu_register_v0_3_nulls100,,,,mesu,unknown,unknown,,,,,,,,,grapheme_class,1002,,,digit,Positions classified as digit in the grapheme-class stream.,0,event_count,observed_only,0.0,,,,,,,"{""name"": ""event_count"", ""value"": 0, ""details"": ""Number of true positions in the event map.""}"
C:\github\5hr-conlang\riemann_analysis\rrlang\outputs\mesu_register_v0_3_nulls100\mesu_thomas_text_only.json,mesu_register_v0_3_nulls100,,,,mesu,unknown,unknown,,,,,,,,,grapheme_class,1002,,,digit,Positions classified as digit in the grapheme-class stream.,0,sequence_length,observed_only,1002.0,,,,,,,"{""name"": ""sequence_length"", ""value"": 1002, ""details"": ""Number of positions in the event map.""}"
C:\github\5hr-conlang\riemann_analysis\rrlang\outputs\mesu_register_v0_3_nulls100\mesu_thomas_text_only.json,mesu_register_v0_3_nulls100,,,,mesu,unknown,unknown,,,,,,,,,grapheme_class,1002,,,digit,Positions classified as digit in the grapheme-class stream.,0,modular_residue_peak_m_2,observed_only,0.0,,,,,,,"{""name"": ""modular_residue_peak_m_2"", ""value"": 0, ""details"": ""Largest event-position residue fraction modulo 2.""}"
C:\github\5hr-conlang\riemann_analysis\rrlang\outputs\mesu_register_v0_3_nulls100\mesu_thomas_text_only.json,mesu_register_v0_3_nulls100,,,,mesu,unknown,unknown,,,,,,,,,grapheme_class,1002,,,digit,Positions classified as digit in the grapheme-class stream.,0,modular_residue_peak_m_3,observed_only,0.0,,,,,,,"{""name"": ""modular_residue_peak_m_3"", ""value"": 0, ""details"": ""Largest event-position residue fraction modulo 3.""}"
C:\github\5hr-conlang\riemann_analysis\rrlang\outputs\mesu_register_v0_3_nulls100\mesu_thomas_text_only.json,mesu_register_v0_3_nulls100,,,,mesu,unknown,unknown,,,,,,,,,grapheme_class,1002,,,digit,Positions classified as digit in the grapheme-class stream.,0,modular_residue_peak_m_5,observed_only,0.0,,,,,,,"{""name"": ""modular_residue_peak_m_5"", ""value"": 0, ""details"": ""Largest event-position residue fraction modulo 5.""}"
C:\github\5hr-conlang\riemann_analysis\rrlang\outputs\mesu_register_v0_3_nulls100\mesu_thomas_text_only.json,mesu_register_v0_3_nulls100,,,,mesu,unknown,unknown,,,,,,,,,grapheme_class,1002,,,digit,Positions classified as digit in the grapheme-class stream.,0,modular_residue_peak_m_7,observed_only,0.0,,,,,,,"{""name"": ""modular_residue_peak_m_7"", ""value"": 0, ""details"": ""Largest event-position residue fraction modulo 7.""}"
C:\github\5hr-conlang\riemann_analysis\rrlang\outputs\mesu_register_v0_3_nulls100\mesu_thomas_text_only.json,mesu_register_v0_3_nulls100,,,,mesu,unknown,unknown,,,,,,,,,grapheme_class,1002,,,digit,Positions classified as digit in the grapheme-class stream.,0,gap_entropy,density_shuffle,0.0,0.0,0.0,0.0,0.0,1.0,,"{""name"": ""gap_entropy"", ""null_model"": ""density_shuffle"", ""observed"": 0, ""null_mean"": 0, ""null_std"": 0, ""z_score"": 0, ""empirical_p"": 1, ""null_samples"": 100}"
C:\github\5hr-conlang\riemann_analysis\rrlang\outputs\mesu_register_v0_3_nulls100\mesu_thomas_text_only.json,mesu_register_v0_3_nulls100,,,,mesu,unknown,unknown,,,,,,,,,grapheme_class,1002,,,digit,Positions classified as digit in the grapheme-class stream.,0,run_entropy,density_shuffle,0.0,0.0,0.0,0.0,0.0,1.0,,"{""name"": ""run_entropy"", ""null_model"": ""density_shuffle"", ""observed"": 0, ""null_mean"": 0, ""null_std"": 0, ""z_score"": 0, ""empirical_p"": 1, ""null_samples"": 100}"
C:\github\5hr-conlang\riemann_analysis\rrlang\outputs\mesu_register_v0_3_nulls100\mesu_thomas_text_only.json,mesu_register_v0_3_nulls100,,,,mesu,unknown,unknown,,,,,,,,,grapheme_class,1002,,,digit,Positions classified as digit in the grapheme-class stream.,0,prime_index_occupancy_bias,density_shuffle,0.0,0.0,0.0,0.0,0.0,1.0,,"{""name"": ""prime_index_occupancy_bias"", ""null_model"": ""density_shuffle"", ""observed"": 0, ""null_mean"": 0, ""null_std"": 0, ""z_score"": 0, ""empirical_p"": 1, ""null_samples"": 100}"
C:\github\5hr-conlang\riemann_analysis\rrlang\outputs\mesu_register_v0_3_nulls100\mesu_thomas_text_only.json,mesu_register_v0_3_nulls100,,,,mesu,unknown,unknown,,,,,,,,,grapheme_class,1002,,,digit,Positions classified as digit in the grapheme-class stream.,0,prime_gap_affinity,density_shuffle,0.0,0.0,0.0,0.0,0.0,1.0,,"{""name"": ""prime_gap_affinity"", ""null_model"": ""density_shuffle"", ""observed"": 0, ""null_mean"": 0, ""null_std"": 0, ""z_score"": 0, ""empirical_p"": 1, ""null_samples"": 100}"
C:\github\5hr-conlang\riemann_analysis\rrlang\outputs\mesu_register_v0_3_nulls100\mesu_thomas_text_only.json,mesu_register_v0_3_nulls100,,,,mesu,unknown,unknown,,,,,,,,,grapheme_class,1002,,,digit,Positions classified as digit in the grapheme-class stream.,0,zeta_spectral_coherence,density_shuffle,0.0,0.0,0.0,0.0,0.0,1.0,,"{""name"": ""zeta_spectral_coherence"", ""null_model"": ""density_shuffle"", ""observed"": 0, ""null_mean"": 0, ""null_std"": 0, ""z_score"": 0, ""empirical_p"": 1, ""null_samples"": 100}"
C:\github\5hr-conlang\riemann_analysis\rrlang\outputs\mesu_register_v0_3_nulls100\mesu_thomas_text_only.json,mesu_register_v0_3_nulls100,,,,mesu,unknown,unknown,,,,,,,,,grapheme_class,1002,,,digit,Positions classified as digit in the grapheme-class stream.,0,critical_line_symmetry,density_shuffle,1.0,1.0,0.0,0.0,0.0,1.0,,"{""name"": ""critical_line_symmetry"", ""null_model"": ""density_shuffle"", ""observed"": 1, ""null_mean"": 1, ""null_std"": 0, ""z_score"": 0, ""empirical_p"": 1, ""null_samples"": 100}"
C:\github\5hr-conlang\riemann_analysis\rrlang\outputs\mesu_register_v0_3_nulls100\mesu_thomas_text_only.json,mesu_register_v0_3_nulls100,,,,mesu,unknown,unknown,,,,,,,,,grapheme_class,1002,,,digit,Positions classified as digit in the grapheme-class stream.,0,gap_entropy,markov_1,0.0,0.0,0.0,0.0,0.0,1.0,,"{""name"": ""gap_entropy"", ""null_model"": ""markov_1"", ""observed"": 0, ""null_mean"": 0, ""null_std"": 0, ""z_score"": 0, ""empirical_p"": 1, ""null_samples"": 100}"
C:\github\5hr-conlang\riemann_analysis\rrlang\outputs\mesu_register_v0_3_nulls100\mesu_thomas_text_only.json,mesu_register_v0_3_nulls100,,,,mesu,unknown,unknown,,,,,,,,,grapheme_class,1002,,,digit,Positions classified as digit in the grapheme-class stream.,0,run_entropy,markov_1,0.0,0.0,0.0,0.0,0.0,1.0,,"{""name"": ""run_entropy"", ""null_model"": ""markov_1"", ""observed"": 0, ""null_mean"": 0, ""null_std"": 0, ""z_score"": 0, ""empirical_p"": 1, ""null_samples"": 100}"
C:\github\5hr-conlang\riemann_analysis\rrlang\outputs\mesu_register_v0_3_nulls100\mesu_thomas_text_only.json,mesu_register_v0_3_nulls100,,,,mesu,unknown,unknown,,,,,,,,,grapheme_class,1002,,,digit,Positions classified as digit in the grapheme-class stream.,0,prime_index_occupancy_bias,markov_1,0.0,0.0,0.0,0.0,0.0,1.0,,"{""name"": ""prime_index_occupancy_bias"", ""null_model"": ""markov_1"", ""observed"": 0, ""null_mean"": 0, ""null_std"": 0, ""z_score"": 0, ""empirical_p"": 1, ""null_samples"": 100}"
C:\github\5hr-conlang\riemann_analysis\rrlang\outputs\mesu_register_v0_3_nulls100\mesu_thomas_text_only.json,mesu_register_v0_3_nulls100,,,,mesu,unknown,unknown,,,,,,,,,grapheme_class,1002,,,digit,Positions classified as digit in the grapheme-class stream.,0,prime_gap_affinity,markov_1,0.0,0.0,0.0,0.0,0.0,1.0,,"{""name"": ""prime_gap_affinity"", ""null_model"": ""markov_1"", ""observed"": 0, ""null_mean"": 0, ""null_std"": 0, ""z_score"": 0, ""empirical_p"": 1, ""null_samples"": 100}"
C:\github\5hr-conlang\riemann_analysis\rrlang\outputs\mesu_register_v0_3_nulls100\mesu_thomas_text_only.json,mesu_register_v0_3_nulls100,,,,mesu,unknown,unknown,,,,,,,,,grapheme_class,1002,,,digit,Positions classified as digit in the grapheme-class stream.,0,zeta_spectral_coherence,markov_1,0.0,0.0,0.0,0.0,0.0,1.0,,"{""name"": ""zeta_spectral_coherence"", ""null_model"": ""markov_1"", ""observed"": 0, ""null_mean"": 0, ""null_std"": 0, ""z_score"": 0, ""empirical_p"": 1, ""null_samples"": 100}"
C:\github\5hr-conlang\riemann_analysis\rrlang\outputs\mesu_register_v0_3_nulls100\mesu_thomas_text_only.json,mesu_register_v0_3_nulls100,,,,mesu,unknown,unknown,,,,,,,,,grapheme_class,1002,,,digit,Positions classified as digit in the grapheme-class stream.,0,critical_line_symmetry,markov_1,1.0,1.0,0.0,0.0,0.0,1.0,,"{""name"": ""critical_line_symmetry"", ""null_model"": ""markov_1"", ""observed"": 1, ""null_mean"": 1, ""null_std"": 0, ""z_score"": 0, ""empirical_p"": 1, ""null_samples"": 100}"
C:\github\5hr-conlang\riemann_analysis\rrlang\outputs\mesu_register_v0_3_nulls100\mesu_thomas_text_only.json,mesu_register_v0_3_nulls100,,,,mesu,unknown,unknown,,,,,,,,,grapheme_class,1002,,,digit,Positions classified as digit in the grapheme-class stream.,0,gap_entropy,markov_2,0.0,0.0,0.0,0.0,0.0,1.0,False,"{""name"": ""gap_entropy"", ""null_model"": ""markov_2"", ""observed"": 0, ""null_mean"": 0, ""null_std"": 0, ""z_score"": 0, ""empirical_p"": 1, ""null_samples"": 100}"
C:\github\5hr-conlang\riemann_analysis\rrlang\outputs\mesu_register_v0_3_nulls100\mesu_thomas_text_only.json,mesu_register_v0_3_nulls100,,,,mesu,unknown,unknown,,,,,,,,,grapheme_class,1002,,,digit,Positions classified as digit in the grapheme-class stream.,0,run_entropy,markov_2,0.0,0.0,0.0,0.0,0.0,1.0,False,"{""name"": ""run_entropy"", ""null_model"": ""markov_2"", ""observed"": 0, ""null_mean"": 0, ""null_std"": 0, ""z_score"": 0, ""empirical_p"": 1, ""null_samples"": 100}"
C:\github\5hr-conlang\riemann_analysis\rrlang\outputs\mesu_register_v0_3_nulls100\mesu_thomas_text_only.json,mesu_register_v0_3_nulls100,,,,mesu,unknown,unknown,,,,,,,,,grapheme_class,1002,,,digit,Positions classified as digit in the grapheme-class stream.,0,prime_index_occupancy_bias,markov_2,0.0,0.0,0.0,0.0,0.0,1.0,False,"{""name"": ""prime_index_occupancy_bias"", ""null_model"": ""markov_2"", ""observed"": 0, ""null_mean"": 0, ""null_std"": 0, ""z_score"": 0, ""empirical_p"": 1, ""null_samples"": 100}"
C:\github\5hr-conlang\riemann_analysis\rrlang\outputs\mesu_register_v0_3_nulls100\mesu_thomas_text_only.json,mesu_register_v0_3_nulls100,,,,mesu,unknown,unknown,,,,,,,,,grapheme_class,1002,,,digit,Positions classified as digit in the grapheme-class stream.,0,prime_gap_affinity,markov_2,0.0,0.0,0.0,0.0,0.0,1.0,False,"{""name"": ""prime_gap_affinity"", ""null_model"": ""markov_2"", ""observed"": 0, ""null_mean"": 0, ""null_std"": 0, ""z_score"": 0, ""empirical_p"": 1, ""null_samples"": 100}"
C:\github\5hr-conlang\riemann_analysis\rrlang\outputs\mesu_register_v0_3_nulls100\mesu_thomas_text_only.json,mesu_register_v0_3_nulls100,,,,mesu,unknown,unknown,,,,,,,,,grapheme_class,1002,,,digit,Positions classified as digit in the grapheme-class stream.,0,zeta_spectral_coherence,markov_2,0.0,0.0,0.0,0.0,0.0,1.0,False,"{""name"": ""zeta_spectral_coherence"", ""null_model"": ""markov_2"", ""observed"": 0, ""null_mean"": 0, ""null_std"": 0, ""z_score"": 0, ""empirical_p"": 1, ""null_samples"": 100}"
C:\github\5hr-conlang\riemann_analysis\rrlang\outputs\mesu_register_v0_3_nulls100\mesu_thomas_text_only.json,mesu_register_v0_3_nulls100,,,,mesu,unknown,unknown,,,,,,,,,grapheme_class,1002,,,digit,Positions classified as digit in the grapheme-class stream.,0,critical_line_symmetry,markov_2,1.0,1.0,0.0,0.0,0.0,1.0,False,"{""name"": ""critical_line_symmetry"", ""null_model"": ""markov_2"", ""observed"": 1, ""null_mean"": 1, ""null_std"": 0, ""z_score"": 0, ""empirical_p"": 1, ""null_samples"": 100}"
C:\github\5hr-conlang\riemann_analysis\rrlang\outputs\mesu_register_v0_3_nulls100\mesu_thomas_text_only.json,mesu_register_v0_3_nulls100,,,,mesu,unknown,unknown,,,,,,,,,grapheme_class,1002,,,whitespace,Positions classified as whitespace in the grapheme-class stream.,213,event_density,observed_only,0.212574850299,,,,,,,"{""name"": ""event_density"", ""value"": 0.212574850299, ""details"": ""count(event=true) / sequence_length""}"
C:\github\5hr-conlang\riemann_analysis\rrlang\outputs\mesu_register_v0_3_nulls100\mesu_thomas_text_only.json,mesu_register_v0_3_nulls100,,,,mesu,unknown,unknown,,,,,,,,,grapheme_class,1002,,,whitespace,Positions classified as whitespace in the grapheme-class stream.,213,event_count,observed_only,213.0,,,,,,,"{""name"": ""event_count"", ""value"": 213, ""details"": ""Number of true positions in the event map.""}"
C:\github\5hr-conlang\riemann_analysis\rrlang\outputs\mesu_register_v0_3_nulls100\mesu_thomas_text_only.json,mesu_register_v0_3_nulls100,,,,mesu,unknown,unknown,,,,,,,,,grapheme_class,1002,,,whitespace,Positions classified as whitespace in the grapheme-class stream.,213,sequence_length,observed_only,1002.0,,,,,,,"{""name"": ""sequence_length"", ""value"": 1002, ""details"": ""Number of positions in the event map.""}"
C:\github\5hr-conlang\riemann_analysis\rrlang\outputs\mesu_register_v0_3_nulls100\mesu_thomas_text_only.json,mesu_register_v0_3_nulls100,,,,mesu,unknown,unknown,,,,,,,,,grapheme_class,1002,,,whitespace,Positions classified as whitespace in the grapheme-class stream.,213,modular_residue_peak_m_2,observed_only,0.530516431925,,,,,,,"{""name"": ""modular_residue_peak_m_2"", ""value"": 0.530516431925, ""details"": ""Largest event-position residue fraction modulo 2.""}"
C:\github\5hr-conlang\riemann_analysis\rrlang\outputs\mesu_register_v0_3_nulls100\mesu_thomas_text_only.json,mesu_register_v0_3_nulls100,,,,mesu,unknown,unknown,,,,,,,,,grapheme_class,1002,,,whitespace,Positions classified as whitespace in the grapheme-class stream.,213,modular_residue_peak_m_3,observed_only,0.347417840376,,,,,,,"{""name"": ""modular_residue_peak_m_3"", ""value"": 0.347417840376, ""details"": ""Largest event-position residue fraction modulo 3.""}"
C:\github\5hr-conlang\riemann_analysis\rrlang\outputs\mesu_register_v0_3_nulls100\mesu_thomas_text_only.json,mesu_register_v0_3_nulls100,,,,mesu,unknown,unknown,,,,,,,,,grapheme_class,1002,,,whitespace,Positions classified as whitespace in the grapheme-class stream.,213,modular_residue_peak_m_5,observed_only,0.215962441315,,,,,,,"{""name"": ""modular_residue_peak_m_5"", ""value"": 0.215962441315, ""details"": ""Largest event-position residue fraction modulo 5.""}"
C:\github\5hr-conlang\riemann_analysis\rrlang\outputs\mesu_register_v0_3_nulls100\mesu_thomas_text_only.json,mesu_register_v0_3_nulls100,,,,mesu,unknown,unknown,,,,,,,,,grapheme_class,1002,,,whitespace,Positions classified as whitespace in the grapheme-class stream.,213,modular_residue_peak_m_7,observed_only,0.197183098592,,,,,,,"{""name"": ""modular_residue_peak_m_7"", ""value"": 0.197183098592, ""details"": ""Largest event-position residue fraction modulo 7.""}"
C:\github\5hr-conlang\riemann_analysis\rrlang\outputs\mesu_register_v0_3_nulls100\mesu_thomas_text_only.json,mesu_register_v0_3_nulls100,,,,mesu,unknown,unknown,,,,,,,,,grapheme_class,1002,,,whitespace,Positions classified as whitespace in the grapheme-class stream.,213,gap_entropy,density_shuffle,2.782193022526,3.411764046251,0.024491385378,-25.705815086046,25.705815086046,0.009900990099,,"{""name"": ""gap_entropy"", ""null_model"": ""density_shuffle"", ""observed"": 2.782193022526, ""null_mean"": 3.411764046251, ""null_std"": 0.024491385378, ""z_score"": -25.705815086046, ""empirical_p"": 0.009900990099, ""null_samples"": 100}"
C:\github\5hr-conlang\riemann_analysis\rrlang\outputs\mesu_register_v0_3_nulls100\mesu_thomas_text_only.json,mesu_register_v0_3_nulls100,,,,mesu,unknown,unknown,,,,,,,,,grapheme_class,1002,,,whitespace,Positions classified as whitespace in the grapheme-class stream.,213,run_entropy,density_shuffle,2.047510009467,2.542928350933,0.076863609209,-6.445421267161,6.445421267161,0.009900990099,,"{""name"": ""run_entropy"", ""null_model"": ""density_shuffle"", ""observed"": 2.047510009467, ""null_mean"": 2.542928350933, ""null_std"": 0.076863609209, ""z_score"": -6.445421267161, ""empirical_p"": 0.009900990099, ""null_samples"": 100}"
C:\github\5hr-conlang\riemann_analysis\rrlang\outputs\mesu_register_v0_3_nulls100\mesu_thomas_text_only.json,mesu_register_v0_3_nulls100,,,,mesu,unknown,unknown,,,,,,,,,grapheme_class,1002,,,whitespace,Positions classified as whitespace in the grapheme-class stream.,213,prime_index_occupancy_bias,density_shuffle,0.001800720288,-0.000415166066,0.031105670038,0.071237377361,0.071237377361,1.0,,"{""name"": ""prime_index_occupancy_bias"", ""null_model"": ""density_shuffle"", ""observed"": 0.001800720288, ""null_mean"": -0.000415166066, ""null_std"": 0.031105670038, ""z_score"": 0.071237377361, ""empirical_p"": 1, ""null_samples"": 100}"
C:\github\5hr-conlang\riemann_analysis\rrlang\outputs\mesu_register_v0_3_nulls100\mesu_thomas_text_only.json,mesu_register_v0_3_nulls100,,,,mesu,unknown,unknown,,,,,,,,,grapheme_class,1002,,,whitespace,Positions classified as whitespace in the grapheme-class stream.,213,prime_gap_affinity,density_shuffle,0.63679245283,0.471462264151,0.040290052495,4.103498964125,4.103498964125,0.009900990099,,"{""name"": ""prime_gap_affinity"", ""null_model"": ""density_shuffle"", ""observed"": 0.63679245283, ""null_mean"": 0.471462264151, ""null_std"": 0.040290052495, ""z_score"": 4.103498964125, ""empirical_p"": 0.009900990099, ""null_samples"": 100}"
C:\github\5hr-conlang\riemann_analysis\rrlang\outputs\mesu_register_v0_3_nulls100\mesu_thomas_text_only.json,mesu_register_v0_3_nulls100,,,,mesu,unknown,unknown,,,,,,,,,grapheme_class,1002,,,whitespace,Positions classified as whitespace in the grapheme-class stream.,213,zeta_spectral_coherence,density_shuffle,0.001114286261,0.001197487686,0.000442863336,-0.187871557668,0.187871557668,0.881188118812,,"{""name"": ""zeta_spectral_coherence"", ""null_model"": ""density_shuffle"", ""observed"": 0.001114286261, ""null_mean"": 0.001197487686, ""null_std"": 0.000442863336, ""z_score"": -0.187871557668, ""empirical_p"": 0.881188118812, ""null_samples"": 100}"
C:\github\5hr-conlang\riemann_analysis\rrlang\outputs\mesu_register_v0_3_nulls100\mesu_thomas_text_only.json,mesu_register_v0_3_nulls100,,,,mesu,unknown,unknown,,,,,,,,,grapheme_class,1002,,,whitespace,Positions classified as whitespace in the grapheme-class stream.,213,critical_line_symmetry,density_shuffle,0.874530674156,0.828508322362,0.045633235949,1.008527027206,1.008527027206,0.257425742574,,"{""name"": ""critical_line_symmetry"", ""null_model"": ""density_shuffle"", ""observed"": 0.874530674156, ""null_mean"": 0.828508322362, ""null_std"": 0.045633235949, ""z_score"": 1.008527027206, ""empirical_p"": 0.257425742574, ""null_samples"": 100}"
C:\github\5hr-conlang\riemann_analysis\rrlang\outputs\mesu_register_v0_3_nulls100\mesu_thomas_text_only.json,mesu_register_v0_3_nulls100,,,,mesu,unknown,unknown,,,,,,,,,grapheme_class,1002,,,whitespace,Positions classified as whitespace in the grapheme-class stream.,213,gap_entropy,markov_1,2.782193022526,3.06394484251,0.101822505394,-2.76708787409,2.76708787409,0.009900990099,,"{""name"": ""gap_entropy"", ""null_model"": ""markov_1"", ""observed"": 2.782193022526, ""null_mean"": 3.06394484251, ""null_std"": 0.101822505394, ""z_score"": -2.76708787409, ""empirical_p"": 0.009900990099, ""null_samples"": 100}"
C:\github\5hr-conlang\riemann_analysis\rrlang\outputs\mesu_register_v0_3_nulls100\mesu_thomas_text_only.json,mesu_register_v0_3_nulls100,,,,mesu,unknown,unknown,,,,,,,,,grapheme_class,1002,,,whitespace,Positions classified as whitespace in the grapheme-class stream.,213,run_entropy,markov_1,2.047510009467,2.062649782513,0.072012485295,-0.210238168891,0.210238168891,0.772277227723,,"{""name"": ""run_entropy"", ""null_model"": ""markov_1"", ""observed"": 2.047510009467, ""null_mean"": 2.062649782513, ""null_std"": 0.072012485295, ""z_score"": -0.210238168891, ""empirical_p"": 0.772277227723, ""null_samples"": 100}"
C:\github\5hr-conlang\riemann_analysis\rrlang\outputs\mesu_register_v0_3_nulls100\mesu_thomas_text_only.json,mesu_register_v0_3_nulls100,,,,mesu,unknown,unknown,,,,,,,,,grapheme_class,1002,,,whitespace,Positions classified as whitespace in the grapheme-class stream.,213,prime_index_occupancy_bias,markov_1,0.001800720288,0.005870848339,0.035003409324,-0.116278046332,0.116278046332,0.920792079208,,"{""name"": ""prime_index_occupancy_bias"", ""null_model"": ""markov_1"", ""observed"": 0.001800720288, ""null_mean"": 0.005870848339, ""null_std"": 0.035003409324, ""z_score"": -0.116278046332, ""empirical_p"": 0.920792079208, ""null_samples"": 100}"
C:\github\5hr-conlang\riemann_analysis\rrlang\outputs\mesu_register_v0_3_nulls100\mesu_thomas_text_only.json,mesu_register_v0_3_nulls100,,,,mesu,unknown,unknown,,,,,,,,,grapheme_class,1002,,,whitespace,Positions classified as whitespace in the grapheme-class stream.,213,prime_gap_affinity,markov_1,0.63679245283,0.654195854702,0.029080245252,-0.598461316977,0.598461316977,0.544554455446,,"{""name"": ""prime_gap_affinity"", ""null_model"": ""markov_1"", ""observed"": 0.63679245283, ""null_mean"": 0.654195854702, ""null_std"": 0.029080245252, ""z_score"": -0.598461316977, ""empirical_p"": 0.544554455446, ""null_samples"": 100}"
C:\github\5hr-conlang\riemann_analysis\rrlang\outputs\mesu_register_v0_3_nulls100\mesu_thomas_text_only.json,mesu_register_v0_3_nulls100,,,,mesu,unknown,unknown,,,,,,,,,grapheme_class,1002,,,whitespace,Positions classified as whitespace in the grapheme-class stream.,213,zeta_spectral_coherence,markov_1,0.001114286261,0.000914182023,0.000463358945,0.431855777918,0.431855777918,0.673267326733,,"{""name"": ""zeta_spectral_coherence"", ""null_model"": ""markov_1"", ""observed"": 0.001114286261, ""null_mean"": 0.000914182023, ""null_std"": 0.000463358945, ""z_score"": 0.431855777918, ""empirical_p"": 0.673267326733, ""null_samples"": 100}"
C:\github\5hr-conlang\riemann_analysis\rrlang\outputs\mesu_register_v0_3_nulls100\mesu_thomas_text_only.json,mesu_register_v0_3_nulls100,,,,mesu,unknown,unknown,,,,,,,,,grapheme_class,1002,,,whitespace,Positions classified as whitespace in the grapheme-class stream.,213,critical_line_symmetry,markov_1,0.874530674156,0.848395300948,0.048737330741,0.536249581386,0.536249581386,0.594059405941,,"{""name"": ""critical_line_symmetry"", ""null_model"": ""markov_1"", ""observed"": 0.874530674156, ""null_mean"": 0.848395300948, ""null_std"": 0.048737330741, ""z_score"": 0.536249581386, ""empirical_p"": 0.594059405941, ""null_samples"": 100}"
C:\github\5hr-conlang\riemann_analysis\rrlang\outputs\mesu_register_v0_3_nulls100\mesu_thomas_text_only.json,mesu_register_v0_3_nulls100,,,,mesu,unknown,unknown,,,,,,,,,grapheme_class,1002,,,whitespace,Positions classified as whitespace in the grapheme-class stream.,213,gap_entropy,markov_2,2.782193022526,2.98041694392,0.084919736812,-2.334250303126,2.334250303126,0.039603960396,False,"{""name"": ""gap_entropy"", ""null_model"": ""markov_2"", ""observed"": 2.782193022526, ""null_mean"": 2.98041694392, ""null_std"": 0.084919736812, ""z_score"": -2.334250303126, ""empirical_p"": 0.039603960396, ""null_samples"": 100}"
C:\github\5hr-conlang\riemann_analysis\rrlang\outputs\mesu_register_v0_3_nulls100\mesu_thomas_text_only.json,mesu_register_v0_3_nulls100,,,,mesu,unknown,unknown,,,,,,,,,grapheme_class,1002,,,whitespace,Positions classified as whitespace in the grapheme-class stream.,213,run_entropy,markov_2,2.047510009467,2.153802154168,0.057223074273,-1.85750496721,1.85750496721,0.069306930693,False,"{""name"": ""run_entropy"", ""null_model"": ""markov_2"", ""observed"": 2.047510009467, ""null_mean"": 2.153802154168, ""null_std"": 0.057223074273, ""z_score"": -1.85750496721, ""empirical_p"": 0.069306930693, ""null_samples"": 100}"
C:\github\5hr-conlang\riemann_analysis\rrlang\outputs\mesu_register_v0_3_nulls100\mesu_thomas_text_only.json,mesu_register_v0_3_nulls100,,,,mesu,unknown,unknown,,,,,,,,,grapheme_class,1002,,,whitespace,Positions classified as whitespace in the grapheme-class stream.,213,prime_index_occupancy_bias,markov_2,0.001800720288,0.0024979992,0.038430318069,-0.018143979717,0.018143979717,0.970297029703,False,"{""name"": ""prime_index_occupancy_bias"", ""null_model"": ""markov_2"", ""observed"": 0.001800720288, ""null_mean"": 0.0024979992, ""null_std"": 0.038430318069, ""z_score"": -0.018143979717, ""empirical_p"": 0.970297029703, ""null_samples"": 100}"
C:\github\5hr-conlang\riemann_analysis\rrlang\outputs\mesu_register_v0_3_nulls100\mesu_thomas_text_only.json,mesu_register_v0_3_nulls100,,,,mesu,unknown,unknown,,,,,,,,,grapheme_class,1002,,,whitespace,Positions classified as whitespace in the grapheme-class stream.,213,prime_gap_affinity,markov_2,0.63679245283,0.628916195012,0.031362540635,0.251135834611,0.251135834611,0.782178217822,False,"{""name"": ""prime_gap_affinity"", ""null_model"": ""markov_2"", ""observed"": 0.63679245283, ""null_mean"": 0.628916195012, ""null_std"": 0.031362540635, ""z_score"": 0.251135834611, ""empirical_p"": 0.782178217822, ""null_samples"": 100}"
C:\github\5hr-conlang\riemann_analysis\rrlang\outputs\mesu_register_v0_3_nulls100\mesu_thomas_text_only.json,mesu_register_v0_3_nulls100,,,,mesu,unknown,unknown,,,,,,,,,grapheme_class,1002,,,whitespace,Positions classified as whitespace in the grapheme-class stream.,213,zeta_spectral_coherence,markov_2,0.001114286261,0.000773730931,0.000351002397,0.970236479563,0.970236479563,0.316831683168,False,"{""name"": ""zeta_spectral_coherence"", ""null_model"": ""markov_2"", ""observed"": 0.001114286261, ""null_mean"": 0.000773730931, ""null_std"": 0.000351002397, ""z_score"": 0.970236479563, ""empirical_p"": 0.316831683168, ""null_samples"": 100}"
C:\github\5hr-conlang\riemann_analysis\rrlang\outputs\mesu_register_v0_3_nulls100\mesu_thomas_text_only.json,mesu_register_v0_3_nulls100,,,,mesu,unknown,unknown,,,,,,,,,grapheme_class,1002,,,whitespace,Positions classified as whitespace in the grapheme-class stream.,213,critical_line_symmetry,markov_2,0.874530674156,0.85085679237,0.045636066996,0.518753769639,0.518753769639,0.663366336634,False,"{""name"": ""critical_line_symmetry"", ""null_model"": ""markov_2"", ""observed"": 0.874530674156, ""null_mean"": 0.85085679237, ""null_std"": 0.045636066996, ""z_score"": 0.518753769639, ""empirical_p"": 0.663366336634, ""null_samples"": 100}"
C:\github\5hr-conlang\riemann_analysis\rrlang\outputs\mesu_register_v0_3_nulls100\mesu_thomas_text_only.json,mesu_register_v0_3_nulls100,,,,mesu,unknown,unknown,,,,,,,,,grapheme_class,1002,,,whitespace,Positions classified as whitespace in the grapheme-class stream.,213,gap_entropy,gap_order_shuffle,2.782193022526,2.782193022526,0.0,-1.049456861113,1.049456861113,0.673267326733,,"{""name"": ""gap_entropy"", ""null_model"": ""gap_order_shuffle"", ""observed"": 2.782193022526, ""null_mean"": 2.782193022526, ""null_std"": 0.0, ""z_score"": -1.049456861113, ""empirical_p"": 0.673267326733, ""null_samples"": 100}"
C:\github\5hr-conlang\riemann_analysis\rrlang\outputs\mesu_register_v0_3_nulls100\mesu_thomas_text_only.json,mesu_register_v0_3_nulls100,,,,mesu,unknown,unknown,,,,,,,,,grapheme_class,1002,,,whitespace,Positions classified as whitespace in the grapheme-class stream.,213,run_entropy,gap_order_shuffle,2.047510009467,2.047510009467,0.0,-0.994159315917,0.994159315917,0.841584158416,,"{""name"": ""run_entropy"", ""null_model"": ""gap_order_shuffle"", ""observed"": 2.047510009467, ""null_mean"": 2.047510009467, ""null_std"": 0.0, ""z_score"": -0.994159315917, ""empirical_p"": 0.841584158416, ""null_samples"": 100}"
C:\github\5hr-conlang\riemann_analysis\rrlang\outputs\mesu_register_v0_3_nulls100\mesu_thomas_text_only.json,mesu_register_v0_3_nulls100,,,,mesu,unknown,unknown,,,,,,,,,grapheme_class,1002,,,whitespace,Positions classified as whitespace in the grapheme-class stream.,213,prime_index_occupancy_bias,gap_order_shuffle,0.001800720288,0.012458483393,0.034349008198,-0.310278627084,0.310278627084,0.851485148515,,"{""name"": ""prime_index_occupancy_bias"", ""null_model"": ""gap_order_shuffle"", ""observed"": 0.001800720288, ""null_mean"": 0.012458483393, ""null_std"": 0.034349008198, ""z_score"": -0.310278627084, ""empirical_p"": 0.851485148515, ""null_samples"": 100}"
C:\github\5hr-conlang\riemann_analysis\rrlang\outputs\mesu_register_v0_3_nulls100\mesu_thomas_text_only.json,mesu_register_v0_3_nulls100,,,,mesu,unknown,unknown,,,,,,,,,grapheme_class,1002,,,whitespace,Positions classified as whitespace in the grapheme-class stream.,213,prime_gap_affinity,gap_order_shuffle,0.63679245283,0.63679245283,0.0,0.994987437107,0.994987437107,1.0,,"{""name"": ""prime_gap_affinity"", ""null_model"": ""gap_order_shuffle"", ""observed"": 0.63679245283, ""null_mean"": 0.63679245283, ""null_std"": 0.0, ""z_score"": 0.994987437107, ""empirical_p"": 1, ""null_samples"": 100}"
C:\github\5hr-conlang\riemann_analysis\rrlang\outputs\mesu_register_v0_3_nulls100\mesu_thomas_text_only.json,mesu_register_v0_3_nulls100,,,,mesu,unknown,unknown,,,,,,,,,grapheme_class,1002,,,whitespace,Positions classified as whitespace in the grapheme-class stream.,213,zeta_spectral_coherence,gap_order_shuffle,0.001114286261,0.000901804342,0.000279926802,0.759062430948,0.759062430948,0.465346534653,,"{""name"": ""zeta_spectral_coherence"", ""null_model"": ""gap_order_shuffle"", ""observed"": 0.001114286261, ""null_mean"": 0.000901804342, ""null_std"": 0.000279926802, ""z_score"": 0.759062430948, ""empirical_p"": 0.465346534653, ""null_samples"": 100}"
C:\github\5hr-conlang\riemann_analysis\rrlang\outputs\mesu_register_v0_3_nulls100\mesu_thomas_text_only.json,mesu_register_v0_3_nulls100,,,,mesu,unknown,unknown,,,,,,,,,grapheme_class,1002,,,whitespace,Positions classified as whitespace in the grapheme-class stream.,213,critical_line_symmetry,gap_order_shuffle,0.874530674156,0.864921434183,0.030831211045,0.311672478857,0.311672478857,0.851485148515,,"{""name"": ""critical_line_symmetry"", ""null_model"": ""gap_order_shuffle"", ""observed"": 0.874530674156, ""null_mean"": 0.864921434183, ""null_std"": 0.030831211045, ""z_score"": 0.311672478857, ""empirical_p"": 0.851485148515, ""null_samples"": 100}"
C:\github\5hr-conlang\riemann_analysis\rrlang\outputs\mesu_register_v0_3_nulls100\mesu_thomas_text_only.json,mesu_register_v0_3_nulls100,,,,mesu,unknown,unknown,,,,,,,,,grapheme_class,1002,,,punctuation,Positions classified as punctuation in the grapheme-class stream.,134,event_density,observed_only,0.13373253493,,,,,,,"{""name"": ""event_density"", ""value"": 0.13373253493, ""details"": ""count(event=true) / sequence_length""}"
C:\github\5hr-conlang\riemann_analysis\rrlang\outputs\mesu_register_v0_3_nulls100\mesu_thomas_text_only.json,mesu_register_v0_3_nulls100,,,,mesu,unknown,unknown,,,,,,,,,grapheme_class,1002,,,punctuation,Positions classified as punctuation in the grapheme-class stream.,134,event_count,observed_only,134.0,,,,,,,"{""name"": ""event_count"", ""value"": 134, ""details"": ""Number of true positions in the event map.""}"
C:\github\5hr-conlang\riemann_analysis\rrlang\outputs\mesu_register_v0_3_nulls100\mesu_thomas_text_only.json,mesu_register_v0_3_nulls100,,,,mesu,unknown,unknown,,,,,,,,,grapheme_class,1002,,,punctuation,Positions classified as punctuation in the grapheme-class stream.,134,sequence_length,observed_only,1002.0,,,,,,,"{""name"": ""sequence_length"", ""value"": 1002, ""details"": ""Number of positions in the event map.""}"
C:\github\5hr-conlang\riemann_analysis\rrlang\outputs\mesu_register_v0_3_nulls100\mesu_thomas_text_only.json,mesu_register_v0_3_nulls100,,,,mesu,unknown,unknown,,,,,,,,,grapheme_class,1002,,,punctuation,Positions classified as punctuation in the grapheme-class stream.,134,modular_residue_peak_m_2,observed_only,0.55223880597,,,,,,,"{""name"": ""modular_residue_peak_m_2"", ""value"": 0.55223880597, ""details"": ""Largest event-position residue fraction modulo 2.""}"
C:\github\5hr-conlang\riemann_analysis\rrlang\outputs\mesu_register_v0_3_nulls100\mesu_thomas_text_only.json,mesu_register_v0_3_nulls100,,,,mesu,unknown,unknown,,,,,,,,,grapheme_class,1002,,,punctuation,Positions classified as punctuation in the grapheme-class stream.,134,modular_residue_peak_m_3,observed_only,0.417910447761,,,,,,,"{""name"": ""modular_residue_peak_m_3"", ""value"": 0.417910447761, ""details"": ""Largest event-position residue fraction modulo 3.""}"
C:\github\5hr-conlang\riemann_analysis\rrlang\outputs\mesu_register_v0_3_nulls100\mesu_thomas_text_only.json,mesu_register_v0_3_nulls100,,,,mesu,unknown,unknown,,,,,,,,,grapheme_class,1002,,,punctuation,Positions classified as punctuation in the grapheme-class stream.,134,modular_residue_peak_m_5,observed_only,0.231343283582,,,,,,,"{""name"": ""modular_residue_peak_m_5"", ""value"": 0.231343283582, ""details"": ""Largest event-position residue fraction modulo 5.""}"
C:\github\5hr-conlang\riemann_analysis\rrlang\outputs\mesu_register_v0_3_nulls100\mesu_thomas_text_only.json,mesu_register_v0_3_nulls100,,,,mesu,unknown,unknown,,,,,,,,,grapheme_class,1002,,,punctuation,Positions classified as punctuation in the grapheme-class stream.,134,modular_residue_peak_m_7,observed_only,0.171641791045,,,,,,,"{""name"": ""modular_residue_peak_m_7"", ""value"": 0.171641791045, ""details"": ""Largest event-position residue fraction modulo 7.""}"
C:\github\5hr-conlang\riemann_analysis\rrlang\outputs\mesu_register_v0_3_nulls100\mesu_thomas_text_only.json,mesu_register_v0_3_nulls100,,,,mesu,unknown,unknown,,,,,,,,,grapheme_class,1002,,,punctuation,Positions classified as punctuation in the grapheme-class stream.,134,gap_entropy,density_shuffle,3.389728559437,4.02647917262,0.044414599946,-14.336515784299,14.336515784299,0.009900990099,,"{""name"": ""gap_entropy"", ""null_model"": ""density_shuffle"", ""observed"": 3.389728559437, ""null_mean"": 4.02647917262, ""null_std"": 0.044414599946, ""z_score"": -14.336515784299, ""empirical_p"": 0.009900990099, ""null_samples"": 100}"
C:\github\5hr-conlang\riemann_analysis\rrlang\outputs\mesu_register_v0_3_nulls100\mesu_thomas_text_only.json,mesu_register_v0_3_nulls100,,,,mesu,unknown,unknown,,,,,,,,,grapheme_class,1002,,,punctuation,Positions classified as punctuation in the grapheme-class stream.,134,run_entropy,density_shuffle,2.642375304724,2.891617283758,0.08136984341,-3.063075564472,3.063075564472,0.009900990099,,"{""name"": ""run_entropy"", ""null_model"": ""density_shuffle"", ""observed"": 2.642375304724, ""null_mean"": 2.891617283758, ""null_std"": 0.08136984341, ""z_score"": -3.063075564472, ""empirical_p"": 0.009900990099, ""null_samples"": 100}"
C:\github\5hr-conlang\riemann_analysis\rrlang\outputs\mesu_register_v0_3_nulls100\mesu_thomas_text_only.json,mesu_register_v0_3_nulls100,,,,mesu,unknown,unknown,,,,,,,,,grapheme_class,1002,,,punctuation,Positions classified as punctuation in the grapheme-class stream.,134,prime_index_occupancy_bias,density_shuffle,-0.024959983994,0.000386154462,0.028814488501,-0.879631732998,0.879631732998,0.336633663366,,"{""name"": ""prime_index_occupancy_bias"", ""null_model"": ""density_shuffle"", ""observed"": -0.024959983994, ""null_mean"": 0.000386154462, ""null_std"": 0.028814488501, ""z_score"": -0.879631732998, ""empirical_p"": 0.336633663366, ""null_samples"": 100}"
C:\github\5hr-conlang\riemann_analysis\rrlang\outputs\mesu_register_v0_3_nulls100\mesu_thomas_text_only.json,mesu_register_v0_3_nulls100,,,,mesu,unknown,unknown,,,,,,,,,grapheme_class,1002,,,punctuation,Positions classified as punctuation in the grapheme-class stream.,134,prime_gap_affinity,density_shuffle,0.390977443609,0.445413533835,0.042453721979,-1.282245411896,1.282245411896,0.237623762376,,"{""name"": ""prime_gap_affinity"", ""null_model"": ""density_shuffle"", ""observed"": 0.390977443609, ""null_mean"": 0.445413533835, ""null_std"": 0.042453721979, ""z_score"": -1.282245411896, ""empirical_p"": 0.237623762376, ""null_samples"": 100}"
C:\github\5hr-conlang\riemann_analysis\rrlang\outputs\mesu_register_v0_3_nulls100\mesu_thomas_text_only.json,mesu_register_v0_3_nulls100,,,,mesu,unknown,unknown,,,,,,,,,grapheme_class,1002,,,punctuation,Positions classified as punctuation in the grapheme-class stream.,134,zeta_spectral_coherence,density_shuffle,0.000593820656,0.000864193676,0.00038936218,-0.694399799696,0.694399799696,0.50495049505,,"{""name"": ""zeta_spectral_coherence"", ""null_model"": ""density_shuffle"", ""observed"": 0.000593820656, ""null_mean"": 0.000864193676, ""null_std"": 0.00038936218, ""z_score"": -0.694399799696, ""empirical_p"": 0.50495049505, ""null_samples"": 100}"
C:\github\5hr-conlang\riemann_analysis\rrlang\outputs\mesu_register_v0_3_nulls100\mesu_thomas_text_only.json,mesu_register_v0_3_nulls100,,,,mesu,unknown,unknown,,,,,,,,,grapheme_class,1002,,,punctuation,Positions classified as punctuation in the grapheme-class stream.,134,critical_line_symmetry,density_shuffle,0.815665778738,0.823184253636,0.046978528611,-0.160040663689,0.160040663689,0.891089108911,,"{""name"": ""critical_line_symmetry"", ""null_model"": ""density_shuffle"", ""observed"": 0.815665778738, ""null_mean"": 0.823184253636, ""null_std"": 0.046978528611, ""z_score"": -0.160040663689, ""empirical_p"": 0.891089108911, ""null_samples"": 100}"
C:\github\5hr-conlang\riemann_analysis\rrlang\outputs\mesu_register_v0_3_nulls100\mesu_thomas_text_only.json,mesu_register_v0_3_nulls100,,,,mesu,unknown,unknown,,,,,,,,,grapheme_class,1002,,,punctuation,Positions classified as punctuation in the grapheme-class stream.,134,gap_entropy,markov_1,3.389728559437,3.820669158038,0.100317487142,-4.295767476628,4.295767476628,0.009900990099,,"{""name"": ""gap_entropy"", ""null_model"": ""markov_1"", ""observed"": 3.389728559437, ""null_mean"": 3.820669158038, ""null_std"": 0.100317487142, ""z_score"": -4.295767476628, ""empirical_p"": 0.009900990099, ""null_samples"": 100}"
C:\github\5hr-conlang\riemann_analysis\rrlang\outputs\mesu_register_v0_3_nulls100\mesu_thomas_text_only.json,mesu_register_v0_3_nulls100,,,,mesu,unknown,unknown,,,,,,,,,grapheme_class,1002,,,punctuation,Positions classified as punctuation in the grapheme-class stream.,134,run_entropy,markov_1,2.642375304724,2.583821730264,0.081711490965,0.71658923082,0.71658923082,0.445544554455,,"{""name"": ""run_entropy"", ""null_model"": ""markov_1"", ""observed"": 2.642375304724, ""null_mean"": 2.583821730264, ""null_std"": 0.081711490965, ""z_score"": 0.71658923082, ""empirical_p"": 0.445544554455, ""null_samples"": 100}"
C:\github\5hr-conlang\riemann_analysis\rrlang\outputs\mesu_register_v0_3_nulls100\mesu_thomas_text_only.json,mesu_register_v0_3_nulls100,,,,mesu,unknown,unknown,,,,,,,,,grapheme_class,1002,,,punctuation,Positions classified as punctuation in the grapheme-class stream.,134,prime_index_occupancy_bias,markov_1,-0.024959983994,0.008086234494,0.027119299214,-1.218549868362,1.218549868362,0.267326732673,,"{""name"": ""prime_index_occupancy_bias"", ""null_model"": ""markov_1"", ""observed"": -0.024959983994, ""null_mean"": 0.008086234494, ""null_std"": 0.027119299214, ""z_score"": -1.218549868362, ""empirical_p"": 0.267326732673, ""null_samples"": 100}"
C:\github\5hr-conlang\riemann_analysis\rrlang\outputs\mesu_register_v0_3_nulls100\mesu_thomas_text_only.json,mesu_register_v0_3_nulls100,,,,mesu,unknown,unknown,,,,,,,,,grapheme_class,1002,,,punctuation,Positions classified as punctuation in the grapheme-class stream.,134,prime_gap_affinity,markov_1,0.390977443609,0.539611602767,0.04294694106,-3.460878830718,3.460878830718,0.009900990099,,"{""name"": ""prime_gap_affinity"", ""null_model"": ""markov_1"", ""observed"": 0.390977443609, ""null_mean"": 0.539611602767, ""null_std"": 0.04294694106, ""z_score"": -3.460878830718, ""empirical_p"": 0.009900990099, ""null_samples"": 100}"
C:\github\5hr-conlang\riemann_analysis\rrlang\outputs\mesu_register_v0_3_nulls100\mesu_thomas_text_only.json,mesu_register_v0_3_nulls100,,,,mesu,unknown,unknown,,,,,,,,,grapheme_class,1002,,,punctuation,Positions classified as punctuation in the grapheme-class stream.,134,zeta_spectral_coherence,markov_1,0.000593820656,0.000739375931,0.000353989079,-0.41118577926,0.41118577926,0.722772277228,,"{""name"": ""zeta_spectral_coherence"", ""null_model"": ""markov_1"", ""observed"": 0.000593820656, ""null_mean"": 0.000739375931, ""null_std"": 0.000353989079, ""z_score"": -0.41118577926, ""empirical_p"": 0.722772277228, ""null_samples"": 100}"
C:\github\5hr-conlang\riemann_analysis\rrlang\outputs\mesu_register_v0_3_nulls100\mesu_thomas_text_only.json,mesu_register_v0_3_nulls100,,,,mesu,unknown,unknown,,,,,,,,,grapheme_class,1002,,,punctuation,Positions classified as punctuation in the grapheme-class stream.,134,critical_line_symmetry,markov_1,0.815665778738,0.84460573498,0.053794148832,-0.537975911329,0.537975911329,0.653465346535,,"{""name"": ""critical_line_symmetry"", ""null_model"": ""markov_1"", ""observed"": 0.815665778738, ""null_mean"": 0.84460573498, ""null_std"": 0.053794148832, ""z_score"": -0.537975911329, ""empirical_p"": 0.653465346535, ""null_samples"": 100}"
C:\github\5hr-conlang\riemann_analysis\rrlang\outputs\mesu_register_v0_3_nulls100\mesu_thomas_text_only.json,mesu_register_v0_3_nulls100,,,,mesu,unknown,unknown,,,,,,,,,grapheme_class,1002,,,punctuation,Positions classified as punctuation in the grapheme-class stream.,134,gap_entropy,markov_2,3.389728559437,3.649838363251,0.127595784927,-2.038545426577,2.038545426577,0.039603960396,False,"{""name"": ""gap_entropy"", ""null_model"": ""markov_2"", ""observed"": 3.389728559437, ""null_mean"": 3.649838363251, ""null_std"": 0.127595784927, ""z_score"": -2.038545426577, ""empirical_p"": 0.039603960396, ""null_samples"": 100}"
C:\github\5hr-conlang\riemann_analysis\rrlang\outputs\mesu_register_v0_3_nulls100\mesu_thomas_text_only.json,mesu_register_v0_3_nulls100,,,,mesu,unknown,unknown,,,,,,,,,grapheme_class,1002,,,punctuation,Positions classified as punctuation in the grapheme-class stream.,134,run_entropy,markov_2,2.642375304724,2.773399138945,0.068155640845,-1.922420985205,1.922420985205,0.049504950495,False,"{""name"": ""run_entropy"", ""null_model"": ""markov_2"", ""observed"": 2.642375304724, ""null_mean"": 2.773399138945, ""null_std"": 0.068155640845, ""z_score"": -1.922420985205, ""empirical_p"": 0.049504950495, ""null_samples"": 100}"
C:\github\5hr-conlang\riemann_analysis\rrlang\outputs\mesu_register_v0_3_nulls100\mesu_thomas_text_only.json,mesu_register_v0_3_nulls100,,,,mesu,unknown,unknown,,,,,,,,,grapheme_class,1002,,,punctuation,Positions classified as punctuation in the grapheme-class stream.,134,prime_index_occupancy_bias,markov_2,-0.024959983994,-0.00380952381,0.02800931037,-0.755122489794,0.755122489794,0.405940594059,False,"{""name"": ""prime_index_occupancy_bias"", ""null_model"": ""markov_2"", ""observed"": -0.024959983994, ""null_mean"": -0.00380952381, ""null_std"": 0.02800931037, ""z_score"": -0.755122489794, ""empirical_p"": 0.405940594059, ""null_samples"": 100}"
C:\github\5hr-conlang\riemann_analysis\rrlang\outputs\mesu_register_v0_3_nulls100\mesu_thomas_text_only.json,mesu_register_v0_3_nulls100,,,,mesu,unknown,unknown,,,,,,,,,grapheme_class,1002,,,punctuation,Positions classified as punctuation in the grapheme-class stream.,134,prime_gap_affinity,markov_2,0.390977443609,0.481022625002,0.043638012145,-2.063457452939,2.063457452939,0.049504950495,False,"{""name"": ""prime_gap_affinity"", ""null_model"": ""markov_2"", ""observed"": 0.390977443609, ""null_mean"": 0.481022625002, ""null_std"": 0.043638012145, ""z_score"": -2.063457452939, ""empirical_p"": 0.049504950495, ""null_samples"": 100}"
C:\github\5hr-conlang\riemann_analysis\rrlang\outputs\mesu_register_v0_3_nulls100\mesu_thomas_text_only.json,mesu_register_v0_3_nulls100,,,,mesu,unknown,unknown,,,,,,,,,grapheme_class,1002,,,punctuation,Positions classified as punctuation in the grapheme-class stream.,134,zeta_spectral_coherence,markov_2,0.000593820656,0.000661166596,0.000358129142,-0.188049316651,0.188049316651,0.891089108911,False,"{""name"": ""zeta_spectral_coherence"", ""null_model"": ""markov_2"", ""observed"": 0.000593820656, ""null_mean"": 0.000661166596, ""null_std"": 0.000358129142, ""z_score"": -0.188049316651, ""empirical_p"": 0.891089108911, ""null_samples"": 100}"
C:\github\5hr-conlang\riemann_analysis\rrlang\outputs\mesu_register_v0_3_nulls100\mesu_thomas_text_only.json,mesu_register_v0_3_nulls100,,,,mesu,unknown,unknown,,,,,,,,,grapheme_class,1002,,,punctuation,Positions classified as punctuation in the grapheme-class stream.,134,critical_line_symmetry,markov_2,0.815665778738,0.855023617839,0.04993856065,-0.788125220041,0.788125220041,0.455445544554,False,"{""name"": ""critical_line_symmetry"", ""null_model"": ""markov_2"", ""observed"": 0.815665778738, ""null_mean"": 0.855023617839, ""null_std"": 0.04993856065, ""z_score"": -0.788125220041, ""empirical_p"": 0.455445544554, ""null_samples"": 100}"
C:\github\5hr-conlang\riemann_analysis\rrlang\outputs\mesu_register_v0_3_nulls100\mesu_thomas_text_only.json,mesu_register_v0_3_nulls100,,,,mesu,unknown,unknown,,,,,,,,,grapheme_class,1002,,,punctuation,Positions classified as punctuation in the grapheme-class stream.,134,gap_entropy,gap_order_shuffle,3.389728559437,3.389728559437,0.0,0.839607003242,0.839607003242,0.930693069307,,"{""name"": ""gap_entropy"", ""null_model"": ""gap_order_shuffle"", ""observed"": 3.389728559437, ""null_mean"": 3.389728559437, ""null_std"": 0.0, ""z_score"": 0.839607003242, ""empirical_p"": 0.930693069307, ""null_samples"": 100}"
C:\github\5hr-conlang\riemann_analysis\rrlang\outputs\mesu_register_v0_3_nulls100\mesu_thomas_text_only.json,mesu_register_v0_3_nulls100,,,,mesu,unknown,unknown,,,,,,,,,grapheme_class,1002,,,punctuation,Positions classified as punctuation in the grapheme-class stream.,134,run_entropy,gap_order_shuffle,2.642375304724,2.642375304724,0.0,0.843937329324,0.843937329324,0.970297029703,,"{""name"": ""run_entropy"", ""null_model"": ""gap_order_shuffle"", ""observed"": 2.642375304724, ""null_mean"": 2.642375304724, ""null_std"": 0.0, ""z_score"": 0.843937329324, ""empirical_p"": 0.970297029703, ""null_samples"": 100}"
C:\github\5hr-conlang\riemann_analysis\rrlang\outputs\mesu_register_v0_3_nulls100\mesu_thomas_text_only.json,mesu_register_v0_3_nulls100,,,,mesu,unknown,unknown,,,,,,,,,grapheme_class,1002,,,punctuation,Positions classified as punctuation in the grapheme-class stream.,134,prime_index_occupancy_bias,gap_order_shuffle,-0.024959983994,-0.001427070828,0.029046965109,-0.81016770863,0.81016770863,0.425742574257,,"{""name"": ""prime_index_occupancy_bias"", ""null_model"": ""gap_order_shuffle"", ""observed"": -0.024959983994, ""null_mean"": -0.001427070828, ""null_std"": 0.029046965109, ""z_score"": -0.81016770863, ""empirical_p"": 0.425742574257, ""null_samples"": 100}"
C:\github\5hr-conlang\riemann_analysis\rrlang\outputs\mesu_register_v0_3_nulls100\mesu_thomas_text_only.json,mesu_register_v0_3_nulls100,,,,mesu,unknown,unknown,,,,,,,,,grapheme_class,1002,,,punctuation,Positions classified as punctuation in the grapheme-class stream.,134,prime_gap_affinity,gap_order_shuffle,0.390977443609,0.390977443609,0.0,0.994987437107,0.994987437107,1.0,,"{""name"": ""prime_gap_affinity"", ""null_model"": ""gap_order_shuffle"", ""observed"": 0.390977443609, ""null_mean"": 0.390977443609, ""null_std"": 0.0, ""z_score"": 0.994987437107, ""empirical_p"": 1, ""null_samples"": 100}"
C:\github\5hr-conlang\riemann_analysis\rrlang\outputs\mesu_register_v0_3_nulls100\mesu_thomas_text_only.json,mesu_register_v0_3_nulls100,,,,mesu,unknown,unknown,,,,,,,,,grapheme_class,1002,,,punctuation,Positions classified as punctuation in the grapheme-class stream.,134,zeta_spectral_coherence,gap_order_shuffle,0.000593820656,0.000463114565,0.000139661012,0.935881023269,0.935881023269,0.336633663366,,"{""name"": ""zeta_spectral_coherence"", ""null_model"": ""gap_order_shuffle"", ""observed"": 0.000593820656, ""null_mean"": 0.000463114565, ""null_std"": 0.000139661012, ""z_score"": 0.935881023269, ""empirical_p"": 0.336633663366, ""null_samples"": 100}"
C:\github\5hr-conlang\riemann_analysis\rrlang\outputs\mesu_register_v0_3_nulls100\mesu_thomas_text_only.json,mesu_register_v0_3_nulls100,,,,mesu,unknown,unknown,,,,,,,,,grapheme_class,1002,,,punctuation,Positions classified as punctuation in the grapheme-class stream.,134,critical_line_symmetry,gap_order_shuffle,0.815665778738,0.807893641575,0.027507058554,0.282550645961,0.282550645961,0.742574257426,,"{""name"": ""critical_line_symmetry"", ""null_model"": ""gap_order_shuffle"", ""observed"": 0.815665778738, ""null_mean"": 0.807893641575, ""null_std"": 0.027507058554, ""z_score"": 0.282550645961, ""empirical_p"": 0.742574257426, ""null_samples"": 100}"
C:\github\5hr-conlang\riemann_analysis\rrlang\outputs\mesu_register_v0_3_nulls100\mesu_thomas_text_only.json,mesu_register_v0_3_nulls100,,,,mesu,unknown,unknown,,,,,,,,,grapheme_class,1002,,,hyphen_boundary,Positions classified as hyphen_boundary in the grapheme-class stream.,0,event_density,observed_only,0.0,,,,,,,"{""name"": ""event_density"", ""value"": 0, ""details"": ""count(event=true) / sequence_length""}"
C:\github\5hr-conlang\riemann_analysis\rrlang\outputs\mesu_register_v0_3_nulls100\mesu_thomas_text_only.json,mesu_register_v0_3_nulls100,,,,mesu,unknown,unknown,,,,,,,,,grapheme_class,1002,,,hyphen_boundary,Positions classified as hyphen_boundary in the grapheme-class stream.,0,event_count,observed_only,0.0,,,,,,,"{""name"": ""event_count"", ""value"": 0, ""details"": ""Number of true positions in the event map.""}"
C:\github\5hr-conlang\riemann_analysis\rrlang\outputs\mesu_register_v0_3_nulls100\mesu_thomas_text_only.json,mesu_register_v0_3_nulls100,,,,mesu,unknown,unknown,,,,,,,,,grapheme_class,1002,,,hyphen_boundary,Positions classified as hyphen_boundary in the grapheme-class stream.,0,sequence_length,observed_only,1002.0,,,,,,,"{""name"": ""sequence_length"", ""value"": 1002, ""details"": ""Number of positions in the event map.""}"
C:\github\5hr-conlang\riemann_analysis\rrlang\outputs\mesu_register_v0_3_nulls100\mesu_thomas_text_only.json,mesu_register_v0_3_nulls100,,,,mesu,unknown,unknown,,,,,,,,,grapheme_class,1002,,,hyphen_boundary,Positions classified as hyphen_boundary in the grapheme-class stream.,0,modular_residue_peak_m_2,observed_only,0.0,,,,,,,"{""name"": ""modular_residue_peak_m_2"", ""value"": 0, ""details"": ""Largest event-position residue fraction modulo 2.""}"
C:\github\5hr-conlang\riemann_analysis\rrlang\outputs\mesu_register_v0_3_nulls100\mesu_thomas_text_only.json,mesu_register_v0_3_nulls100,,,,mesu,unknown,unknown,,,,,,,,,grapheme_class,1002,,,hyphen_boundary,Positions classified as hyphen_boundary in the grapheme-class stream.,0,modular_residue_peak_m_3,observed_only,0.0,,,,,,,"{""name"": ""modular_residue_peak_m_3"", ""value"": 0, ""details"": ""Largest event-position residue fraction modulo 3.""}"
C:\github\5hr-conlang\riemann_analysis\rrlang\outputs\mesu_register_v0_3_nulls100\mesu_thomas_text_only.json,mesu_register_v0_3_nulls100,,,,mesu,unknown,unknown,,,,,,,,,grapheme_class,1002,,,hyphen_boundary,Positions classified as hyphen_boundary in the grapheme-class stream.,0,modular_residue_peak_m_5,observed_only,0.0,,,,,,,"{""name"": ""modular_residue_peak_m_5"", ""value"": 0, ""details"": ""Largest event-position residue fraction modulo 5.""}"
C:\github\5hr-conlang\riemann_analysis\rrlang\outputs\mesu_register_v0_3_nulls100\mesu_thomas_text_only.json,mesu_register_v0_3_nulls100,,,,mesu,unknown,unknown,,,,,,,,,grapheme_class,1002,,,hyphen_boundary,Positions classified as hyphen_boundary in the grapheme-class stream.,0,modular_residue_peak_m_7,observed_only,0.0,,,,,,,"{""name"": ""modular_residue_peak_m_7"", ""value"": 0, ""details"": ""Largest event-position residue fraction modulo 7.""}"
C:\github\5hr-conlang\riemann_analysis\rrlang\outputs\mesu_register_v0_3_nulls100\mesu_thomas_text_only.json,mesu_register_v0_3_nulls100,,,,mesu,unknown,unknown,,,,,,,,,grapheme_class,1002,,,hyphen_boundary,Positions classified as hyphen_boundary in the grapheme-class stream.,0,gap_entropy,density_shuffle,0.0,0.0,0.0,0.0,0.0,1.0,,"{""name"": ""gap_entropy"", ""null_model"": ""density_shuffle"", ""observed"": 0, ""null_mean"": 0, ""null_std"": 0, ""z_score"": 0, ""empirical_p"": 1, ""null_samples"": 100}"
C:\github\5hr-conlang\riemann_analysis\rrlang\outputs\mesu_register_v0_3_nulls100\mesu_thomas_text_only.json,mesu_register_v0_3_nulls100,,,,mesu,unknown,unknown,,,,,,,,,grapheme_class,1002,,,hyphen_boundary,Positions classified as hyphen_boundary in the grapheme-class stream.,0,run_entropy,density_shuffle,0.0,0.0,0.0,0.0,0.0,1.0,,"{""name"": ""run_entropy"", ""null_model"": ""density_shuffle"", ""observed"": 0, ""null_mean"": 0, ""null_std"": 0, ""z_score"": 0, ""empirical_p"": 1, ""null_samples"": 100}"
C:\github\5hr-conlang\riemann_analysis\rrlang\outputs\mesu_register_v0_3_nulls100\mesu_thomas_text_only.json,mesu_register_v0_3_nulls100,,,,mesu,unknown,unknown,,,,,,,,,grapheme_class,1002,,,hyphen_boundary,Positions classified as hyphen_boundary in the grapheme-class stream.,0,prime_index_occupancy_bias,density_shuffle,0.0,0.0,0.0,0.0,0.0,1.0,,"{""name"": ""prime_index_occupancy_bias"", ""null_model"": ""density_shuffle"", ""observed"": 0, ""null_mean"": 0, ""null_std"": 0, ""z_score"": 0, ""empirical_p"": 1, ""null_samples"": 100}"
C:\github\5hr-conlang\riemann_analysis\rrlang\outputs\mesu_register_v0_3_nulls100\mesu_thomas_text_only.json,mesu_register_v0_3_nulls100,,,,mesu,unknown,unknown,,,,,,,,,grapheme_class,1002,,,hyphen_boundary,Positions classified as hyphen_boundary in the grapheme-class stream.,0,prime_gap_affinity,density_shuffle,0.0,0.0,0.0,0.0,0.0,1.0,,"{""name"": ""prime_gap_affinity"", ""null_model"": ""density_shuffle"", ""observed"": 0, ""null_mean"": 0, ""null_std"": 0, ""z_score"": 0, ""empirical_p"": 1, ""null_samples"": 100}"
C:\github\5hr-conlang\riemann_analysis\rrlang\outputs\mesu_register_v0_3_nulls100\mesu_thomas_text_only.json,mesu_register_v0_3_nulls100,,,,mesu,unknown,unknown,,,,,,,,,grapheme_class,1002,,,hyphen_boundary,Positions classified as hyphen_boundary in the grapheme-class stream.,0,zeta_spectral_coherence,density_shuffle,0.0,0.0,0.0,0.0,0.0,1.0,,"{""name"": ""zeta_spectral_coherence"", ""null_model"": ""density_shuffle"", ""observed"": 0, ""null_mean"": 0, ""null_std"": 0, ""z_score"": 0, ""empirical_p"": 1, ""null_samples"": 100}"
C:\github\5hr-conlang\riemann_analysis\rrlang\outputs\mesu_register_v0_3_nulls100\mesu_thomas_text_only.json,mesu_register_v0_3_nulls100,,,,mesu,unknown,unknown,,,,,,,,,grapheme_class,1002,,,hyphen_boundary,Positions classified as hyphen_boundary in the grapheme-class stream.,0,critical_line_symmetry,density_shuffle,1.0,1.0,0.0,0.0,0.0,1.0,,"{""name"": ""critical_line_symmetry"", ""null_model"": ""density_shuffle"", ""observed"": 1, ""null_mean"": 1, ""null_std"": 0, ""z_score"": 0, ""empirical_p"": 1, ""null_samples"": 100}"
C:\github\5hr-conlang\riemann_analysis\rrlang\outputs\mesu_register_v0_3_nulls100\mesu_thomas_text_only.json,mesu_register_v0_3_nulls100,,,,mesu,unknown,unknown,,,,,,,,,grapheme_class,1002,,,hyphen_boundary,Positions classified as hyphen_boundary in the grapheme-class stream.,0,gap_entropy,markov_1,0.0,0.0,0.0,0.0,0.0,1.0,,"{""name"": ""gap_entropy"", ""null_model"": ""markov_1"", ""observed"": 0, ""null_mean"": 0, ""null_std"": 0, ""z_score"": 0, ""empirical_p"": 1, ""null_samples"": 100}"
C:\github\5hr-conlang\riemann_analysis\rrlang\outputs\mesu_register_v0_3_nulls100\mesu_thomas_text_only.json,mesu_register_v0_3_nulls100,,,,mesu,unknown,unknown,,,,,,,,,grapheme_class,1002,,,hyphen_boundary,Positions classified as hyphen_boundary in the grapheme-class stream.,0,run_entropy,markov_1,0.0,0.0,0.0,0.0,0.0,1.0,,"{""name"": ""run_entropy"", ""null_model"": ""markov_1"", ""observed"": 0, ""null_mean"": 0, ""null_std"": 0, ""z_score"": 0, ""empirical_p"": 1, ""null_samples"": 100}"
C:\github\5hr-conlang\riemann_analysis\rrlang\outputs\mesu_register_v0_3_nulls100\mesu_thomas_text_only.json,mesu_register_v0_3_nulls100,,,,mesu,unknown,unknown,,,,,,,,,grapheme_class,1002,,,hyphen_boundary,Positions classified as hyphen_boundary in the grapheme-class stream.,0,prime_index_occupancy_bias,markov_1,0.0,0.0,0.0,0.0,0.0,1.0,,"{""name"": ""prime_index_occupancy_bias"", ""null_model"": ""markov_1"", ""observed"": 0, ""null_mean"": 0, ""null_std"": 0, ""z_score"": 0, ""empirical_p"": 1, ""null_samples"": 100}"
C:\github\5hr-conlang\riemann_analysis\rrlang\outputs\mesu_register_v0_3_nulls100\mesu_thomas_text_only.json,mesu_register_v0_3_nulls100,,,,mesu,unknown,unknown,,,,,,,,,grapheme_class,1002,,,hyphen_boundary,Positions classified as hyphen_boundary in the grapheme-class stream.,0,prime_gap_affinity,markov_1,0.0,0.0,0.0,0.0,0.0,1.0,,"{""name"": ""prime_gap_affinity"", ""null_model"": ""markov_1"", ""observed"": 0, ""null_mean"": 0, ""null_std"": 0, ""z_score"": 0, ""empirical_p"": 1, ""null_samples"": 100}"
C:\github\5hr-conlang\riemann_analysis\rrlang\outputs\mesu_register_v0_3_nulls100\mesu_thomas_text_only.json,mesu_register_v0_3_nulls100,,,,mesu,unknown,unknown,,,,,,,,,grapheme_class,1002,,,hyphen_boundary,Positions classified as hyphen_boundary in the grapheme-class stream.,0,zeta_spectral_coherence,markov_1,0.0,0.0,0.0,0.0,0.0,1.0,,"{""name"": ""zeta_spectral_coherence"", ""null_model"": ""markov_1"", ""observed"": 0, ""null_mean"": 0, ""null_std"": 0, ""z_score"": 0, ""empirical_p"": 1, ""null_samples"": 100}"
C:\github\5hr-conlang\riemann_analysis\rrlang\outputs\mesu_register_v0_3_nulls100\mesu_thomas_text_only.json,mesu_register_v0_3_nulls100,,,,mesu,unknown,unknown,,,,,,,,,grapheme_class,1002,,,hyphen_boundary,Positions classified as hyphen_boundary in the grapheme-class stream.,0,critical_line_symmetry,markov_1,1.0,1.0,0.0,0.0,0.0,1.0,,"{""name"": ""critical_line_symmetry"", ""null_model"": ""markov_1"", ""observed"": 1, ""null_mean"": 1, ""null_std"": 0, ""z_score"": 0, ""empirical_p"": 1, ""null_samples"": 100}"
C:\github\5hr-conlang\riemann_analysis\rrlang\outputs\mesu_register_v0_3_nulls100\mesu_thomas_text_only.json,mesu_register_v0_3_nulls100,,,,mesu,unknown,unknown,,,,,,,,,grapheme_class,1002,,,hyphen_boundary,Positions classified as hyphen_boundary in the grapheme-class stream.,0,gap_entropy,markov_2,0.0,0.0,0.0,0.0,0.0,1.0,False,"{""name"": ""gap_entropy"", ""null_model"": ""markov_2"", ""observed"": 0, ""null_mean"": 0, ""null_std"": 0, ""z_score"": 0, ""empirical_p"": 1, ""null_samples"": 100}"
C:\github\5hr-conlang\riemann_analysis\rrlang\outputs\mesu_register_v0_3_nulls100\mesu_thomas_text_only.json,mesu_register_v0_3_nulls100,,,,mesu,unknown,unknown,,,,,,,,,grapheme_class,1002,,,hyphen_boundary,Positions classified as hyphen_boundary in the grapheme-class stream.,0,run_entropy,markov_2,0.0,0.0,0.0,0.0,0.0,1.0,False,"{""name"": ""run_entropy"", ""null_model"": ""markov_2"", ""observed"": 0, ""null_mean"": 0, ""null_std"": 0, ""z_score"": 0, ""empirical_p"": 1, ""null_samples"": 100}"
C:\github\5hr-conlang\riemann_analysis\rrlang\outputs\mesu_register_v0_3_nulls100\mesu_thomas_text_only.json,mesu_register_v0_3_nulls100,,,,mesu,unknown,unknown,,,,,,,,,grapheme_class,1002,,,hyphen_boundary,Positions classified as hyphen_boundary in the grapheme-class stream.,0,prime_index_occupancy_bias,markov_2,0.0,0.0,0.0,0.0,0.0,1.0,False,"{""name"": ""prime_index_occupancy_bias"", ""null_model"": ""markov_2"", ""observed"": 0, ""null_mean"": 0, ""null_std"": 0, ""z_score"": 0, ""empirical_p"": 1, ""null_samples"": 100}"
C:\github\5hr-conlang\riemann_analysis\rrlang\outputs\mesu_register_v0_3_nulls100\mesu_thomas_text_only.json,mesu_register_v0_3_nulls100,,,,mesu,unknown,unknown,,,,,,,,,grapheme_class,1002,,,hyphen_boundary,Positions classified as hyphen_boundary in the grapheme-class stream.,0,prime_gap_affinity,markov_2,0.0,0.0,0.0,0.0,0.0,1.0,False,"{""name"": ""prime_gap_affinity"", ""null_model"": ""markov_2"", ""observed"": 0, ""null_mean"": 0, ""null_std"": 0, ""z_score"": 0, ""empirical_p"": 1, ""null_samples"": 100}"
C:\github\5hr-conlang\riemann_analysis\rrlang\outputs\mesu_register_v0_3_nulls100\mesu_thomas_text_only.json,mesu_register_v0_3_nulls100,,,,mesu,unknown,unknown,,,,,,,,,grapheme_class,1002,,,hyphen_boundary,Positions classified as hyphen_boundary in the grapheme-class stream.,0,zeta_spectral_coherence,markov_2,0.0,0.0,0.0,0.0,0.0,1.0,False,"{""name"": ""zeta_spectral_coherence"", ""null_model"": ""markov_2"", ""observed"": 0, ""null_mean"": 0, ""null_std"": 0, ""z_score"": 0, ""empirical_p"": 1, ""null_samples"": 100}"
C:\github\5hr-conlang\riemann_analysis\rrlang\outputs\mesu_register_v0_3_nulls100\mesu_thomas_text_only.json,mesu_register_v0_3_nulls100,,,,mesu,unknown,unknown,,,,,,,,,grapheme_class,1002,,,hyphen_boundary,Positions classified as hyphen_boundary in the grapheme-class stream.,0,critical_line_symmetry,markov_2,1.0,1.0,0.0,0.0,0.0,1.0,False,"{""name"": ""critical_line_symmetry"", ""null_model"": ""markov_2"", ""observed"": 1, ""null_mean"": 1, ""null_std"": 0, ""z_score"": 0, ""empirical_p"": 1, ""null_samples"": 100}"
C:\github\5hr-conlang\riemann_analysis\rrlang\outputs\mesu_register_v0_3_nulls100\mesu_thomas_text_only.json,mesu_register_v0_3_nulls100,,,,mesu,unknown,unknown,,,,,,,,,grapheme_class,1002,,,other,Positions classified as other in the grapheme-class stream.,0,event_density,observed_only,0.0,,,,,,,"{""name"": ""event_density"", ""value"": 0, ""details"": ""count(event=true) / sequence_length""}"
C:\github\5hr-conlang\riemann_analysis\rrlang\outputs\mesu_register_v0_3_nulls100\mesu_thomas_text_only.json,mesu_register_v0_3_nulls100,,,,mesu,unknown,unknown,,,,,,,,,grapheme_class,1002,,,other,Positions classified as other in the grapheme-class stream.,0,event_count,observed_only,0.0,,,,,,,"{""name"": ""event_count"", ""value"": 0, ""details"": ""Number of true positions in the event map.""}"
C:\github\5hr-conlang\riemann_analysis\rrlang\outputs\mesu_register_v0_3_nulls100\mesu_thomas_text_only.json,mesu_register_v0_3_nulls100,,,,mesu,unknown,unknown,,,,,,,,,grapheme_class,1002,,,other,Positions classified as other in the grapheme-class stream.,0,sequence_length,observed_only,1002.0,,,,,,,"{""name"": ""sequence_length"", ""value"": 1002, ""details"": ""Number of positions in the event map.""}"
C:\github\5hr-conlang\riemann_analysis\rrlang\outputs\mesu_register_v0_3_nulls100\mesu_thomas_text_only.json,mesu_register_v0_3_nulls100,,,,mesu,unknown,unknown,,,,,,,,,grapheme_class,1002,,,other,Positions classified as other in the grapheme-class stream.,0,modular_residue_peak_m_2,observed_only,0.0,,,,,,,"{""name"": ""modular_residue_peak_m_2"", ""value"": 0, ""details"": ""Largest event-position residue fraction modulo 2.""}"
C:\github\5hr-conlang\riemann_analysis\rrlang\outputs\mesu_register_v0_3_nulls100\mesu_thomas_text_only.json,mesu_register_v0_3_nulls100,,,,mesu,unknown,unknown,,,,,,,,,grapheme_class,1002,,,other,Positions classified as other in the grapheme-class stream.,0,modular_residue_peak_m_3,observed_only,0.0,,,,,,,"{""name"": ""modular_residue_peak_m_3"", ""value"": 0, ""details"": ""Largest event-position residue fraction modulo 3.""}"
C:\github\5hr-conlang\riemann_analysis\rrlang\outputs\mesu_register_v0_3_nulls100\mesu_thomas_text_only.json,mesu_register_v0_3_nulls100,,,,mesu,unknown,unknown,,,,,,,,,grapheme_class,1002,,,other,Positions classified as other in the grapheme-class stream.,0,modular_residue_peak_m_5,observed_only,0.0,,,,,,,"{""name"": ""modular_residue_peak_m_5"", ""value"": 0, ""details"": ""Largest event-position residue fraction modulo 5.""}"
C:\github\5hr-conlang\riemann_analysis\rrlang\outputs\mesu_register_v0_3_nulls100\mesu_thomas_text_only.json,mesu_register_v0_3_nulls100,,,,mesu,unknown,unknown,,,,,,,,,grapheme_class,1002,,,other,Positions classified as other in the grapheme-class stream.,0,modular_residue_peak_m_7,observed_only,0.0,,,,,,,"{""name"": ""modular_residue_peak_m_7"", ""value"": 0, ""details"": ""Largest event-position residue fraction modulo 7.""}"
C:\github\5hr-conlang\riemann_analysis\rrlang\outputs\mesu_register_v0_3_nulls100\mesu_thomas_text_only.json,mesu_register_v0_3_nulls100,,,,mesu,unknown,unknown,,,,,,,,,grapheme_class,1002,,,other,Positions classified as other in the grapheme-class stream.,0,gap_entropy,density_shuffle,0.0,0.0,0.0,0.0,0.0,1.0,,"{""name"": ""gap_entropy"", ""null_model"": ""density_shuffle"", ""observed"": 0, ""null_mean"": 0, ""null_std"": 0, ""z_score"": 0, ""empirical_p"": 1, ""null_samples"": 100}"
C:\github\5hr-conlang\riemann_analysis\rrlang\outputs\mesu_register_v0_3_nulls100\mesu_thomas_text_only.json,mesu_register_v0_3_nulls100,,,,mesu,unknown,unknown,,,,,,,,,grapheme_class,1002,,,other,Positions classified as other in the grapheme-class stream.,0,run_entropy,density_shuffle,0.0,0.0,0.0,0.0,0.0,1.0,,"{""name"": ""run_entropy"", ""null_model"": ""density_shuffle"", ""observed"": 0, ""null_mean"": 0, ""null_std"": 0, ""z_score"": 0, ""empirical_p"": 1, ""null_samples"": 100}"
C:\github\5hr-conlang\riemann_analysis\rrlang\outputs\mesu_register_v0_3_nulls100\mesu_thomas_text_only.json,mesu_register_v0_3_nulls100,,,,mesu,unknown,unknown,,,,,,,,,grapheme_class,1002,,,other,Positions classified as other in the grapheme-class stream.,0,prime_index_occupancy_bias,density_shuffle,0.0,0.0,0.0,0.0,0.0,1.0,,"{""name"": ""prime_index_occupancy_bias"", ""null_model"": ""density_shuffle"", ""observed"": 0, ""null_mean"": 0, ""null_std"": 0, ""z_score"": 0, ""empirical_p"": 1, ""null_samples"": 100}"
C:\github\5hr-conlang\riemann_analysis\rrlang\outputs\mesu_register_v0_3_nulls100\mesu_thomas_text_only.json,mesu_register_v0_3_nulls100,,,,mesu,unknown,unknown,,,,,,,,,grapheme_class,1002,,,other,Positions classified as other in the grapheme-class stream.,0,prime_gap_affinity,density_shuffle,0.0,0.0,0.0,0.0,0.0,1.0,,"{""name"": ""prime_gap_affinity"", ""null_model"": ""density_shuffle"", ""observed"": 0, ""null_mean"": 0, ""null_std"": 0, ""z_score"": 0, ""empirical_p"": 1, ""null_samples"": 100}"
C:\github\5hr-conlang\riemann_analysis\rrlang\outputs\mesu_register_v0_3_nulls100\mesu_thomas_text_only.json,mesu_register_v0_3_nulls100,,,,mesu,unknown,unknown,,,,,,,,,grapheme_class,1002,,,other,Positions classified as other in the grapheme-class stream.,0,zeta_spectral_coherence,density_shuffle,0.0,0.0,0.0,0.0,0.0,1.0,,"{""name"": ""zeta_spectral_coherence"", ""null_model"": ""density_shuffle"", ""observed"": 0, ""null_mean"": 0, ""null_std"": 0, ""z_score"": 0, ""empirical_p"": 1, ""null_samples"": 100}"
C:\github\5hr-conlang\riemann_analysis\rrlang\outputs\mesu_register_v0_3_nulls100\mesu_thomas_text_only.json,mesu_register_v0_3_nulls100,,,,mesu,unknown,unknown,,,,,,,,,grapheme_class,1002,,,other,Positions classified as other in the grapheme-class stream.,0,critical_line_symmetry,density_shuffle,1.0,1.0,0.0,0.0,0.0,1.0,,"{""name"": ""critical_line_symmetry"", ""null_model"": ""density_shuffle"", ""observed"": 1, ""null_mean"": 1, ""null_std"": 0, ""z_score"": 0, ""empirical_p"": 1, ""null_samples"": 100}"
C:\github\5hr-conlang\riemann_analysis\rrlang\outputs\mesu_register_v0_3_nulls100\mesu_thomas_text_only.json,mesu_register_v0_3_nulls100,,,,mesu,unknown,unknown,,,,,,,,,grapheme_class,1002,,,other,Positions classified as other in the grapheme-class stream.,0,gap_entropy,markov_1,0.0,0.0,0.0,0.0,0.0,1.0,,"{""name"": ""gap_entropy"", ""null_model"": ""markov_1"", ""observed"": 0, ""null_mean"": 0, ""null_std"": 0, ""z_score"": 0, ""empirical_p"": 1, ""null_samples"": 100}"
C:\github\5hr-conlang\riemann_analysis\rrlang\outputs\mesu_register_v0_3_nulls100\mesu_thomas_text_only.json,mesu_register_v0_3_nulls100,,,,mesu,unknown,unknown,,,,,,,,,grapheme_class,1002,,,other,Positions classified as other in the grapheme-class stream.,0,run_entropy,markov_1,0.0,0.0,0.0,0.0,0.0,1.0,,"{""name"": ""run_entropy"", ""null_model"": ""markov_1"", ""observed"": 0, ""null_mean"": 0, ""null_std"": 0, ""z_score"": 0, ""empirical_p"": 1, ""null_samples"": 100}"
C:\github\5hr-conlang\riemann_analysis\rrlang\outputs\mesu_register_v0_3_nulls100\mesu_thomas_text_only.json,mesu_register_v0_3_nulls100,,,,mesu,unknown,unknown,,,,,,,,,grapheme_class,1002,,,other,Positions classified as other in the grapheme-class stream.,0,prime_index_occupancy_bias,markov_1,0.0,0.0,0.0,0.0,0.0,1.0,,"{""name"": ""prime_index_occupancy_bias"", ""null_model"": ""markov_1"", ""observed"": 0, ""null_mean"": 0, ""null_std"": 0, ""z_score"": 0, ""empirical_p"": 1, ""null_samples"": 100}"
C:\github\5hr-conlang\riemann_analysis\rrlang\outputs\mesu_register_v0_3_nulls100\mesu_thomas_text_only.json,mesu_register_v0_3_nulls100,,,,mesu,unknown,unknown,,,,,,,,,grapheme_class,1002,,,other,Positions classified as other in the grapheme-class stream.,0,prime_gap_affinity,markov_1,0.0,0.0,0.0,0.0,0.0,1.0,,"{""name"": ""prime_gap_affinity"", ""null_model"": ""markov_1"", ""observed"": 0, ""null_mean"": 0, ""null_std"": 0, ""z_score"": 0, ""empirical_p"": 1, ""null_samples"": 100}"
C:\github\5hr-conlang\riemann_analysis\rrlang\outputs\mesu_register_v0_3_nulls100\mesu_thomas_text_only.json,mesu_register_v0_3_nulls100,,,,mesu,unknown,unknown,,,,,,,,,grapheme_class,1002,,,other,Positions classified as other in the grapheme-class stream.,0,zeta_spectral_coherence,markov_1,0.0,0.0,0.0,0.0,0.0,1.0,,"{""name"": ""zeta_spectral_coherence"", ""null_model"": ""markov_1"", ""observed"": 0, ""null_mean"": 0, ""null_std"": 0, ""z_score"": 0, ""empirical_p"": 1, ""null_samples"": 100}"
C:\github\5hr-conlang\riemann_analysis\rrlang\outputs\mesu_register_v0_3_nulls100\mesu_thomas_text_only.json,mesu_register_v0_3_nulls100,,,,mesu,unknown,unknown,,,,,,,,,grapheme_class,1002,,,other,Positions classified as other in the grapheme-class stream.,0,critical_line_symmetry,markov_1,1.0,1.0,0.0,0.0,0.0,1.0,,"{""name"": ""critical_line_symmetry"", ""null_model"": ""markov_1"", ""observed"": 1, ""null_mean"": 1, ""null_std"": 0, ""z_score"": 0, ""empirical_p"": 1, ""null_samples"": 100}"
C:\github\5hr-conlang\riemann_analysis\rrlang\outputs\mesu_register_v0_3_nulls100\mesu_thomas_text_only.json,mesu_register_v0_3_nulls100,,,,mesu,unknown,unknown,,,,,,,,,grapheme_class,1002,,,other,Positions classified as other in the grapheme-class stream.,0,gap_entropy,markov_2,0.0,0.0,0.0,0.0,0.0,1.0,False,"{""name"": ""gap_entropy"", ""null_model"": ""markov_2"", ""observed"": 0, ""null_mean"": 0, ""null_std"": 0, ""z_score"": 0, ""empirical_p"": 1, ""null_samples"": 100}"
C:\github\5hr-conlang\riemann_analysis\rrlang\outputs\mesu_register_v0_3_nulls100\mesu_thomas_text_only.json,mesu_register_v0_3_nulls100,,,,mesu,unknown,unknown,,,,,,,,,grapheme_class,1002,,,other,Positions classified as other in the grapheme-class stream.,0,run_entropy,markov_2,0.0,0.0,0.0,0.0,0.0,1.0,False,"{""name"": ""run_entropy"", ""null_model"": ""markov_2"", ""observed"": 0, ""null_mean"": 0, ""null_std"": 0, ""z_score"": 0, ""empirical_p"": 1, ""null_samples"": 100}"
C:\github\5hr-conlang\riemann_analysis\rrlang\outputs\mesu_register_v0_3_nulls100\mesu_thomas_text_only.json,mesu_register_v0_3_nulls100,,,,mesu,unknown,unknown,,,,,,,,,grapheme_class,1002,,,other,Positions classified as other in the grapheme-class stream.,0,prime_index_occupancy_bias,markov_2,0.0,0.0,0.0,0.0,0.0,1.0,False,"{""name"": ""prime_index_occupancy_bias"", ""null_model"": ""markov_2"", ""observed"": 0, ""null_mean"": 0, ""null_std"": 0, ""z_score"": 0, ""empirical_p"": 1, ""null_samples"": 100}"
C:\github\5hr-conlang\riemann_analysis\rrlang\outputs\mesu_register_v0_3_nulls100\mesu_thomas_text_only.json,mesu_register_v0_3_nulls100,,,,mesu,unknown,unknown,,,,,,,,,grapheme_class,1002,,,other,Positions classified as other in the grapheme-class stream.,0,prime_gap_affinity,markov_2,0.0,0.0,0.0,0.0,0.0,1.0,False,"{""name"": ""prime_gap_affinity"", ""null_model"": ""markov_2"", ""observed"": 0, ""null_mean"": 0, ""null_std"": 0, ""z_score"": 0, ""empirical_p"": 1, ""null_samples"": 100}"
C:\github\5hr-conlang\riemann_analysis\rrlang\outputs\mesu_register_v0_3_nulls100\mesu_thomas_text_only.json,mesu_register_v0_3_nulls100,,,,mesu,unknown,unknown,,,,,,,,,grapheme_class,1002,,,other,Positions classified as other in the grapheme-class stream.,0,zeta_spectral_coherence,markov_2,0.0,0.0,0.0,0.0,0.0,1.0,False,"{""name"": ""zeta_spectral_coherence"", ""null_model"": ""markov_2"", ""observed"": 0, ""null_mean"": 0, ""null_std"": 0, ""z_score"": 0, ""empirical_p"": 1, ""null_samples"": 100}"
C:\github\5hr-conlang\riemann_analysis\rrlang\outputs\mesu_register_v0_3_nulls100\mesu_thomas_text_only.json,mesu_register_v0_3_nulls100,,,,mesu,unknown,unknown,,,,,,,,,grapheme_class,1002,,,other,Positions classified as other in the grapheme-class stream.,0,critical_line_symmetry,markov_2,1.0,1.0,0.0,0.0,0.0,1.0,False,"{""name"": ""critical_line_symmetry"", ""null_model"": ""markov_2"", ""observed"": 1, ""null_mean"": 1, ""null_std"": 0, ""z_score"": 0, ""empirical_p"": 1, ""null_samples"": 100}"
C:\github\5hr-conlang\riemann_analysis\rrlang\outputs\mesu_register_v0_3_nulls100\mesu_thomas_text_only.json,mesu_register_v0_3_nulls100,,,,mesu,unknown,unknown,,,,,,,,,word_boundary,1002,,,word_boundary,Positions marked as word boundaries after declared whitespace preprocessing.,213,event_density,observed_only,0.212574850299,,,,,,,"{""name"": ""event_density"", ""value"": 0.212574850299, ""details"": ""count(event=true) / sequence_length""}"
C:\github\5hr-conlang\riemann_analysis\rrlang\outputs\mesu_register_v0_3_nulls100\mesu_thomas_text_only.json,mesu_register_v0_3_nulls100,,,,mesu,unknown,unknown,,,,,,,,,word_boundary,1002,,,word_boundary,Positions marked as word boundaries after declared whitespace preprocessing.,213,event_count,observed_only,213.0,,,,,,,"{""name"": ""event_count"", ""value"": 213, ""details"": ""Number of true positions in the event map.""}"
C:\github\5hr-conlang\riemann_analysis\rrlang\outputs\mesu_register_v0_3_nulls100\mesu_thomas_text_only.json,mesu_register_v0_3_nulls100,,,,mesu,unknown,unknown,,,,,,,,,word_boundary,1002,,,word_boundary,Positions marked as word boundaries after declared whitespace preprocessing.,213,sequence_length,observed_only,1002.0,,,,,,,"{""name"": ""sequence_length"", ""value"": 1002, ""details"": ""Number of positions in the event map.""}"
C:\github\5hr-conlang\riemann_analysis\rrlang\outputs\mesu_register_v0_3_nulls100\mesu_thomas_text_only.json,mesu_register_v0_3_nulls100,,,,mesu,unknown,unknown,,,,,,,,,word_boundary,1002,,,word_boundary,Positions marked as word boundaries after declared whitespace preprocessing.,213,modular_residue_peak_m_2,observed_only,0.530516431925,,,,,,,"{""name"": ""modular_residue_peak_m_2"", ""value"": 0.530516431925, ""details"": ""Largest event-position residue fraction modulo 2.""}"
C:\github\5hr-conlang\riemann_analysis\rrlang\outputs\mesu_register_v0_3_nulls100\mesu_thomas_text_only.json,mesu_register_v0_3_nulls100,,,,mesu,unknown,unknown,,,,,,,,,word_boundary,1002,,,word_boundary,Positions marked as word boundaries after declared whitespace preprocessing.,213,modular_residue_peak_m_3,observed_only,0.347417840376,,,,,,,"{""name"": ""modular_residue_peak_m_3"", ""value"": 0.347417840376, ""details"": ""Largest event-position residue fraction modulo 3.""}"
C:\github\5hr-conlang\riemann_analysis\rrlang\outputs\mesu_register_v0_3_nulls100\mesu_thomas_text_only.json,mesu_register_v0_3_nulls100,,,,mesu,unknown,unknown,,,,,,,,,word_boundary,1002,,,word_boundary,Positions marked as word boundaries after declared whitespace preprocessing.,213,modular_residue_peak_m_5,observed_only,0.215962441315,,,,,,,"{""name"": ""modular_residue_peak_m_5"", ""value"": 0.215962441315, ""details"": ""Largest event-position residue fraction modulo 5.""}"
C:\github\5hr-conlang\riemann_analysis\rrlang\outputs\mesu_register_v0_3_nulls100\mesu_thomas_text_only.json,mesu_register_v0_3_nulls100,,,,mesu,unknown,unknown,,,,,,,,,word_boundary,1002,,,word_boundary,Positions marked as word boundaries after declared whitespace preprocessing.,213,modular_residue_peak_m_7,observed_only,0.197183098592,,,,,,,"{""name"": ""modular_residue_peak_m_7"", ""value"": 0.197183098592, ""details"": ""Largest event-position residue fraction modulo 7.""}"
C:\github\5hr-conlang\riemann_analysis\rrlang\outputs\mesu_register_v0_3_nulls100\mesu_thomas_text_only.json,mesu_register_v0_3_nulls100,,,,mesu,unknown,unknown,,,,,,,,,word_boundary,1002,,,word_boundary,Positions marked as word boundaries after declared whitespace preprocessing.,213,gap_entropy,density_shuffle,2.782193022526,3.417826296971,0.024133290256,-26.338442363121,26.338442363121,0.009900990099,,"{""name"": ""gap_entropy"", ""null_model"": ""density_shuffle"", ""observed"": 2.782193022526, ""null_mean"": 3.417826296971, ""null_std"": 0.024133290256, ""z_score"": -26.338442363121, ""empirical_p"": 0.009900990099, ""null_samples"": 100}"
C:\github\5hr-conlang\riemann_analysis\rrlang\outputs\mesu_register_v0_3_nulls100\mesu_thomas_text_only.json,mesu_register_v0_3_nulls100,,,,mesu,unknown,unknown,,,,,,,,,word_boundary,1002,,,word_boundary,Positions marked as word boundaries after declared whitespace preprocessing.,213,run_entropy,density_shuffle,2.047510009467,2.550633235347,0.072512081325,-6.938474481605,6.938474481605,0.009900990099,,"{""name"": ""run_entropy"", ""null_model"": ""density_shuffle"", ""observed"": 2.047510009467, ""null_mean"": 2.550633235347, ""null_std"": 0.072512081325, ""z_score"": -6.938474481605, ""empirical_p"": 0.009900990099, ""null_samples"": 100}"
C:\github\5hr-conlang\riemann_analysis\rrlang\outputs\mesu_register_v0_3_nulls100\mesu_thomas_text_only.json,mesu_register_v0_3_nulls100,,,,mesu,unknown,unknown,,,,,,,,,word_boundary,1002,,,word_boundary,Positions marked as word boundaries after declared whitespace preprocessing.,213,prime_index_occupancy_bias,density_shuffle,0.001800720288,0.000228591437,0.032362859867,0.048578180606,0.048578180606,1.0,,"{""name"": ""prime_index_occupancy_bias"", ""null_model"": ""density_shuffle"", ""observed"": 0.001800720288, ""null_mean"": 0.000228591437, ""null_std"": 0.032362859867, ""z_score"": 0.048578180606, ""empirical_p"": 1, ""null_samples"": 100}"
C:\github\5hr-conlang\riemann_analysis\rrlang\outputs\mesu_register_v0_3_nulls100\mesu_thomas_text_only.json,mesu_register_v0_3_nulls100,,,,mesu,unknown,unknown,,,,,,,,,word_boundary,1002,,,word_boundary,Positions marked as word boundaries after declared whitespace preprocessing.,213,prime_gap_affinity,density_shuffle,0.63679245283,0.469716981132,0.033643790873,4.96601207424,4.96601207424,0.009900990099,,"{""name"": ""prime_gap_affinity"", ""null_model"": ""density_shuffle"", ""observed"": 0.63679245283, ""null_mean"": 0.469716981132, ""null_std"": 0.033643790873, ""z_score"": 4.96601207424, ""empirical_p"": 0.009900990099, ""null_samples"": 100}"
C:\github\5hr-conlang\riemann_analysis\rrlang\outputs\mesu_register_v0_3_nulls100\mesu_thomas_text_only.json,mesu_register_v0_3_nulls100,,,,mesu,unknown,unknown,,,,,,,,,word_boundary,1002,,,word_boundary,Positions marked as word boundaries after declared whitespace preprocessing.,213,zeta_spectral_coherence,density_shuffle,0.001114286261,0.001176619449,0.000426873132,-0.146022749216,0.146022749216,0.841584158416,,"{""name"": ""zeta_spectral_coherence"", ""null_model"": ""density_shuffle"", ""observed"": 0.001114286261, ""null_mean"": 0.001176619449, ""null_std"": 0.000426873132, ""z_score"": -0.146022749216, ""empirical_p"": 0.841584158416, ""null_samples"": 100}"
C:\github\5hr-conlang\riemann_analysis\rrlang\outputs\mesu_register_v0_3_nulls100\mesu_thomas_text_only.json,mesu_register_v0_3_nulls100,,,,mesu,unknown,unknown,,,,,,,,,word_boundary,1002,,,word_boundary,Positions marked as word boundaries after declared whitespace preprocessing.,213,critical_line_symmetry,density_shuffle,0.874530674156,0.826344744161,0.045407868039,1.061180189157,1.061180189157,0.287128712871,,"{""name"": ""critical_line_symmetry"", ""null_model"": ""density_shuffle"", ""observed"": 0.874530674156, ""null_mean"": 0.826344744161, ""null_std"": 0.045407868039, ""z_score"": 1.061180189157, ""empirical_p"": 0.287128712871, ""null_samples"": 100}"
C:\github\5hr-conlang\riemann_analysis\rrlang\outputs\mesu_register_v0_3_nulls100\mesu_thomas_text_only.json,mesu_register_v0_3_nulls100,,,,mesu,unknown,unknown,,,,,,,,,word_boundary,1002,,,word_boundary,Positions marked as word boundaries after declared whitespace preprocessing.,213,gap_entropy,markov_1,2.782193022526,3.038619953183,0.101929808626,-2.515720711283,2.515720711283,0.019801980198,,"{""name"": ""gap_entropy"", ""null_model"": ""markov_1"", ""observed"": 2.782193022526, ""null_mean"": 3.038619953183, ""null_std"": 0.101929808626, ""z_score"": -2.515720711283, ""empirical_p"": 0.019801980198, ""null_samples"": 100}"
C:\github\5hr-conlang\riemann_analysis\rrlang\outputs\mesu_register_v0_3_nulls100\mesu_thomas_text_only.json,mesu_register_v0_3_nulls100,,,,mesu,unknown,unknown,,,,,,,,,word_boundary,1002,,,word_boundary,Positions marked as word boundaries after declared whitespace preprocessing.,213,run_entropy,markov_1,2.047510009467,2.050793396714,0.072746138565,-0.045134866418,0.045134866418,0.980198019802,,"{""name"": ""run_entropy"", ""null_model"": ""markov_1"", ""observed"": 2.047510009467, ""null_mean"": 2.050793396714, ""null_std"": 0.072746138565, ""z_score"": -0.045134866418, ""empirical_p"": 0.980198019802, ""null_samples"": 100}"
C:\github\5hr-conlang\riemann_analysis\rrlang\outputs\mesu_register_v0_3_nulls100\mesu_thomas_text_only.json,mesu_register_v0_3_nulls100,,,,mesu,unknown,unknown,,,,,,,,,word_boundary,1002,,,word_boundary,Positions marked as word boundaries after declared whitespace preprocessing.,213,prime_index_occupancy_bias,markov_1,0.001800720288,0.000450180072,0.032874484569,0.041081715311,0.041081715311,0.980198019802,,"{""name"": ""prime_index_occupancy_bias"", ""null_model"": ""markov_1"", ""observed"": 0.001800720288, ""null_mean"": 0.000450180072, ""null_std"": 0.032874484569, ""z_score"": 0.041081715311, ""empirical_p"": 0.980198019802, ""null_samples"": 100}"
C:\github\5hr-conlang\riemann_analysis\rrlang\outputs\mesu_register_v0_3_nulls100\mesu_thomas_text_only.json,mesu_register_v0_3_nulls100,,,,mesu,unknown,unknown,,,,,,,,,word_boundary,1002,,,word_boundary,Positions marked as word boundaries after declared whitespace preprocessing.,213,prime_gap_affinity,markov_1,0.63679245283,0.655154826826,0.030523849473,-0.601574647803,0.601574647803,0.564356435644,,"{""name"": ""prime_gap_affinity"", ""null_model"": ""markov_1"", ""observed"": 0.63679245283, ""null_mean"": 0.655154826826, ""null_std"": 0.030523849473, ""z_score"": -0.601574647803, ""empirical_p"": 0.564356435644, ""null_samples"": 100}"
C:\github\5hr-conlang\riemann_analysis\rrlang\outputs\mesu_register_v0_3_nulls100\mesu_thomas_text_only.json,mesu_register_v0_3_nulls100,,,,mesu,unknown,unknown,,,,,,,,,word_boundary,1002,,,word_boundary,Positions marked as word boundaries after declared whitespace preprocessing.,213,zeta_spectral_coherence,markov_1,0.001114286261,0.000929166876,0.000444740225,0.416241604354,0.416241604354,0.70297029703,,"{""name"": ""zeta_spectral_coherence"", ""null_model"": ""markov_1"", ""observed"": 0.001114286261, ""null_mean"": 0.000929166876, ""null_std"": 0.000444740225, ""z_score"": 0.416241604354, ""empirical_p"": 0.70297029703, ""null_samples"": 100}"
C:\github\5hr-conlang\riemann_analysis\rrlang\outputs\mesu_register_v0_3_nulls100\mesu_thomas_text_only.json,mesu_register_v0_3_nulls100,,,,mesu,unknown,unknown,,,,,,,,,word_boundary,1002,,,word_boundary,Positions marked as word boundaries after declared whitespace preprocessing.,213,critical_line_symmetry,markov_1,0.874530674156,0.838298303534,0.046655446384,0.776594662143,0.776594662143,0.455445544554,,"{""name"": ""critical_line_symmetry"", ""null_model"": ""markov_1"", ""observed"": 0.874530674156, ""null_mean"": 0.838298303534, ""null_std"": 0.046655446384, ""z_score"": 0.776594662143, ""empirical_p"": 0.455445544554, ""null_samples"": 100}"
C:\github\5hr-conlang\riemann_analysis\rrlang\outputs\mesu_register_v0_3_nulls100\mesu_thomas_text_only.json,mesu_register_v0_3_nulls100,,,,mesu,unknown,unknown,,,,,,,,,word_boundary,1002,,,word_boundary,Positions marked as word boundaries after declared whitespace preprocessing.,213,gap_entropy,markov_2,2.782193022526,2.987635819655,0.086384699043,-2.378231323435,2.378231323435,0.019801980198,False,"{""name"": ""gap_entropy"", ""null_model"": ""markov_2"", ""observed"": 2.782193022526, ""null_mean"": 2.987635819655, ""null_std"": 0.086384699043, ""z_score"": -2.378231323435, ""empirical_p"": 0.019801980198, ""null_samples"": 100}"
C:\github\5hr-conlang\riemann_analysis\rrlang\outputs\mesu_register_v0_3_nulls100\mesu_thomas_text_only.json,mesu_register_v0_3_nulls100,,,,mesu,unknown,unknown,,,,,,,,,word_boundary,1002,,,word_boundary,Positions marked as word boundaries after declared whitespace preprocessing.,213,run_entropy,markov_2,2.047510009467,2.154981835808,0.059494250512,-1.80642373703,1.80642373703,0.108910891089,False,"{""name"": ""run_entropy"", ""null_model"": ""markov_2"", ""observed"": 2.047510009467, ""null_mean"": 2.154981835808, ""null_std"": 0.059494250512, ""z_score"": -1.80642373703, ""empirical_p"": 0.108910891089, ""null_samples"": 100}"
C:\github\5hr-conlang\riemann_analysis\rrlang\outputs\mesu_register_v0_3_nulls100\mesu_thomas_text_only.json,mesu_register_v0_3_nulls100,,,,mesu,unknown,unknown,,,,,,,,,word_boundary,1002,,,word_boundary,Positions marked as word boundaries after declared whitespace preprocessing.,213,prime_index_occupancy_bias,markov_2,0.001800720288,0.002766106443,0.036776186729,-0.026250305982,0.026250305982,0.960396039604,False,"{""name"": ""prime_index_occupancy_bias"", ""null_model"": ""markov_2"", ""observed"": 0.001800720288, ""null_mean"": 0.002766106443, ""null_std"": 0.036776186729, ""z_score"": -0.026250305982, ""empirical_p"": 0.960396039604, ""null_samples"": 100}"
C:\github\5hr-conlang\riemann_analysis\rrlang\outputs\mesu_register_v0_3_nulls100\mesu_thomas_text_only.json,mesu_register_v0_3_nulls100,,,,mesu,unknown,unknown,,,,,,,,,word_boundary,1002,,,word_boundary,Positions marked as word boundaries after declared whitespace preprocessing.,213,prime_gap_affinity,markov_2,0.63679245283,0.631315624889,0.033264449257,0.16464508096,0.16464508096,0.891089108911,False,"{""name"": ""prime_gap_affinity"", ""null_model"": ""markov_2"", ""observed"": 0.63679245283, ""null_mean"": 0.631315624889, ""null_std"": 0.033264449257, ""z_score"": 0.16464508096, ""empirical_p"": 0.891089108911, ""null_samples"": 100}"
C:\github\5hr-conlang\riemann_analysis\rrlang\outputs\mesu_register_v0_3_nulls100\mesu_thomas_text_only.json,mesu_register_v0_3_nulls100,,,,mesu,unknown,unknown,,,,,,,,,word_boundary,1002,,,word_boundary,Positions marked as word boundaries after declared whitespace preprocessing.,213,zeta_spectral_coherence,markov_2,0.001114286261,0.000789710786,0.000338151778,0.959851453694,0.959851453694,0.376237623762,False,"{""name"": ""zeta_spectral_coherence"", ""null_model"": ""markov_2"", ""observed"": 0.001114286261, ""null_mean"": 0.000789710786, ""null_std"": 0.000338151778, ""z_score"": 0.959851453694, ""empirical_p"": 0.376237623762, ""null_samples"": 100}"
C:\github\5hr-conlang\riemann_analysis\rrlang\outputs\mesu_register_v0_3_nulls100\mesu_thomas_text_only.json,mesu_register_v0_3_nulls100,,,,mesu,unknown,unknown,,,,,,,,,word_boundary,1002,,,word_boundary,Positions marked as word boundaries after declared whitespace preprocessing.,213,critical_line_symmetry,markov_2,0.874530674156,0.854507589352,0.04833334088,0.414270655391,0.414270655391,0.722772277228,False,"{""name"": ""critical_line_symmetry"", ""null_model"": ""markov_2"", ""observed"": 0.874530674156, ""null_mean"": 0.854507589352, ""null_std"": 0.04833334088, ""z_score"": 0.414270655391, ""empirical_p"": 0.722772277228, ""null_samples"": 100}"
C:\github\5hr-conlang\riemann_analysis\rrlang\outputs\mesu_register_v0_3_nulls100\mesu_thomas_text_only.json,mesu_register_v0_3_nulls100,,,,mesu,unknown,unknown,,,,,,,,,word_boundary,1002,,,word_boundary,Positions marked as word boundaries after declared whitespace preprocessing.,213,gap_entropy,gap_order_shuffle,2.782193022526,2.782193022526,0.0,-1.090681491004,1.090681491004,0.554455445545,,"{""name"": ""gap_entropy"", ""null_model"": ""gap_order_shuffle"", ""observed"": 2.782193022526, ""null_mean"": 2.782193022526, ""null_std"": 0.0, ""z_score"": -1.090681491004, ""empirical_p"": 0.554455445545, ""null_samples"": 100}"
C:\github\5hr-conlang\riemann_analysis\rrlang\outputs\mesu_register_v0_3_nulls100\mesu_thomas_text_only.json,mesu_register_v0_3_nulls100,,,,mesu,unknown,unknown,,,,,,,,,word_boundary,1002,,,word_boundary,Positions marked as word boundaries after declared whitespace preprocessing.,213,run_entropy,gap_order_shuffle,2.047510009467,2.047510009467,0.0,-0.989505370941,0.989505370941,0.930693069307,,"{""name"": ""run_entropy"", ""null_model"": ""gap_order_shuffle"", ""observed"": 2.047510009467, ""null_mean"": 2.047510009467, ""null_std"": 0.0, ""z_score"": -0.989505370941, ""empirical_p"": 0.930693069307, ""null_samples"": 100}"
C:\github\5hr-conlang\riemann_analysis\rrlang\outputs\mesu_register_v0_3_nulls100\mesu_thomas_text_only.json,mesu_register_v0_3_nulls100,,,,mesu,unknown,unknown,,,,,,,,,word_boundary,1002,,,word_boundary,Positions marked as word boundaries after declared whitespace preprocessing.,213,prime_index_occupancy_bias,gap_order_shuffle,0.001800720288,0.006521608643,0.035947642662,-0.131326785449,0.131326785449,0.930693069307,,"{""name"": ""prime_index_occupancy_bias"", ""null_model"": ""gap_order_shuffle"", ""observed"": 0.001800720288, ""null_mean"": 0.006521608643, ""null_std"": 0.035947642662, ""z_score"": -0.131326785449, ""empirical_p"": 0.930693069307, ""null_samples"": 100}"
C:\github\5hr-conlang\riemann_analysis\rrlang\outputs\mesu_register_v0_3_nulls100\mesu_thomas_text_only.json,mesu_register_v0_3_nulls100,,,,mesu,unknown,unknown,,,,,,,,,word_boundary,1002,,,word_boundary,Positions marked as word boundaries after declared whitespace preprocessing.,213,prime_gap_affinity,gap_order_shuffle,0.63679245283,0.63679245283,0.0,0.994987437107,0.994987437107,1.0,,"{""name"": ""prime_gap_affinity"", ""null_model"": ""gap_order_shuffle"", ""observed"": 0.63679245283, ""null_mean"": 0.63679245283, ""null_std"": 0.0, ""z_score"": 0.994987437107, ""empirical_p"": 1, ""null_samples"": 100}"
C:\github\5hr-conlang\riemann_analysis\rrlang\outputs\mesu_register_v0_3_nulls100\mesu_thomas_text_only.json,mesu_register_v0_3_nulls100,,,,mesu,unknown,unknown,,,,,,,,,word_boundary,1002,,,word_boundary,Positions marked as word boundaries after declared whitespace preprocessing.,213,zeta_spectral_coherence,gap_order_shuffle,0.001114286261,0.000867874381,0.000231676676,1.063602451752,1.063602451752,0.306930693069,,"{""name"": ""zeta_spectral_coherence"", ""null_model"": ""gap_order_shuffle"", ""observed"": 0.001114286261, ""null_mean"": 0.000867874381, ""null_std"": 0.000231676676, ""z_score"": 1.063602451752, ""empirical_p"": 0.306930693069, ""null_samples"": 100}"
C:\github\5hr-conlang\riemann_analysis\rrlang\outputs\mesu_register_v0_3_nulls100\mesu_thomas_text_only.json,mesu_register_v0_3_nulls100,,,,mesu,unknown,unknown,,,,,,,,,word_boundary,1002,,,word_boundary,Positions marked as word boundaries after declared whitespace preprocessing.,213,critical_line_symmetry,gap_order_shuffle,0.874530674156,0.867945619962,0.034690720416,0.189821776975,0.189821776975,0.841584158416,,"{""name"": ""critical_line_symmetry"", ""null_model"": ""gap_order_shuffle"", ""observed"": 0.874530674156, ""null_mean"": 0.867945619962, ""null_std"": 0.034690720416, ""z_score"": 0.189821776975, ""empirical_p"": 0.841584158416, ""null_samples"": 100}"
C:\github\5hr-conlang\riemann_analysis\rrlang\outputs\mesu_register_v0_3_nulls100\mesu_thomas_text_only.json,mesu_register_v0_3_nulls100,,,,mesu,unknown,unknown,,,,,,,,,frequency_class,298,,,hapax,Token positions in frequency class hapax.,22,event_density,observed_only,0.073825503356,,,,,,,"{""name"": ""event_density"", ""value"": 0.073825503356, ""details"": ""count(event=true) / sequence_length""}"
C:\github\5hr-conlang\riemann_analysis\rrlang\outputs\mesu_register_v0_3_nulls100\mesu_thomas_text_only.json,mesu_register_v0_3_nulls100,,,,mesu,unknown,unknown,,,,,,,,,frequency_class,298,,,hapax,Token positions in frequency class hapax.,22,event_count,observed_only,22.0,,,,,,,"{""name"": ""event_count"", ""value"": 22, ""details"": ""Number of true positions in the event map.""}"
C:\github\5hr-conlang\riemann_analysis\rrlang\outputs\mesu_register_v0_3_nulls100\mesu_thomas_text_only.json,mesu_register_v0_3_nulls100,,,,mesu,unknown,unknown,,,,,,,,,frequency_class,298,,,hapax,Token positions in frequency class hapax.,22,sequence_length,observed_only,298.0,,,,,,,"{""name"": ""sequence_length"", ""value"": 298, ""details"": ""Number of positions in the event map.""}"
C:\github\5hr-conlang\riemann_analysis\rrlang\outputs\mesu_register_v0_3_nulls100\mesu_thomas_text_only.json,mesu_register_v0_3_nulls100,,,,mesu,unknown,unknown,,,,,,,,,frequency_class,298,,,hapax,Token positions in frequency class hapax.,22,modular_residue_peak_m_2,observed_only,0.5,,,,,,,"{""name"": ""modular_residue_peak_m_2"", ""value"": 0.5, ""details"": ""Largest event-position residue fraction modulo 2.""}"
C:\github\5hr-conlang\riemann_analysis\rrlang\outputs\mesu_register_v0_3_nulls100\mesu_thomas_text_only.json,mesu_register_v0_3_nulls100,,,,mesu,unknown,unknown,,,,,,,,,frequency_class,298,,,hapax,Token positions in frequency class hapax.,22,modular_residue_peak_m_3,observed_only,0.454545454545,,,,,,,"{""name"": ""modular_residue_peak_m_3"", ""value"": 0.454545454545, ""details"": ""Largest event-position residue fraction modulo 3.""}"
C:\github\5hr-conlang\riemann_analysis\rrlang\outputs\mesu_register_v0_3_nulls100\mesu_thomas_text_only.json,mesu_register_v0_3_nulls100,,,,mesu,unknown,unknown,,,,,,,,,frequency_class,298,,,hapax,Token positions in frequency class hapax.,22,modular_residue_peak_m_5,observed_only,0.363636363636,,,,,,,"{""name"": ""modular_residue_peak_m_5"", ""value"": 0.363636363636, ""details"": ""Largest event-position residue fraction modulo 5.""}"
C:\github\5hr-conlang\riemann_analysis\rrlang\outputs\mesu_register_v0_3_nulls100\mesu_thomas_text_only.json,mesu_register_v0_3_nulls100,,,,mesu,unknown,unknown,,,,,,,,,frequency_class,298,,,hapax,Token positions in frequency class hapax.,22,modular_residue_peak_m_7,observed_only,0.227272727273,,,,,,,"{""name"": ""modular_residue_peak_m_7"", ""value"": 0.227272727273, ""details"": ""Largest event-position residue fraction modulo 7.""}"
C:\github\5hr-conlang\riemann_analysis\rrlang\outputs\mesu_register_v0_3_nulls100\mesu_thomas_text_only.json,mesu_register_v0_3_nulls100,,,,mesu,unknown,unknown,,,,,,,,,frequency_class,298,,,hapax,Token positions in frequency class hapax.,22,gap_entropy,density_shuffle,3.134871139133,3.768705780125,0.171690679611,-3.691724224209,3.691724224209,0.009900990099,,"{""name"": ""gap_entropy"", ""null_model"": ""density_shuffle"", ""observed"": 3.134871139133, ""null_mean"": 3.768705780125, ""null_std"": 0.171690679611, ""z_score"": -3.691724224209, ""empirical_p"": 0.009900990099, ""null_samples"": 100}"
C:\github\5hr-conlang\riemann_analysis\rrlang\outputs\mesu_register_v0_3_nulls100\mesu_thomas_text_only.json,mesu_register_v0_3_nulls100,,,,mesu,unknown,unknown,,,,,,,,,frequency_class,298,,,hapax,Token positions in frequency class hapax.,22,run_entropy,density_shuffle,3.011537134342,2.85602799496,0.157288140255,0.988689542199,0.988689542199,0.316831683168,,"{""name"": ""run_entropy"", ""null_model"": ""density_shuffle"", ""observed"": 3.011537134342, ""null_mean"": 2.85602799496, ""null_std"": 0.157288140255, ""z_score"": 0.988689542199, ""empirical_p"": 0.316831683168, ""null_samples"": 100}"
C:\github\5hr-conlang\riemann_analysis\rrlang\outputs\mesu_register_v0_3_nulls100\mesu_thomas_text_only.json,mesu_register_v0_3_nulls100,,,,mesu,unknown,unknown,,,,,,,,,frequency_class,298,,,hapax,Token positions in frequency class hapax.,22,prime_index_occupancy_bias,density_shuffle,-0.012079615649,0.000856554564,0.037801189832,-0.34221595326,0.34221595326,0.752475247525,,"{""name"": ""prime_index_occupancy_bias"", ""null_model"": ""density_shuffle"", ""observed"": -0.012079615649, ""null_mean"": 0.000856554564, ""null_std"": 0.037801189832, ""z_score"": -0.34221595326, ""empirical_p"": 0.752475247525, ""null_samples"": 100}"
C:\github\5hr-conlang\riemann_analysis\rrlang\outputs\mesu_register_v0_3_nulls100\mesu_thomas_text_only.json,mesu_register_v0_3_nulls100,,,,mesu,unknown,unknown,,,,,,,,,frequency_class,298,,,hapax,Token positions in frequency class hapax.,22,prime_gap_affinity,density_shuffle,0.428571428571,0.389523809524,0.103839570959,0.376037946681,0.376037946681,0.821782178218,,"{""name"": ""prime_gap_affinity"", ""null_model"": ""density_shuffle"", ""observed"": 0.428571428571, ""null_mean"": 0.389523809524, ""null_std"": 0.103839570959, ""z_score"": 0.376037946681, ""empirical_p"": 0.821782178218, ""null_samples"": 100}"
C:\github\5hr-conlang\riemann_analysis\rrlang\outputs\mesu_register_v0_3_nulls100\mesu_thomas_text_only.json,mesu_register_v0_3_nulls100,,,,mesu,unknown,unknown,,,,,,,,,frequency_class,298,,,hapax,Token positions in frequency class hapax.,22,zeta_spectral_coherence,density_shuffle,0.004153636488,0.00151027825,0.001211072507,2.182658942226,2.182658942226,0.059405940594,,"{""name"": ""zeta_spectral_coherence"", ""null_model"": ""density_shuffle"", ""observed"": 0.004153636488, ""null_mean"": 0.00151027825, ""null_std"": 0.001211072507, ""z_score"": 2.182658942226, ""empirical_p"": 0.059405940594, ""null_samples"": 100}"
C:\github\5hr-conlang\riemann_analysis\rrlang\outputs\mesu_register_v0_3_nulls100\mesu_thomas_text_only.json,mesu_register_v0_3_nulls100,,,,mesu,unknown,unknown,,,,,,,,,frequency_class,298,,,hapax,Token positions in frequency class hapax.,22,critical_line_symmetry,density_shuffle,0.862795921218,0.847083995131,0.049268914896,0.318901403039,0.318901403039,0.80198019802,,"{""name"": ""critical_line_symmetry"", ""null_model"": ""density_shuffle"", ""observed"": 0.862795921218, ""null_mean"": 0.847083995131, ""null_std"": 0.049268914896, ""z_score"": 0.318901403039, ""empirical_p"": 0.80198019802, ""null_samples"": 100}"
C:\github\5hr-conlang\riemann_analysis\rrlang\outputs\mesu_register_v0_3_nulls100\mesu_thomas_text_only.json,mesu_register_v0_3_nulls100,,,,mesu,unknown,unknown,,,,,,,,,frequency_class,298,,,hapax,Token positions in frequency class hapax.,22,gap_entropy,markov_1,3.134871139133,3.171834306004,0.289073901655,-0.127867533735,0.127867533735,0.940594059406,,"{""name"": ""gap_entropy"", ""null_model"": ""markov_1"", ""observed"": 3.134871139133, ""null_mean"": 3.171834306004, ""null_std"": 0.289073901655, ""z_score"": -0.127867533735, ""empirical_p"": 0.940594059406, ""null_samples"": 100}"
C:\github\5hr-conlang\riemann_analysis\rrlang\outputs\mesu_register_v0_3_nulls100\mesu_thomas_text_only.json,mesu_register_v0_3_nulls100,,,,mesu,unknown,unknown,,,,,,,,,frequency_class,298,,,hapax,Token positions in frequency class hapax.,22,run_entropy,markov_1,3.011537134342,3.177220546709,0.192407966489,-0.861104742125,0.861104742125,0.415841584158,,"{""name"": ""run_entropy"", ""null_model"": ""markov_1"", ""observed"": 3.011537134342, ""null_mean"": 3.177220546709, ""null_std"": 0.192407966489, ""z_score"": -0.861104742125, ""empirical_p"": 0.415841584158, ""null_samples"": 100}"
C:\github\5hr-conlang\riemann_analysis\rrlang\outputs\mesu_register_v0_3_nulls100\mesu_thomas_text_only.json,mesu_register_v0_3_nulls100,,,,mesu,unknown,unknown,,,,,,,,,frequency_class,298,,,hapax,Token positions in frequency class hapax.,22,prime_index_occupancy_bias,markov_1,-0.012079615649,-0.001642415923,0.036719700554,-0.284239783226,0.284239783226,0.762376237624,,"{""name"": ""prime_index_occupancy_bias"", ""null_model"": ""markov_1"", ""observed"": -0.012079615649, ""null_mean"": -0.001642415923, ""null_std"": 0.036719700554, ""z_score"": -0.284239783226, ""empirical_p"": 0.762376237624, ""null_samples"": 100}"
C:\github\5hr-conlang\riemann_analysis\rrlang\outputs\mesu_register_v0_3_nulls100\mesu_thomas_text_only.json,mesu_register_v0_3_nulls100,,,,mesu,unknown,unknown,,,,,,,,,frequency_class,298,,,hapax,Token positions in frequency class hapax.,22,prime_gap_affinity,markov_1,0.428571428571,0.239560970791,0.086883729104,2.175441359742,2.175441359742,0.049504950495,,"{""name"": ""prime_gap_affinity"", ""null_model"": ""markov_1"", ""observed"": 0.428571428571, ""null_mean"": 0.239560970791, ""null_std"": 0.086883729104, ""z_score"": 2.175441359742, ""empirical_p"": 0.049504950495, ""null_samples"": 100}"
C:\github\5hr-conlang\riemann_analysis\rrlang\outputs\mesu_register_v0_3_nulls100\mesu_thomas_text_only.json,mesu_register_v0_3_nulls100,,,,mesu,unknown,unknown,,,,,,,,,frequency_class,298,,,hapax,Token positions in frequency class hapax.,22,zeta_spectral_coherence,markov_1,0.004153636488,0.00224627781,0.001399673746,1.362716621348,1.362716621348,0.148514851485,,"{""name"": ""zeta_spectral_coherence"", ""null_model"": ""markov_1"", ""observed"": 0.004153636488, ""null_mean"": 0.00224627781, ""null_std"": 0.001399673746, ""z_score"": 1.362716621348, ""empirical_p"": 0.148514851485, ""null_samples"": 100}"
C:\github\5hr-conlang\riemann_analysis\rrlang\outputs\mesu_register_v0_3_nulls100\mesu_thomas_text_only.json,mesu_register_v0_3_nulls100,,,,mesu,unknown,unknown,,,,,,,,,frequency_class,298,,,hapax,Token positions in frequency class hapax.,22,critical_line_symmetry,markov_1,0.862795921218,0.837515579217,0.0508446875,0.497207146783,0.497207146783,0.574257425743,,"{""name"": ""critical_line_symmetry"", ""null_model"": ""markov_1"", ""observed"": 0.862795921218, ""null_mean"": 0.837515579217, ""null_std"": 0.0508446875, ""z_score"": 0.497207146783, ""empirical_p"": 0.574257425743, ""null_samples"": 100}"
C:\github\5hr-conlang\riemann_analysis\rrlang\outputs\mesu_register_v0_3_nulls100\mesu_thomas_text_only.json,mesu_register_v0_3_nulls100,,,,mesu,unknown,unknown,,,,,,,,,frequency_class,298,,,hapax,Token positions in frequency class hapax.,22,gap_entropy,markov_2,3.134871139133,3.020998035595,0.333907850352,0.341031525367,0.341031525367,0.742574257426,False,"{""name"": ""gap_entropy"", ""null_model"": ""markov_2"", ""observed"": 3.134871139133, ""null_mean"": 3.020998035595, ""null_std"": 0.333907850352, ""z_score"": 0.341031525367, ""empirical_p"": 0.742574257426, ""null_samples"": 100}"
C:\github\5hr-conlang\riemann_analysis\rrlang\outputs\mesu_register_v0_3_nulls100\mesu_thomas_text_only.json,mesu_register_v0_3_nulls100,,,,mesu,unknown,unknown,,,,,,,,,frequency_class,298,,,hapax,Token positions in frequency class hapax.,22,run_entropy,markov_2,3.011537134342,2.891917573688,0.257269294975,0.46495855895,0.46495855895,0.60396039604,False,"{""name"": ""run_entropy"", ""null_model"": ""markov_2"", ""observed"": 3.011537134342, ""null_mean"": 2.891917573688, ""null_std"": 0.257269294975, ""z_score"": 0.46495855895, ""empirical_p"": 0.60396039604, ""null_samples"": 100}"
C:\github\5hr-conlang\riemann_analysis\rrlang\outputs\mesu_register_v0_3_nulls100\mesu_thomas_text_only.json,mesu_register_v0_3_nulls100,,,,mesu,unknown,unknown,,,,,,,,,frequency_class,298,,,hapax,Token positions in frequency class hapax.,22,prime_index_occupancy_bias,markov_2,-0.012079615649,-0.006062457104,0.03473477507,-0.17323153908,0.17323153908,0.851485148515,False,"{""name"": ""prime_index_occupancy_bias"", ""null_model"": ""markov_2"", ""observed"": -0.012079615649, ""null_mean"": -0.006062457104, ""null_std"": 0.03473477507, ""z_score"": -0.17323153908, ""empirical_p"": 0.851485148515, ""null_samples"": 100}"
C:\github\5hr-conlang\riemann_analysis\rrlang\outputs\mesu_register_v0_3_nulls100\mesu_thomas_text_only.json,mesu_register_v0_3_nulls100,,,,mesu,unknown,unknown,,,,,,,,,frequency_class,298,,,hapax,Token positions in frequency class hapax.,22,prime_gap_affinity,markov_2,0.428571428571,0.328148949135,0.113250752814,0.886726815852,0.886726815852,0.356435643564,False,"{""name"": ""prime_gap_affinity"", ""null_model"": ""markov_2"", ""observed"": 0.428571428571, ""null_mean"": 0.328148949135, ""null_std"": 0.113250752814, ""z_score"": 0.886726815852, ""empirical_p"": 0.356435643564, ""null_samples"": 100}"
C:\github\5hr-conlang\riemann_analysis\rrlang\outputs\mesu_register_v0_3_nulls100\mesu_thomas_text_only.json,mesu_register_v0_3_nulls100,,,,mesu,unknown,unknown,,,,,,,,,frequency_class,298,,,hapax,Token positions in frequency class hapax.,22,zeta_spectral_coherence,markov_2,0.004153636488,0.001760396054,0.001276846896,1.874336258313,1.874336258313,0.069306930693,False,"{""name"": ""zeta_spectral_coherence"", ""null_model"": ""markov_2"", ""observed"": 0.004153636488, ""null_mean"": 0.001760396054, ""null_std"": 0.001276846896, ""z_score"": 1.874336258313, ""empirical_p"": 0.069306930693, ""null_samples"": 100}"
C:\github\5hr-conlang\riemann_analysis\rrlang\outputs\mesu_register_v0_3_nulls100\mesu_thomas_text_only.json,mesu_register_v0_3_nulls100,,,,mesu,unknown,unknown,,,,,,,,,frequency_class,298,,,hapax,Token positions in frequency class hapax.,22,critical_line_symmetry,markov_2,0.862795921218,0.809511372409,0.039575574213,1.346399891039,1.346399891039,0.158415841584,False,"{""name"": ""critical_line_symmetry"", ""null_model"": ""markov_2"", ""observed"": 0.862795921218, ""null_mean"": 0.809511372409, ""null_std"": 0.039575574213, ""z_score"": 1.346399891039, ""empirical_p"": 0.158415841584, ""null_samples"": 100}"
C:\github\5hr-conlang\riemann_analysis\rrlang\outputs\mesu_register_v0_3_nulls100\mesu_thomas_text_only.json,mesu_register_v0_3_nulls100,,,,mesu,unknown,unknown,,,,,,,,,frequency_class,298,,,hapax,Token positions in frequency class hapax.,22,gap_entropy,gap_order_shuffle,3.134871139133,3.134871139133,0.0,0.949577319724,0.949577319724,0.960396039604,,"{""name"": ""gap_entropy"", ""null_model"": ""gap_order_shuffle"", ""observed"": 3.134871139133, ""null_mean"": 3.134871139133, ""null_std"": 0.0, ""z_score"": 0.949577319724, ""empirical_p"": 0.960396039604, ""null_samples"": 100}"
C:\github\5hr-conlang\riemann_analysis\rrlang\outputs\mesu_register_v0_3_nulls100\mesu_thomas_text_only.json,mesu_register_v0_3_nulls100,,,,mesu,unknown,unknown,,,,,,,,,frequency_class,298,,,hapax,Token positions in frequency class hapax.,22,run_entropy,gap_order_shuffle,3.011537134342,2.965891401807,0.066624666506,0.685117613771,0.685117613771,0.891089108911,,"{""name"": ""run_entropy"", ""null_model"": ""gap_order_shuffle"", ""observed"": 3.011537134342, ""null_mean"": 2.965891401807, ""null_std"": 0.066624666506, ""z_score"": 0.685117613771, ""empirical_p"": 0.891089108911, ""null_samples"": 100}"
C:\github\5hr-conlang\riemann_analysis\rrlang\outputs\mesu_register_v0_3_nulls100\mesu_thomas_text_only.json,mesu_register_v0_3_nulls100,,,,mesu,unknown,unknown,,,,,,,,,frequency_class,298,,,hapax,Token positions in frequency class hapax.,22,prime_index_occupancy_bias,gap_order_shuffle,-0.012079615649,-0.01065271105,0.031903925762,-0.044725047605,0.044725047605,1.0,,"{""name"": ""prime_index_occupancy_bias"", ""null_model"": ""gap_order_shuffle"", ""observed"": -0.012079615649, ""null_mean"": -0.01065271105, ""null_std"": 0.031903925762, ""z_score"": -0.044725047605, ""empirical_p"": 1, ""null_samples"": 100}"
C:\github\5hr-conlang\riemann_analysis\rrlang\outputs\mesu_register_v0_3_nulls100\mesu_thomas_text_only.json,mesu_register_v0_3_nulls100,,,,mesu,unknown,unknown,,,,,,,,,frequency_class,298,,,hapax,Token positions in frequency class hapax.,22,prime_gap_affinity,gap_order_shuffle,0.428571428571,0.428571428571,0.0,-0.994987437107,0.994987437107,1.0,,"{""name"": ""prime_gap_affinity"", ""null_model"": ""gap_order_shuffle"", ""observed"": 0.428571428571, ""null_mean"": 0.428571428571, ""null_std"": 0.0, ""z_score"": -0.994987437107, ""empirical_p"": 1, ""null_samples"": 100}"
C:\github\5hr-conlang\riemann_analysis\rrlang\outputs\mesu_register_v0_3_nulls100\mesu_thomas_text_only.json,mesu_register_v0_3_nulls100,,,,mesu,unknown,unknown,,,,,,,,,frequency_class,298,,,hapax,Token positions in frequency class hapax.,22,zeta_spectral_coherence,gap_order_shuffle,0.004153636488,0.00172253753,0.000705606913,3.445401277081,3.445401277081,0.009900990099,,"{""name"": ""zeta_spectral_coherence"", ""null_model"": ""gap_order_shuffle"", ""observed"": 0.004153636488, ""null_mean"": 0.00172253753, ""null_std"": 0.000705606913, ""z_score"": 3.445401277081, ""empirical_p"": 0.009900990099, ""null_samples"": 100}"
C:\github\5hr-conlang\riemann_analysis\rrlang\outputs\mesu_register_v0_3_nulls100\mesu_thomas_text_only.json,mesu_register_v0_3_nulls100,,,,mesu,unknown,unknown,,,,,,,,,frequency_class,298,,,hapax,Token positions in frequency class hapax.,22,critical_line_symmetry,gap_order_shuffle,0.862795921218,0.827144600171,0.027879341936,1.278771971283,1.278771971283,0.178217821782,,"{""name"": ""critical_line_symmetry"", ""null_model"": ""gap_order_shuffle"", ""observed"": 0.862795921218, ""null_mean"": 0.827144600171, ""null_std"": 0.027879341936, ""z_score"": 1.278771971283, ""empirical_p"": 0.178217821782, ""null_samples"": 100}"
C:\github\5hr-conlang\riemann_analysis\rrlang\outputs\mesu_register_v0_3_nulls100\mesu_thomas_text_only.json,mesu_register_v0_3_nulls100,,,,mesu,unknown,unknown,,,,,,,,,frequency_class,298,,,mid_frequency,Token positions in frequency class mid_frequency.,60,event_density,observed_only,0.201342281879,,,,,,,"{""name"": ""event_density"", ""value"": 0.201342281879, ""details"": ""count(event=true) / sequence_length""}"
C:\github\5hr-conlang\riemann_analysis\rrlang\outputs\mesu_register_v0_3_nulls100\mesu_thomas_text_only.json,mesu_register_v0_3_nulls100,,,,mesu,unknown,unknown,,,,,,,,,frequency_class,298,,,mid_frequency,Token positions in frequency class mid_frequency.,60,event_count,observed_only,60.0,,,,,,,"{""name"": ""event_count"", ""value"": 60, ""details"": ""Number of true positions in the event map.""}"
C:\github\5hr-conlang\riemann_analysis\rrlang\outputs\mesu_register_v0_3_nulls100\mesu_thomas_text_only.json,mesu_register_v0_3_nulls100,,,,mesu,unknown,unknown,,,,,,,,,frequency_class,298,,,mid_frequency,Token positions in frequency class mid_frequency.,60,sequence_length,observed_only,298.0,,,,,,,"{""name"": ""sequence_length"", ""value"": 298, ""details"": ""Number of positions in the event map.""}"
C:\github\5hr-conlang\riemann_analysis\rrlang\outputs\mesu_register_v0_3_nulls100\mesu_thomas_text_only.json,mesu_register_v0_3_nulls100,,,,mesu,unknown,unknown,,,,,,,,,frequency_class,298,,,mid_frequency,Token positions in frequency class mid_frequency.,60,modular_residue_peak_m_2,observed_only,0.516666666667,,,,,,,"{""name"": ""modular_residue_peak_m_2"", ""value"": 0.516666666667, ""details"": ""Largest event-position residue fraction modulo 2.""}"
C:\github\5hr-conlang\riemann_analysis\rrlang\outputs\mesu_register_v0_3_nulls100\mesu_thomas_text_only.json,mesu_register_v0_3_nulls100,,,,mesu,unknown,unknown,,,,,,,,,frequency_class,298,,,mid_frequency,Token positions in frequency class mid_frequency.,60,modular_residue_peak_m_3,observed_only,0.383333333333,,,,,,,"{""name"": ""modular_residue_peak_m_3"", ""value"": 0.383333333333, ""details"": ""Largest event-position residue fraction modulo 3.""}"
C:\github\5hr-conlang\riemann_analysis\rrlang\outputs\mesu_register_v0_3_nulls100\mesu_thomas_text_only.json,mesu_register_v0_3_nulls100,,,,mesu,unknown,unknown,,,,,,,,,frequency_class,298,,,mid_frequency,Token positions in frequency class mid_frequency.,60,modular_residue_peak_m_5,observed_only,0.233333333333,,,,,,,"{""name"": ""modular_residue_peak_m_5"", ""value"": 0.233333333333, ""details"": ""Largest event-position residue fraction modulo 5.""}"
C:\github\5hr-conlang\riemann_analysis\rrlang\outputs\mesu_register_v0_3_nulls100\mesu_thomas_text_only.json,mesu_register_v0_3_nulls100,,,,mesu,unknown,unknown,,,,,,,,,frequency_class,298,,,mid_frequency,Token positions in frequency class mid_frequency.,60,modular_residue_peak_m_7,observed_only,0.183333333333,,,,,,,"{""name"": ""modular_residue_peak_m_7"", ""value"": 0.183333333333, ""details"": ""Largest event-position residue fraction modulo 7.""}"
C:\github\5hr-conlang\riemann_analysis\rrlang\outputs\mesu_register_v0_3_nulls100\mesu_thomas_text_only.json,mesu_register_v0_3_nulls100,,,,mesu,unknown,unknown,,,,,,,,,frequency_class,298,,,mid_frequency,Token positions in frequency class mid_frequency.,60,gap_entropy,density_shuffle,2.87716317593,3.301592555182,0.072843589978,-5.826585144651,5.826585144651,0.009900990099,,"{""name"": ""gap_entropy"", ""null_model"": ""density_shuffle"", ""observed"": 2.87716317593, ""null_mean"": 3.301592555182, ""null_std"": 0.072843589978, ""z_score"": -5.826585144651, ""empirical_p"": 0.009900990099, ""null_samples"": 100}"
C:\github\5hr-conlang\riemann_analysis\rrlang\outputs\mesu_register_v0_3_nulls100\mesu_thomas_text_only.json,mesu_register_v0_3_nulls100,,,,mesu,unknown,unknown,,,,,,,,,frequency_class,298,,,mid_frequency,Token positions in frequency class mid_frequency.,60,run_entropy,density_shuffle,2.71404398719,2.480469642679,0.131981379979,1.769752252536,1.769752252536,0.079207920792,,"{""name"": ""run_entropy"", ""null_model"": ""density_shuffle"", ""observed"": 2.71404398719, ""null_mean"": 2.480469642679, ""null_std"": 0.131981379979, ""z_score"": 1.769752252536, ""empirical_p"": 0.079207920792, ""null_samples"": 100}"
C:\github\5hr-conlang\riemann_analysis\rrlang\outputs\mesu_register_v0_3_nulls100\mesu_thomas_text_only.json,mesu_register_v0_3_nulls100,,,,mesu,unknown,unknown,,,,,,,,,frequency_class,298,,,mid_frequency,Token positions in frequency class mid_frequency.,60,prime_index_occupancy_bias,density_shuffle,0.030061770762,-0.003332875772,0.059605164188,0.560264315832,0.560264315832,0.574257425743,,"{""name"": ""prime_index_occupancy_bias"", ""null_model"": ""density_shuffle"", ""observed"": 0.030061770762, ""null_mean"": -0.003332875772, ""null_std"": 0.059605164188, ""z_score"": 0.560264315832, ""empirical_p"": 0.574257425743, ""null_samples"": 100}"
C:\github\5hr-conlang\riemann_analysis\rrlang\outputs\mesu_register_v0_3_nulls100\mesu_thomas_text_only.json,mesu_register_v0_3_nulls100,,,,mesu,unknown,unknown,,,,,,,,,frequency_class,298,,,mid_frequency,Token positions in frequency class mid_frequency.,60,prime_gap_affinity,density_shuffle,0.372881355932,0.478644067797,0.067673231341,-1.562844122689,1.562844122689,0.138613861386,,"{""name"": ""prime_gap_affinity"", ""null_model"": ""density_shuffle"", ""observed"": 0.372881355932, ""null_mean"": 0.478644067797, ""null_std"": 0.067673231341, ""z_score"": -1.562844122689, ""empirical_p"": 0.138613861386, ""null_samples"": 100}"
C:\github\5hr-conlang\riemann_analysis\rrlang\outputs\mesu_register_v0_3_nulls100\mesu_thomas_text_only.json,mesu_register_v0_3_nulls100,,,,mesu,unknown,unknown,,,,,,,,,frequency_class,298,,,mid_frequency,Token positions in frequency class mid_frequency.,60,zeta_spectral_coherence,density_shuffle,0.005103717249,0.003454813352,0.001471180704,1.120803102594,1.120803102594,0.316831683168,,"{""name"": ""zeta_spectral_coherence"", ""null_model"": ""density_shuffle"", ""observed"": 0.005103717249, ""null_mean"": 0.003454813352, ""null_std"": 0.001471180704, ""z_score"": 1.120803102594, ""empirical_p"": 0.316831683168, ""null_samples"": 100}"
C:\github\5hr-conlang\riemann_analysis\rrlang\outputs\mesu_register_v0_3_nulls100\mesu_thomas_text_only.json,mesu_register_v0_3_nulls100,,,,mesu,unknown,unknown,,,,,,,,,frequency_class,298,,,mid_frequency,Token positions in frequency class mid_frequency.,60,critical_line_symmetry,density_shuffle,0.836768176889,0.855481338215,0.038904384148,-0.481003921166,0.481003921166,0.643564356436,,"{""name"": ""critical_line_symmetry"", ""null_model"": ""density_shuffle"", ""observed"": 0.836768176889, ""null_mean"": 0.855481338215, ""null_std"": 0.038904384148, ""z_score"": -0.481003921166, ""empirical_p"": 0.643564356436, ""null_samples"": 100}"
C:\github\5hr-conlang\riemann_analysis\rrlang\outputs\mesu_register_v0_3_nulls100\mesu_thomas_text_only.json,mesu_register_v0_3_nulls100,,,,mesu,unknown,unknown,,,,,,,,,frequency_class,298,,,mid_frequency,Token positions in frequency class mid_frequency.,60,gap_entropy,markov_1,2.87716317593,3.050521855453,0.218612680572,-0.79299461984,0.79299461984,0.445544554455,,"{""name"": ""gap_entropy"", ""null_model"": ""markov_1"", ""observed"": 2.87716317593, ""null_mean"": 3.050521855453, ""null_std"": 0.218612680572, ""z_score"": -0.79299461984, ""empirical_p"": 0.445544554455, ""null_samples"": 100}"
C:\github\5hr-conlang\riemann_analysis\rrlang\outputs\mesu_register_v0_3_nulls100\mesu_thomas_text_only.json,mesu_register_v0_3_nulls100,,,,mesu,unknown,unknown,,,,,,,,,frequency_class,298,,,mid_frequency,Token positions in frequency class mid_frequency.,60,run_entropy,markov_1,2.71404398719,2.935084878183,0.153050457798,-1.444235412122,1.444235412122,0.178217821782,,"{""name"": ""run_entropy"", ""null_model"": ""markov_1"", ""observed"": 2.71404398719, ""null_mean"": 2.935084878183, ""null_std"": 0.153050457798, ""z_score"": -1.444235412122, ""empirical_p"": 0.178217821782, ""null_samples"": 100}"
C:\github\5hr-conlang\riemann_analysis\rrlang\outputs\mesu_register_v0_3_nulls100\mesu_thomas_text_only.json,mesu_register_v0_3_nulls100,,,,mesu,unknown,unknown,,,,,,,,,frequency_class,298,,,mid_frequency,Token positions in frequency class mid_frequency.,60,prime_index_occupancy_bias,markov_1,0.030061770762,-0.008104323953,0.044940393808,0.849260353128,0.849260353128,0.475247524752,,"{""name"": ""prime_index_occupancy_bias"", ""null_model"": ""markov_1"", ""observed"": 0.030061770762, ""null_mean"": -0.008104323953, ""null_std"": 0.044940393808, ""z_score"": 0.849260353128, ""empirical_p"": 0.475247524752, ""null_samples"": 100}"
C:\github\5hr-conlang\riemann_analysis\rrlang\outputs\mesu_register_v0_3_nulls100\mesu_thomas_text_only.json,mesu_register_v0_3_nulls100,,,,mesu,unknown,unknown,,,,,,,,,frequency_class,298,,,mid_frequency,Token positions in frequency class mid_frequency.,60,prime_gap_affinity,markov_1,0.372881355932,0.30809991169,0.064938062364,0.99758819225,0.99758819225,0.277227722772,,"{""name"": ""prime_gap_affinity"", ""null_model"": ""markov_1"", ""observed"": 0.372881355932, ""null_mean"": 0.30809991169, ""null_std"": 0.064938062364, ""z_score"": 0.99758819225, ""empirical_p"": 0.277227722772, ""null_samples"": 100}"
C:\github\5hr-conlang\riemann_analysis\rrlang\outputs\mesu_register_v0_3_nulls100\mesu_thomas_text_only.json,mesu_register_v0_3_nulls100,,,,mesu,unknown,unknown,,,,,,,,,frequency_class,298,,,mid_frequency,Token positions in frequency class mid_frequency.,60,zeta_spectral_coherence,markov_1,0.005103717249,0.004550521516,0.001899875425,0.291174740094,0.291174740094,0.80198019802,,"{""name"": ""zeta_spectral_coherence"", ""null_model"": ""markov_1"", ""observed"": 0.005103717249, ""null_mean"": 0.004550521516, ""null_std"": 0.001899875425, ""z_score"": 0.291174740094, ""empirical_p"": 0.80198019802, ""null_samples"": 100}"
C:\github\5hr-conlang\riemann_analysis\rrlang\outputs\mesu_register_v0_3_nulls100\mesu_thomas_text_only.json,mesu_register_v0_3_nulls100,,,,mesu,unknown,unknown,,,,,,,,,frequency_class,298,,,mid_frequency,Token positions in frequency class mid_frequency.,60,critical_line_symmetry,markov_1,0.836768176889,0.843562837768,0.04146687614,-0.163857553565,0.163857553565,0.940594059406,,"{""name"": ""critical_line_symmetry"", ""null_model"": ""markov_1"", ""observed"": 0.836768176889, ""null_mean"": 0.843562837768, ""null_std"": 0.04146687614, ""z_score"": -0.163857553565, ""empirical_p"": 0.940594059406, ""null_samples"": 100}"
C:\github\5hr-conlang\riemann_analysis\rrlang\outputs\mesu_register_v0_3_nulls100\mesu_thomas_text_only.json,mesu_register_v0_3_nulls100,,,,mesu,unknown,unknown,,,,,,,,,frequency_class,298,,,mid_frequency,Token positions in frequency class mid_frequency.,60,gap_entropy,markov_2,2.87716317593,2.99328414082,0.253913212558,-0.457325413356,0.457325413356,0.653465346535,False,"{""name"": ""gap_entropy"", ""null_model"": ""markov_2"", ""observed"": 2.87716317593, ""null_mean"": 2.99328414082, ""null_std"": 0.253913212558, ""z_score"": -0.457325413356, ""empirical_p"": 0.653465346535, ""null_samples"": 100}"
C:\github\5hr-conlang\riemann_analysis\rrlang\outputs\mesu_register_v0_3_nulls100\mesu_thomas_text_only.json,mesu_register_v0_3_nulls100,,,,mesu,unknown,unknown,,,,,,,,,frequency_class,298,,,mid_frequency,Token positions in frequency class mid_frequency.,60,run_entropy,markov_2,2.71404398719,2.748607605237,0.202285372746,-0.170865631944,0.170865631944,0.861386138614,False,"{""name"": ""run_entropy"", ""null_model"": ""markov_2"", ""observed"": 2.71404398719, ""null_mean"": 2.748607605237, ""null_std"": 0.202285372746, ""z_score"": -0.170865631944, ""empirical_p"": 0.861386138614, ""null_samples"": 100}"
C:\github\5hr-conlang\riemann_analysis\rrlang\outputs\mesu_register_v0_3_nulls100\mesu_thomas_text_only.json,mesu_register_v0_3_nulls100,,,,mesu,unknown,unknown,,,,,,,,,frequency_class,298,,,mid_frequency,Token positions in frequency class mid_frequency.,60,prime_index_occupancy_bias,markov_2,0.030061770762,0.011532601235,0.051394261882,0.360529927814,0.360529927814,0.712871287129,False,"{""name"": ""prime_index_occupancy_bias"", ""null_model"": ""markov_2"", ""observed"": 0.030061770762, ""null_mean"": 0.011532601235, ""null_std"": 0.051394261882, ""z_score"": 0.360529927814, ""empirical_p"": 0.712871287129, ""null_samples"": 100}"
C:\github\5hr-conlang\riemann_analysis\rrlang\outputs\mesu_register_v0_3_nulls100\mesu_thomas_text_only.json,mesu_register_v0_3_nulls100,,,,mesu,unknown,unknown,,,,,,,,,frequency_class,298,,,mid_frequency,Token positions in frequency class mid_frequency.,60,prime_gap_affinity,markov_2,0.372881355932,0.352670166127,0.068662561451,0.294355313546,0.294355313546,0.792079207921,False,"{""name"": ""prime_gap_affinity"", ""null_model"": ""markov_2"", ""observed"": 0.372881355932, ""null_mean"": 0.352670166127, ""null_std"": 0.068662561451, ""z_score"": 0.294355313546, ""empirical_p"": 0.792079207921, ""null_samples"": 100}"
C:\github\5hr-conlang\riemann_analysis\rrlang\outputs\mesu_register_v0_3_nulls100\mesu_thomas_text_only.json,mesu_register_v0_3_nulls100,,,,mesu,unknown,unknown,,,,,,,,,frequency_class,298,,,mid_frequency,Token positions in frequency class mid_frequency.,60,zeta_spectral_coherence,markov_2,0.005103717249,0.005063688987,0.001824691818,0.021936998643,0.021936998643,0.980198019802,False,"{""name"": ""zeta_spectral_coherence"", ""null_model"": ""markov_2"", ""observed"": 0.005103717249, ""null_mean"": 0.005063688987, ""null_std"": 0.001824691818, ""z_score"": 0.021936998643, ""empirical_p"": 0.980198019802, ""null_samples"": 100}"
C:\github\5hr-conlang\riemann_analysis\rrlang\outputs\mesu_register_v0_3_nulls100\mesu_thomas_text_only.json,mesu_register_v0_3_nulls100,,,,mesu,unknown,unknown,,,,,,,,,frequency_class,298,,,mid_frequency,Token positions in frequency class mid_frequency.,60,critical_line_symmetry,markov_2,0.836768176889,0.834572894523,0.039185768536,0.056022439997,0.056022439997,0.940594059406,False,"{""name"": ""critical_line_symmetry"", ""null_model"": ""markov_2"", ""observed"": 0.836768176889, ""null_mean"": 0.834572894523, ""null_std"": 0.039185768536, ""z_score"": 0.056022439997, ""empirical_p"": 0.940594059406, ""null_samples"": 100}"
C:\github\5hr-conlang\riemann_analysis\rrlang\outputs\mesu_register_v0_3_nulls100\mesu_thomas_text_only.json,mesu_register_v0_3_nulls100,,,,mesu,unknown,unknown,,,,,,,,,frequency_class,298,,,mid_frequency,Token positions in frequency class mid_frequency.,60,gap_entropy,gap_order_shuffle,2.87716317593,2.87716317593,0.0,-0.914132879539,0.914132879539,0.930693069307,,"{""name"": ""gap_entropy"", ""null_model"": ""gap_order_shuffle"", ""observed"": 2.87716317593, ""null_mean"": 2.87716317593, ""null_std"": 0.0, ""z_score"": -0.914132879539, ""empirical_p"": 0.930693069307, ""null_samples"": 100}"
C:\github\5hr-conlang\riemann_analysis\rrlang\outputs\mesu_register_v0_3_nulls100\mesu_thomas_text_only.json,mesu_register_v0_3_nulls100,,,,mesu,unknown,unknown,,,,,,,,,frequency_class,298,,,mid_frequency,Token positions in frequency class mid_frequency.,60,run_entropy,gap_order_shuffle,2.71404398719,2.684603026049,0.034903614393,0.843493192693,0.843493192693,0.376237623762,,"{""name"": ""run_entropy"", ""null_model"": ""gap_order_shuffle"", ""observed"": 2.71404398719, ""null_mean"": 2.684603026049, ""null_std"": 0.034903614393, ""z_score"": 0.843493192693, ""empirical_p"": 0.376237623762, ""null_samples"": 100}"
C:\github\5hr-conlang\riemann_analysis\rrlang\outputs\mesu_register_v0_3_nulls100\mesu_thomas_text_only.json,mesu_register_v0_3_nulls100,,,,mesu,unknown,unknown,,,,,,,,,frequency_class,298,,,mid_frequency,Token positions in frequency class mid_frequency.,60,prime_index_occupancy_bias,gap_order_shuffle,0.030061770762,-0.008464653397,0.054350162401,0.708855732107,0.708855732107,0.663366336634,,"{""name"": ""prime_index_occupancy_bias"", ""null_model"": ""gap_order_shuffle"", ""observed"": 0.030061770762, ""null_mean"": -0.008464653397, ""null_std"": 0.054350162401, ""z_score"": 0.708855732107, ""empirical_p"": 0.663366336634, ""null_samples"": 100}"
C:\github\5hr-conlang\riemann_analysis\rrlang\outputs\mesu_register_v0_3_nulls100\mesu_thomas_text_only.json,mesu_register_v0_3_nulls100,,,,mesu,unknown,unknown,,,,,,,,,frequency_class,298,,,mid_frequency,Token positions in frequency class mid_frequency.,60,prime_gap_affinity,gap_order_shuffle,0.372881355932,0.372881355932,0.0,-0.994987437107,0.994987437107,1.0,,"{""name"": ""prime_gap_affinity"", ""null_model"": ""gap_order_shuffle"", ""observed"": 0.372881355932, ""null_mean"": 0.372881355932, ""null_std"": 0.0, ""z_score"": -0.994987437107, ""empirical_p"": 1, ""null_samples"": 100}"
C:\github\5hr-conlang\riemann_analysis\rrlang\outputs\mesu_register_v0_3_nulls100\mesu_thomas_text_only.json,mesu_register_v0_3_nulls100,,,,mesu,unknown,unknown,,,,,,,,,frequency_class,298,,,mid_frequency,Token positions in frequency class mid_frequency.,60,zeta_spectral_coherence,gap_order_shuffle,0.005103717249,0.004287010552,0.001100915675,0.741843100175,0.741843100175,0.445544554455,,"{""name"": ""zeta_spectral_coherence"", ""null_model"": ""gap_order_shuffle"", ""observed"": 0.005103717249, ""null_mean"": 0.004287010552, ""null_std"": 0.001100915675, ""z_score"": 0.741843100175, ""empirical_p"": 0.445544554455, ""null_samples"": 100}"
C:\github\5hr-conlang\riemann_analysis\rrlang\outputs\mesu_register_v0_3_nulls100\mesu_thomas_text_only.json,mesu_register_v0_3_nulls100,,,,mesu,unknown,unknown,,,,,,,,,frequency_class,298,,,mid_frequency,Token positions in frequency class mid_frequency.,60,critical_line_symmetry,gap_order_shuffle,0.836768176889,0.816895430346,0.026763522023,0.742531066214,0.742531066214,0.326732673267,,"{""name"": ""critical_line_symmetry"", ""null_model"": ""gap_order_shuffle"", ""observed"": 0.836768176889, ""null_mean"": 0.816895430346, ""null_std"": 0.026763522023, ""z_score"": 0.742531066214, ""empirical_p"": 0.326732673267, ""null_samples"": 100}"
C:\github\5hr-conlang\riemann_analysis\rrlang\outputs\mesu_register_v0_3_nulls100\mesu_thomas_text_only.json,mesu_register_v0_3_nulls100,,,,mesu,unknown,unknown,,,,,,,,,frequency_class,298,,,high_frequency,Token positions in frequency class high_frequency.,216,event_density,observed_only,0.724832214765,,,,,,,"{""name"": ""event_density"", ""value"": 0.724832214765, ""details"": ""count(event=true) / sequence_length""}"
C:\github\5hr-conlang\riemann_analysis\rrlang\outputs\mesu_register_v0_3_nulls100\mesu_thomas_text_only.json,mesu_register_v0_3_nulls100,,,,mesu,unknown,unknown,,,,,,,,,frequency_class,298,,,high_frequency,Token positions in frequency class high_frequency.,216,event_count,observed_only,216.0,,,,,,,"{""name"": ""event_count"", ""value"": 216, ""details"": ""Number of true positions in the event map.""}"
C:\github\5hr-conlang\riemann_analysis\rrlang\outputs\mesu_register_v0_3_nulls100\mesu_thomas_text_only.json,mesu_register_v0_3_nulls100,,,,mesu,unknown,unknown,,,,,,,,,frequency_class,298,,,high_frequency,Token positions in frequency class high_frequency.,216,sequence_length,observed_only,298.0,,,,,,,"{""name"": ""sequence_length"", ""value"": 298, ""details"": ""Number of positions in the event map.""}"
C:\github\5hr-conlang\riemann_analysis\rrlang\outputs\mesu_register_v0_3_nulls100\mesu_thomas_text_only.json,mesu_register_v0_3_nulls100,,,,mesu,unknown,unknown,,,,,,,,,frequency_class,298,,,high_frequency,Token positions in frequency class high_frequency.,216,modular_residue_peak_m_2,observed_only,0.50462962963,,,,,,,"{""name"": ""modular_residue_peak_m_2"", ""value"": 0.50462962963, ""details"": ""Largest event-position residue fraction modulo 2.""}"
C:\github\5hr-conlang\riemann_analysis\rrlang\outputs\mesu_register_v0_3_nulls100\mesu_thomas_text_only.json,mesu_register_v0_3_nulls100,,,,mesu,unknown,unknown,,,,,,,,,frequency_class,298,,,high_frequency,Token positions in frequency class high_frequency.,216,modular_residue_peak_m_3,observed_only,0.347222222222,,,,,,,"{""name"": ""modular_residue_peak_m_3"", ""value"": 0.347222222222, ""details"": ""Largest event-position residue fraction modulo 3.""}"
C:\github\5hr-conlang\riemann_analysis\rrlang\outputs\mesu_register_v0_3_nulls100\mesu_thomas_text_only.json,mesu_register_v0_3_nulls100,,,,mesu,unknown,unknown,,,,,,,,,frequency_class,298,,,high_frequency,Token positions in frequency class high_frequency.,216,modular_residue_peak_m_5,observed_only,0.212962962963,,,,,,,"{""name"": ""modular_residue_peak_m_5"", ""value"": 0.212962962963, ""details"": ""Largest event-position residue fraction modulo 5.""}"
C:\github\5hr-conlang\riemann_analysis\rrlang\outputs\mesu_register_v0_3_nulls100\mesu_thomas_text_only.json,mesu_register_v0_3_nulls100,,,,mesu,unknown,unknown,,,,,,,,,frequency_class,298,,,high_frequency,Token positions in frequency class high_frequency.,216,modular_residue_peak_m_7,observed_only,0.171296296296,,,,,,,"{""name"": ""modular_residue_peak_m_7"", ""value"": 0.171296296296, ""details"": ""Largest event-position residue fraction modulo 7.""}"
C:\github\5hr-conlang\riemann_analysis\rrlang\outputs\mesu_register_v0_3_nulls100\mesu_thomas_text_only.json,mesu_register_v0_3_nulls100,,,,mesu,unknown,unknown,,,,,,,,,frequency_class,298,,,high_frequency,Token positions in frequency class high_frequency.,216,gap_entropy,density_shuffle,0.998017284149,1.153015617063,0.012348126097,-12.552376910866,12.552376910866,0.009900990099,,"{""name"": ""gap_entropy"", ""null_model"": ""density_shuffle"", ""observed"": 0.998017284149, ""null_mean"": 1.153015617063, ""null_std"": 0.012348126097, ""z_score"": -12.552376910866, ""empirical_p"": 0.009900990099, ""null_samples"": 100}"
C:\github\5hr-conlang\riemann_analysis\rrlang\outputs\mesu_register_v0_3_nulls100\mesu_thomas_text_only.json,mesu_register_v0_3_nulls100,,,,mesu,unknown,unknown,,,,,,,,,frequency_class,298,,,high_frequency,Token positions in frequency class high_frequency.,216,run_entropy,density_shuffle,2.562028047168,2.275304938728,0.116778682872,2.455269244249,2.455269244249,0.029702970297,,"{""name"": ""run_entropy"", ""null_model"": ""density_shuffle"", ""observed"": 2.562028047168, ""null_mean"": 2.275304938728, ""null_std"": 0.116778682872, ""z_score"": 2.455269244249, ""empirical_p"": 0.029702970297, ""null_samples"": 100}"
C:\github\5hr-conlang\riemann_analysis\rrlang\outputs\mesu_register_v0_3_nulls100\mesu_thomas_text_only.json,mesu_register_v0_3_nulls100,,,,mesu,unknown,unknown,,,,,,,,,frequency_class,298,,,high_frequency,Token positions in frequency class high_frequency.,216,prime_index_occupancy_bias,density_shuffle,-0.017982155113,0.009933424846,0.061145108946,-0.456546409681,0.456546409681,0.693069306931,,"{""name"": ""prime_index_occupancy_bias"", ""null_model"": ""density_shuffle"", ""observed"": -0.017982155113, ""null_mean"": 0.009933424846, ""null_std"": 0.061145108946, ""z_score"": -0.456546409681, ""empirical_p"": 0.693069306931, ""null_samples"": 100}"
C:\github\5hr-conlang\riemann_analysis\rrlang\outputs\mesu_register_v0_3_nulls100\mesu_thomas_text_only.json,mesu_register_v0_3_nulls100,,,,mesu,unknown,unknown,,,,,,,,,frequency_class,298,,,high_frequency,Token positions in frequency class high_frequency.,216,prime_gap_affinity,density_shuffle,0.158139534884,0.257720930233,0.022409744657,-4.443664882153,4.443664882153,0.009900990099,,"{""name"": ""prime_gap_affinity"", ""null_model"": ""density_shuffle"", ""observed"": 0.158139534884, ""null_mean"": 0.257720930233, ""null_std"": 0.022409744657, ""z_score"": -4.443664882153, ""empirical_p"": 0.009900990099, ""null_samples"": 100}"
C:\github\5hr-conlang\riemann_analysis\rrlang\outputs\mesu_register_v0_3_nulls100\mesu_thomas_text_only.json,mesu_register_v0_3_nulls100,,,,mesu,unknown,unknown,,,,,,,,,frequency_class,298,,,high_frequency,Token positions in frequency class high_frequency.,216,zeta_spectral_coherence,density_shuffle,0.009425579079,0.00431413581,0.001619098971,3.156967770672,3.156967770672,0.019801980198,,"{""name"": ""zeta_spectral_coherence"", ""null_model"": ""density_shuffle"", ""observed"": 0.009425579079, ""null_mean"": 0.00431413581, ""null_std"": 0.001619098971, ""z_score"": 3.156967770672, ""empirical_p"": 0.019801980198, ""null_samples"": 100}"
C:\github\5hr-conlang\riemann_analysis\rrlang\outputs\mesu_register_v0_3_nulls100\mesu_thomas_text_only.json,mesu_register_v0_3_nulls100,,,,mesu,unknown,unknown,,,,,,,,,frequency_class,298,,,high_frequency,Token positions in frequency class high_frequency.,216,critical_line_symmetry,density_shuffle,0.834742478103,0.860322278203,0.034997744331,-0.730898536155,0.730898536155,0.534653465347,,"{""name"": ""critical_line_symmetry"", ""null_model"": ""density_shuffle"", ""observed"": 0.834742478103, ""null_mean"": 0.860322278203, ""null_std"": 0.034997744331, ""z_score"": -0.730898536155, ""empirical_p"": 0.534653465347, ""null_samples"": 100}"
C:\github\5hr-conlang\riemann_analysis\rrlang\outputs\mesu_register_v0_3_nulls100\mesu_thomas_text_only.json,mesu_register_v0_3_nulls100,,,,mesu,unknown,unknown,,,,,,,,,frequency_class,298,,,high_frequency,Token positions in frequency class high_frequency.,216,gap_entropy,markov_1,0.998017284149,1.077293169272,0.113123015655,-0.700793597695,0.700793597695,0.455445544554,,"{""name"": ""gap_entropy"", ""null_model"": ""markov_1"", ""observed"": 0.998017284149, ""null_mean"": 1.077293169272, ""null_std"": 0.113123015655, ""z_score"": -0.700793597695, ""empirical_p"": 0.455445544554, ""null_samples"": 100}"
C:\github\5hr-conlang\riemann_analysis\rrlang\outputs\mesu_register_v0_3_nulls100\mesu_thomas_text_only.json,mesu_register_v0_3_nulls100,,,,mesu,unknown,unknown,,,,,,,,,frequency_class,298,,,high_frequency,Token positions in frequency class high_frequency.,216,run_entropy,markov_1,2.562028047168,2.792030682727,0.146038142757,-1.574949059309,1.574949059309,0.118811881188,,"{""name"": ""run_entropy"", ""null_model"": ""markov_1"", ""observed"": 2.562028047168, ""null_mean"": 2.792030682727, ""null_std"": 0.146038142757, ""z_score"": -1.574949059309, ""empirical_p"": 0.118811881188, ""null_samples"": 100}"
C:\github\5hr-conlang\riemann_analysis\rrlang\outputs\mesu_register_v0_3_nulls100\mesu_thomas_text_only.json,mesu_register_v0_3_nulls100,,,,mesu,unknown,unknown,,,,,,,,,frequency_class,298,,,high_frequency,Token positions in frequency class high_frequency.,216,prime_index_occupancy_bias,markov_1,-0.017982155113,0.008167467399,0.058437618473,-0.447479264134,0.447479264134,0.633663366337,,"{""name"": ""prime_index_occupancy_bias"", ""null_model"": ""markov_1"", ""observed"": -0.017982155113, ""null_mean"": 0.008167467399, ""null_std"": 0.058437618473, ""z_score"": -0.447479264134, ""empirical_p"": 0.633663366337, ""null_samples"": 100}"
C:\github\5hr-conlang\riemann_analysis\rrlang\outputs\mesu_register_v0_3_nulls100\mesu_thomas_text_only.json,mesu_register_v0_3_nulls100,,,,mesu,unknown,unknown,,,,,,,,,frequency_class,298,,,high_frequency,Token positions in frequency class high_frequency.,216,prime_gap_affinity,markov_1,0.158139534884,0.167356372267,0.026409480791,-0.348997295947,0.348997295947,0.732673267327,,"{""name"": ""prime_gap_affinity"", ""null_model"": ""markov_1"", ""observed"": 0.158139534884, ""null_mean"": 0.167356372267, ""null_std"": 0.026409480791, ""z_score"": -0.348997295947, ""empirical_p"": 0.732673267327, ""null_samples"": 100}"
C:\github\5hr-conlang\riemann_analysis\rrlang\outputs\mesu_register_v0_3_nulls100\mesu_thomas_text_only.json,mesu_register_v0_3_nulls100,,,,mesu,unknown,unknown,,,,,,,,,frequency_class,298,,,high_frequency,Token positions in frequency class high_frequency.,216,zeta_spectral_coherence,markov_1,0.009425579079,0.005322580789,0.002014153751,2.037082962006,2.037082962006,0.039603960396,,"{""name"": ""zeta_spectral_coherence"", ""null_model"": ""markov_1"", ""observed"": 0.009425579079, ""null_mean"": 0.005322580789, ""null_std"": 0.002014153751, ""z_score"": 2.037082962006, ""empirical_p"": 0.039603960396, ""null_samples"": 100}"
C:\github\5hr-conlang\riemann_analysis\rrlang\outputs\mesu_register_v0_3_nulls100\mesu_thomas_text_only.json,mesu_register_v0_3_nulls100,,,,mesu,unknown,unknown,,,,,,,,,frequency_class,298,,,high_frequency,Token positions in frequency class high_frequency.,216,critical_line_symmetry,markov_1,0.834742478103,0.834793227673,0.038337458415,-0.00132375939,0.00132375939,1.0,,"{""name"": ""critical_line_symmetry"", ""null_model"": ""markov_1"", ""observed"": 0.834742478103, ""null_mean"": 0.834793227673, ""null_std"": 0.038337458415, ""z_score"": -0.00132375939, ""empirical_p"": 1, ""null_samples"": 100}"
C:\github\5hr-conlang\riemann_analysis\rrlang\outputs\mesu_register_v0_3_nulls100\mesu_thomas_text_only.json,mesu_register_v0_3_nulls100,,,,mesu,unknown,unknown,,,,,,,,,frequency_class,298,,,high_frequency,Token positions in frequency class high_frequency.,216,gap_entropy,markov_2,0.998017284149,1.04317391331,0.138333786239,-0.326432395071,0.326432395071,0.722772277228,False,"{""name"": ""gap_entropy"", ""null_model"": ""markov_2"", ""observed"": 0.998017284149, ""null_mean"": 1.04317391331, ""null_std"": 0.138333786239, ""z_score"": -0.326432395071, ""empirical_p"": 0.722772277228, ""null_samples"": 100}"
C:\github\5hr-conlang\riemann_analysis\rrlang\outputs\mesu_register_v0_3_nulls100\mesu_thomas_text_only.json,mesu_register_v0_3_nulls100,,,,mesu,unknown,unknown,,,,,,,,,frequency_class,298,,,high_frequency,Token positions in frequency class high_frequency.,216,run_entropy,markov_2,2.562028047168,2.623851432797,0.191639073075,-0.322603238662,0.322603238662,0.772277227723,False,"{""name"": ""run_entropy"", ""null_model"": ""markov_2"", ""observed"": 2.562028047168, ""null_mean"": 2.623851432797, ""null_std"": 0.191639073075, ""z_score"": -0.322603238662, ""empirical_p"": 0.772277227723, ""null_samples"": 100}"
C:\github\5hr-conlang\riemann_analysis\rrlang\outputs\mesu_register_v0_3_nulls100\mesu_thomas_text_only.json,mesu_register_v0_3_nulls100,,,,mesu,unknown,unknown,,,,,,,,,frequency_class,298,,,high_frequency,Token positions in frequency class high_frequency.,216,prime_index_occupancy_bias,markov_2,-0.017982155113,-0.002951269732,0.065622879637,-0.229049463604,0.229049463604,0.881188118812,False,"{""name"": ""prime_index_occupancy_bias"", ""null_model"": ""markov_2"", ""observed"": -0.017982155113, ""null_mean"": -0.002951269732, ""null_std"": 0.065622879637, ""z_score"": -0.229049463604, ""empirical_p"": 0.881188118812, ""null_samples"": 100}"
C:\github\5hr-conlang\riemann_analysis\rrlang\outputs\mesu_register_v0_3_nulls100\mesu_thomas_text_only.json,mesu_register_v0_3_nulls100,,,,mesu,unknown,unknown,,,,,,,,,frequency_class,298,,,high_frequency,Token positions in frequency class high_frequency.,216,prime_gap_affinity,markov_2,0.158139534884,0.169093458679,0.0293908618,-0.372698285267,0.372698285267,0.732673267327,False,"{""name"": ""prime_gap_affinity"", ""null_model"": ""markov_2"", ""observed"": 0.158139534884, ""null_mean"": 0.169093458679, ""null_std"": 0.0293908618, ""z_score"": -0.372698285267, ""empirical_p"": 0.732673267327, ""null_samples"": 100}"
C:\github\5hr-conlang\riemann_analysis\rrlang\outputs\mesu_register_v0_3_nulls100\mesu_thomas_text_only.json,mesu_register_v0_3_nulls100,,,,mesu,unknown,unknown,,,,,,,,,frequency_class,298,,,high_frequency,Token positions in frequency class high_frequency.,216,zeta_spectral_coherence,markov_2,0.009425579079,0.006879948128,0.002449357681,1.039305517026,1.039305517026,0.277227722772,False,"{""name"": ""zeta_spectral_coherence"", ""null_model"": ""markov_2"", ""observed"": 0.009425579079, ""null_mean"": 0.006879948128, ""null_std"": 0.002449357681, ""z_score"": 1.039305517026, ""empirical_p"": 0.277227722772, ""null_samples"": 100}"
C:\github\5hr-conlang\riemann_analysis\rrlang\outputs\mesu_register_v0_3_nulls100\mesu_thomas_text_only.json,mesu_register_v0_3_nulls100,,,,mesu,unknown,unknown,,,,,,,,,frequency_class,298,,,high_frequency,Token positions in frequency class high_frequency.,216,critical_line_symmetry,markov_2,0.834742478103,0.824931397062,0.03324083202,0.295151488232,0.295151488232,0.811881188119,False,"{""name"": ""critical_line_symmetry"", ""null_model"": ""markov_2"", ""observed"": 0.834742478103, ""null_mean"": 0.824931397062, ""null_std"": 0.03324083202, ""z_score"": 0.295151488232, ""empirical_p"": 0.811881188119, ""null_samples"": 100}"
C:\github\5hr-conlang\riemann_analysis\rrlang\outputs\mesu_register_v0_3_nulls100\mesu_thomas_text_only.json,mesu_register_v0_3_nulls100,,,,mesu,unknown,unknown,,,,,,,,,frequency_class,298,,,high_frequency,Token positions in frequency class high_frequency.,216,gap_entropy,gap_order_shuffle,0.998017284149,0.998017284149,0.0,1.008490766673,1.008490766673,0.861386138614,,"{""name"": ""gap_entropy"", ""null_model"": ""gap_order_shuffle"", ""observed"": 0.998017284149, ""null_mean"": 0.998017284149, ""null_std"": 0.0, ""z_score"": 1.008490766673, ""empirical_p"": 0.861386138614, ""null_samples"": 100}"
C:\github\5hr-conlang\riemann_analysis\rrlang\outputs\mesu_register_v0_3_nulls100\mesu_thomas_text_only.json,mesu_register_v0_3_nulls100,,,,mesu,unknown,unknown,,,,,,,,,frequency_class,298,,,high_frequency,Token positions in frequency class high_frequency.,216,run_entropy,gap_order_shuffle,2.562028047168,2.768270329153,0.070991869408,-2.905153557765,2.905153557765,0.009900990099,,"{""name"": ""run_entropy"", ""null_model"": ""gap_order_shuffle"", ""observed"": 2.562028047168, ""null_mean"": 2.768270329153, ""null_std"": 0.070991869408, ""z_score"": -2.905153557765, ""empirical_p"": 0.009900990099, ""null_samples"": 100}"
C:\github\5hr-conlang\riemann_analysis\rrlang\outputs\mesu_register_v0_3_nulls100\mesu_thomas_text_only.json,mesu_register_v0_3_nulls100,,,,mesu,unknown,unknown,,,,,,,,,frequency_class,298,,,high_frequency,Token positions in frequency class high_frequency.,216,prime_index_occupancy_bias,gap_order_shuffle,-0.017982155113,0.013002059025,0.055842135296,-0.554853677684,0.554853677684,0.574257425743,,"{""name"": ""prime_index_occupancy_bias"", ""null_model"": ""gap_order_shuffle"", ""observed"": -0.017982155113, ""null_mean"": 0.013002059025, ""null_std"": 0.055842135296, ""z_score"": -0.554853677684, ""empirical_p"": 0.574257425743, ""null_samples"": 100}"
C:\github\5hr-conlang\riemann_analysis\rrlang\outputs\mesu_register_v0_3_nulls100\mesu_thomas_text_only.json,mesu_register_v0_3_nulls100,,,,mesu,unknown,unknown,,,,,,,,,frequency_class,298,,,high_frequency,Token positions in frequency class high_frequency.,216,prime_gap_affinity,gap_order_shuffle,0.158139534884,0.158139534884,0.0,-0.994987437107,0.994987437107,1.0,,"{""name"": ""prime_gap_affinity"", ""null_model"": ""gap_order_shuffle"", ""observed"": 0.158139534884, ""null_mean"": 0.158139534884, ""null_std"": 0.0, ""z_score"": -0.994987437107, ""empirical_p"": 1, ""null_samples"": 100}"
C:\github\5hr-conlang\riemann_analysis\rrlang\outputs\mesu_register_v0_3_nulls100\mesu_thomas_text_only.json,mesu_register_v0_3_nulls100,,,,mesu,unknown,unknown,,,,,,,,,frequency_class,298,,,high_frequency,Token positions in frequency class high_frequency.,216,zeta_spectral_coherence,gap_order_shuffle,0.009425579079,0.005640499839,0.002014725636,1.878707041714,1.878707041714,0.069306930693,,"{""name"": ""zeta_spectral_coherence"", ""null_model"": ""gap_order_shuffle"", ""observed"": 0.009425579079, ""null_mean"": 0.005640499839, ""null_std"": 0.002014725636, ""z_score"": 1.878707041714, ""empirical_p"": 0.069306930693, ""null_samples"": 100}"
C:\github\5hr-conlang\riemann_analysis\rrlang\outputs\mesu_register_v0_3_nulls100\mesu_thomas_text_only.json,mesu_register_v0_3_nulls100,,,,mesu,unknown,unknown,,,,,,,,,frequency_class,298,,,high_frequency,Token positions in frequency class high_frequency.,216,critical_line_symmetry,gap_order_shuffle,0.834742478103,0.819268657117,0.032891557118,0.47044963332,0.47044963332,0.663366336634,,"{""name"": ""critical_line_symmetry"", ""null_model"": ""gap_order_shuffle"", ""observed"": 0.834742478103, ""null_mean"": 0.819268657117, ""null_std"": 0.032891557118, ""z_score"": 0.47044963332, ""empirical_p"": 0.663366336634, ""null_samples"": 100}"
C:\github\5hr-conlang\riemann_analysis\rrlang\outputs\mesu_register_v0_3_nulls100\mesu_udhr_canonical.json,mesu_register_v0_3_nulls100,,,,mesu,unknown,unknown,,,,,,,,,grapheme,698,,,vowel,Basic Latin-vowel positions plus common accented vowels.,217,event_density,observed_only,0.310888252149,,,,,,,"{""name"": ""event_density"", ""value"": 0.310888252149, ""details"": ""count(event=true) / sequence_length""}"
C:\github\5hr-conlang\riemann_analysis\rrlang\outputs\mesu_register_v0_3_nulls100\mesu_udhr_canonical.json,mesu_register_v0_3_nulls100,,,,mesu,unknown,unknown,,,,,,,,,grapheme,698,,,vowel,Basic Latin-vowel positions plus common accented vowels.,217,event_count,observed_only,217.0,,,,,,,"{""name"": ""event_count"", ""value"": 217, ""details"": ""Number of true positions in the event map.""}"
C:\github\5hr-conlang\riemann_analysis\rrlang\outputs\mesu_register_v0_3_nulls100\mesu_udhr_canonical.json,mesu_register_v0_3_nulls100,,,,mesu,unknown,unknown,,,,,,,,,grapheme,698,,,vowel,Basic Latin-vowel positions plus common accented vowels.,217,sequence_length,observed_only,698.0,,,,,,,"{""name"": ""sequence_length"", ""value"": 698, ""details"": ""Number of positions in the event map.""}"
C:\github\5hr-conlang\riemann_analysis\rrlang\outputs\mesu_register_v0_3_nulls100\mesu_udhr_canonical.json,mesu_register_v0_3_nulls100,,,,mesu,unknown,unknown,,,,,,,,,grapheme,698,,,vowel,Basic Latin-vowel positions plus common accented vowels.,217,modular_residue_peak_m_2,observed_only,0.511520737327,,,,,,,"{""name"": ""modular_residue_peak_m_2"", ""value"": 0.511520737327, ""details"": ""Largest event-position residue fraction modulo 2.""}"
C:\github\5hr-conlang\riemann_analysis\rrlang\outputs\mesu_register_v0_3_nulls100\mesu_udhr_canonical.json,mesu_register_v0_3_nulls100,,,,mesu,unknown,unknown,,,,,,,,,grapheme,698,,,vowel,Basic Latin-vowel positions plus common accented vowels.,217,modular_residue_peak_m_3,observed_only,0.437788018433,,,,,,,"{""name"": ""modular_residue_peak_m_3"", ""value"": 0.437788018433, ""details"": ""Largest event-position residue fraction modulo 3.""}"
C:\github\5hr-conlang\riemann_analysis\rrlang\outputs\mesu_register_v0_3_nulls100\mesu_udhr_canonical.json,mesu_register_v0_3_nulls100,,,,mesu,unknown,unknown,,,,,,,,,grapheme,698,,,vowel,Basic Latin-vowel positions plus common accented vowels.,217,modular_residue_peak_m_5,observed_only,0.221198156682,,,,,,,"{""name"": ""modular_residue_peak_m_5"", ""value"": 0.221198156682, ""details"": ""Largest event-position residue fraction modulo 5.""}"
C:\github\5hr-conlang\riemann_analysis\rrlang\outputs\mesu_register_v0_3_nulls100\mesu_udhr_canonical.json,mesu_register_v0_3_nulls100,,,,mesu,unknown,unknown,,,,,,,,,grapheme,698,,,vowel,Basic Latin-vowel positions plus common accented vowels.,217,modular_residue_peak_m_7,observed_only,0.184331797235,,,,,,,"{""name"": ""modular_residue_peak_m_7"", ""value"": 0.184331797235, ""details"": ""Largest event-position residue fraction modulo 7.""}"
C:\github\5hr-conlang\riemann_analysis\rrlang\outputs\mesu_register_v0_3_nulls100\mesu_udhr_canonical.json,mesu_register_v0_3_nulls100,,,,mesu,unknown,unknown,,,,,,,,,grapheme,698,,,vowel,Basic Latin-vowel positions plus common accented vowels.,217,gap_entropy,density_shuffle,1.402282642423,2.813533558637,0.020632300468,-68.400075813687,68.400075813687,0.009900990099,,"{""name"": ""gap_entropy"", ""null_model"": ""density_shuffle"", ""observed"": 1.402282642423, ""null_mean"": 2.813533558637, ""null_std"": 0.020632300468, ""z_score"": -68.400075813687, ""empirical_p"": 0.009900990099, ""null_samples"": 100}"
C:\github\5hr-conlang\riemann_analysis\rrlang\outputs\mesu_register_v0_3_nulls100\mesu_udhr_canonical.json,mesu_register_v0_3_nulls100,,,,mesu,unknown,unknown,,,,,,,,,grapheme,698,,,vowel,Basic Latin-vowel positions plus common accented vowels.,217,run_entropy,density_shuffle,1.468248016222,2.223931537075,0.075587975995,-9.997403831851,9.997403831851,0.009900990099,,"{""name"": ""run_entropy"", ""null_model"": ""density_shuffle"", ""observed"": 1.468248016222, ""null_mean"": 2.223931537075, ""null_std"": 0.075587975995, ""z_score"": -9.997403831851, ""empirical_p"": 0.009900990099, ""null_samples"": 100}"
C:\github\5hr-conlang\riemann_analysis\rrlang\outputs\mesu_register_v0_3_nulls100\mesu_udhr_canonical.json,mesu_register_v0_3_nulls100,,,,mesu,unknown,unknown,,,,,,,,,grapheme,698,,,vowel,Basic Latin-vowel positions plus common accented vowels.,217,prime_index_occupancy_bias,density_shuffle,0.059300699301,-0.000401538462,0.04835597145,1.234640437829,1.234640437829,0.257425742574,,"{""name"": ""prime_index_occupancy_bias"", ""null_model"": ""density_shuffle"", ""observed"": 0.059300699301, ""null_mean"": -0.000401538462, ""null_std"": 0.04835597145, ""z_score"": 1.234640437829, ""empirical_p"": 0.257425742574, ""null_samples"": 100}"
C:\github\5hr-conlang\riemann_analysis\rrlang\outputs\mesu_register_v0_3_nulls100\mesu_udhr_canonical.json,mesu_register_v0_3_nulls100,,,,mesu,unknown,unknown,,,,,,,,,grapheme,698,,,vowel,Basic Latin-vowel positions plus common accented vowels.,217,prime_gap_affinity,density_shuffle,0.763888888889,0.475416666667,0.036117795337,7.986983134756,7.986983134756,0.009900990099,,"{""name"": ""prime_gap_affinity"", ""null_model"": ""density_shuffle"", ""observed"": 0.763888888889, ""null_mean"": 0.475416666667, ""null_std"": 0.036117795337, ""z_score"": 7.986983134756, ""empirical_p"": 0.009900990099, ""null_samples"": 100}"
C:\github\5hr-conlang\riemann_analysis\rrlang\outputs\mesu_register_v0_3_nulls100\mesu_udhr_canonical.json,mesu_register_v0_3_nulls100,,,,mesu,unknown,unknown,,,,,,,,,grapheme,698,,,vowel,Basic Latin-vowel positions plus common accented vowels.,217,zeta_spectral_coherence,density_shuffle,0.00052335858,0.002136940685,0.000800691498,-2.015235717944,2.015235717944,0.039603960396,,"{""name"": ""zeta_spectral_coherence"", ""null_model"": ""density_shuffle"", ""observed"": 0.00052335858, ""null_mean"": 0.002136940685, ""null_std"": 0.000800691498, ""z_score"": -2.015235717944, ""empirical_p"": 0.039603960396, ""null_samples"": 100}"
C:\github\5hr-conlang\riemann_analysis\rrlang\outputs\mesu_register_v0_3_nulls100\mesu_udhr_canonical.json,mesu_register_v0_3_nulls100,,,,mesu,unknown,unknown,,,,,,,,,grapheme,698,,,vowel,Basic Latin-vowel positions plus common accented vowels.,217,critical_line_symmetry,density_shuffle,0.906533150532,0.833349216991,0.039506065067,1.85247337128,1.85247337128,0.069306930693,,"{""name"": ""critical_line_symmetry"", ""null_model"": ""density_shuffle"", ""observed"": 0.906533150532, ""null_mean"": 0.833349216991, ""null_std"": 0.039506065067, ""z_score"": 1.85247337128, ""empirical_p"": 0.069306930693, ""null_samples"": 100}"
C:\github\5hr-conlang\riemann_analysis\rrlang\outputs\mesu_register_v0_3_nulls100\mesu_udhr_canonical.json,mesu_register_v0_3_nulls100,,,,mesu,unknown,unknown,,,,,,,,,grapheme,698,,,vowel,Basic Latin-vowel positions plus common accented vowels.,217,gap_entropy,markov_1,1.402282642423,2.164459197146,0.087892603908,-8.671680219162,8.671680219162,0.009900990099,,"{""name"": ""gap_entropy"", ""null_model"": ""markov_1"", ""observed"": 1.402282642423, ""null_mean"": 2.164459197146, ""null_std"": 0.087892603908, ""z_score"": -8.671680219162, ""empirical_p"": 0.009900990099, ""null_samples"": 100}"
C:\github\5hr-conlang\riemann_analysis\rrlang\outputs\mesu_register_v0_3_nulls100\mesu_udhr_canonical.json,mesu_register_v0_3_nulls100,,,,mesu,unknown,unknown,,,,,,,,,grapheme,698,,,vowel,Basic Latin-vowel positions plus common accented vowels.,217,run_entropy,markov_1,1.468248016222,1.436921260922,0.065074699666,0.48139684795,0.48139684795,0.633663366337,,"{""name"": ""run_entropy"", ""null_model"": ""markov_1"", ""observed"": 1.468248016222, ""null_mean"": 1.436921260922, ""null_std"": 0.065074699666, ""z_score"": 0.48139684795, ""empirical_p"": 0.633663366337, ""null_samples"": 100}"
C:\github\5hr-conlang\riemann_analysis\rrlang\outputs\mesu_register_v0_3_nulls100\mesu_udhr_canonical.json,mesu_register_v0_3_nulls100,,,,mesu,unknown,unknown,,,,,,,,,grapheme,698,,,vowel,Basic Latin-vowel positions plus common accented vowels.,217,prime_index_occupancy_bias,markov_1,0.059300699301,-0.001473846154,0.053443880979,1.137165646298,1.137165646298,0.217821782178,,"{""name"": ""prime_index_occupancy_bias"", ""null_model"": ""markov_1"", ""observed"": 0.059300699301, ""null_mean"": -0.001473846154, ""null_std"": 0.053443880979, ""z_score"": 1.137165646298, ""empirical_p"": 0.217821782178, ""null_samples"": 100}"
C:\github\5hr-conlang\riemann_analysis\rrlang\outputs\mesu_register_v0_3_nulls100\mesu_udhr_canonical.json,mesu_register_v0_3_nulls100,,,,mesu,unknown,unknown,,,,,,,,,grapheme,698,,,vowel,Basic Latin-vowel positions plus common accented vowels.,217,prime_gap_affinity,markov_1,0.763888888889,0.79885100703,0.02393405022,-1.46076898061,1.46076898061,0.178217821782,,"{""name"": ""prime_gap_affinity"", ""null_model"": ""markov_1"", ""observed"": 0.763888888889, ""null_mean"": 0.79885100703, ""null_std"": 0.02393405022, ""z_score"": -1.46076898061, ""empirical_p"": 0.178217821782, ""null_samples"": 100}"
C:\github\5hr-conlang\riemann_analysis\rrlang\outputs\mesu_register_v0_3_nulls100\mesu_udhr_canonical.json,mesu_register_v0_3_nulls100,,,,mesu,unknown,unknown,,,,,,,,,grapheme,698,,,vowel,Basic Latin-vowel positions plus common accented vowels.,217,zeta_spectral_coherence,markov_1,0.00052335858,0.001339519181,0.000481871573,-1.693730544117,1.693730544117,0.09900990099,,"{""name"": ""zeta_spectral_coherence"", ""null_model"": ""markov_1"", ""observed"": 0.00052335858, ""null_mean"": 0.001339519181, ""null_std"": 0.000481871573, ""z_score"": -1.693730544117, ""empirical_p"": 0.09900990099, ""null_samples"": 100}"
C:\github\5hr-conlang\riemann_analysis\rrlang\outputs\mesu_register_v0_3_nulls100\mesu_udhr_canonical.json,mesu_register_v0_3_nulls100,,,,mesu,unknown,unknown,,,,,,,,,grapheme,698,,,vowel,Basic Latin-vowel positions plus common accented vowels.,217,critical_line_symmetry,markov_1,0.906533150532,0.875260102881,0.034127641637,0.916355369193,0.916355369193,0.346534653465,,"{""name"": ""critical_line_symmetry"", ""null_model"": ""markov_1"", ""observed"": 0.906533150532, ""null_mean"": 0.875260102881, ""null_std"": 0.034127641637, ""z_score"": 0.916355369193, ""empirical_p"": 0.346534653465, ""null_samples"": 100}"
C:\github\5hr-conlang\riemann_analysis\rrlang\outputs\mesu_register_v0_3_nulls100\mesu_udhr_canonical.json,mesu_register_v0_3_nulls100,,,,mesu,unknown,unknown,,,,,,,,,grapheme,698,,,vowel,Basic Latin-vowel positions plus common accented vowels.,217,gap_entropy,markov_2,1.402282642423,1.426671198872,0.095809085387,-0.254553692374,0.254553692374,0.811881188119,False,"{""name"": ""gap_entropy"", ""null_model"": ""markov_2"", ""observed"": 1.402282642423, ""null_mean"": 1.426671198872, ""null_std"": 0.095809085387, ""z_score"": -0.254553692374, ""empirical_p"": 0.811881188119, ""null_samples"": 100}"
C:\github\5hr-conlang\riemann_analysis\rrlang\outputs\mesu_register_v0_3_nulls100\mesu_udhr_canonical.json,mesu_register_v0_3_nulls100,,,,mesu,unknown,unknown,,,,,,,,,grapheme,698,,,vowel,Basic Latin-vowel positions plus common accented vowels.,217,run_entropy,markov_2,1.468248016222,1.483073765024,0.044940495507,-0.329897314995,0.329897314995,0.792079207921,False,"{""name"": ""run_entropy"", ""null_model"": ""markov_2"", ""observed"": 1.468248016222, ""null_mean"": 1.483073765024, ""null_std"": 0.044940495507, ""z_score"": -0.329897314995, ""empirical_p"": 0.792079207921, ""null_samples"": 100}"
C:\github\5hr-conlang\riemann_analysis\rrlang\outputs\mesu_register_v0_3_nulls100\mesu_udhr_canonical.json,mesu_register_v0_3_nulls100,,,,mesu,unknown,unknown,,,,,,,,,grapheme,698,,,vowel,Basic Latin-vowel positions plus common accented vowels.,217,prime_index_occupancy_bias,markov_2,0.059300699301,0.008849230769,0.057101788421,0.883535698728,0.883535698728,0.376237623762,False,"{""name"": ""prime_index_occupancy_bias"", ""null_model"": ""markov_2"", ""observed"": 0.059300699301, ""null_mean"": 0.008849230769, ""null_std"": 0.057101788421, ""z_score"": 0.883535698728, ""empirical_p"": 0.376237623762, ""null_samples"": 100}"
C:\github\5hr-conlang\riemann_analysis\rrlang\outputs\mesu_register_v0_3_nulls100\mesu_udhr_canonical.json,mesu_register_v0_3_nulls100,,,,mesu,unknown,unknown,,,,,,,,,grapheme,698,,,vowel,Basic Latin-vowel positions plus common accented vowels.,217,prime_gap_affinity,markov_2,0.763888888889,0.815171805592,0.02589307401,-1.980565022273,1.980565022273,0.029702970297,False,"{""name"": ""prime_gap_affinity"", ""null_model"": ""markov_2"", ""observed"": 0.763888888889, ""null_mean"": 0.815171805592, ""null_std"": 0.02589307401, ""z_score"": -1.980565022273, ""empirical_p"": 0.029702970297, ""null_samples"": 100}"
C:\github\5hr-conlang\riemann_analysis\rrlang\outputs\mesu_register_v0_3_nulls100\mesu_udhr_canonical.json,mesu_register_v0_3_nulls100,,,,mesu,unknown,unknown,,,,,,,,,grapheme,698,,,vowel,Basic Latin-vowel positions plus common accented vowels.,217,zeta_spectral_coherence,markov_2,0.00052335858,0.000985661505,0.00030406914,-1.520387516296,1.520387516296,0.128712871287,False,"{""name"": ""zeta_spectral_coherence"", ""null_model"": ""markov_2"", ""observed"": 0.00052335858, ""null_mean"": 0.000985661505, ""null_std"": 0.00030406914, ""z_score"": -1.520387516296, ""empirical_p"": 0.128712871287, ""null_samples"": 100}"
C:\github\5hr-conlang\riemann_analysis\rrlang\outputs\mesu_register_v0_3_nulls100\mesu_udhr_canonical.json,mesu_register_v0_3_nulls100,,,,mesu,unknown,unknown,,,,,,,,,grapheme,698,,,vowel,Basic Latin-vowel positions plus common accented vowels.,217,critical_line_symmetry,markov_2,0.906533150532,0.918246719467,0.031248862939,-0.374847845126,0.374847845126,0.663366336634,False,"{""name"": ""critical_line_symmetry"", ""null_model"": ""markov_2"", ""observed"": 0.906533150532, ""null_mean"": 0.918246719467, ""null_std"": 0.031248862939, ""z_score"": -0.374847845126, ""empirical_p"": 0.663366336634, ""null_samples"": 100}"
C:\github\5hr-conlang\riemann_analysis\rrlang\outputs\mesu_register_v0_3_nulls100\mesu_udhr_canonical.json,mesu_register_v0_3_nulls100,,,,mesu,unknown,unknown,,,,,,,,,grapheme,698,,,vowel,Basic Latin-vowel positions plus common accented vowels.,217,gap_entropy,gap_order_shuffle,1.402282642423,1.402282642423,0.0,0.0,0.0,1.0,,"{""name"": ""gap_entropy"", ""null_model"": ""gap_order_shuffle"", ""observed"": 1.402282642423, ""null_mean"": 1.402282642423, ""null_std"": 0.0, ""z_score"": 0, ""empirical_p"": 1, ""null_samples"": 100}"
C:\github\5hr-conlang\riemann_analysis\rrlang\outputs\mesu_register_v0_3_nulls100\mesu_udhr_canonical.json,mesu_register_v0_3_nulls100,,,,mesu,unknown,unknown,,,,,,,,,grapheme,698,,,vowel,Basic Latin-vowel positions plus common accented vowels.,217,run_entropy,gap_order_shuffle,1.468248016222,1.468248016222,0.0,0.994987437107,0.994987437107,1.0,,"{""name"": ""run_entropy"", ""null_model"": ""gap_order_shuffle"", ""observed"": 1.468248016222, ""null_mean"": 1.468248016222, ""null_std"": 0.0, ""z_score"": 0.994987437107, ""empirical_p"": 1, ""null_samples"": 100}"
C:\github\5hr-conlang\riemann_analysis\rrlang\outputs\mesu_register_v0_3_nulls100\mesu_udhr_canonical.json,mesu_register_v0_3_nulls100,,,,mesu,unknown,unknown,,,,,,,,,grapheme,698,,,vowel,Basic Latin-vowel positions plus common accented vowels.,217,prime_index_occupancy_bias,gap_order_shuffle,0.059300699301,0.010364475524,0.04177354198,1.171464555231,1.171464555231,0.217821782178,,"{""name"": ""prime_index_occupancy_bias"", ""null_model"": ""gap_order_shuffle"", ""observed"": 0.059300699301, ""null_mean"": 0.010364475524, ""null_std"": 0.04177354198, ""z_score"": 1.171464555231, ""empirical_p"": 0.217821782178, ""null_samples"": 100}"
C:\github\5hr-conlang\riemann_analysis\rrlang\outputs\mesu_register_v0_3_nulls100\mesu_udhr_canonical.json,mesu_register_v0_3_nulls100,,,,mesu,unknown,unknown,,,,,,,,,grapheme,698,,,vowel,Basic Latin-vowel positions plus common accented vowels.,217,prime_gap_affinity,gap_order_shuffle,0.763888888889,0.763888888889,0.0,0.994987437107,0.994987437107,1.0,,"{""name"": ""prime_gap_affinity"", ""null_model"": ""gap_order_shuffle"", ""observed"": 0.763888888889, ""null_mean"": 0.763888888889, ""null_std"": 0.0, ""z_score"": 0.994987437107, ""empirical_p"": 1, ""null_samples"": 100}"
C:\github\5hr-conlang\riemann_analysis\rrlang\outputs\mesu_register_v0_3_nulls100\mesu_udhr_canonical.json,mesu_register_v0_3_nulls100,,,,mesu,unknown,unknown,,,,,,,,,grapheme,698,,,vowel,Basic Latin-vowel positions plus common accented vowels.,217,zeta_spectral_coherence,gap_order_shuffle,0.00052335858,0.001003619832,0.000268996354,-1.785382010342,1.785382010342,0.079207920792,,"{""name"": ""zeta_spectral_coherence"", ""null_model"": ""gap_order_shuffle"", ""observed"": 0.00052335858, ""null_mean"": 0.001003619832, ""null_std"": 0.000268996354, ""z_score"": -1.785382010342, ""empirical_p"": 0.079207920792, ""null_samples"": 100}"
C:\github\5hr-conlang\riemann_analysis\rrlang\outputs\mesu_register_v0_3_nulls100\mesu_udhr_canonical.json,mesu_register_v0_3_nulls100,,,,mesu,unknown,unknown,,,,,,,,,grapheme,698,,,vowel,Basic Latin-vowel positions plus common accented vowels.,217,critical_line_symmetry,gap_order_shuffle,0.906533150532,0.921691833491,0.02419735299,-0.626460380367,0.626460380367,0.435643564356,,"{""name"": ""critical_line_symmetry"", ""null_model"": ""gap_order_shuffle"", ""observed"": 0.906533150532, ""null_mean"": 0.921691833491, ""null_std"": 0.02419735299, ""z_score"": -0.626460380367, ""empirical_p"": 0.435643564356, ""null_samples"": 100}"
C:\github\5hr-conlang\riemann_analysis\rrlang\outputs\mesu_register_v0_3_nulls100\mesu_udhr_canonical.json,mesu_register_v0_3_nulls100,,,,mesu,unknown,unknown,,,,,,,,,grapheme,698,,,consonant,Alphabetic non-vowel positions under the MVP classifier.,243,event_density,observed_only,0.348137535817,,,,,,,"{""name"": ""event_density"", ""value"": 0.348137535817, ""details"": ""count(event=true) / sequence_length""}"
C:\github\5hr-conlang\riemann_analysis\rrlang\outputs\mesu_register_v0_3_nulls100\mesu_udhr_canonical.json,mesu_register_v0_3_nulls100,,,,mesu,unknown,unknown,,,,,,,,,grapheme,698,,,consonant,Alphabetic non-vowel positions under the MVP classifier.,243,event_count,observed_only,243.0,,,,,,,"{""name"": ""event_count"", ""value"": 243, ""details"": ""Number of true positions in the event map.""}"
C:\github\5hr-conlang\riemann_analysis\rrlang\outputs\mesu_register_v0_3_nulls100\mesu_udhr_canonical.json,mesu_register_v0_3_nulls100,,,,mesu,unknown,unknown,,,,,,,,,grapheme,698,,,consonant,Alphabetic non-vowel positions under the MVP classifier.,243,sequence_length,observed_only,698.0,,,,,,,"{""name"": ""sequence_length"", ""value"": 698, ""details"": ""Number of positions in the event map.""}"
C:\github\5hr-conlang\riemann_analysis\rrlang\outputs\mesu_register_v0_3_nulls100\mesu_udhr_canonical.json,mesu_register_v0_3_nulls100,,,,mesu,unknown,unknown,,,,,,,,,grapheme,698,,,consonant,Alphabetic non-vowel positions under the MVP classifier.,243,modular_residue_peak_m_2,observed_only,0.539094650206,,,,,,,"{""name"": ""modular_residue_peak_m_2"", ""value"": 0.539094650206, ""details"": ""Largest event-position residue fraction modulo 2.""}"
C:\github\5hr-conlang\riemann_analysis\rrlang\outputs\mesu_register_v0_3_nulls100\mesu_udhr_canonical.json,mesu_register_v0_3_nulls100,,,,mesu,unknown,unknown,,,,,,,,,grapheme,698,,,consonant,Alphabetic non-vowel positions under the MVP classifier.,243,modular_residue_peak_m_3,observed_only,0.382716049383,,,,,,,"{""name"": ""modular_residue_peak_m_3"", ""value"": 0.382716049383, ""details"": ""Largest event-position residue fraction modulo 3.""}"
C:\github\5hr-conlang\riemann_analysis\rrlang\outputs\mesu_register_v0_3_nulls100\mesu_udhr_canonical.json,mesu_register_v0_3_nulls100,,,,mesu,unknown,unknown,,,,,,,,,grapheme,698,,,consonant,Alphabetic non-vowel positions under the MVP classifier.,243,modular_residue_peak_m_5,observed_only,0.238683127572,,,,,,,"{""name"": ""modular_residue_peak_m_5"", ""value"": 0.238683127572, ""details"": ""Largest event-position residue fraction modulo 5.""}"
C:\github\5hr-conlang\riemann_analysis\rrlang\outputs\mesu_register_v0_3_nulls100\mesu_udhr_canonical.json,mesu_register_v0_3_nulls100,,,,mesu,unknown,unknown,,,,,,,,,grapheme,698,,,consonant,Alphabetic non-vowel positions under the MVP classifier.,243,modular_residue_peak_m_7,observed_only,0.168724279835,,,,,,,"{""name"": ""modular_residue_peak_m_7"", ""value"": 0.168724279835, ""details"": ""Largest event-position residue fraction modulo 7.""}"
C:\github\5hr-conlang\riemann_analysis\rrlang\outputs\mesu_register_v0_3_nulls100\mesu_udhr_canonical.json,mesu_register_v0_3_nulls100,,,,mesu,unknown,unknown,,,,,,,,,grapheme,698,,,consonant,Alphabetic non-vowel positions under the MVP classifier.,243,gap_entropy,density_shuffle,1.727400626605,2.626875913342,0.019183787734,-46.887262265935,46.887262265935,0.009900990099,,"{""name"": ""gap_entropy"", ""null_model"": ""density_shuffle"", ""observed"": 1.727400626605, ""null_mean"": 2.626875913342, ""null_std"": 0.019183787734, ""z_score"": -46.887262265935, ""empirical_p"": 0.009900990099, ""null_samples"": 100}"
C:\github\5hr-conlang\riemann_analysis\rrlang\outputs\mesu_register_v0_3_nulls100\mesu_udhr_canonical.json,mesu_register_v0_3_nulls100,,,,mesu,unknown,unknown,,,,,,,,,grapheme,698,,,consonant,Alphabetic non-vowel positions under the MVP classifier.,243,run_entropy,density_shuffle,1.244878233357,2.12843660004,0.067366351643,-13.115722391624,13.115722391624,0.009900990099,,"{""name"": ""run_entropy"", ""null_model"": ""density_shuffle"", ""observed"": 1.244878233357, ""null_mean"": 2.12843660004, ""null_std"": 0.067366351643, ""z_score"": -13.115722391624, ""empirical_p"": 0.009900990099, ""null_samples"": 100}"
C:\github\5hr-conlang\riemann_analysis\rrlang\outputs\mesu_register_v0_3_nulls100\mesu_udhr_canonical.json,mesu_register_v0_3_nulls100,,,,mesu,unknown,unknown,,,,,,,,,grapheme,698,,,consonant,Alphabetic non-vowel positions under the MVP classifier.,243,prime_index_occupancy_bias,density_shuffle,-0.023398601399,-0.004586013986,0.05454356756,-0.344909367944,0.344909367944,0.722772277228,,"{""name"": ""prime_index_occupancy_bias"", ""null_model"": ""density_shuffle"", ""observed"": -0.023398601399, ""null_mean"": -0.004586013986, ""null_std"": 0.05454356756, ""z_score"": -0.344909367944, ""empirical_p"": 0.722772277228, ""null_samples"": 100}"
C:\github\5hr-conlang\riemann_analysis\rrlang\outputs\mesu_register_v0_3_nulls100\mesu_udhr_canonical.json,mesu_register_v0_3_nulls100,,,,mesu,unknown,unknown,,,,,,,,,grapheme,698,,,consonant,Alphabetic non-vowel positions under the MVP classifier.,243,prime_gap_affinity,density_shuffle,0.876033057851,0.475454545455,0.029347806826,13.649350862178,13.649350862178,0.009900990099,,"{""name"": ""prime_gap_affinity"", ""null_model"": ""density_shuffle"", ""observed"": 0.876033057851, ""null_mean"": 0.475454545455, ""null_std"": 0.029347806826, ""z_score"": 13.649350862178, ""empirical_p"": 0.009900990099, ""null_samples"": 100}"
C:\github\5hr-conlang\riemann_analysis\rrlang\outputs\mesu_register_v0_3_nulls100\mesu_udhr_canonical.json,mesu_register_v0_3_nulls100,,,,mesu,unknown,unknown,,,,,,,,,grapheme,698,,,consonant,Alphabetic non-vowel positions under the MVP classifier.,243,zeta_spectral_coherence,density_shuffle,0.000500281062,0.002226613491,0.000760505727,-2.269979524768,2.269979524768,0.039603960396,,"{""name"": ""zeta_spectral_coherence"", ""null_model"": ""density_shuffle"", ""observed"": 0.000500281062, ""null_mean"": 0.002226613491, ""null_std"": 0.000760505727, ""z_score"": -2.269979524768, ""empirical_p"": 0.039603960396, ""null_samples"": 100}"
C:\github\5hr-conlang\riemann_analysis\rrlang\outputs\mesu_register_v0_3_nulls100\mesu_udhr_canonical.json,mesu_register_v0_3_nulls100,,,,mesu,unknown,unknown,,,,,,,,,grapheme,698,,,consonant,Alphabetic non-vowel positions under the MVP classifier.,243,critical_line_symmetry,density_shuffle,0.821801179218,0.83607092595,0.042019274179,-0.339600029048,0.339600029048,0.722772277228,,"{""name"": ""critical_line_symmetry"", ""null_model"": ""density_shuffle"", ""observed"": 0.821801179218, ""null_mean"": 0.83607092595, ""null_std"": 0.042019274179, ""z_score"": -0.339600029048, ""empirical_p"": 0.722772277228, ""null_samples"": 100}"
C:\github\5hr-conlang\riemann_analysis\rrlang\outputs\mesu_register_v0_3_nulls100\mesu_udhr_canonical.json,mesu_register_v0_3_nulls100,,,,mesu,unknown,unknown,,,,,,,,,grapheme,698,,,consonant,Alphabetic non-vowel positions under the MVP classifier.,243,gap_entropy,markov_1,1.727400626605,1.827141299449,0.090700357723,-1.099672320459,1.099672320459,0.277227722772,,"{""name"": ""gap_entropy"", ""null_model"": ""markov_1"", ""observed"": 1.727400626605, ""null_mean"": 1.827141299449, ""null_std"": 0.090700357723, ""z_score"": -1.099672320459, ""empirical_p"": 0.277227722772, ""null_samples"": 100}"
C:\github\5hr-conlang\riemann_analysis\rrlang\outputs\mesu_register_v0_3_nulls100\mesu_udhr_canonical.json,mesu_register_v0_3_nulls100,,,,mesu,unknown,unknown,,,,,,,,,grapheme,698,,,consonant,Alphabetic non-vowel positions under the MVP classifier.,243,run_entropy,markov_1,1.244878233357,1.19757658379,0.066376408499,0.712627432506,0.712627432506,0.465346534653,,"{""name"": ""run_entropy"", ""null_model"": ""markov_1"", ""observed"": 1.244878233357, ""null_mean"": 1.19757658379, ""null_std"": 0.066376408499, ""z_score"": 0.712627432506, ""empirical_p"": 0.465346534653, ""null_samples"": 100}"
C:\github\5hr-conlang\riemann_analysis\rrlang\outputs\mesu_register_v0_3_nulls100\mesu_udhr_canonical.json,mesu_register_v0_3_nulls100,,,,mesu,unknown,unknown,,,,,,,,,grapheme,698,,,consonant,Alphabetic non-vowel positions under the MVP classifier.,243,prime_index_occupancy_bias,markov_1,-0.023398601399,-0.002658041958,0.06131684086,-0.338252250925,0.338252250925,0.722772277228,,"{""name"": ""prime_index_occupancy_bias"", ""null_model"": ""markov_1"", ""observed"": -0.023398601399, ""null_mean"": -0.002658041958, ""null_std"": 0.06131684086, ""z_score"": -0.338252250925, ""empirical_p"": 0.722772277228, ""null_samples"": 100}"
C:\github\5hr-conlang\riemann_analysis\rrlang\outputs\mesu_register_v0_3_nulls100\mesu_udhr_canonical.json,mesu_register_v0_3_nulls100,,,,mesu,unknown,unknown,,,,,,,,,grapheme,698,,,consonant,Alphabetic non-vowel positions under the MVP classifier.,243,prime_gap_affinity,markov_1,0.876033057851,0.851469619419,0.022438579689,1.094696668528,1.094696668528,0.287128712871,,"{""name"": ""prime_gap_affinity"", ""null_model"": ""markov_1"", ""observed"": 0.876033057851, ""null_mean"": 0.851469619419, ""null_std"": 0.022438579689, ""z_score"": 1.094696668528, ""empirical_p"": 0.287128712871, ""null_samples"": 100}"
C:\github\5hr-conlang\riemann_analysis\rrlang\outputs\mesu_register_v0_3_nulls100\mesu_udhr_canonical.json,mesu_register_v0_3_nulls100,,,,mesu,unknown,unknown,,,,,,,,,grapheme,698,,,consonant,Alphabetic non-vowel positions under the MVP classifier.,243,zeta_spectral_coherence,markov_1,0.000500281062,0.001248030163,0.000507082217,-1.474611167146,1.474611167146,0.108910891089,,"{""name"": ""zeta_spectral_coherence"", ""null_model"": ""markov_1"", ""observed"": 0.000500281062, ""null_mean"": 0.001248030163, ""null_std"": 0.000507082217, ""z_score"": -1.474611167146, ""empirical_p"": 0.108910891089, ""null_samples"": 100}"
C:\github\5hr-conlang\riemann_analysis\rrlang\outputs\mesu_register_v0_3_nulls100\mesu_udhr_canonical.json,mesu_register_v0_3_nulls100,,,,mesu,unknown,unknown,,,,,,,,,grapheme,698,,,consonant,Alphabetic non-vowel positions under the MVP classifier.,243,critical_line_symmetry,markov_1,0.821801179218,0.877146763833,0.032159204357,-1.720987372725,1.720987372725,0.079207920792,,"{""name"": ""critical_line_symmetry"", ""null_model"": ""markov_1"", ""observed"": 0.821801179218, ""null_mean"": 0.877146763833, ""null_std"": 0.032159204357, ""z_score"": -1.720987372725, ""empirical_p"": 0.079207920792, ""null_samples"": 100}"
C:\github\5hr-conlang\riemann_analysis\rrlang\outputs\mesu_register_v0_3_nulls100\mesu_udhr_canonical.json,mesu_register_v0_3_nulls100,,,,mesu,unknown,unknown,,,,,,,,,grapheme,698,,,consonant,Alphabetic non-vowel positions under the MVP classifier.,243,gap_entropy,markov_2,1.727400626605,1.752875321503,0.07033070904,-0.36221296849,0.36221296849,0.732673267327,False,"{""name"": ""gap_entropy"", ""null_model"": ""markov_2"", ""observed"": 1.727400626605, ""null_mean"": 1.752875321503, ""null_std"": 0.07033070904, ""z_score"": -0.36221296849, ""empirical_p"": 0.732673267327, ""null_samples"": 100}"
C:\github\5hr-conlang\riemann_analysis\rrlang\outputs\mesu_register_v0_3_nulls100\mesu_udhr_canonical.json,mesu_register_v0_3_nulls100,,,,mesu,unknown,unknown,,,,,,,,,grapheme,698,,,consonant,Alphabetic non-vowel positions under the MVP classifier.,243,run_entropy,markov_2,1.244878233357,1.258415991926,0.054603141492,-0.247930031108,0.247930031108,0.831683168317,False,"{""name"": ""run_entropy"", ""null_model"": ""markov_2"", ""observed"": 1.244878233357, ""null_mean"": 1.258415991926, ""null_std"": 0.054603141492, ""z_score"": -0.247930031108, ""empirical_p"": 0.831683168317, ""null_samples"": 100}"
C:\github\5hr-conlang\riemann_analysis\rrlang\outputs\mesu_register_v0_3_nulls100\mesu_udhr_canonical.json,mesu_register_v0_3_nulls100,,,,mesu,unknown,unknown,,,,,,,,,grapheme,698,,,consonant,Alphabetic non-vowel positions under the MVP classifier.,243,prime_index_occupancy_bias,markov_2,-0.023398601399,-0.001231328671,0.053587141196,-0.413667761191,0.413667761191,0.712871287129,False,"{""name"": ""prime_index_occupancy_bias"", ""null_model"": ""markov_2"", ""observed"": -0.023398601399, ""null_mean"": -0.001231328671, ""null_std"": 0.053587141196, ""z_score"": -0.413667761191, ""empirical_p"": 0.712871287129, ""null_samples"": 100}"
C:\github\5hr-conlang\riemann_analysis\rrlang\outputs\mesu_register_v0_3_nulls100\mesu_udhr_canonical.json,mesu_register_v0_3_nulls100,,,,mesu,unknown,unknown,,,,,,,,,grapheme,698,,,consonant,Alphabetic non-vowel positions under the MVP classifier.,243,prime_gap_affinity,markov_2,0.876033057851,0.859324725523,0.020323651325,0.822112722829,0.822112722829,0.445544554455,False,"{""name"": ""prime_gap_affinity"", ""null_model"": ""markov_2"", ""observed"": 0.876033057851, ""null_mean"": 0.859324725523, ""null_std"": 0.020323651325, ""z_score"": 0.822112722829, ""empirical_p"": 0.445544554455, ""null_samples"": 100}"
C:\github\5hr-conlang\riemann_analysis\rrlang\outputs\mesu_register_v0_3_nulls100\mesu_udhr_canonical.json,mesu_register_v0_3_nulls100,,,,mesu,unknown,unknown,,,,,,,,,grapheme,698,,,consonant,Alphabetic non-vowel positions under the MVP classifier.,243,zeta_spectral_coherence,markov_2,0.000500281062,0.001155364957,0.000390413949,-1.677921335436,1.677921335436,0.089108910891,False,"{""name"": ""zeta_spectral_coherence"", ""null_model"": ""markov_2"", ""observed"": 0.000500281062, ""null_mean"": 0.001155364957, ""null_std"": 0.000390413949, ""z_score"": -1.677921335436, ""empirical_p"": 0.089108910891, ""null_samples"": 100}"
C:\github\5hr-conlang\riemann_analysis\rrlang\outputs\mesu_register_v0_3_nulls100\mesu_udhr_canonical.json,mesu_register_v0_3_nulls100,,,,mesu,unknown,unknown,,,,,,,,,grapheme,698,,,consonant,Alphabetic non-vowel positions under the MVP classifier.,243,critical_line_symmetry,markov_2,0.821801179218,0.895502086802,0.033223198288,-2.218356792301,2.218356792301,0.029702970297,False,"{""name"": ""critical_line_symmetry"", ""null_model"": ""markov_2"", ""observed"": 0.821801179218, ""null_mean"": 0.895502086802, ""null_std"": 0.033223198288, ""z_score"": -2.218356792301, ""empirical_p"": 0.029702970297, ""null_samples"": 100}"
C:\github\5hr-conlang\riemann_analysis\rrlang\outputs\mesu_register_v0_3_nulls100\mesu_udhr_canonical.json,mesu_register_v0_3_nulls100,,,,mesu,unknown,unknown,,,,,,,,,grapheme,698,,,consonant,Alphabetic non-vowel positions under the MVP classifier.,243,gap_entropy,gap_order_shuffle,1.727400626605,1.727400626605,0.0,-1.224744871392,1.224744871392,0.485148514851,,"{""name"": ""gap_entropy"", ""null_model"": ""gap_order_shuffle"", ""observed"": 1.727400626605, ""null_mean"": 1.727400626605, ""null_std"": 0.0, ""z_score"": -1.224744871392, ""empirical_p"": 0.485148514851, ""null_samples"": 100}"
C:\github\5hr-conlang\riemann_analysis\rrlang\outputs\mesu_register_v0_3_nulls100\mesu_udhr_canonical.json,mesu_register_v0_3_nulls100,,,,mesu,unknown,unknown,,,,,,,,,grapheme,698,,,consonant,Alphabetic non-vowel positions under the MVP classifier.,243,run_entropy,gap_order_shuffle,1.244878233357,1.244878233357,0.0,0.0,0.0,1.0,,"{""name"": ""run_entropy"", ""null_model"": ""gap_order_shuffle"", ""observed"": 1.244878233357, ""null_mean"": 1.244878233357, ""null_std"": 0, ""z_score"": 0, ""empirical_p"": 1, ""null_samples"": 100}"
C:\github\5hr-conlang\riemann_analysis\rrlang\outputs\mesu_register_v0_3_nulls100\mesu_udhr_canonical.json,mesu_register_v0_3_nulls100,,,,mesu,unknown,unknown,,,,,,,,,grapheme,698,,,consonant,Alphabetic non-vowel positions under the MVP classifier.,243,prime_index_occupancy_bias,gap_order_shuffle,-0.023398601399,-0.010238461538,0.047784114198,-0.275408262372,0.275408262372,0.841584158416,,"{""name"": ""prime_index_occupancy_bias"", ""null_model"": ""gap_order_shuffle"", ""observed"": -0.023398601399, ""null_mean"": -0.010238461538, ""null_std"": 0.047784114198, ""z_score"": -0.275408262372, ""empirical_p"": 0.841584158416, ""null_samples"": 100}"
C:\github\5hr-conlang\riemann_analysis\rrlang\outputs\mesu_register_v0_3_nulls100\mesu_udhr_canonical.json,mesu_register_v0_3_nulls100,,,,mesu,unknown,unknown,,,,,,,,,grapheme,698,,,consonant,Alphabetic non-vowel positions under the MVP classifier.,243,prime_gap_affinity,gap_order_shuffle,0.876033057851,0.876033057851,0.0,-0.994987437107,0.994987437107,1.0,,"{""name"": ""prime_gap_affinity"", ""null_model"": ""gap_order_shuffle"", ""observed"": 0.876033057851, ""null_mean"": 0.876033057851, ""null_std"": 0.0, ""z_score"": -0.994987437107, ""empirical_p"": 1, ""null_samples"": 100}"
C:\github\5hr-conlang\riemann_analysis\rrlang\outputs\mesu_register_v0_3_nulls100\mesu_udhr_canonical.json,mesu_register_v0_3_nulls100,,,,mesu,unknown,unknown,,,,,,,,,grapheme,698,,,consonant,Alphabetic non-vowel positions under the MVP classifier.,243,zeta_spectral_coherence,gap_order_shuffle,0.000500281062,0.001428781701,0.00042822481,-2.168255123229,2.168255123229,0.039603960396,,"{""name"": ""zeta_spectral_coherence"", ""null_model"": ""gap_order_shuffle"", ""observed"": 0.000500281062, ""null_mean"": 0.001428781701, ""null_std"": 0.00042822481, ""z_score"": -2.168255123229, ""empirical_p"": 0.039603960396, ""null_samples"": 100}"
C:\github\5hr-conlang\riemann_analysis\rrlang\outputs\mesu_register_v0_3_nulls100\mesu_udhr_canonical.json,mesu_register_v0_3_nulls100,,,,mesu,unknown,unknown,,,,,,,,,grapheme,698,,,consonant,Alphabetic non-vowel positions under the MVP classifier.,243,critical_line_symmetry,gap_order_shuffle,0.821801179218,0.918286935457,0.030896961148,-3.122823496384,3.122823496384,0.019801980198,,"{""name"": ""critical_line_symmetry"", ""null_model"": ""gap_order_shuffle"", ""observed"": 0.821801179218, ""null_mean"": 0.918286935457, ""null_std"": 0.030896961148, ""z_score"": -3.122823496384, ""empirical_p"": 0.019801980198, ""null_samples"": 100}"
C:\github\5hr-conlang\riemann_analysis\rrlang\outputs\mesu_register_v0_3_nulls100\mesu_udhr_canonical.json,mesu_register_v0_3_nulls100,,,,mesu,unknown,unknown,,,,,,,,,grapheme,698,,,whitespace,Whitespace positions.,145,event_density,observed_only,0.207736389685,,,,,,,"{""name"": ""event_density"", ""value"": 0.207736389685, ""details"": ""count(event=true) / sequence_length""}"
C:\github\5hr-conlang\riemann_analysis\rrlang\outputs\mesu_register_v0_3_nulls100\mesu_udhr_canonical.json,mesu_register_v0_3_nulls100,,,,mesu,unknown,unknown,,,,,,,,,grapheme,698,,,whitespace,Whitespace positions.,145,event_count,observed_only,145.0,,,,,,,"{""name"": ""event_count"", ""value"": 145, ""details"": ""Number of true positions in the event map.""}"
C:\github\5hr-conlang\riemann_analysis\rrlang\outputs\mesu_register_v0_3_nulls100\mesu_udhr_canonical.json,mesu_register_v0_3_nulls100,,,,mesu,unknown,unknown,,,,,,,,,grapheme,698,,,whitespace,Whitespace positions.,145,sequence_length,observed_only,698.0,,,,,,,"{""name"": ""sequence_length"", ""value"": 698, ""details"": ""Number of positions in the event map.""}"
C:\github\5hr-conlang\riemann_analysis\rrlang\outputs\mesu_register_v0_3_nulls100\mesu_udhr_canonical.json,mesu_register_v0_3_nulls100,,,,mesu,unknown,unknown,,,,,,,,,grapheme,698,,,whitespace,Whitespace positions.,145,modular_residue_peak_m_2,observed_only,0.524137931034,,,,,,,"{""name"": ""modular_residue_peak_m_2"", ""value"": 0.524137931034, ""details"": ""Largest event-position residue fraction modulo 2.""}"
C:\github\5hr-conlang\riemann_analysis\rrlang\outputs\mesu_register_v0_3_nulls100\mesu_udhr_canonical.json,mesu_register_v0_3_nulls100,,,,mesu,unknown,unknown,,,,,,,,,grapheme,698,,,whitespace,Whitespace positions.,145,modular_residue_peak_m_3,observed_only,0.379310344828,,,,,,,"{""name"": ""modular_residue_peak_m_3"", ""value"": 0.379310344828, ""details"": ""Largest event-position residue fraction modulo 3.""}"
C:\github\5hr-conlang\riemann_analysis\rrlang\outputs\mesu_register_v0_3_nulls100\mesu_udhr_canonical.json,mesu_register_v0_3_nulls100,,,,mesu,unknown,unknown,,,,,,,,,grapheme,698,,,whitespace,Whitespace positions.,145,modular_residue_peak_m_5,observed_only,0.268965517241,,,,,,,"{""name"": ""modular_residue_peak_m_5"", ""value"": 0.268965517241, ""details"": ""Largest event-position residue fraction modulo 5.""}"
C:\github\5hr-conlang\riemann_analysis\rrlang\outputs\mesu_register_v0_3_nulls100\mesu_udhr_canonical.json,mesu_register_v0_3_nulls100,,,,mesu,unknown,unknown,,,,,,,,,grapheme,698,,,whitespace,Whitespace positions.,145,modular_residue_peak_m_7,observed_only,0.206896551724,,,,,,,"{""name"": ""modular_residue_peak_m_7"", ""value"": 0.206896551724, ""details"": ""Largest event-position residue fraction modulo 7.""}"
C:\github\5hr-conlang\riemann_analysis\rrlang\outputs\mesu_register_v0_3_nulls100\mesu_udhr_canonical.json,mesu_register_v0_3_nulls100,,,,mesu,unknown,unknown,,,,,,,,,grapheme,698,,,whitespace,Whitespace positions.,145,gap_entropy,density_shuffle,2.889813988368,3.415553931205,0.036973184537,-14.219493111469,14.219493111469,0.009900990099,,"{""name"": ""gap_entropy"", ""null_model"": ""density_shuffle"", ""observed"": 2.889813988368, ""null_mean"": 3.415553931205, ""null_std"": 0.036973184537, ""z_score"": -14.219493111469, ""empirical_p"": 0.009900990099, ""null_samples"": 100}"
C:\github\5hr-conlang\riemann_analysis\rrlang\outputs\mesu_register_v0_3_nulls100\mesu_udhr_canonical.json,mesu_register_v0_3_nulls100,,,,mesu,unknown,unknown,,,,,,,,,grapheme,698,,,whitespace,Whitespace positions.,145,run_entropy,density_shuffle,1.999324889878,2.547220743453,0.079807155388,-6.865247243912,6.865247243912,0.009900990099,,"{""name"": ""run_entropy"", ""null_model"": ""density_shuffle"", ""observed"": 1.999324889878, ""null_mean"": 2.547220743453, ""null_std"": 0.079807155388, ""z_score"": -6.865247243912, ""empirical_p"": 0.009900990099, ""null_samples"": 100}"
C:\github\5hr-conlang\riemann_analysis\rrlang\outputs\mesu_register_v0_3_nulls100\mesu_udhr_canonical.json,mesu_register_v0_3_nulls100,,,,mesu,unknown,unknown,,,,,,,,,grapheme,698,,,whitespace,Whitespace positions.,145,prime_index_occupancy_bias,density_shuffle,-0.019538461538,0.001087552448,0.034960258153,-0.589984601817,0.589984601817,0.534653465347,,"{""name"": ""prime_index_occupancy_bias"", ""null_model"": ""density_shuffle"", ""observed"": -0.019538461538, ""null_mean"": 0.001087552448, ""null_std"": 0.034960258153, ""z_score"": -0.589984601817, ""empirical_p"": 0.534653465347, ""null_samples"": 100}"
C:\github\5hr-conlang\riemann_analysis\rrlang\outputs\mesu_register_v0_3_nulls100\mesu_udhr_canonical.json,mesu_register_v0_3_nulls100,,,,mesu,unknown,unknown,,,,,,,,,grapheme,698,,,whitespace,Whitespace positions.,145,prime_gap_affinity,density_shuffle,0.618055555556,0.473055555556,0.041833280794,3.466139811384,3.466139811384,0.009900990099,,"{""name"": ""prime_gap_affinity"", ""null_model"": ""density_shuffle"", ""observed"": 0.618055555556, ""null_mean"": 0.473055555556, ""null_std"": 0.041833280794, ""z_score"": 3.466139811384, ""empirical_p"": 0.009900990099, ""null_samples"": 100}"
C:\github\5hr-conlang\riemann_analysis\rrlang\outputs\mesu_register_v0_3_nulls100\mesu_udhr_canonical.json,mesu_register_v0_3_nulls100,,,,mesu,unknown,unknown,,,,,,,,,grapheme,698,,,whitespace,Whitespace positions.,145,zeta_spectral_coherence,density_shuffle,0.000233206974,0.00155908255,0.000656123227,-2.020772198719,2.020772198719,0.059405940594,,"{""name"": ""zeta_spectral_coherence"", ""null_model"": ""density_shuffle"", ""observed"": 0.000233206974, ""null_mean"": 0.00155908255, ""null_std"": 0.000656123227, ""z_score"": -2.020772198719, ""empirical_p"": 0.059405940594, ""null_samples"": 100}"
C:\github\5hr-conlang\riemann_analysis\rrlang\outputs\mesu_register_v0_3_nulls100\mesu_udhr_canonical.json,mesu_register_v0_3_nulls100,,,,mesu,unknown,unknown,,,,,,,,,grapheme,698,,,whitespace,Whitespace positions.,145,critical_line_symmetry,density_shuffle,0.784969670042,0.831180822735,0.046061729512,-1.003243976786,1.003243976786,0.366336633663,,"{""name"": ""critical_line_symmetry"", ""null_model"": ""density_shuffle"", ""observed"": 0.784969670042, ""null_mean"": 0.831180822735, ""null_std"": 0.046061729512, ""z_score"": -1.003243976786, ""empirical_p"": 0.366336633663, ""null_samples"": 100}"
C:\github\5hr-conlang\riemann_analysis\rrlang\outputs\mesu_register_v0_3_nulls100\mesu_udhr_canonical.json,mesu_register_v0_3_nulls100,,,,mesu,unknown,unknown,,,,,,,,,grapheme,698,,,whitespace,Whitespace positions.,145,gap_entropy,markov_1,2.889813988368,3.061164519802,0.108456234987,-1.579904847833,1.579904847833,0.089108910891,,"{""name"": ""gap_entropy"", ""null_model"": ""markov_1"", ""observed"": 2.889813988368, ""null_mean"": 3.061164519802, ""null_std"": 0.108456234987, ""z_score"": -1.579904847833, ""empirical_p"": 0.089108910891, ""null_samples"": 100}"
C:\github\5hr-conlang\riemann_analysis\rrlang\outputs\mesu_register_v0_3_nulls100\mesu_udhr_canonical.json,mesu_register_v0_3_nulls100,,,,mesu,unknown,unknown,,,,,,,,,grapheme,698,,,whitespace,Whitespace positions.,145,run_entropy,markov_1,1.999324889878,2.078880201441,0.085839631034,-0.926789999035,0.926789999035,0.386138613861,,"{""name"": ""run_entropy"", ""null_model"": ""markov_1"", ""observed"": 1.999324889878, ""null_mean"": 2.078880201441, ""null_std"": 0.085839631034, ""z_score"": -0.926789999035, ""empirical_p"": 0.386138613861, ""null_samples"": 100}"
C:\github\5hr-conlang\riemann_analysis\rrlang\outputs\mesu_register_v0_3_nulls100\mesu_udhr_canonical.json,mesu_register_v0_3_nulls100,,,,mesu,unknown,unknown,,,,,,,,,grapheme,698,,,whitespace,Whitespace positions.,145,prime_index_occupancy_bias,markov_1,-0.019538461538,-0.001822097902,0.044224385278,-0.400601693499,0.400601693499,0.712871287129,,"{""name"": ""prime_index_occupancy_bias"", ""null_model"": ""markov_1"", ""observed"": -0.019538461538, ""null_mean"": -0.001822097902, ""null_std"": 0.044224385278, ""z_score"": -0.400601693499, ""empirical_p"": 0.712871287129, ""null_samples"": 100}"
C:\github\5hr-conlang\riemann_analysis\rrlang\outputs\mesu_register_v0_3_nulls100\mesu_udhr_canonical.json,mesu_register_v0_3_nulls100,,,,mesu,unknown,unknown,,,,,,,,,grapheme,698,,,whitespace,Whitespace positions.,145,prime_gap_affinity,markov_1,0.618055555556,0.643235816508,0.046639515402,-0.539891135997,0.539891135997,0.653465346535,,"{""name"": ""prime_gap_affinity"", ""null_model"": ""markov_1"", ""observed"": 0.618055555556, ""null_mean"": 0.643235816508, ""null_std"": 0.046639515402, ""z_score"": -0.539891135997, ""empirical_p"": 0.653465346535, ""null_samples"": 100}"
C:\github\5hr-conlang\riemann_analysis\rrlang\outputs\mesu_register_v0_3_nulls100\mesu_udhr_canonical.json,mesu_register_v0_3_nulls100,,,,mesu,unknown,unknown,,,,,,,,,grapheme,698,,,whitespace,Whitespace positions.,145,zeta_spectral_coherence,markov_1,0.000233206974,0.00133353367,0.000597576527,-1.841315120648,1.841315120648,0.079207920792,,"{""name"": ""zeta_spectral_coherence"", ""null_model"": ""markov_1"", ""observed"": 0.000233206974, ""null_mean"": 0.00133353367, ""null_std"": 0.000597576527, ""z_score"": -1.841315120648, ""empirical_p"": 0.079207920792, ""null_samples"": 100}"
C:\github\5hr-conlang\riemann_analysis\rrlang\outputs\mesu_register_v0_3_nulls100\mesu_udhr_canonical.json,mesu_register_v0_3_nulls100,,,,mesu,unknown,unknown,,,,,,,,,grapheme,698,,,whitespace,Whitespace positions.,145,critical_line_symmetry,markov_1,0.784969670042,0.857892720701,0.042813601463,-1.703268311187,1.703268311187,0.108910891089,,"{""name"": ""critical_line_symmetry"", ""null_model"": ""markov_1"", ""observed"": 0.784969670042, ""null_mean"": 0.857892720701, ""null_std"": 0.042813601463, ""z_score"": -1.703268311187, ""empirical_p"": 0.108910891089, ""null_samples"": 100}"
C:\github\5hr-conlang\riemann_analysis\rrlang\outputs\mesu_register_v0_3_nulls100\mesu_udhr_canonical.json,mesu_register_v0_3_nulls100,,,,mesu,unknown,unknown,,,,,,,,,grapheme,698,,,whitespace,Whitespace positions.,145,gap_entropy,markov_2,2.889813988368,3.057639862023,0.102554085489,-1.63646209563,1.63646209563,0.108910891089,False,"{""name"": ""gap_entropy"", ""null_model"": ""markov_2"", ""observed"": 2.889813988368, ""null_mean"": 3.057639862023, ""null_std"": 0.102554085489, ""z_score"": -1.63646209563, ""empirical_p"": 0.108910891089, ""null_samples"": 100}"
C:\github\5hr-conlang\riemann_analysis\rrlang\outputs\mesu_register_v0_3_nulls100\mesu_udhr_canonical.json,mesu_register_v0_3_nulls100,,,,mesu,unknown,unknown,,,,,,,,,grapheme,698,,,whitespace,Whitespace positions.,145,run_entropy,markov_2,1.999324889878,2.07508716991,0.072797280475,-1.040729537392,1.040729537392,0.326732673267,False,"{""name"": ""run_entropy"", ""null_model"": ""markov_2"", ""observed"": 1.999324889878, ""null_mean"": 2.07508716991, ""null_std"": 0.072797280475, ""z_score"": -1.040729537392, ""empirical_p"": 0.326732673267, ""null_samples"": 100}"
C:\github\5hr-conlang\riemann_analysis\rrlang\outputs\mesu_register_v0_3_nulls100\mesu_udhr_canonical.json,mesu_register_v0_3_nulls100,,,,mesu,unknown,unknown,,,,,,,,,grapheme,698,,,whitespace,Whitespace positions.,145,prime_index_occupancy_bias,markov_2,-0.019538461538,0.004955104895,0.037471024822,-0.653666841236,0.653666841236,0.584158415842,False,"{""name"": ""prime_index_occupancy_bias"", ""null_model"": ""markov_2"", ""observed"": -0.019538461538, ""null_mean"": 0.004955104895, ""null_std"": 0.037471024822, ""z_score"": -0.653666841236, ""empirical_p"": 0.584158415842, ""null_samples"": 100}"
C:\github\5hr-conlang\riemann_analysis\rrlang\outputs\mesu_register_v0_3_nulls100\mesu_udhr_canonical.json,mesu_register_v0_3_nulls100,,,,mesu,unknown,unknown,,,,,,,,,grapheme,698,,,whitespace,Whitespace positions.,145,prime_gap_affinity,markov_2,0.618055555556,0.649851701928,0.035718128733,-0.890196309277,0.890196309277,0.376237623762,False,"{""name"": ""prime_gap_affinity"", ""null_model"": ""markov_2"", ""observed"": 0.618055555556, ""null_mean"": 0.649851701928, ""null_std"": 0.035718128733, ""z_score"": -0.890196309277, ""empirical_p"": 0.376237623762, ""null_samples"": 100}"
C:\github\5hr-conlang\riemann_analysis\rrlang\outputs\mesu_register_v0_3_nulls100\mesu_udhr_canonical.json,mesu_register_v0_3_nulls100,,,,mesu,unknown,unknown,,,,,,,,,grapheme,698,,,whitespace,Whitespace positions.,145,zeta_spectral_coherence,markov_2,0.000233206974,0.001225371717,0.000569211055,-1.743052481437,1.743052481437,0.059405940594,False,"{""name"": ""zeta_spectral_coherence"", ""null_model"": ""markov_2"", ""observed"": 0.000233206974, ""null_mean"": 0.001225371717, ""null_std"": 0.000569211055, ""z_score"": -1.743052481437, ""empirical_p"": 0.059405940594, ""null_samples"": 100}"
C:\github\5hr-conlang\riemann_analysis\rrlang\outputs\mesu_register_v0_3_nulls100\mesu_udhr_canonical.json,mesu_register_v0_3_nulls100,,,,mesu,unknown,unknown,,,,,,,,,grapheme,698,,,whitespace,Whitespace positions.,145,critical_line_symmetry,markov_2,0.784969670042,0.856891097501,0.044621893209,-1.611796862204,1.611796862204,0.128712871287,False,"{""name"": ""critical_line_symmetry"", ""null_model"": ""markov_2"", ""observed"": 0.784969670042, ""null_mean"": 0.856891097501, ""null_std"": 0.044621893209, ""z_score"": -1.611796862204, ""empirical_p"": 0.128712871287, ""null_samples"": 100}"
C:\github\5hr-conlang\riemann_analysis\rrlang\outputs\mesu_register_v0_3_nulls100\mesu_udhr_canonical.json,mesu_register_v0_3_nulls100,,,,mesu,unknown,unknown,,,,,,,,,grapheme,698,,,whitespace,Whitespace positions.,145,gap_entropy,gap_order_shuffle,2.889813988368,2.889813988368,0.0,-0.974624743269,0.974624743269,1.0,,"{""name"": ""gap_entropy"", ""null_model"": ""gap_order_shuffle"", ""observed"": 2.889813988368, ""null_mean"": 2.889813988368, ""null_std"": 0.0, ""z_score"": -0.974624743269, ""empirical_p"": 1, ""null_samples"": 100}"
C:\github\5hr-conlang\riemann_analysis\rrlang\outputs\mesu_register_v0_3_nulls100\mesu_udhr_canonical.json,mesu_register_v0_3_nulls100,,,,mesu,unknown,unknown,,,,,,,,,grapheme,698,,,whitespace,Whitespace positions.,145,run_entropy,gap_order_shuffle,1.999324889878,1.999324889878,0.0,1.008571357974,1.008571357974,0.623762376238,,"{""name"": ""run_entropy"", ""null_model"": ""gap_order_shuffle"", ""observed"": 1.999324889878, ""null_mean"": 1.999324889878, ""null_std"": 0.0, ""z_score"": 1.008571357974, ""empirical_p"": 0.623762376238, ""null_samples"": 100}"
C:\github\5hr-conlang\riemann_analysis\rrlang\outputs\mesu_register_v0_3_nulls100\mesu_udhr_canonical.json,mesu_register_v0_3_nulls100,,,,mesu,unknown,unknown,,,,,,,,,grapheme,698,,,whitespace,Whitespace positions.,145,prime_index_occupancy_bias,gap_order_shuffle,-0.019538461538,-0.001211748252,0.042846630401,-0.427728227754,0.427728227754,0.732673267327,,"{""name"": ""prime_index_occupancy_bias"", ""null_model"": ""gap_order_shuffle"", ""observed"": -0.019538461538, ""null_mean"": -0.001211748252, ""null_std"": 0.042846630401, ""z_score"": -0.427728227754, ""empirical_p"": 0.732673267327, ""null_samples"": 100}"
C:\github\5hr-conlang\riemann_analysis\rrlang\outputs\mesu_register_v0_3_nulls100\mesu_udhr_canonical.json,mesu_register_v0_3_nulls100,,,,mesu,unknown,unknown,,,,,,,,,grapheme,698,,,whitespace,Whitespace positions.,145,prime_gap_affinity,gap_order_shuffle,0.618055555556,0.618055555556,0.0,-0.994987437107,0.994987437107,1.0,,"{""name"": ""prime_gap_affinity"", ""null_model"": ""gap_order_shuffle"", ""observed"": 0.618055555556, ""null_mean"": 0.618055555556, ""null_std"": 0.0, ""z_score"": -0.994987437107, ""empirical_p"": 1, ""null_samples"": 100}"
C:\github\5hr-conlang\riemann_analysis\rrlang\outputs\mesu_register_v0_3_nulls100\mesu_udhr_canonical.json,mesu_register_v0_3_nulls100,,,,mesu,unknown,unknown,,,,,,,,,grapheme,698,,,whitespace,Whitespace positions.,145,zeta_spectral_coherence,gap_order_shuffle,0.000233206974,0.000782964778,0.00021572196,-2.548455449146,2.548455449146,0.019801980198,,"{""name"": ""zeta_spectral_coherence"", ""null_model"": ""gap_order_shuffle"", ""observed"": 0.000233206974, ""null_mean"": 0.000782964778, ""null_std"": 0.00021572196, ""z_score"": -2.548455449146, ""empirical_p"": 0.019801980198, ""null_samples"": 100}"
C:\github\5hr-conlang\riemann_analysis\rrlang\outputs\mesu_register_v0_3_nulls100\mesu_udhr_canonical.json,mesu_register_v0_3_nulls100,,,,mesu,unknown,unknown,,,,,,,,,grapheme,698,,,whitespace,Whitespace positions.,145,critical_line_symmetry,gap_order_shuffle,0.784969670042,0.826999993183,0.034301495208,-1.225320438246,1.225320438246,0.207920792079,,"{""name"": ""critical_line_symmetry"", ""null_model"": ""gap_order_shuffle"", ""observed"": 0.784969670042, ""null_mean"": 0.826999993183, ""null_std"": 0.034301495208, ""z_score"": -1.225320438246, ""empirical_p"": 0.207920792079, ""null_samples"": 100}"
C:\github\5hr-conlang\riemann_analysis\rrlang\outputs\mesu_register_v0_3_nulls100\mesu_udhr_canonical.json,mesu_register_v0_3_nulls100,,,,mesu,unknown,unknown,,,,,,,,,grapheme,698,,,punctuation,Punctuation positions under the declared punctuation/hyphen policies.,93,event_density,observed_only,0.13323782235,,,,,,,"{""name"": ""event_density"", ""value"": 0.13323782235, ""details"": ""count(event=true) / sequence_length""}"
C:\github\5hr-conlang\riemann_analysis\rrlang\outputs\mesu_register_v0_3_nulls100\mesu_udhr_canonical.json,mesu_register_v0_3_nulls100,,,,mesu,unknown,unknown,,,,,,,,,grapheme,698,,,punctuation,Punctuation positions under the declared punctuation/hyphen policies.,93,event_count,observed_only,93.0,,,,,,,"{""name"": ""event_count"", ""value"": 93, ""details"": ""Number of true positions in the event map.""}"
C:\github\5hr-conlang\riemann_analysis\rrlang\outputs\mesu_register_v0_3_nulls100\mesu_udhr_canonical.json,mesu_register_v0_3_nulls100,,,,mesu,unknown,unknown,,,,,,,,,grapheme,698,,,punctuation,Punctuation positions under the declared punctuation/hyphen policies.,93,sequence_length,observed_only,698.0,,,,,,,"{""name"": ""sequence_length"", ""value"": 698, ""details"": ""Number of positions in the event map.""}"
C:\github\5hr-conlang\riemann_analysis\rrlang\outputs\mesu_register_v0_3_nulls100\mesu_udhr_canonical.json,mesu_register_v0_3_nulls100,,,,mesu,unknown,unknown,,,,,,,,,grapheme,698,,,punctuation,Punctuation positions under the declared punctuation/hyphen policies.,93,modular_residue_peak_m_2,observed_only,0.537634408602,,,,,,,"{""name"": ""modular_residue_peak_m_2"", ""value"": 0.537634408602, ""details"": ""Largest event-position residue fraction modulo 2.""}"
C:\github\5hr-conlang\riemann_analysis\rrlang\outputs\mesu_register_v0_3_nulls100\mesu_udhr_canonical.json,mesu_register_v0_3_nulls100,,,,mesu,unknown,unknown,,,,,,,,,grapheme,698,,,punctuation,Punctuation positions under the declared punctuation/hyphen policies.,93,modular_residue_peak_m_3,observed_only,0.462365591398,,,,,,,"{""name"": ""modular_residue_peak_m_3"", ""value"": 0.462365591398, ""details"": ""Largest event-position residue fraction modulo 3.""}"
C:\github\5hr-conlang\riemann_analysis\rrlang\outputs\mesu_register_v0_3_nulls100\mesu_udhr_canonical.json,mesu_register_v0_3_nulls100,,,,mesu,unknown,unknown,,,,,,,,,grapheme,698,,,punctuation,Punctuation positions under the declared punctuation/hyphen policies.,93,modular_residue_peak_m_5,observed_only,0.268817204301,,,,,,,"{""name"": ""modular_residue_peak_m_5"", ""value"": 0.268817204301, ""details"": ""Largest event-position residue fraction modulo 5.""}"
C:\github\5hr-conlang\riemann_analysis\rrlang\outputs\mesu_register_v0_3_nulls100\mesu_udhr_canonical.json,mesu_register_v0_3_nulls100,,,,mesu,unknown,unknown,,,,,,,,,grapheme,698,,,punctuation,Punctuation positions under the declared punctuation/hyphen policies.,93,modular_residue_peak_m_7,observed_only,0.172043010753,,,,,,,"{""name"": ""modular_residue_peak_m_7"", ""value"": 0.172043010753, ""details"": ""Largest event-position residue fraction modulo 7.""}"
C:\github\5hr-conlang\riemann_analysis\rrlang\outputs\mesu_register_v0_3_nulls100\mesu_udhr_canonical.json,mesu_register_v0_3_nulls100,,,,mesu,unknown,unknown,,,,,,,,,grapheme,698,,,punctuation,Punctuation positions under the declared punctuation/hyphen policies.,93,gap_entropy,density_shuffle,3.298906624531,3.963469722013,0.064634876326,-10.281803497769,10.281803497769,0.009900990099,,"{""name"": ""gap_entropy"", ""null_model"": ""density_shuffle"", ""observed"": 3.298906624531, ""null_mean"": 3.963469722013, ""null_std"": 0.064634876326, ""z_score"": -10.281803497769, ""empirical_p"": 0.009900990099, ""null_samples"": 100}"
C:\github\5hr-conlang\riemann_analysis\rrlang\outputs\mesu_register_v0_3_nulls100\mesu_udhr_canonical.json,mesu_register_v0_3_nulls100,,,,mesu,unknown,unknown,,,,,,,,,grapheme,698,,,punctuation,Punctuation positions under the declared punctuation/hyphen policies.,93,run_entropy,density_shuffle,2.647243616158,2.873039838285,0.087719702375,-2.574065073334,2.574065073334,0.019801980198,,"{""name"": ""run_entropy"", ""null_model"": ""density_shuffle"", ""observed"": 2.647243616158, ""null_mean"": 2.873039838285, ""null_std"": 0.087719702375, ""z_score"": -2.574065073334, ""empirical_p"": 0.019801980198, ""null_samples"": 100}"
C:\github\5hr-conlang\riemann_analysis\rrlang\outputs\mesu_register_v0_3_nulls100\mesu_udhr_canonical.json,mesu_register_v0_3_nulls100,,,,mesu,unknown,unknown,,,,,,,,,grapheme,698,,,punctuation,Punctuation positions under the declared punctuation/hyphen policies.,93,prime_index_occupancy_bias,density_shuffle,-0.016363636364,0.00228041958,0.038257381441,-0.48733225437,0.48733225437,0.693069306931,,"{""name"": ""prime_index_occupancy_bias"", ""null_model"": ""density_shuffle"", ""observed"": -0.016363636364, ""null_mean"": 0.00228041958, ""null_std"": 0.038257381441, ""z_score"": -0.48733225437, ""empirical_p"": 0.693069306931, ""null_samples"": 100}"
C:\github\5hr-conlang\riemann_analysis\rrlang\outputs\mesu_register_v0_3_nulls100\mesu_udhr_canonical.json,mesu_register_v0_3_nulls100,,,,mesu,unknown,unknown,,,,,,,,,grapheme,698,,,punctuation,Punctuation positions under the declared punctuation/hyphen policies.,93,prime_gap_affinity,density_shuffle,0.54347826087,0.439891304348,0.053371891852,1.940852252527,1.940852252527,0.09900990099,,"{""name"": ""prime_gap_affinity"", ""null_model"": ""density_shuffle"", ""observed"": 0.54347826087, ""null_mean"": 0.439891304348, ""null_std"": 0.053371891852, ""z_score"": 1.940852252527, ""empirical_p"": 0.09900990099, ""null_samples"": 100}"
C:\github\5hr-conlang\riemann_analysis\rrlang\outputs\mesu_register_v0_3_nulls100\mesu_udhr_canonical.json,mesu_register_v0_3_nulls100,,,,mesu,unknown,unknown,,,,,,,,,grapheme,698,,,punctuation,Punctuation positions under the declared punctuation/hyphen policies.,93,zeta_spectral_coherence,density_shuffle,0.000645630553,0.001165484439,0.000540674689,-0.961491071785,0.961491071785,0.277227722772,,"{""name"": ""zeta_spectral_coherence"", ""null_model"": ""density_shuffle"", ""observed"": 0.000645630553, ""null_mean"": 0.001165484439, ""null_std"": 0.000540674689, ""z_score"": -0.961491071785, ""empirical_p"": 0.277227722772, ""null_samples"": 100}"
C:\github\5hr-conlang\riemann_analysis\rrlang\outputs\mesu_register_v0_3_nulls100\mesu_udhr_canonical.json,mesu_register_v0_3_nulls100,,,,mesu,unknown,unknown,,,,,,,,,grapheme,698,,,punctuation,Punctuation positions under the declared punctuation/hyphen policies.,93,critical_line_symmetry,density_shuffle,0.904685561423,0.836716501541,0.042414799547,1.602484524441,1.602484524441,0.09900990099,,"{""name"": ""critical_line_symmetry"", ""null_model"": ""density_shuffle"", ""observed"": 0.904685561423, ""null_mean"": 0.836716501541, ""null_std"": 0.042414799547, ""z_score"": 1.602484524441, ""empirical_p"": 0.09900990099, ""null_samples"": 100}"
C:\github\5hr-conlang\riemann_analysis\rrlang\outputs\mesu_register_v0_3_nulls100\mesu_udhr_canonical.json,mesu_register_v0_3_nulls100,,,,mesu,unknown,unknown,,,,,,,,,grapheme,698,,,punctuation,Punctuation positions under the declared punctuation/hyphen policies.,93,gap_entropy,markov_1,3.298906624531,3.779097924801,0.115640418747,-4.152452105168,4.152452105168,0.009900990099,,"{""name"": ""gap_entropy"", ""null_model"": ""markov_1"", ""observed"": 3.298906624531, ""null_mean"": 3.779097924801, ""null_std"": 0.115640418747, ""z_score"": -4.152452105168, ""empirical_p"": 0.009900990099, ""null_samples"": 100}"
C:\github\5hr-conlang\riemann_analysis\rrlang\outputs\mesu_register_v0_3_nulls100\mesu_udhr_canonical.json,mesu_register_v0_3_nulls100,,,,mesu,unknown,unknown,,,,,,,,,grapheme,698,,,punctuation,Punctuation positions under the declared punctuation/hyphen policies.,93,run_entropy,markov_1,2.647243616158,2.574221308058,0.082029589921,0.890194723289,0.890194723289,0.415841584158,,"{""name"": ""run_entropy"", ""null_model"": ""markov_1"", ""observed"": 2.647243616158, ""null_mean"": 2.574221308058, ""null_std"": 0.082029589921, ""z_score"": 0.890194723289, ""empirical_p"": 0.415841584158, ""null_samples"": 100}"
C:\github\5hr-conlang\riemann_analysis\rrlang\outputs\mesu_register_v0_3_nulls100\mesu_udhr_canonical.json,mesu_register_v0_3_nulls100,,,,mesu,unknown,unknown,,,,,,,,,grapheme,698,,,punctuation,Punctuation positions under the declared punctuation/hyphen policies.,93,prime_index_occupancy_bias,markov_1,-0.016363636364,0.004966993007,0.037358396428,-0.570972831018,0.570972831018,0.524752475248,,"{""name"": ""prime_index_occupancy_bias"", ""null_model"": ""markov_1"", ""observed"": -0.016363636364, ""null_mean"": 0.004966993007, ""null_std"": 0.037358396428, ""z_score"": -0.570972831018, ""empirical_p"": 0.524752475248, ""null_samples"": 100}"
C:\github\5hr-conlang\riemann_analysis\rrlang\outputs\mesu_register_v0_3_nulls100\mesu_udhr_canonical.json,mesu_register_v0_3_nulls100,,,,mesu,unknown,unknown,,,,,,,,,grapheme,698,,,punctuation,Punctuation positions under the declared punctuation/hyphen policies.,93,prime_gap_affinity,markov_1,0.54347826087,0.535558578172,0.045065022498,0.175739015719,0.175739015719,0.841584158416,,"{""name"": ""prime_gap_affinity"", ""null_model"": ""markov_1"", ""observed"": 0.54347826087, ""null_mean"": 0.535558578172, ""null_std"": 0.045065022498, ""z_score"": 0.175739015719, ""empirical_p"": 0.841584158416, ""null_samples"": 100}"
C:\github\5hr-conlang\riemann_analysis\rrlang\outputs\mesu_register_v0_3_nulls100\mesu_udhr_canonical.json,mesu_register_v0_3_nulls100,,,,mesu,unknown,unknown,,,,,,,,,grapheme,698,,,punctuation,Punctuation positions under the declared punctuation/hyphen policies.,93,zeta_spectral_coherence,markov_1,0.000645630553,0.00097754414,0.000505295241,-0.656870598276,0.656870598276,0.50495049505,,"{""name"": ""zeta_spectral_coherence"", ""null_model"": ""markov_1"", ""observed"": 0.000645630553, ""null_mean"": 0.00097754414, ""null_std"": 0.000505295241, ""z_score"": -0.656870598276, ""empirical_p"": 0.50495049505, ""null_samples"": 100}"
C:\github\5hr-conlang\riemann_analysis\rrlang\outputs\mesu_register_v0_3_nulls100\mesu_udhr_canonical.json,mesu_register_v0_3_nulls100,,,,mesu,unknown,unknown,,,,,,,,,grapheme,698,,,punctuation,Punctuation positions under the declared punctuation/hyphen policies.,93,critical_line_symmetry,markov_1,0.904685561423,0.839877801344,0.046086440317,1.406221865544,1.406221865544,0.158415841584,,"{""name"": ""critical_line_symmetry"", ""null_model"": ""markov_1"", ""observed"": 0.904685561423, ""null_mean"": 0.839877801344, ""null_std"": 0.046086440317, ""z_score"": 1.406221865544, ""empirical_p"": 0.158415841584, ""null_samples"": 100}"
C:\github\5hr-conlang\riemann_analysis\rrlang\outputs\mesu_register_v0_3_nulls100\mesu_udhr_canonical.json,mesu_register_v0_3_nulls100,,,,mesu,unknown,unknown,,,,,,,,,grapheme,698,,,punctuation,Punctuation positions under the declared punctuation/hyphen policies.,93,gap_entropy,markov_2,3.298906624531,3.547984117301,0.123821053408,-2.011592422408,2.011592422408,0.059405940594,False,"{""name"": ""gap_entropy"", ""null_model"": ""markov_2"", ""observed"": 3.298906624531, ""null_mean"": 3.547984117301, ""null_std"": 0.123821053408, ""z_score"": -2.011592422408, ""empirical_p"": 0.059405940594, ""null_samples"": 100}"
C:\github\5hr-conlang\riemann_analysis\rrlang\outputs\mesu_register_v0_3_nulls100\mesu_udhr_canonical.json,mesu_register_v0_3_nulls100,,,,mesu,unknown,unknown,,,,,,,,,grapheme,698,,,punctuation,Punctuation positions under the declared punctuation/hyphen policies.,93,run_entropy,markov_2,2.647243616158,2.77676626095,0.062092010915,-2.085979224755,2.085979224755,0.059405940594,False,"{""name"": ""run_entropy"", ""null_model"": ""markov_2"", ""observed"": 2.647243616158, ""null_mean"": 2.77676626095, ""null_std"": 0.062092010915, ""z_score"": -2.085979224755, ""empirical_p"": 0.059405940594, ""null_samples"": 100}"
C:\github\5hr-conlang\riemann_analysis\rrlang\outputs\mesu_register_v0_3_nulls100\mesu_udhr_canonical.json,mesu_register_v0_3_nulls100,,,,mesu,unknown,unknown,,,,,,,,,grapheme,698,,,punctuation,Punctuation positions under the declared punctuation/hyphen policies.,93,prime_index_occupancy_bias,markov_2,-0.016363636364,-0.001684055944,0.031986876968,-0.458925090885,0.458925090885,0.643564356436,False,"{""name"": ""prime_index_occupancy_bias"", ""null_model"": ""markov_2"", ""observed"": -0.016363636364, ""null_mean"": -0.001684055944, ""null_std"": 0.031986876968, ""z_score"": -0.458925090885, ""empirical_p"": 0.643564356436, ""null_samples"": 100}"
C:\github\5hr-conlang\riemann_analysis\rrlang\outputs\mesu_register_v0_3_nulls100\mesu_udhr_canonical.json,mesu_register_v0_3_nulls100,,,,mesu,unknown,unknown,,,,,,,,,grapheme,698,,,punctuation,Punctuation positions under the declared punctuation/hyphen policies.,93,prime_gap_affinity,markov_2,0.54347826087,0.466385934032,0.050749999638,1.519060638178,1.519060638178,0.168316831683,False,"{""name"": ""prime_gap_affinity"", ""null_model"": ""markov_2"", ""observed"": 0.54347826087, ""null_mean"": 0.466385934032, ""null_std"": 0.050749999638, ""z_score"": 1.519060638178, ""empirical_p"": 0.168316831683, ""null_samples"": 100}"
C:\github\5hr-conlang\riemann_analysis\rrlang\outputs\mesu_register_v0_3_nulls100\mesu_udhr_canonical.json,mesu_register_v0_3_nulls100,,,,mesu,unknown,unknown,,,,,,,,,grapheme,698,,,punctuation,Punctuation positions under the declared punctuation/hyphen policies.,93,zeta_spectral_coherence,markov_2,0.000645630553,0.00082653831,0.000443664629,-0.407757899307,0.407757899307,0.673267326733,False,"{""name"": ""zeta_spectral_coherence"", ""null_model"": ""markov_2"", ""observed"": 0.000645630553, ""null_mean"": 0.00082653831, ""null_std"": 0.000443664629, ""z_score"": -0.407757899307, ""empirical_p"": 0.673267326733, ""null_samples"": 100}"
C:\github\5hr-conlang\riemann_analysis\rrlang\outputs\mesu_register_v0_3_nulls100\mesu_udhr_canonical.json,mesu_register_v0_3_nulls100,,,,mesu,unknown,unknown,,,,,,,,,grapheme,698,,,punctuation,Punctuation positions under the declared punctuation/hyphen policies.,93,critical_line_symmetry,markov_2,0.904685561423,0.853804301128,0.048646754433,1.045933297878,1.045933297878,0.316831683168,False,"{""name"": ""critical_line_symmetry"", ""null_model"": ""markov_2"", ""observed"": 0.904685561423, ""null_mean"": 0.853804301128, ""null_std"": 0.048646754433, ""z_score"": 1.045933297878, ""empirical_p"": 0.316831683168, ""null_samples"": 100}"
C:\github\5hr-conlang\riemann_analysis\rrlang\outputs\mesu_register_v0_3_nulls100\mesu_udhr_canonical.json,mesu_register_v0_3_nulls100,,,,mesu,unknown,unknown,,,,,,,,,grapheme,698,,,punctuation,Punctuation positions under the declared punctuation/hyphen policies.,93,gap_entropy,gap_order_shuffle,3.298906624531,3.298906624531,0.0,-0.864033305198,0.864033305198,0.970297029703,,"{""name"": ""gap_entropy"", ""null_model"": ""gap_order_shuffle"", ""observed"": 3.298906624531, ""null_mean"": 3.298906624531, ""null_std"": 0.0, ""z_score"": -0.864033305198, ""empirical_p"": 0.970297029703, ""null_samples"": 100}"
C:\github\5hr-conlang\riemann_analysis\rrlang\outputs\mesu_register_v0_3_nulls100\mesu_udhr_canonical.json,mesu_register_v0_3_nulls100,,,,mesu,unknown,unknown,,,,,,,,,grapheme,698,,,punctuation,Punctuation positions under the declared punctuation/hyphen policies.,93,run_entropy,gap_order_shuffle,2.647243616158,2.647243616158,0.0,0.993591180563,0.993591180563,0.772277227723,,"{""name"": ""run_entropy"", ""null_model"": ""gap_order_shuffle"", ""observed"": 2.647243616158, ""null_mean"": 2.647243616158, ""null_std"": 0.0, ""z_score"": 0.993591180563, ""empirical_p"": 0.772277227723, ""null_samples"": 100}"
C:\github\5hr-conlang\riemann_analysis\rrlang\outputs\mesu_register_v0_3_nulls100\mesu_udhr_canonical.json,mesu_register_v0_3_nulls100,,,,mesu,unknown,unknown,,,,,,,,,grapheme,698,,,punctuation,Punctuation positions under the declared punctuation/hyphen policies.,93,prime_index_occupancy_bias,gap_order_shuffle,-0.016363636364,-0.00759020979,0.031182710423,-0.281355483674,0.281355483674,0.910891089109,,"{""name"": ""prime_index_occupancy_bias"", ""null_model"": ""gap_order_shuffle"", ""observed"": -0.016363636364, ""null_mean"": -0.00759020979, ""null_std"": 0.031182710423, ""z_score"": -0.281355483674, ""empirical_p"": 0.910891089109, ""null_samples"": 100}"
C:\github\5hr-conlang\riemann_analysis\rrlang\outputs\mesu_register_v0_3_nulls100\mesu_udhr_canonical.json,mesu_register_v0_3_nulls100,,,,mesu,unknown,unknown,,,,,,,,,grapheme,698,,,punctuation,Punctuation positions under the declared punctuation/hyphen policies.,93,prime_gap_affinity,gap_order_shuffle,0.54347826087,0.54347826087,0.0,0.994987437107,0.994987437107,1.0,,"{""name"": ""prime_gap_affinity"", ""null_model"": ""gap_order_shuffle"", ""observed"": 0.54347826087, ""null_mean"": 0.54347826087, ""null_std"": 0.0, ""z_score"": 0.994987437107, ""empirical_p"": 1, ""null_samples"": 100}"
C:\github\5hr-conlang\riemann_analysis\rrlang\outputs\mesu_register_v0_3_nulls100\mesu_udhr_canonical.json,mesu_register_v0_3_nulls100,,,,mesu,unknown,unknown,,,,,,,,,grapheme,698,,,punctuation,Punctuation positions under the declared punctuation/hyphen policies.,93,zeta_spectral_coherence,gap_order_shuffle,0.000645630553,0.000840853353,0.000258498491,-0.755218336666,0.755218336666,0.366336633663,,"{""name"": ""zeta_spectral_coherence"", ""null_model"": ""gap_order_shuffle"", ""observed"": 0.000645630553, ""null_mean"": 0.000840853353, ""null_std"": 0.000258498491, ""z_score"": -0.755218336666, ""empirical_p"": 0.366336633663, ""null_samples"": 100}"
C:\github\5hr-conlang\riemann_analysis\rrlang\outputs\mesu_register_v0_3_nulls100\mesu_udhr_canonical.json,mesu_register_v0_3_nulls100,,,,mesu,unknown,unknown,,,,,,,,,grapheme,698,,,punctuation,Punctuation positions under the declared punctuation/hyphen policies.,93,critical_line_symmetry,gap_order_shuffle,0.904685561423,0.855939264718,0.028610810283,1.703771973711,1.703771973711,0.079207920792,,"{""name"": ""critical_line_symmetry"", ""null_model"": ""gap_order_shuffle"", ""observed"": 0.904685561423, ""null_mean"": 0.855939264718, ""null_std"": 0.028610810283, ""z_score"": 1.703771973711, ""empirical_p"": 0.079207920792, ""null_samples"": 100}"
C:\github\5hr-conlang\riemann_analysis\rrlang\outputs\mesu_register_v0_3_nulls100\mesu_udhr_canonical.json,mesu_register_v0_3_nulls100,,,,mesu,unknown,unknown,,,,,,,,,grapheme,698,,,hyphen_boundary,Hyphen positions treated as morpheme boundaries by the declared hyphen policy.,0,event_density,observed_only,0.0,,,,,,,"{""name"": ""event_density"", ""value"": 0, ""details"": ""count(event=true) / sequence_length""}"
C:\github\5hr-conlang\riemann_analysis\rrlang\outputs\mesu_register_v0_3_nulls100\mesu_udhr_canonical.json,mesu_register_v0_3_nulls100,,,,mesu,unknown,unknown,,,,,,,,,grapheme,698,,,hyphen_boundary,Hyphen positions treated as morpheme boundaries by the declared hyphen policy.,0,event_count,observed_only,0.0,,,,,,,"{""name"": ""event_count"", ""value"": 0, ""details"": ""Number of true positions in the event map.""}"
C:\github\5hr-conlang\riemann_analysis\rrlang\outputs\mesu_register_v0_3_nulls100\mesu_udhr_canonical.json,mesu_register_v0_3_nulls100,,,,mesu,unknown,unknown,,,,,,,,,grapheme,698,,,hyphen_boundary,Hyphen positions treated as morpheme boundaries by the declared hyphen policy.,0,sequence_length,observed_only,698.0,,,,,,,"{""name"": ""sequence_length"", ""value"": 698, ""details"": ""Number of positions in the event map.""}"
C:\github\5hr-conlang\riemann_analysis\rrlang\outputs\mesu_register_v0_3_nulls100\mesu_udhr_canonical.json,mesu_register_v0_3_nulls100,,,,mesu,unknown,unknown,,,,,,,,,grapheme,698,,,hyphen_boundary,Hyphen positions treated as morpheme boundaries by the declared hyphen policy.,0,modular_residue_peak_m_2,observed_only,0.0,,,,,,,"{""name"": ""modular_residue_peak_m_2"", ""value"": 0, ""details"": ""Largest event-position residue fraction modulo 2.""}"
C:\github\5hr-conlang\riemann_analysis\rrlang\outputs\mesu_register_v0_3_nulls100\mesu_udhr_canonical.json,mesu_register_v0_3_nulls100,,,,mesu,unknown,unknown,,,,,,,,,grapheme,698,,,hyphen_boundary,Hyphen positions treated as morpheme boundaries by the declared hyphen policy.,0,modular_residue_peak_m_3,observed_only,0.0,,,,,,,"{""name"": ""modular_residue_peak_m_3"", ""value"": 0, ""details"": ""Largest event-position residue fraction modulo 3.""}"
C:\github\5hr-conlang\riemann_analysis\rrlang\outputs\mesu_register_v0_3_nulls100\mesu_udhr_canonical.json,mesu_register_v0_3_nulls100,,,,mesu,unknown,unknown,,,,,,,,,grapheme,698,,,hyphen_boundary,Hyphen positions treated as morpheme boundaries by the declared hyphen policy.,0,modular_residue_peak_m_5,observed_only,0.0,,,,,,,"{""name"": ""modular_residue_peak_m_5"", ""value"": 0, ""details"": ""Largest event-position residue fraction modulo 5.""}"
C:\github\5hr-conlang\riemann_analysis\rrlang\outputs\mesu_register_v0_3_nulls100\mesu_udhr_canonical.json,mesu_register_v0_3_nulls100,,,,mesu,unknown,unknown,,,,,,,,,grapheme,698,,,hyphen_boundary,Hyphen positions treated as morpheme boundaries by the declared hyphen policy.,0,modular_residue_peak_m_7,observed_only,0.0,,,,,,,"{""name"": ""modular_residue_peak_m_7"", ""value"": 0, ""details"": ""Largest event-position residue fraction modulo 7.""}"
C:\github\5hr-conlang\riemann_analysis\rrlang\outputs\mesu_register_v0_3_nulls100\mesu_udhr_canonical.json,mesu_register_v0_3_nulls100,,,,mesu,unknown,unknown,,,,,,,,,grapheme,698,,,hyphen_boundary,Hyphen positions treated as morpheme boundaries by the declared hyphen policy.,0,gap_entropy,density_shuffle,0.0,0.0,0.0,0.0,0.0,1.0,,"{""name"": ""gap_entropy"", ""null_model"": ""density_shuffle"", ""observed"": 0, ""null_mean"": 0, ""null_std"": 0, ""z_score"": 0, ""empirical_p"": 1, ""null_samples"": 100}"
C:\github\5hr-conlang\riemann_analysis\rrlang\outputs\mesu_register_v0_3_nulls100\mesu_udhr_canonical.json,mesu_register_v0_3_nulls100,,,,mesu,unknown,unknown,,,,,,,,,grapheme,698,,,hyphen_boundary,Hyphen positions treated as morpheme boundaries by the declared hyphen policy.,0,run_entropy,density_shuffle,0.0,0.0,0.0,0.0,0.0,1.0,,"{""name"": ""run_entropy"", ""null_model"": ""density_shuffle"", ""observed"": 0, ""null_mean"": 0, ""null_std"": 0, ""z_score"": 0, ""empirical_p"": 1, ""null_samples"": 100}"
C:\github\5hr-conlang\riemann_analysis\rrlang\outputs\mesu_register_v0_3_nulls100\mesu_udhr_canonical.json,mesu_register_v0_3_nulls100,,,,mesu,unknown,unknown,,,,,,,,,grapheme,698,,,hyphen_boundary,Hyphen positions treated as morpheme boundaries by the declared hyphen policy.,0,prime_index_occupancy_bias,density_shuffle,0.0,0.0,0.0,0.0,0.0,1.0,,"{""name"": ""prime_index_occupancy_bias"", ""null_model"": ""density_shuffle"", ""observed"": 0, ""null_mean"": 0, ""null_std"": 0, ""z_score"": 0, ""empirical_p"": 1, ""null_samples"": 100}"
C:\github\5hr-conlang\riemann_analysis\rrlang\outputs\mesu_register_v0_3_nulls100\mesu_udhr_canonical.json,mesu_register_v0_3_nulls100,,,,mesu,unknown,unknown,,,,,,,,,grapheme,698,,,hyphen_boundary,Hyphen positions treated as morpheme boundaries by the declared hyphen policy.,0,prime_gap_affinity,density_shuffle,0.0,0.0,0.0,0.0,0.0,1.0,,"{""name"": ""prime_gap_affinity"", ""null_model"": ""density_shuffle"", ""observed"": 0, ""null_mean"": 0, ""null_std"": 0, ""z_score"": 0, ""empirical_p"": 1, ""null_samples"": 100}"
C:\github\5hr-conlang\riemann_analysis\rrlang\outputs\mesu_register_v0_3_nulls100\mesu_udhr_canonical.json,mesu_register_v0_3_nulls100,,,,mesu,unknown,unknown,,,,,,,,,grapheme,698,,,hyphen_boundary,Hyphen positions treated as morpheme boundaries by the declared hyphen policy.,0,zeta_spectral_coherence,density_shuffle,0.0,0.0,0.0,0.0,0.0,1.0,,"{""name"": ""zeta_spectral_coherence"", ""null_model"": ""density_shuffle"", ""observed"": 0, ""null_mean"": 0, ""null_std"": 0, ""z_score"": 0, ""empirical_p"": 1, ""null_samples"": 100}"
C:\github\5hr-conlang\riemann_analysis\rrlang\outputs\mesu_register_v0_3_nulls100\mesu_udhr_canonical.json,mesu_register_v0_3_nulls100,,,,mesu,unknown,unknown,,,,,,,,,grapheme,698,,,hyphen_boundary,Hyphen positions treated as morpheme boundaries by the declared hyphen policy.,0,critical_line_symmetry,density_shuffle,1.0,1.0,0.0,0.0,0.0,1.0,,"{""name"": ""critical_line_symmetry"", ""null_model"": ""density_shuffle"", ""observed"": 1, ""null_mean"": 1, ""null_std"": 0, ""z_score"": 0, ""empirical_p"": 1, ""null_samples"": 100}"
C:\github\5hr-conlang\riemann_analysis\rrlang\outputs\mesu_register_v0_3_nulls100\mesu_udhr_canonical.json,mesu_register_v0_3_nulls100,,,,mesu,unknown,unknown,,,,,,,,,grapheme,698,,,hyphen_boundary,Hyphen positions treated as morpheme boundaries by the declared hyphen policy.,0,gap_entropy,markov_1,0.0,0.0,0.0,0.0,0.0,1.0,,"{""name"": ""gap_entropy"", ""null_model"": ""markov_1"", ""observed"": 0, ""null_mean"": 0, ""null_std"": 0, ""z_score"": 0, ""empirical_p"": 1, ""null_samples"": 100}"
C:\github\5hr-conlang\riemann_analysis\rrlang\outputs\mesu_register_v0_3_nulls100\mesu_udhr_canonical.json,mesu_register_v0_3_nulls100,,,,mesu,unknown,unknown,,,,,,,,,grapheme,698,,,hyphen_boundary,Hyphen positions treated as morpheme boundaries by the declared hyphen policy.,0,run_entropy,markov_1,0.0,0.0,0.0,0.0,0.0,1.0,,"{""name"": ""run_entropy"", ""null_model"": ""markov_1"", ""observed"": 0, ""null_mean"": 0, ""null_std"": 0, ""z_score"": 0, ""empirical_p"": 1, ""null_samples"": 100}"
C:\github\5hr-conlang\riemann_analysis\rrlang\outputs\mesu_register_v0_3_nulls100\mesu_udhr_canonical.json,mesu_register_v0_3_nulls100,,,,mesu,unknown,unknown,,,,,,,,,grapheme,698,,,hyphen_boundary,Hyphen positions treated as morpheme boundaries by the declared hyphen policy.,0,prime_index_occupancy_bias,markov_1,0.0,0.0,0.0,0.0,0.0,1.0,,"{""name"": ""prime_index_occupancy_bias"", ""null_model"": ""markov_1"", ""observed"": 0, ""null_mean"": 0, ""null_std"": 0, ""z_score"": 0, ""empirical_p"": 1, ""null_samples"": 100}"
C:\github\5hr-conlang\riemann_analysis\rrlang\outputs\mesu_register_v0_3_nulls100\mesu_udhr_canonical.json,mesu_register_v0_3_nulls100,,,,mesu,unknown,unknown,,,,,,,,,grapheme,698,,,hyphen_boundary,Hyphen positions treated as morpheme boundaries by the declared hyphen policy.,0,prime_gap_affinity,markov_1,0.0,0.0,0.0,0.0,0.0,1.0,,"{""name"": ""prime_gap_affinity"", ""null_model"": ""markov_1"", ""observed"": 0, ""null_mean"": 0, ""null_std"": 0, ""z_score"": 0, ""empirical_p"": 1, ""null_samples"": 100}"
C:\github\5hr-conlang\riemann_analysis\rrlang\outputs\mesu_register_v0_3_nulls100\mesu_udhr_canonical.json,mesu_register_v0_3_nulls100,,,,mesu,unknown,unknown,,,,,,,,,grapheme,698,,,hyphen_boundary,Hyphen positions treated as morpheme boundaries by the declared hyphen policy.,0,zeta_spectral_coherence,markov_1,0.0,0.0,0.0,0.0,0.0,1.0,,"{""name"": ""zeta_spectral_coherence"", ""null_model"": ""markov_1"", ""observed"": 0, ""null_mean"": 0, ""null_std"": 0, ""z_score"": 0, ""empirical_p"": 1, ""null_samples"": 100}"
C:\github\5hr-conlang\riemann_analysis\rrlang\outputs\mesu_register_v0_3_nulls100\mesu_udhr_canonical.json,mesu_register_v0_3_nulls100,,,,mesu,unknown,unknown,,,,,,,,,grapheme,698,,,hyphen_boundary,Hyphen positions treated as morpheme boundaries by the declared hyphen policy.,0,critical_line_symmetry,markov_1,1.0,1.0,0.0,0.0,0.0,1.0,,"{""name"": ""critical_line_symmetry"", ""null_model"": ""markov_1"", ""observed"": 1, ""null_mean"": 1, ""null_std"": 0, ""z_score"": 0, ""empirical_p"": 1, ""null_samples"": 100}"
C:\github\5hr-conlang\riemann_analysis\rrlang\outputs\mesu_register_v0_3_nulls100\mesu_udhr_canonical.json,mesu_register_v0_3_nulls100,,,,mesu,unknown,unknown,,,,,,,,,grapheme,698,,,hyphen_boundary,Hyphen positions treated as morpheme boundaries by the declared hyphen policy.,0,gap_entropy,markov_2,0.0,0.0,0.0,0.0,0.0,1.0,False,"{""name"": ""gap_entropy"", ""null_model"": ""markov_2"", ""observed"": 0, ""null_mean"": 0, ""null_std"": 0, ""z_score"": 0, ""empirical_p"": 1, ""null_samples"": 100}"
C:\github\5hr-conlang\riemann_analysis\rrlang\outputs\mesu_register_v0_3_nulls100\mesu_udhr_canonical.json,mesu_register_v0_3_nulls100,,,,mesu,unknown,unknown,,,,,,,,,grapheme,698,,,hyphen_boundary,Hyphen positions treated as morpheme boundaries by the declared hyphen policy.,0,run_entropy,markov_2,0.0,0.0,0.0,0.0,0.0,1.0,False,"{""name"": ""run_entropy"", ""null_model"": ""markov_2"", ""observed"": 0, ""null_mean"": 0, ""null_std"": 0, ""z_score"": 0, ""empirical_p"": 1, ""null_samples"": 100}"
C:\github\5hr-conlang\riemann_analysis\rrlang\outputs\mesu_register_v0_3_nulls100\mesu_udhr_canonical.json,mesu_register_v0_3_nulls100,,,,mesu,unknown,unknown,,,,,,,,,grapheme,698,,,hyphen_boundary,Hyphen positions treated as morpheme boundaries by the declared hyphen policy.,0,prime_index_occupancy_bias,markov_2,0.0,0.0,0.0,0.0,0.0,1.0,False,"{""name"": ""prime_index_occupancy_bias"", ""null_model"": ""markov_2"", ""observed"": 0, ""null_mean"": 0, ""null_std"": 0, ""z_score"": 0, ""empirical_p"": 1, ""null_samples"": 100}"
C:\github\5hr-conlang\riemann_analysis\rrlang\outputs\mesu_register_v0_3_nulls100\mesu_udhr_canonical.json,mesu_register_v0_3_nulls100,,,,mesu,unknown,unknown,,,,,,,,,grapheme,698,,,hyphen_boundary,Hyphen positions treated as morpheme boundaries by the declared hyphen policy.,0,prime_gap_affinity,markov_2,0.0,0.0,0.0,0.0,0.0,1.0,False,"{""name"": ""prime_gap_affinity"", ""null_model"": ""markov_2"", ""observed"": 0, ""null_mean"": 0, ""null_std"": 0, ""z_score"": 0, ""empirical_p"": 1, ""null_samples"": 100}"
C:\github\5hr-conlang\riemann_analysis\rrlang\outputs\mesu_register_v0_3_nulls100\mesu_udhr_canonical.json,mesu_register_v0_3_nulls100,,,,mesu,unknown,unknown,,,,,,,,,grapheme,698,,,hyphen_boundary,Hyphen positions treated as morpheme boundaries by the declared hyphen policy.,0,zeta_spectral_coherence,markov_2,0.0,0.0,0.0,0.0,0.0,1.0,False,"{""name"": ""zeta_spectral_coherence"", ""null_model"": ""markov_2"", ""observed"": 0, ""null_mean"": 0, ""null_std"": 0, ""z_score"": 0, ""empirical_p"": 1, ""null_samples"": 100}"
C:\github\5hr-conlang\riemann_analysis\rrlang\outputs\mesu_register_v0_3_nulls100\mesu_udhr_canonical.json,mesu_register_v0_3_nulls100,,,,mesu,unknown,unknown,,,,,,,,,grapheme,698,,,hyphen_boundary,Hyphen positions treated as morpheme boundaries by the declared hyphen policy.,0,critical_line_symmetry,markov_2,1.0,1.0,0.0,0.0,0.0,1.0,False,"{""name"": ""critical_line_symmetry"", ""null_model"": ""markov_2"", ""observed"": 1, ""null_mean"": 1, ""null_std"": 0, ""z_score"": 0, ""empirical_p"": 1, ""null_samples"": 100}"
C:\github\5hr-conlang\riemann_analysis\rrlang\outputs\mesu_register_v0_3_nulls100\mesu_udhr_canonical.json,mesu_register_v0_3_nulls100,,,,mesu,unknown,unknown,,,,,,,,,grapheme,698,,,digit,ASCII digit positions.,0,event_density,observed_only,0.0,,,,,,,"{""name"": ""event_density"", ""value"": 0, ""details"": ""count(event=true) / sequence_length""}"
C:\github\5hr-conlang\riemann_analysis\rrlang\outputs\mesu_register_v0_3_nulls100\mesu_udhr_canonical.json,mesu_register_v0_3_nulls100,,,,mesu,unknown,unknown,,,,,,,,,grapheme,698,,,digit,ASCII digit positions.,0,event_count,observed_only,0.0,,,,,,,"{""name"": ""event_count"", ""value"": 0, ""details"": ""Number of true positions in the event map.""}"
C:\github\5hr-conlang\riemann_analysis\rrlang\outputs\mesu_register_v0_3_nulls100\mesu_udhr_canonical.json,mesu_register_v0_3_nulls100,,,,mesu,unknown,unknown,,,,,,,,,grapheme,698,,,digit,ASCII digit positions.,0,sequence_length,observed_only,698.0,,,,,,,"{""name"": ""sequence_length"", ""value"": 698, ""details"": ""Number of positions in the event map.""}"
C:\github\5hr-conlang\riemann_analysis\rrlang\outputs\mesu_register_v0_3_nulls100\mesu_udhr_canonical.json,mesu_register_v0_3_nulls100,,,,mesu,unknown,unknown,,,,,,,,,grapheme,698,,,digit,ASCII digit positions.,0,modular_residue_peak_m_2,observed_only,0.0,,,,,,,"{""name"": ""modular_residue_peak_m_2"", ""value"": 0, ""details"": ""Largest event-position residue fraction modulo 2.""}"
C:\github\5hr-conlang\riemann_analysis\rrlang\outputs\mesu_register_v0_3_nulls100\mesu_udhr_canonical.json,mesu_register_v0_3_nulls100,,,,mesu,unknown,unknown,,,,,,,,,grapheme,698,,,digit,ASCII digit positions.,0,modular_residue_peak_m_3,observed_only,0.0,,,,,,,"{""name"": ""modular_residue_peak_m_3"", ""value"": 0, ""details"": ""Largest event-position residue fraction modulo 3.""}"
C:\github\5hr-conlang\riemann_analysis\rrlang\outputs\mesu_register_v0_3_nulls100\mesu_udhr_canonical.json,mesu_register_v0_3_nulls100,,,,mesu,unknown,unknown,,,,,,,,,grapheme,698,,,digit,ASCII digit positions.,0,modular_residue_peak_m_5,observed_only,0.0,,,,,,,"{""name"": ""modular_residue_peak_m_5"", ""value"": 0, ""details"": ""Largest event-position residue fraction modulo 5.""}"
C:\github\5hr-conlang\riemann_analysis\rrlang\outputs\mesu_register_v0_3_nulls100\mesu_udhr_canonical.json,mesu_register_v0_3_nulls100,,,,mesu,unknown,unknown,,,,,,,,,grapheme,698,,,digit,ASCII digit positions.,0,modular_residue_peak_m_7,observed_only,0.0,,,,,,,"{""name"": ""modular_residue_peak_m_7"", ""value"": 0, ""details"": ""Largest event-position residue fraction modulo 7.""}"
C:\github\5hr-conlang\riemann_analysis\rrlang\outputs\mesu_register_v0_3_nulls100\mesu_udhr_canonical.json,mesu_register_v0_3_nulls100,,,,mesu,unknown,unknown,,,,,,,,,grapheme,698,,,digit,ASCII digit positions.,0,gap_entropy,density_shuffle,0.0,0.0,0.0,0.0,0.0,1.0,,"{""name"": ""gap_entropy"", ""null_model"": ""density_shuffle"", ""observed"": 0, ""null_mean"": 0, ""null_std"": 0, ""z_score"": 0, ""empirical_p"": 1, ""null_samples"": 100}"
C:\github\5hr-conlang\riemann_analysis\rrlang\outputs\mesu_register_v0_3_nulls100\mesu_udhr_canonical.json,mesu_register_v0_3_nulls100,,,,mesu,unknown,unknown,,,,,,,,,grapheme,698,,,digit,ASCII digit positions.,0,run_entropy,density_shuffle,0.0,0.0,0.0,0.0,0.0,1.0,,"{""name"": ""run_entropy"", ""null_model"": ""density_shuffle"", ""observed"": 0, ""null_mean"": 0, ""null_std"": 0, ""z_score"": 0, ""empirical_p"": 1, ""null_samples"": 100}"
C:\github\5hr-conlang\riemann_analysis\rrlang\outputs\mesu_register_v0_3_nulls100\mesu_udhr_canonical.json,mesu_register_v0_3_nulls100,,,,mesu,unknown,unknown,,,,,,,,,grapheme,698,,,digit,ASCII digit positions.,0,prime_index_occupancy_bias,density_shuffle,0.0,0.0,0.0,0.0,0.0,1.0,,"{""name"": ""prime_index_occupancy_bias"", ""null_model"": ""density_shuffle"", ""observed"": 0, ""null_mean"": 0, ""null_std"": 0, ""z_score"": 0, ""empirical_p"": 1, ""null_samples"": 100}"
C:\github\5hr-conlang\riemann_analysis\rrlang\outputs\mesu_register_v0_3_nulls100\mesu_udhr_canonical.json,mesu_register_v0_3_nulls100,,,,mesu,unknown,unknown,,,,,,,,,grapheme,698,,,digit,ASCII digit positions.,0,prime_gap_affinity,density_shuffle,0.0,0.0,0.0,0.0,0.0,1.0,,"{""name"": ""prime_gap_affinity"", ""null_model"": ""density_shuffle"", ""observed"": 0, ""null_mean"": 0, ""null_std"": 0, ""z_score"": 0, ""empirical_p"": 1, ""null_samples"": 100}"
C:\github\5hr-conlang\riemann_analysis\rrlang\outputs\mesu_register_v0_3_nulls100\mesu_udhr_canonical.json,mesu_register_v0_3_nulls100,,,,mesu,unknown,unknown,,,,,,,,,grapheme,698,,,digit,ASCII digit positions.,0,zeta_spectral_coherence,density_shuffle,0.0,0.0,0.0,0.0,0.0,1.0,,"{""name"": ""zeta_spectral_coherence"", ""null_model"": ""density_shuffle"", ""observed"": 0, ""null_mean"": 0, ""null_std"": 0, ""z_score"": 0, ""empirical_p"": 1, ""null_samples"": 100}"
C:\github\5hr-conlang\riemann_analysis\rrlang\outputs\mesu_register_v0_3_nulls100\mesu_udhr_canonical.json,mesu_register_v0_3_nulls100,,,,mesu,unknown,unknown,,,,,,,,,grapheme,698,,,digit,ASCII digit positions.,0,critical_line_symmetry,density_shuffle,1.0,1.0,0.0,0.0,0.0,1.0,,"{""name"": ""critical_line_symmetry"", ""null_model"": ""density_shuffle"", ""observed"": 1, ""null_mean"": 1, ""null_std"": 0, ""z_score"": 0, ""empirical_p"": 1, ""null_samples"": 100}"
C:\github\5hr-conlang\riemann_analysis\rrlang\outputs\mesu_register_v0_3_nulls100\mesu_udhr_canonical.json,mesu_register_v0_3_nulls100,,,,mesu,unknown,unknown,,,,,,,,,grapheme,698,,,digit,ASCII digit positions.,0,gap_entropy,markov_1,0.0,0.0,0.0,0.0,0.0,1.0,,"{""name"": ""gap_entropy"", ""null_model"": ""markov_1"", ""observed"": 0, ""null_mean"": 0, ""null_std"": 0, ""z_score"": 0, ""empirical_p"": 1, ""null_samples"": 100}"
C:\github\5hr-conlang\riemann_analysis\rrlang\outputs\mesu_register_v0_3_nulls100\mesu_udhr_canonical.json,mesu_register_v0_3_nulls100,,,,mesu,unknown,unknown,,,,,,,,,grapheme,698,,,digit,ASCII digit positions.,0,run_entropy,markov_1,0.0,0.0,0.0,0.0,0.0,1.0,,"{""name"": ""run_entropy"", ""null_model"": ""markov_1"", ""observed"": 0, ""null_mean"": 0, ""null_std"": 0, ""z_score"": 0, ""empirical_p"": 1, ""null_samples"": 100}"
C:\github\5hr-conlang\riemann_analysis\rrlang\outputs\mesu_register_v0_3_nulls100\mesu_udhr_canonical.json,mesu_register_v0_3_nulls100,,,,mesu,unknown,unknown,,,,,,,,,grapheme,698,,,digit,ASCII digit positions.,0,prime_index_occupancy_bias,markov_1,0.0,0.0,0.0,0.0,0.0,1.0,,"{""name"": ""prime_index_occupancy_bias"", ""null_model"": ""markov_1"", ""observed"": 0, ""null_mean"": 0, ""null_std"": 0, ""z_score"": 0, ""empirical_p"": 1, ""null_samples"": 100}"
C:\github\5hr-conlang\riemann_analysis\rrlang\outputs\mesu_register_v0_3_nulls100\mesu_udhr_canonical.json,mesu_register_v0_3_nulls100,,,,mesu,unknown,unknown,,,,,,,,,grapheme,698,,,digit,ASCII digit positions.,0,prime_gap_affinity,markov_1,0.0,0.0,0.0,0.0,0.0,1.0,,"{""name"": ""prime_gap_affinity"", ""null_model"": ""markov_1"", ""observed"": 0, ""null_mean"": 0, ""null_std"": 0, ""z_score"": 0, ""empirical_p"": 1, ""null_samples"": 100}"
C:\github\5hr-conlang\riemann_analysis\rrlang\outputs\mesu_register_v0_3_nulls100\mesu_udhr_canonical.json,mesu_register_v0_3_nulls100,,,,mesu,unknown,unknown,,,,,,,,,grapheme,698,,,digit,ASCII digit positions.,0,zeta_spectral_coherence,markov_1,0.0,0.0,0.0,0.0,0.0,1.0,,"{""name"": ""zeta_spectral_coherence"", ""null_model"": ""markov_1"", ""observed"": 0, ""null_mean"": 0, ""null_std"": 0, ""z_score"": 0, ""empirical_p"": 1, ""null_samples"": 100}"
C:\github\5hr-conlang\riemann_analysis\rrlang\outputs\mesu_register_v0_3_nulls100\mesu_udhr_canonical.json,mesu_register_v0_3_nulls100,,,,mesu,unknown,unknown,,,,,,,,,grapheme,698,,,digit,ASCII digit positions.,0,critical_line_symmetry,markov_1,1.0,1.0,0.0,0.0,0.0,1.0,,"{""name"": ""critical_line_symmetry"", ""null_model"": ""markov_1"", ""observed"": 1, ""null_mean"": 1, ""null_std"": 0, ""z_score"": 0, ""empirical_p"": 1, ""null_samples"": 100}"
C:\github\5hr-conlang\riemann_analysis\rrlang\outputs\mesu_register_v0_3_nulls100\mesu_udhr_canonical.json,mesu_register_v0_3_nulls100,,,,mesu,unknown,unknown,,,,,,,,,grapheme,698,,,digit,ASCII digit positions.,0,gap_entropy,markov_2,0.0,0.0,0.0,0.0,0.0,1.0,False,"{""name"": ""gap_entropy"", ""null_model"": ""markov_2"", ""observed"": 0, ""null_mean"": 0, ""null_std"": 0, ""z_score"": 0, ""empirical_p"": 1, ""null_samples"": 100}"
C:\github\5hr-conlang\riemann_analysis\rrlang\outputs\mesu_register_v0_3_nulls100\mesu_udhr_canonical.json,mesu_register_v0_3_nulls100,,,,mesu,unknown,unknown,,,,,,,,,grapheme,698,,,digit,ASCII digit positions.,0,run_entropy,markov_2,0.0,0.0,0.0,0.0,0.0,1.0,False,"{""name"": ""run_entropy"", ""null_model"": ""markov_2"", ""observed"": 0, ""null_mean"": 0, ""null_std"": 0, ""z_score"": 0, ""empirical_p"": 1, ""null_samples"": 100}"
C:\github\5hr-conlang\riemann_analysis\rrlang\outputs\mesu_register_v0_3_nulls100\mesu_udhr_canonical.json,mesu_register_v0_3_nulls100,,,,mesu,unknown,unknown,,,,,,,,,grapheme,698,,,digit,ASCII digit positions.,0,prime_index_occupancy_bias,markov_2,0.0,0.0,0.0,0.0,0.0,1.0,False,"{""name"": ""prime_index_occupancy_bias"", ""null_model"": ""markov_2"", ""observed"": 0, ""null_mean"": 0, ""null_std"": 0, ""z_score"": 0, ""empirical_p"": 1, ""null_samples"": 100}"
C:\github\5hr-conlang\riemann_analysis\rrlang\outputs\mesu_register_v0_3_nulls100\mesu_udhr_canonical.json,mesu_register_v0_3_nulls100,,,,mesu,unknown,unknown,,,,,,,,,grapheme,698,,,digit,ASCII digit positions.,0,prime_gap_affinity,markov_2,0.0,0.0,0.0,0.0,0.0,1.0,False,"{""name"": ""prime_gap_affinity"", ""null_model"": ""markov_2"", ""observed"": 0, ""null_mean"": 0, ""null_std"": 0, ""z_score"": 0, ""empirical_p"": 1, ""null_samples"": 100}"
C:\github\5hr-conlang\riemann_analysis\rrlang\outputs\mesu_register_v0_3_nulls100\mesu_udhr_canonical.json,mesu_register_v0_3_nulls100,,,,mesu,unknown,unknown,,,,,,,,,grapheme,698,,,digit,ASCII digit positions.,0,zeta_spectral_coherence,markov_2,0.0,0.0,0.0,0.0,0.0,1.0,False,"{""name"": ""zeta_spectral_coherence"", ""null_model"": ""markov_2"", ""observed"": 0, ""null_mean"": 0, ""null_std"": 0, ""z_score"": 0, ""empirical_p"": 1, ""null_samples"": 100}"
C:\github\5hr-conlang\riemann_analysis\rrlang\outputs\mesu_register_v0_3_nulls100\mesu_udhr_canonical.json,mesu_register_v0_3_nulls100,,,,mesu,unknown,unknown,,,,,,,,,grapheme,698,,,digit,ASCII digit positions.,0,critical_line_symmetry,markov_2,1.0,1.0,0.0,0.0,0.0,1.0,False,"{""name"": ""critical_line_symmetry"", ""null_model"": ""markov_2"", ""observed"": 1, ""null_mean"": 1, ""null_std"": 0, ""z_score"": 0, ""empirical_p"": 1, ""null_samples"": 100}"
C:\github\5hr-conlang\riemann_analysis\rrlang\outputs\mesu_register_v0_3_nulls100\mesu_udhr_canonical.json,mesu_register_v0_3_nulls100,,,,mesu,unknown,unknown,,,,,,,,,grapheme_class,698,,,vowel,Positions classified as vowel in the grapheme-class stream.,217,event_density,observed_only,0.310888252149,,,,,,,"{""name"": ""event_density"", ""value"": 0.310888252149, ""details"": ""count(event=true) / sequence_length""}"
C:\github\5hr-conlang\riemann_analysis\rrlang\outputs\mesu_register_v0_3_nulls100\mesu_udhr_canonical.json,mesu_register_v0_3_nulls100,,,,mesu,unknown,unknown,,,,,,,,,grapheme_class,698,,,vowel,Positions classified as vowel in the grapheme-class stream.,217,event_count,observed_only,217.0,,,,,,,"{""name"": ""event_count"", ""value"": 217, ""details"": ""Number of true positions in the event map.""}"
C:\github\5hr-conlang\riemann_analysis\rrlang\outputs\mesu_register_v0_3_nulls100\mesu_udhr_canonical.json,mesu_register_v0_3_nulls100,,,,mesu,unknown,unknown,,,,,,,,,grapheme_class,698,,,vowel,Positions classified as vowel in the grapheme-class stream.,217,sequence_length,observed_only,698.0,,,,,,,"{""name"": ""sequence_length"", ""value"": 698, ""details"": ""Number of positions in the event map.""}"
C:\github\5hr-conlang\riemann_analysis\rrlang\outputs\mesu_register_v0_3_nulls100\mesu_udhr_canonical.json,mesu_register_v0_3_nulls100,,,,mesu,unknown,unknown,,,,,,,,,grapheme_class,698,,,vowel,Positions classified as vowel in the grapheme-class stream.,217,modular_residue_peak_m_2,observed_only,0.511520737327,,,,,,,"{""name"": ""modular_residue_peak_m_2"", ""value"": 0.511520737327, ""details"": ""Largest event-position residue fraction modulo 2.""}"
C:\github\5hr-conlang\riemann_analysis\rrlang\outputs\mesu_register_v0_3_nulls100\mesu_udhr_canonical.json,mesu_register_v0_3_nulls100,,,,mesu,unknown,unknown,,,,,,,,,grapheme_class,698,,,vowel,Positions classified as vowel in the grapheme-class stream.,217,modular_residue_peak_m_3,observed_only,0.437788018433,,,,,,,"{""name"": ""modular_residue_peak_m_3"", ""value"": 0.437788018433, ""details"": ""Largest event-position residue fraction modulo 3.""}"
C:\github\5hr-conlang\riemann_analysis\rrlang\outputs\mesu_register_v0_3_nulls100\mesu_udhr_canonical.json,mesu_register_v0_3_nulls100,,,,mesu,unknown,unknown,,,,,,,,,grapheme_class,698,,,vowel,Positions classified as vowel in the grapheme-class stream.,217,modular_residue_peak_m_5,observed_only,0.221198156682,,,,,,,"{""name"": ""modular_residue_peak_m_5"", ""value"": 0.221198156682, ""details"": ""Largest event-position residue fraction modulo 5.""}"
C:\github\5hr-conlang\riemann_analysis\rrlang\outputs\mesu_register_v0_3_nulls100\mesu_udhr_canonical.json,mesu_register_v0_3_nulls100,,,,mesu,unknown,unknown,,,,,,,,,grapheme_class,698,,,vowel,Positions classified as vowel in the grapheme-class stream.,217,modular_residue_peak_m_7,observed_only,0.184331797235,,,,,,,"{""name"": ""modular_residue_peak_m_7"", ""value"": 0.184331797235, ""details"": ""Largest event-position residue fraction modulo 7.""}"
C:\github\5hr-conlang\riemann_analysis\rrlang\outputs\mesu_register_v0_3_nulls100\mesu_udhr_canonical.json,mesu_register_v0_3_nulls100,,,,mesu,unknown,unknown,,,,,,,,,grapheme_class,698,,,vowel,Positions classified as vowel in the grapheme-class stream.,217,gap_entropy,density_shuffle,1.402282642423,2.813907380754,0.018863561034,-74.83341749809,74.83341749809,0.009900990099,,"{""name"": ""gap_entropy"", ""null_model"": ""density_shuffle"", ""observed"": 1.402282642423, ""null_mean"": 2.813907380754, ""null_std"": 0.018863561034, ""z_score"": -74.83341749809, ""empirical_p"": 0.009900990099, ""null_samples"": 100}"
C:\github\5hr-conlang\riemann_analysis\rrlang\outputs\mesu_register_v0_3_nulls100\mesu_udhr_canonical.json,mesu_register_v0_3_nulls100,,,,mesu,unknown,unknown,,,,,,,,,grapheme_class,698,,,vowel,Positions classified as vowel in the grapheme-class stream.,217,run_entropy,density_shuffle,1.468248016222,2.227136625097,0.069183147916,-10.969269709922,10.969269709922,0.009900990099,,"{""name"": ""run_entropy"", ""null_model"": ""density_shuffle"", ""observed"": 1.468248016222, ""null_mean"": 2.227136625097, ""null_std"": 0.069183147916, ""z_score"": -10.969269709922, ""empirical_p"": 0.009900990099, ""null_samples"": 100}"
C:\github\5hr-conlang\riemann_analysis\rrlang\outputs\mesu_register_v0_3_nulls100\mesu_udhr_canonical.json,mesu_register_v0_3_nulls100,,,,mesu,unknown,unknown,,,,,,,,,grapheme_class,698,,,vowel,Positions classified as vowel in the grapheme-class stream.,217,prime_index_occupancy_bias,density_shuffle,0.059300699301,-0.004608111888,0.044861462591,1.424581533855,1.424581533855,0.188118811881,,"{""name"": ""prime_index_occupancy_bias"", ""null_model"": ""density_shuffle"", ""observed"": 0.059300699301, ""null_mean"": -0.004608111888, ""null_std"": 0.044861462591, ""z_score"": 1.424581533855, ""empirical_p"": 0.188118811881, ""null_samples"": 100}"
C:\github\5hr-conlang\riemann_analysis\rrlang\outputs\mesu_register_v0_3_nulls100\mesu_udhr_canonical.json,mesu_register_v0_3_nulls100,,,,mesu,unknown,unknown,,,,,,,,,grapheme_class,698,,,vowel,Positions classified as vowel in the grapheme-class stream.,217,prime_gap_affinity,density_shuffle,0.763888888889,0.479907407407,0.030718088508,9.244764087601,9.244764087601,0.009900990099,,"{""name"": ""prime_gap_affinity"", ""null_model"": ""density_shuffle"", ""observed"": 0.763888888889, ""null_mean"": 0.479907407407, ""null_std"": 0.030718088508, ""z_score"": 9.244764087601, ""empirical_p"": 0.009900990099, ""null_samples"": 100}"
C:\github\5hr-conlang\riemann_analysis\rrlang\outputs\mesu_register_v0_3_nulls100\mesu_udhr_canonical.json,mesu_register_v0_3_nulls100,,,,mesu,unknown,unknown,,,,,,,,,grapheme_class,698,,,vowel,Positions classified as vowel in the grapheme-class stream.,217,zeta_spectral_coherence,density_shuffle,0.00052335858,0.002122525365,0.0007197539,-2.221824412733,2.221824412733,0.039603960396,,"{""name"": ""zeta_spectral_coherence"", ""null_model"": ""density_shuffle"", ""observed"": 0.00052335858, ""null_mean"": 0.002122525365, ""null_std"": 0.0007197539, ""z_score"": -2.221824412733, ""empirical_p"": 0.039603960396, ""null_samples"": 100}"
C:\github\5hr-conlang\riemann_analysis\rrlang\outputs\mesu_register_v0_3_nulls100\mesu_udhr_canonical.json,mesu_register_v0_3_nulls100,,,,mesu,unknown,unknown,,,,,,,,,grapheme_class,698,,,vowel,Positions classified as vowel in the grapheme-class stream.,217,critical_line_symmetry,density_shuffle,0.906533150532,0.834023445946,0.036446394256,1.989489113164,1.989489113164,0.039603960396,,"{""name"": ""critical_line_symmetry"", ""null_model"": ""density_shuffle"", ""observed"": 0.906533150532, ""null_mean"": 0.834023445946, ""null_std"": 0.036446394256, ""z_score"": 1.989489113164, ""empirical_p"": 0.039603960396, ""null_samples"": 100}"
C:\github\5hr-conlang\riemann_analysis\rrlang\outputs\mesu_register_v0_3_nulls100\mesu_udhr_canonical.json,mesu_register_v0_3_nulls100,,,,mesu,unknown,unknown,,,,,,,,,grapheme_class,698,,,vowel,Positions classified as vowel in the grapheme-class stream.,217,gap_entropy,markov_1,1.402282642423,2.170779045277,0.089905150972,-8.54785732012,8.54785732012,0.009900990099,,"{""name"": ""gap_entropy"", ""null_model"": ""markov_1"", ""observed"": 1.402282642423, ""null_mean"": 2.170779045277, ""null_std"": 0.089905150972, ""z_score"": -8.54785732012, ""empirical_p"": 0.009900990099, ""null_samples"": 100}"
C:\github\5hr-conlang\riemann_analysis\rrlang\outputs\mesu_register_v0_3_nulls100\mesu_udhr_canonical.json,mesu_register_v0_3_nulls100,,,,mesu,unknown,unknown,,,,,,,,,grapheme_class,698,,,vowel,Positions classified as vowel in the grapheme-class stream.,217,run_entropy,markov_1,1.468248016222,1.440852821297,0.067214366643,0.407579455,0.407579455,0.762376237624,,"{""name"": ""run_entropy"", ""null_model"": ""markov_1"", ""observed"": 1.468248016222, ""null_mean"": 1.440852821297, ""null_std"": 0.067214366643, ""z_score"": 0.407579455, ""empirical_p"": 0.762376237624, ""null_samples"": 100}"
C:\github\5hr-conlang\riemann_analysis\rrlang\outputs\mesu_register_v0_3_nulls100\mesu_udhr_canonical.json,mesu_register_v0_3_nulls100,,,,mesu,unknown,unknown,,,,,,,,,grapheme_class,698,,,vowel,Positions classified as vowel in the grapheme-class stream.,217,prime_index_occupancy_bias,markov_1,0.059300699301,0.012434825175,0.051733504963,0.905909509886,0.905909509886,0.376237623762,,"{""name"": ""prime_index_occupancy_bias"", ""null_model"": ""markov_1"", ""observed"": 0.059300699301, ""null_mean"": 0.012434825175, ""null_std"": 0.051733504963, ""z_score"": 0.905909509886, ""empirical_p"": 0.376237623762, ""null_samples"": 100}"
C:\github\5hr-conlang\riemann_analysis\rrlang\outputs\mesu_register_v0_3_nulls100\mesu_udhr_canonical.json,mesu_register_v0_3_nulls100,,,,mesu,unknown,unknown,,,,,,,,,grapheme_class,698,,,vowel,Positions classified as vowel in the grapheme-class stream.,217,prime_gap_affinity,markov_1,0.763888888889,0.795131084133,0.027049830321,-1.154986736472,1.154986736472,0.277227722772,,"{""name"": ""prime_gap_affinity"", ""null_model"": ""markov_1"", ""observed"": 0.763888888889, ""null_mean"": 0.795131084133, ""null_std"": 0.027049830321, ""z_score"": -1.154986736472, ""empirical_p"": 0.277227722772, ""null_samples"": 100}"
C:\github\5hr-conlang\riemann_analysis\rrlang\outputs\mesu_register_v0_3_nulls100\mesu_udhr_canonical.json,mesu_register_v0_3_nulls100,,,,mesu,unknown,unknown,,,,,,,,,grapheme_class,698,,,vowel,Positions classified as vowel in the grapheme-class stream.,217,zeta_spectral_coherence,markov_1,0.00052335858,0.001317654161,0.000532185093,-1.492517531731,1.492517531731,0.128712871287,,"{""name"": ""zeta_spectral_coherence"", ""null_model"": ""markov_1"", ""observed"": 0.00052335858, ""null_mean"": 0.001317654161, ""null_std"": 0.000532185093, ""z_score"": -1.492517531731, ""empirical_p"": 0.128712871287, ""null_samples"": 100}"
C:\github\5hr-conlang\riemann_analysis\rrlang\outputs\mesu_register_v0_3_nulls100\mesu_udhr_canonical.json,mesu_register_v0_3_nulls100,,,,mesu,unknown,unknown,,,,,,,,,grapheme_class,698,,,vowel,Positions classified as vowel in the grapheme-class stream.,217,critical_line_symmetry,markov_1,0.906533150532,0.872298789803,0.037656008139,0.909134090995,0.909134090995,0.356435643564,,"{""name"": ""critical_line_symmetry"", ""null_model"": ""markov_1"", ""observed"": 0.906533150532, ""null_mean"": 0.872298789803, ""null_std"": 0.037656008139, ""z_score"": 0.909134090995, ""empirical_p"": 0.356435643564, ""null_samples"": 100}"
C:\github\5hr-conlang\riemann_analysis\rrlang\outputs\mesu_register_v0_3_nulls100\mesu_udhr_canonical.json,mesu_register_v0_3_nulls100,,,,mesu,unknown,unknown,,,,,,,,,grapheme_class,698,,,vowel,Positions classified as vowel in the grapheme-class stream.,217,gap_entropy,markov_2,1.402282642423,1.422039509073,0.093487213137,-0.211332287987,0.211332287987,0.871287128713,False,"{""name"": ""gap_entropy"", ""null_model"": ""markov_2"", ""observed"": 1.402282642423, ""null_mean"": 1.422039509073, ""null_std"": 0.093487213137, ""z_score"": -0.211332287987, ""empirical_p"": 0.871287128713, ""null_samples"": 100}"
C:\github\5hr-conlang\riemann_analysis\rrlang\outputs\mesu_register_v0_3_nulls100\mesu_udhr_canonical.json,mesu_register_v0_3_nulls100,,,,mesu,unknown,unknown,,,,,,,,,grapheme_class,698,,,vowel,Positions classified as vowel in the grapheme-class stream.,217,run_entropy,markov_2,1.468248016222,1.47816371233,0.04721500291,-0.210011553456,0.210011553456,0.871287128713,False,"{""name"": ""run_entropy"", ""null_model"": ""markov_2"", ""observed"": 1.468248016222, ""null_mean"": 1.47816371233, ""null_std"": 0.04721500291, ""z_score"": -0.210011553456, ""empirical_p"": 0.871287128713, ""null_samples"": 100}"
C:\github\5hr-conlang\riemann_analysis\rrlang\outputs\mesu_register_v0_3_nulls100\mesu_udhr_canonical.json,mesu_register_v0_3_nulls100,,,,mesu,unknown,unknown,,,,,,,,,grapheme_class,698,,,vowel,Positions classified as vowel in the grapheme-class stream.,217,prime_index_occupancy_bias,markov_2,0.059300699301,0.000191328671,0.054032567073,1.093958215045,1.093958215045,0.257425742574,False,"{""name"": ""prime_index_occupancy_bias"", ""null_model"": ""markov_2"", ""observed"": 0.059300699301, ""null_mean"": 0.000191328671, ""null_std"": 0.054032567073, ""z_score"": 1.093958215045, ""empirical_p"": 0.257425742574, ""null_samples"": 100}"
C:\github\5hr-conlang\riemann_analysis\rrlang\outputs\mesu_register_v0_3_nulls100\mesu_udhr_canonical.json,mesu_register_v0_3_nulls100,,,,mesu,unknown,unknown,,,,,,,,,grapheme_class,698,,,vowel,Positions classified as vowel in the grapheme-class stream.,217,prime_gap_affinity,markov_2,0.763888888889,0.820602591847,0.024011929,-2.361896995332,2.361896995332,0.019801980198,False,"{""name"": ""prime_gap_affinity"", ""null_model"": ""markov_2"", ""observed"": 0.763888888889, ""null_mean"": 0.820602591847, ""null_std"": 0.024011929, ""z_score"": -2.361896995332, ""empirical_p"": 0.019801980198, ""null_samples"": 100}"
C:\github\5hr-conlang\riemann_analysis\rrlang\outputs\mesu_register_v0_3_nulls100\mesu_udhr_canonical.json,mesu_register_v0_3_nulls100,,,,mesu,unknown,unknown,,,,,,,,,grapheme_class,698,,,vowel,Positions classified as vowel in the grapheme-class stream.,217,zeta_spectral_coherence,markov_2,0.00052335858,0.000964768486,0.000336266894,-1.312677265646,1.312677265646,0.207920792079,False,"{""name"": ""zeta_spectral_coherence"", ""null_model"": ""markov_2"", ""observed"": 0.00052335858, ""null_mean"": 0.000964768486, ""null_std"": 0.000336266894, ""z_score"": -1.312677265646, ""empirical_p"": 0.207920792079, ""null_samples"": 100}"
C:\github\5hr-conlang\riemann_analysis\rrlang\outputs\mesu_register_v0_3_nulls100\mesu_udhr_canonical.json,mesu_register_v0_3_nulls100,,,,mesu,unknown,unknown,,,,,,,,,grapheme_class,698,,,vowel,Positions classified as vowel in the grapheme-class stream.,217,critical_line_symmetry,markov_2,0.906533150532,0.912199307785,0.032504619001,-0.174318525395,0.174318525395,0.871287128713,False,"{""name"": ""critical_line_symmetry"", ""null_model"": ""markov_2"", ""observed"": 0.906533150532, ""null_mean"": 0.912199307785, ""null_std"": 0.032504619001, ""z_score"": -0.174318525395, ""empirical_p"": 0.871287128713, ""null_samples"": 100}"
C:\github\5hr-conlang\riemann_analysis\rrlang\outputs\mesu_register_v0_3_nulls100\mesu_udhr_canonical.json,mesu_register_v0_3_nulls100,,,,mesu,unknown,unknown,,,,,,,,,grapheme_class,698,,,vowel,Positions classified as vowel in the grapheme-class stream.,217,gap_entropy,gap_order_shuffle,1.402282642423,1.402282642423,0.0,0.0,0.0,1.0,,"{""name"": ""gap_entropy"", ""null_model"": ""gap_order_shuffle"", ""observed"": 1.402282642423, ""null_mean"": 1.402282642423, ""null_std"": 0.0, ""z_score"": 0, ""empirical_p"": 1, ""null_samples"": 100}"
C:\github\5hr-conlang\riemann_analysis\rrlang\outputs\mesu_register_v0_3_nulls100\mesu_udhr_canonical.json,mesu_register_v0_3_nulls100,,,,mesu,unknown,unknown,,,,,,,,,grapheme_class,698,,,vowel,Positions classified as vowel in the grapheme-class stream.,217,run_entropy,gap_order_shuffle,1.468248016222,1.468248016222,0.0,0.994987437107,0.994987437107,1.0,,"{""name"": ""run_entropy"", ""null_model"": ""gap_order_shuffle"", ""observed"": 1.468248016222, ""null_mean"": 1.468248016222, ""null_std"": 0.0, ""z_score"": 0.994987437107, ""empirical_p"": 1, ""null_samples"": 100}"
C:\github\5hr-conlang\riemann_analysis\rrlang\outputs\mesu_register_v0_3_nulls100\mesu_udhr_canonical.json,mesu_register_v0_3_nulls100,,,,mesu,unknown,unknown,,,,,,,,,grapheme_class,698,,,vowel,Positions classified as vowel in the grapheme-class stream.,217,prime_index_occupancy_bias,gap_order_shuffle,0.059300699301,0.002760839161,0.048037054595,1.177005139398,1.177005139398,0.257425742574,,"{""name"": ""prime_index_occupancy_bias"", ""null_model"": ""gap_order_shuffle"", ""observed"": 0.059300699301, ""null_mean"": 0.002760839161, ""null_std"": 0.048037054595, ""z_score"": 1.177005139398, ""empirical_p"": 0.257425742574, ""null_samples"": 100}"
C:\github\5hr-conlang\riemann_analysis\rrlang\outputs\mesu_register_v0_3_nulls100\mesu_udhr_canonical.json,mesu_register_v0_3_nulls100,,,,mesu,unknown,unknown,,,,,,,,,grapheme_class,698,,,vowel,Positions classified as vowel in the grapheme-class stream.,217,prime_gap_affinity,gap_order_shuffle,0.763888888889,0.763888888889,0.0,0.994987437107,0.994987437107,1.0,,"{""name"": ""prime_gap_affinity"", ""null_model"": ""gap_order_shuffle"", ""observed"": 0.763888888889, ""null_mean"": 0.763888888889, ""null_std"": 0.0, ""z_score"": 0.994987437107, ""empirical_p"": 1, ""null_samples"": 100}"
C:\github\5hr-conlang\riemann_analysis\rrlang\outputs\mesu_register_v0_3_nulls100\mesu_udhr_canonical.json,mesu_register_v0_3_nulls100,,,,mesu,unknown,unknown,,,,,,,,,grapheme_class,698,,,vowel,Positions classified as vowel in the grapheme-class stream.,217,zeta_spectral_coherence,gap_order_shuffle,0.00052335858,0.000976031723,0.000233937293,-1.935019160289,1.935019160289,0.039603960396,,"{""name"": ""zeta_spectral_coherence"", ""null_model"": ""gap_order_shuffle"", ""observed"": 0.00052335858, ""null_mean"": 0.000976031723, ""null_std"": 0.000233937293, ""z_score"": -1.935019160289, ""empirical_p"": 0.039603960396, ""null_samples"": 100}"
C:\github\5hr-conlang\riemann_analysis\rrlang\outputs\mesu_register_v0_3_nulls100\mesu_udhr_canonical.json,mesu_register_v0_3_nulls100,,,,mesu,unknown,unknown,,,,,,,,,grapheme_class,698,,,vowel,Positions classified as vowel in the grapheme-class stream.,217,critical_line_symmetry,gap_order_shuffle,0.906533150532,0.918440989317,0.026964850949,-0.441605956106,0.441605956106,0.643564356436,,"{""name"": ""critical_line_symmetry"", ""null_model"": ""gap_order_shuffle"", ""observed"": 0.906533150532, ""null_mean"": 0.918440989317, ""null_std"": 0.026964850949, ""z_score"": -0.441605956106, ""empirical_p"": 0.643564356436, ""null_samples"": 100}"
C:\github\5hr-conlang\riemann_analysis\rrlang\outputs\mesu_register_v0_3_nulls100\mesu_udhr_canonical.json,mesu_register_v0_3_nulls100,,,,mesu,unknown,unknown,,,,,,,,,grapheme_class,698,,,consonant,Positions classified as consonant in the grapheme-class stream.,243,event_density,observed_only,0.348137535817,,,,,,,"{""name"": ""event_density"", ""value"": 0.348137535817, ""details"": ""count(event=true) / sequence_length""}"
C:\github\5hr-conlang\riemann_analysis\rrlang\outputs\mesu_register_v0_3_nulls100\mesu_udhr_canonical.json,mesu_register_v0_3_nulls100,,,,mesu,unknown,unknown,,,,,,,,,grapheme_class,698,,,consonant,Positions classified as consonant in the grapheme-class stream.,243,event_count,observed_only,243.0,,,,,,,"{""name"": ""event_count"", ""value"": 243, ""details"": ""Number of true positions in the event map.""}"
C:\github\5hr-conlang\riemann_analysis\rrlang\outputs\mesu_register_v0_3_nulls100\mesu_udhr_canonical.json,mesu_register_v0_3_nulls100,,,,mesu,unknown,unknown,,,,,,,,,grapheme_class,698,,,consonant,Positions classified as consonant in the grapheme-class stream.,243,sequence_length,observed_only,698.0,,,,,,,"{""name"": ""sequence_length"", ""value"": 698, ""details"": ""Number of positions in the event map.""}"
C:\github\5hr-conlang\riemann_analysis\rrlang\outputs\mesu_register_v0_3_nulls100\mesu_udhr_canonical.json,mesu_register_v0_3_nulls100,,,,mesu,unknown,unknown,,,,,,,,,grapheme_class,698,,,consonant,Positions classified as consonant in the grapheme-class stream.,243,modular_residue_peak_m_2,observed_only,0.539094650206,,,,,,,"{""name"": ""modular_residue_peak_m_2"", ""value"": 0.539094650206, ""details"": ""Largest event-position residue fraction modulo 2.""}"
C:\github\5hr-conlang\riemann_analysis\rrlang\outputs\mesu_register_v0_3_nulls100\mesu_udhr_canonical.json,mesu_register_v0_3_nulls100,,,,mesu,unknown,unknown,,,,,,,,,grapheme_class,698,,,consonant,Positions classified as consonant in the grapheme-class stream.,243,modular_residue_peak_m_3,observed_only,0.382716049383,,,,,,,"{""name"": ""modular_residue_peak_m_3"", ""value"": 0.382716049383, ""details"": ""Largest event-position residue fraction modulo 3.""}"
C:\github\5hr-conlang\riemann_analysis\rrlang\outputs\mesu_register_v0_3_nulls100\mesu_udhr_canonical.json,mesu_register_v0_3_nulls100,,,,mesu,unknown,unknown,,,,,,,,,grapheme_class,698,,,consonant,Positions classified as consonant in the grapheme-class stream.,243,modular_residue_peak_m_5,observed_only,0.238683127572,,,,,,,"{""name"": ""modular_residue_peak_m_5"", ""value"": 0.238683127572, ""details"": ""Largest event-position residue fraction modulo 5.""}"
C:\github\5hr-conlang\riemann_analysis\rrlang\outputs\mesu_register_v0_3_nulls100\mesu_udhr_canonical.json,mesu_register_v0_3_nulls100,,,,mesu,unknown,unknown,,,,,,,,,grapheme_class,698,,,consonant,Positions classified as consonant in the grapheme-class stream.,243,modular_residue_peak_m_7,observed_only,0.168724279835,,,,,,,"{""name"": ""modular_residue_peak_m_7"", ""value"": 0.168724279835, ""details"": ""Largest event-position residue fraction modulo 7.""}"
C:\github\5hr-conlang\riemann_analysis\rrlang\outputs\mesu_register_v0_3_nulls100\mesu_udhr_canonical.json,mesu_register_v0_3_nulls100,,,,mesu,unknown,unknown,,,,,,,,,grapheme_class,698,,,consonant,Positions classified as consonant in the grapheme-class stream.,243,gap_entropy,density_shuffle,1.727400626605,2.628670584608,0.016163242912,-55.760466072923,55.760466072923,0.009900990099,,"{""name"": ""gap_entropy"", ""null_model"": ""density_shuffle"", ""observed"": 1.727400626605, ""null_mean"": 2.628670584608, ""null_std"": 0.016163242912, ""z_score"": -55.760466072923, ""empirical_p"": 0.009900990099, ""null_samples"": 100}"
C:\github\5hr-conlang\riemann_analysis\rrlang\outputs\mesu_register_v0_3_nulls100\mesu_udhr_canonical.json,mesu_register_v0_3_nulls100,,,,mesu,unknown,unknown,,,,,,,,,grapheme_class,698,,,consonant,Positions classified as consonant in the grapheme-class stream.,243,run_entropy,density_shuffle,1.244878233357,2.142335191867,0.078858343406,-11.380621501085,11.380621501085,0.009900990099,,"{""name"": ""run_entropy"", ""null_model"": ""density_shuffle"", ""observed"": 1.244878233357, ""null_mean"": 2.142335191867, ""null_std"": 0.078858343406, ""z_score"": -11.380621501085, ""empirical_p"": 0.009900990099, ""null_samples"": 100}"
C:\github\5hr-conlang\riemann_analysis\rrlang\outputs\mesu_register_v0_3_nulls100\mesu_udhr_canonical.json,mesu_register_v0_3_nulls100,,,,mesu,unknown,unknown,,,,,,,,,grapheme_class,698,,,consonant,Positions classified as consonant in the grapheme-class stream.,243,prime_index_occupancy_bias,density_shuffle,-0.023398601399,0.003254965035,0.054532811218,-0.488762010216,0.488762010216,0.673267326733,,"{""name"": ""prime_index_occupancy_bias"", ""null_model"": ""density_shuffle"", ""observed"": -0.023398601399, ""null_mean"": 0.003254965035, ""null_std"": 0.054532811218, ""z_score"": -0.488762010216, ""empirical_p"": 0.673267326733, ""null_samples"": 100}"
C:\github\5hr-conlang\riemann_analysis\rrlang\outputs\mesu_register_v0_3_nulls100\mesu_udhr_canonical.json,mesu_register_v0_3_nulls100,,,,mesu,unknown,unknown,,,,,,,,,grapheme_class,698,,,consonant,Positions classified as consonant in the grapheme-class stream.,243,prime_gap_affinity,density_shuffle,0.876033057851,0.472561983471,0.033757517757,11.952036203898,11.952036203898,0.009900990099,,"{""name"": ""prime_gap_affinity"", ""null_model"": ""density_shuffle"", ""observed"": 0.876033057851, ""null_mean"": 0.472561983471, ""null_std"": 0.033757517757, ""z_score"": 11.952036203898, ""empirical_p"": 0.009900990099, ""null_samples"": 100}"
C:\github\5hr-conlang\riemann_analysis\rrlang\outputs\mesu_register_v0_3_nulls100\mesu_udhr_canonical.json,mesu_register_v0_3_nulls100,,,,mesu,unknown,unknown,,,,,,,,,grapheme_class,698,,,consonant,Positions classified as consonant in the grapheme-class stream.,243,zeta_spectral_coherence,density_shuffle,0.000500281062,0.002369387423,0.000763191868,-2.449064827734,2.449064827734,0.009900990099,,"{""name"": ""zeta_spectral_coherence"", ""null_model"": ""density_shuffle"", ""observed"": 0.000500281062, ""null_mean"": 0.002369387423, ""null_std"": 0.000763191868, ""z_score"": -2.449064827734, ""empirical_p"": 0.009900990099, ""null_samples"": 100}"
C:\github\5hr-conlang\riemann_analysis\rrlang\outputs\mesu_register_v0_3_nulls100\mesu_udhr_canonical.json,mesu_register_v0_3_nulls100,,,,mesu,unknown,unknown,,,,,,,,,grapheme_class,698,,,consonant,Positions classified as consonant in the grapheme-class stream.,243,critical_line_symmetry,density_shuffle,0.821801179218,0.839665337896,0.038087471068,-0.469029793182,0.469029793182,0.653465346535,,"{""name"": ""critical_line_symmetry"", ""null_model"": ""density_shuffle"", ""observed"": 0.821801179218, ""null_mean"": 0.839665337896, ""null_std"": 0.038087471068, ""z_score"": -0.469029793182, ""empirical_p"": 0.653465346535, ""null_samples"": 100}"
C:\github\5hr-conlang\riemann_analysis\rrlang\outputs\mesu_register_v0_3_nulls100\mesu_udhr_canonical.json,mesu_register_v0_3_nulls100,,,,mesu,unknown,unknown,,,,,,,,,grapheme_class,698,,,consonant,Positions classified as consonant in the grapheme-class stream.,243,gap_entropy,markov_1,1.727400626605,1.850307156006,0.090014960909,-1.365401130658,1.365401130658,0.188118811881,,"{""name"": ""gap_entropy"", ""null_model"": ""markov_1"", ""observed"": 1.727400626605, ""null_mean"": 1.850307156006, ""null_std"": 0.090014960909, ""z_score"": -1.365401130658, ""empirical_p"": 0.188118811881, ""null_samples"": 100}"
C:\github\5hr-conlang\riemann_analysis\rrlang\outputs\mesu_register_v0_3_nulls100\mesu_udhr_canonical.json,mesu_register_v0_3_nulls100,,,,mesu,unknown,unknown,,,,,,,,,grapheme_class,698,,,consonant,Positions classified as consonant in the grapheme-class stream.,243,run_entropy,markov_1,1.244878233357,1.213637807236,0.065780239124,0.474921139496,0.474921139496,0.643564356436,,"{""name"": ""run_entropy"", ""null_model"": ""markov_1"", ""observed"": 1.244878233357, ""null_mean"": 1.213637807236, ""null_std"": 0.065780239124, ""z_score"": 0.474921139496, ""empirical_p"": 0.643564356436, ""null_samples"": 100}"
C:\github\5hr-conlang\riemann_analysis\rrlang\outputs\mesu_register_v0_3_nulls100\mesu_udhr_canonical.json,mesu_register_v0_3_nulls100,,,,mesu,unknown,unknown,,,,,,,,,grapheme_class,698,,,consonant,Positions classified as consonant in the grapheme-class stream.,243,prime_index_occupancy_bias,markov_1,-0.023398601399,0.001774125874,0.048509336342,-0.518925410467,0.518925410467,0.594059405941,,"{""name"": ""prime_index_occupancy_bias"", ""null_model"": ""markov_1"", ""observed"": -0.023398601399, ""null_mean"": 0.001774125874, ""null_std"": 0.048509336342, ""z_score"": -0.518925410467, ""empirical_p"": 0.594059405941, ""null_samples"": 100}"
C:\github\5hr-conlang\riemann_analysis\rrlang\outputs\mesu_register_v0_3_nulls100\mesu_udhr_canonical.json,mesu_register_v0_3_nulls100,,,,mesu,unknown,unknown,,,,,,,,,grapheme_class,698,,,consonant,Positions classified as consonant in the grapheme-class stream.,243,prime_gap_affinity,markov_1,0.876033057851,0.848004327452,0.022973843535,1.220027913752,1.220027913752,0.168316831683,,"{""name"": ""prime_gap_affinity"", ""null_model"": ""markov_1"", ""observed"": 0.876033057851, ""null_mean"": 0.848004327452, ""null_std"": 0.022973843535, ""z_score"": 1.220027913752, ""empirical_p"": 0.168316831683, ""null_samples"": 100}"
C:\github\5hr-conlang\riemann_analysis\rrlang\outputs\mesu_register_v0_3_nulls100\mesu_udhr_canonical.json,mesu_register_v0_3_nulls100,,,,mesu,unknown,unknown,,,,,,,,,grapheme_class,698,,,consonant,Positions classified as consonant in the grapheme-class stream.,243,zeta_spectral_coherence,markov_1,0.000500281062,0.001249586868,0.000414356213,-1.808361456494,1.808361456494,0.079207920792,,"{""name"": ""zeta_spectral_coherence"", ""null_model"": ""markov_1"", ""observed"": 0.000500281062, ""null_mean"": 0.001249586868, ""null_std"": 0.000414356213, ""z_score"": -1.808361456494, ""empirical_p"": 0.079207920792, ""null_samples"": 100}"
C:\github\5hr-conlang\riemann_analysis\rrlang\outputs\mesu_register_v0_3_nulls100\mesu_udhr_canonical.json,mesu_register_v0_3_nulls100,,,,mesu,unknown,unknown,,,,,,,,,grapheme_class,698,,,consonant,Positions classified as consonant in the grapheme-class stream.,243,critical_line_symmetry,markov_1,0.821801179218,0.873104701349,0.036303817589,-1.413171548809,1.413171548809,0.128712871287,,"{""name"": ""critical_line_symmetry"", ""null_model"": ""markov_1"", ""observed"": 0.821801179218, ""null_mean"": 0.873104701349, ""null_std"": 0.036303817589, ""z_score"": -1.413171548809, ""empirical_p"": 0.128712871287, ""null_samples"": 100}"
C:\github\5hr-conlang\riemann_analysis\rrlang\outputs\mesu_register_v0_3_nulls100\mesu_udhr_canonical.json,mesu_register_v0_3_nulls100,,,,mesu,unknown,unknown,,,,,,,,,grapheme_class,698,,,consonant,Positions classified as consonant in the grapheme-class stream.,243,gap_entropy,markov_2,1.727400626605,1.768621459276,0.068644399151,-0.600498120473,0.600498120473,0.574257425743,False,"{""name"": ""gap_entropy"", ""null_model"": ""markov_2"", ""observed"": 1.727400626605, ""null_mean"": 1.768621459276, ""null_std"": 0.068644399151, ""z_score"": -0.600498120473, ""empirical_p"": 0.574257425743, ""null_samples"": 100}"
C:\github\5hr-conlang\riemann_analysis\rrlang\outputs\mesu_register_v0_3_nulls100\mesu_udhr_canonical.json,mesu_register_v0_3_nulls100,,,,mesu,unknown,unknown,,,,,,,,,grapheme_class,698,,,consonant,Positions classified as consonant in the grapheme-class stream.,243,run_entropy,markov_2,1.244878233357,1.267342157095,0.053208544835,-0.422186395209,0.422186395209,0.722772277228,False,"{""name"": ""run_entropy"", ""null_model"": ""markov_2"", ""observed"": 1.244878233357, ""null_mean"": 1.267342157095, ""null_std"": 0.053208544835, ""z_score"": -0.422186395209, ""empirical_p"": 0.722772277228, ""null_samples"": 100}"
C:\github\5hr-conlang\riemann_analysis\rrlang\outputs\mesu_register_v0_3_nulls100\mesu_udhr_canonical.json,mesu_register_v0_3_nulls100,,,,mesu,unknown,unknown,,,,,,,,,grapheme_class,698,,,consonant,Positions classified as consonant in the grapheme-class stream.,243,prime_index_occupancy_bias,markov_2,-0.023398601399,-0.008583916084,0.048783951671,-0.303679484897,0.303679484897,0.722772277228,False,"{""name"": ""prime_index_occupancy_bias"", ""null_model"": ""markov_2"", ""observed"": -0.023398601399, ""null_mean"": -0.008583916084, ""null_std"": 0.048783951671, ""z_score"": -0.303679484897, ""empirical_p"": 0.722772277228, ""null_samples"": 100}"
C:\github\5hr-conlang\riemann_analysis\rrlang\outputs\mesu_register_v0_3_nulls100\mesu_udhr_canonical.json,mesu_register_v0_3_nulls100,,,,mesu,unknown,unknown,,,,,,,,,grapheme_class,698,,,consonant,Positions classified as consonant in the grapheme-class stream.,243,prime_gap_affinity,markov_2,0.876033057851,0.848505572942,0.023604902989,1.166176574509,1.166176574509,0.267326732673,False,"{""name"": ""prime_gap_affinity"", ""null_model"": ""markov_2"", ""observed"": 0.876033057851, ""null_mean"": 0.848505572942, ""null_std"": 0.023604902989, ""z_score"": 1.166176574509, ""empirical_p"": 0.267326732673, ""null_samples"": 100}"
C:\github\5hr-conlang\riemann_analysis\rrlang\outputs\mesu_register_v0_3_nulls100\mesu_udhr_canonical.json,mesu_register_v0_3_nulls100,,,,mesu,unknown,unknown,,,,,,,,,grapheme_class,698,,,consonant,Positions classified as consonant in the grapheme-class stream.,243,zeta_spectral_coherence,markov_2,0.000500281062,0.001175757192,0.000403692864,-1.673242678594,1.673242678594,0.09900990099,False,"{""name"": ""zeta_spectral_coherence"", ""null_model"": ""markov_2"", ""observed"": 0.000500281062, ""null_mean"": 0.001175757192, ""null_std"": 0.000403692864, ""z_score"": -1.673242678594, ""empirical_p"": 0.09900990099, ""null_samples"": 100}"
C:\github\5hr-conlang\riemann_analysis\rrlang\outputs\mesu_register_v0_3_nulls100\mesu_udhr_canonical.json,mesu_register_v0_3_nulls100,,,,mesu,unknown,unknown,,,,,,,,,grapheme_class,698,,,consonant,Positions classified as consonant in the grapheme-class stream.,243,critical_line_symmetry,markov_2,0.821801179218,0.894541826637,0.036472462684,-1.994399118308,1.994399118308,0.049504950495,False,"{""name"": ""critical_line_symmetry"", ""null_model"": ""markov_2"", ""observed"": 0.821801179218, ""null_mean"": 0.894541826637, ""null_std"": 0.036472462684, ""z_score"": -1.994399118308, ""empirical_p"": 0.049504950495, ""null_samples"": 100}"
C:\github\5hr-conlang\riemann_analysis\rrlang\outputs\mesu_register_v0_3_nulls100\mesu_udhr_canonical.json,mesu_register_v0_3_nulls100,,,,mesu,unknown,unknown,,,,,,,,,grapheme_class,698,,,consonant,Positions classified as consonant in the grapheme-class stream.,243,gap_entropy,gap_order_shuffle,1.727400626605,1.727400626605,0.0,-1.243734296383,1.243734296383,0.435643564356,,"{""name"": ""gap_entropy"", ""null_model"": ""gap_order_shuffle"", ""observed"": 1.727400626605, ""null_mean"": 1.727400626605, ""null_std"": 0.0, ""z_score"": -1.243734296383, ""empirical_p"": 0.435643564356, ""null_samples"": 100}"
C:\github\5hr-conlang\riemann_analysis\rrlang\outputs\mesu_register_v0_3_nulls100\mesu_udhr_canonical.json,mesu_register_v0_3_nulls100,,,,mesu,unknown,unknown,,,,,,,,,grapheme_class,698,,,consonant,Positions classified as consonant in the grapheme-class stream.,243,run_entropy,gap_order_shuffle,1.244878233357,1.244878233357,0.0,0.0,0.0,1.0,,"{""name"": ""run_entropy"", ""null_model"": ""gap_order_shuffle"", ""observed"": 1.244878233357, ""null_mean"": 1.244878233357, ""null_std"": 0, ""z_score"": 0, ""empirical_p"": 1, ""null_samples"": 100}"
C:\github\5hr-conlang\riemann_analysis\rrlang\outputs\mesu_register_v0_3_nulls100\mesu_udhr_canonical.json,mesu_register_v0_3_nulls100,,,,mesu,unknown,unknown,,,,,,,,,grapheme_class,698,,,consonant,Positions classified as consonant in the grapheme-class stream.,243,prime_index_occupancy_bias,gap_order_shuffle,-0.023398601399,-0.008776223776,0.049328524007,-0.296428444123,0.296428444123,0.871287128713,,"{""name"": ""prime_index_occupancy_bias"", ""null_model"": ""gap_order_shuffle"", ""observed"": -0.023398601399, ""null_mean"": -0.008776223776, ""null_std"": 0.049328524007, ""z_score"": -0.296428444123, ""empirical_p"": 0.871287128713, ""null_samples"": 100}"
C:\github\5hr-conlang\riemann_analysis\rrlang\outputs\mesu_register_v0_3_nulls100\mesu_udhr_canonical.json,mesu_register_v0_3_nulls100,,,,mesu,unknown,unknown,,,,,,,,,grapheme_class,698,,,consonant,Positions classified as consonant in the grapheme-class stream.,243,prime_gap_affinity,gap_order_shuffle,0.876033057851,0.876033057851,0.0,-0.994987437107,0.994987437107,1.0,,"{""name"": ""prime_gap_affinity"", ""null_model"": ""gap_order_shuffle"", ""observed"": 0.876033057851, ""null_mean"": 0.876033057851, ""null_std"": 0.0, ""z_score"": -0.994987437107, ""empirical_p"": 1, ""null_samples"": 100}"
C:\github\5hr-conlang\riemann_analysis\rrlang\outputs\mesu_register_v0_3_nulls100\mesu_udhr_canonical.json,mesu_register_v0_3_nulls100,,,,mesu,unknown,unknown,,,,,,,,,grapheme_class,698,,,consonant,Positions classified as consonant in the grapheme-class stream.,243,zeta_spectral_coherence,gap_order_shuffle,0.000500281062,0.00140901292,0.00041415409,-2.194187813043,2.194187813043,0.029702970297,,"{""name"": ""zeta_spectral_coherence"", ""null_model"": ""gap_order_shuffle"", ""observed"": 0.000500281062, ""null_mean"": 0.00140901292, ""null_std"": 0.00041415409, ""z_score"": -2.194187813043, ""empirical_p"": 0.029702970297, ""null_samples"": 100}"
C:\github\5hr-conlang\riemann_analysis\rrlang\outputs\mesu_register_v0_3_nulls100\mesu_udhr_canonical.json,mesu_register_v0_3_nulls100,,,,mesu,unknown,unknown,,,,,,,,,grapheme_class,698,,,consonant,Positions classified as consonant in the grapheme-class stream.,243,critical_line_symmetry,gap_order_shuffle,0.821801179218,0.914649541782,0.029066606057,-3.194331060897,3.194331060897,0.009900990099,,"{""name"": ""critical_line_symmetry"", ""null_model"": ""gap_order_shuffle"", ""observed"": 0.821801179218, ""null_mean"": 0.914649541782, ""null_std"": 0.029066606057, ""z_score"": -3.194331060897, ""empirical_p"": 0.009900990099, ""null_samples"": 100}"
C:\github\5hr-conlang\riemann_analysis\rrlang\outputs\mesu_register_v0_3_nulls100\mesu_udhr_canonical.json,mesu_register_v0_3_nulls100,,,,mesu,unknown,unknown,,,,,,,,,grapheme_class,698,,,digit,Positions classified as digit in the grapheme-class stream.,0,event_density,observed_only,0.0,,,,,,,"{""name"": ""event_density"", ""value"": 0, ""details"": ""count(event=true) / sequence_length""}"
C:\github\5hr-conlang\riemann_analysis\rrlang\outputs\mesu_register_v0_3_nulls100\mesu_udhr_canonical.json,mesu_register_v0_3_nulls100,,,,mesu,unknown,unknown,,,,,,,,,grapheme_class,698,,,digit,Positions classified as digit in the grapheme-class stream.,0,event_count,observed_only,0.0,,,,,,,"{""name"": ""event_count"", ""value"": 0, ""details"": ""Number of true positions in the event map.""}"
C:\github\5hr-conlang\riemann_analysis\rrlang\outputs\mesu_register_v0_3_nulls100\mesu_udhr_canonical.json,mesu_register_v0_3_nulls100,,,,mesu,unknown,unknown,,,,,,,,,grapheme_class,698,,,digit,Positions classified as digit in the grapheme-class stream.,0,sequence_length,observed_only,698.0,,,,,,,"{""name"": ""sequence_length"", ""value"": 698, ""details"": ""Number of positions in the event map.""}"
C:\github\5hr-conlang\riemann_analysis\rrlang\outputs\mesu_register_v0_3_nulls100\mesu_udhr_canonical.json,mesu_register_v0_3_nulls100,,,,mesu,unknown,unknown,,,,,,,,,grapheme_class,698,,,digit,Positions classified as digit in the grapheme-class stream.,0,modular_residue_peak_m_2,observed_only,0.0,,,,,,,"{""name"": ""modular_residue_peak_m_2"", ""value"": 0, ""details"": ""Largest event-position residue fraction modulo 2.""}"
C:\github\5hr-conlang\riemann_analysis\rrlang\outputs\mesu_register_v0_3_nulls100\mesu_udhr_canonical.json,mesu_register_v0_3_nulls100,,,,mesu,unknown,unknown,,,,,,,,,grapheme_class,698,,,digit,Positions classified as digit in the grapheme-class stream.,0,modular_residue_peak_m_3,observed_only,0.0,,,,,,,"{""name"": ""modular_residue_peak_m_3"", ""value"": 0, ""details"": ""Largest event-position residue fraction modulo 3.""}"
C:\github\5hr-conlang\riemann_analysis\rrlang\outputs\mesu_register_v0_3_nulls100\mesu_udhr_canonical.json,mesu_register_v0_3_nulls100,,,,mesu,unknown,unknown,,,,,,,,,grapheme_class,698,,,digit,Positions classified as digit in the grapheme-class stream.,0,modular_residue_peak_m_5,observed_only,0.0,,,,,,,"{""name"": ""modular_residue_peak_m_5"", ""value"": 0, ""details"": ""Largest event-position residue fraction modulo 5.""}"
C:\github\5hr-conlang\riemann_analysis\rrlang\outputs\mesu_register_v0_3_nulls100\mesu_udhr_canonical.json,mesu_register_v0_3_nulls100,,,,mesu,unknown,unknown,,,,,,,,,grapheme_class,698,,,digit,Positions classified as digit in the grapheme-class stream.,0,modular_residue_peak_m_7,observed_only,0.0,,,,,,,"{""name"": ""modular_residue_peak_m_7"", ""value"": 0, ""details"": ""Largest event-position residue fraction modulo 7.""}"
C:\github\5hr-conlang\riemann_analysis\rrlang\outputs\mesu_register_v0_3_nulls100\mesu_udhr_canonical.json,mesu_register_v0_3_nulls100,,,,mesu,unknown,unknown,,,,,,,,,grapheme_class,698,,,digit,Positions classified as digit in the grapheme-class stream.,0,gap_entropy,density_shuffle,0.0,0.0,0.0,0.0,0.0,1.0,,"{""name"": ""gap_entropy"", ""null_model"": ""density_shuffle"", ""observed"": 0, ""null_mean"": 0, ""null_std"": 0, ""z_score"": 0, ""empirical_p"": 1, ""null_samples"": 100}"
C:\github\5hr-conlang\riemann_analysis\rrlang\outputs\mesu_register_v0_3_nulls100\mesu_udhr_canonical.json,mesu_register_v0_3_nulls100,,,,mesu,unknown,unknown,,,,,,,,,grapheme_class,698,,,digit,Positions classified as digit in the grapheme-class stream.,0,run_entropy,density_shuffle,0.0,0.0,0.0,0.0,0.0,1.0,,"{""name"": ""run_entropy"", ""null_model"": ""density_shuffle"", ""observed"": 0, ""null_mean"": 0, ""null_std"": 0, ""z_score"": 0, ""empirical_p"": 1, ""null_samples"": 100}"
C:\github\5hr-conlang\riemann_analysis\rrlang\outputs\mesu_register_v0_3_nulls100\mesu_udhr_canonical.json,mesu_register_v0_3_nulls100,,,,mesu,unknown,unknown,,,,,,,,,grapheme_class,698,,,digit,Positions classified as digit in the grapheme-class stream.,0,prime_index_occupancy_bias,density_shuffle,0.0,0.0,0.0,0.0,0.0,1.0,,"{""name"": ""prime_index_occupancy_bias"", ""null_model"": ""density_shuffle"", ""observed"": 0, ""null_mean"": 0, ""null_std"": 0, ""z_score"": 0, ""empirical_p"": 1, ""null_samples"": 100}"
C:\github\5hr-conlang\riemann_analysis\rrlang\outputs\mesu_register_v0_3_nulls100\mesu_udhr_canonical.json,mesu_register_v0_3_nulls100,,,,mesu,unknown,unknown,,,,,,,,,grapheme_class,698,,,digit,Positions classified as digit in the grapheme-class stream.,0,prime_gap_affinity,density_shuffle,0.0,0.0,0.0,0.0,0.0,1.0,,"{""name"": ""prime_gap_affinity"", ""null_model"": ""density_shuffle"", ""observed"": 0, ""null_mean"": 0, ""null_std"": 0, ""z_score"": 0, ""empirical_p"": 1, ""null_samples"": 100}"
C:\github\5hr-conlang\riemann_analysis\rrlang\outputs\mesu_register_v0_3_nulls100\mesu_udhr_canonical.json,mesu_register_v0_3_nulls100,,,,mesu,unknown,unknown,,,,,,,,,grapheme_class,698,,,digit,Positions classified as digit in the grapheme-class stream.,0,zeta_spectral_coherence,density_shuffle,0.0,0.0,0.0,0.0,0.0,1.0,,"{""name"": ""zeta_spectral_coherence"", ""null_model"": ""density_shuffle"", ""observed"": 0, ""null_mean"": 0, ""null_std"": 0, ""z_score"": 0, ""empirical_p"": 1, ""null_samples"": 100}"
C:\github\5hr-conlang\riemann_analysis\rrlang\outputs\mesu_register_v0_3_nulls100\mesu_udhr_canonical.json,mesu_register_v0_3_nulls100,,,,mesu,unknown,unknown,,,,,,,,,grapheme_class,698,,,digit,Positions classified as digit in the grapheme-class stream.,0,critical_line_symmetry,density_shuffle,1.0,1.0,0.0,0.0,0.0,1.0,,"{""name"": ""critical_line_symmetry"", ""null_model"": ""density_shuffle"", ""observed"": 1, ""null_mean"": 1, ""null_std"": 0, ""z_score"": 0, ""empirical_p"": 1, ""null_samples"": 100}"
C:\github\5hr-conlang\riemann_analysis\rrlang\outputs\mesu_register_v0_3_nulls100\mesu_udhr_canonical.json,mesu_register_v0_3_nulls100,,,,mesu,unknown,unknown,,,,,,,,,grapheme_class,698,,,digit,Positions classified as digit in the grapheme-class stream.,0,gap_entropy,markov_1,0.0,0.0,0.0,0.0,0.0,1.0,,"{""name"": ""gap_entropy"", ""null_model"": ""markov_1"", ""observed"": 0, ""null_mean"": 0, ""null_std"": 0, ""z_score"": 0, ""empirical_p"": 1, ""null_samples"": 100}"
C:\github\5hr-conlang\riemann_analysis\rrlang\outputs\mesu_register_v0_3_nulls100\mesu_udhr_canonical.json,mesu_register_v0_3_nulls100,,,,mesu,unknown,unknown,,,,,,,,,grapheme_class,698,,,digit,Positions classified as digit in the grapheme-class stream.,0,run_entropy,markov_1,0.0,0.0,0.0,0.0,0.0,1.0,,"{""name"": ""run_entropy"", ""null_model"": ""markov_1"", ""observed"": 0, ""null_mean"": 0, ""null_std"": 0, ""z_score"": 0, ""empirical_p"": 1, ""null_samples"": 100}"
C:\github\5hr-conlang\riemann_analysis\rrlang\outputs\mesu_register_v0_3_nulls100\mesu_udhr_canonical.json,mesu_register_v0_3_nulls100,,,,mesu,unknown,unknown,,,,,,,,,grapheme_class,698,,,digit,Positions classified as digit in the grapheme-class stream.,0,prime_index_occupancy_bias,markov_1,0.0,0.0,0.0,0.0,0.0,1.0,,"{""name"": ""prime_index_occupancy_bias"", ""null_model"": ""markov_1"", ""observed"": 0, ""null_mean"": 0, ""null_std"": 0, ""z_score"": 0, ""empirical_p"": 1, ""null_samples"": 100}"
C:\github\5hr-conlang\riemann_analysis\rrlang\outputs\mesu_register_v0_3_nulls100\mesu_udhr_canonical.json,mesu_register_v0_3_nulls100,,,,mesu,unknown,unknown,,,,,,,,,grapheme_class,698,,,digit,Positions classified as digit in the grapheme-class stream.,0,prime_gap_affinity,markov_1,0.0,0.0,0.0,0.0,0.0,1.0,,"{""name"": ""prime_gap_affinity"", ""null_model"": ""markov_1"", ""observed"": 0, ""null_mean"": 0, ""null_std"": 0, ""z_score"": 0, ""empirical_p"": 1, ""null_samples"": 100}"
C:\github\5hr-conlang\riemann_analysis\rrlang\outputs\mesu_register_v0_3_nulls100\mesu_udhr_canonical.json,mesu_register_v0_3_nulls100,,,,mesu,unknown,unknown,,,,,,,,,grapheme_class,698,,,digit,Positions classified as digit in the grapheme-class stream.,0,zeta_spectral_coherence,markov_1,0.0,0.0,0.0,0.0,0.0,1.0,,"{""name"": ""zeta_spectral_coherence"", ""null_model"": ""markov_1"", ""observed"": 0, ""null_mean"": 0, ""null_std"": 0, ""z_score"": 0, ""empirical_p"": 1, ""null_samples"": 100}"
C:\github\5hr-conlang\riemann_analysis\rrlang\outputs\mesu_register_v0_3_nulls100\mesu_udhr_canonical.json,mesu_register_v0_3_nulls100,,,,mesu,unknown,unknown,,,,,,,,,grapheme_class,698,,,digit,Positions classified as digit in the grapheme-class stream.,0,critical_line_symmetry,markov_1,1.0,1.0,0.0,0.0,0.0,1.0,,"{""name"": ""critical_line_symmetry"", ""null_model"": ""markov_1"", ""observed"": 1, ""null_mean"": 1, ""null_std"": 0, ""z_score"": 0, ""empirical_p"": 1, ""null_samples"": 100}"
C:\github\5hr-conlang\riemann_analysis\rrlang\outputs\mesu_register_v0_3_nulls100\mesu_udhr_canonical.json,mesu_register_v0_3_nulls100,,,,mesu,unknown,unknown,,,,,,,,,grapheme_class,698,,,digit,Positions classified as digit in the grapheme-class stream.,0,gap_entropy,markov_2,0.0,0.0,0.0,0.0,0.0,1.0,False,"{""name"": ""gap_entropy"", ""null_model"": ""markov_2"", ""observed"": 0, ""null_mean"": 0, ""null_std"": 0, ""z_score"": 0, ""empirical_p"": 1, ""null_samples"": 100}"
C:\github\5hr-conlang\riemann_analysis\rrlang\outputs\mesu_register_v0_3_nulls100\mesu_udhr_canonical.json,mesu_register_v0_3_nulls100,,,,mesu,unknown,unknown,,,,,,,,,grapheme_class,698,,,digit,Positions classified as digit in the grapheme-class stream.,0,run_entropy,markov_2,0.0,0.0,0.0,0.0,0.0,1.0,False,"{""name"": ""run_entropy"", ""null_model"": ""markov_2"", ""observed"": 0, ""null_mean"": 0, ""null_std"": 0, ""z_score"": 0, ""empirical_p"": 1, ""null_samples"": 100}"
C:\github\5hr-conlang\riemann_analysis\rrlang\outputs\mesu_register_v0_3_nulls100\mesu_udhr_canonical.json,mesu_register_v0_3_nulls100,,,,mesu,unknown,unknown,,,,,,,,,grapheme_class,698,,,digit,Positions classified as digit in the grapheme-class stream.,0,prime_index_occupancy_bias,markov_2,0.0,0.0,0.0,0.0,0.0,1.0,False,"{""name"": ""prime_index_occupancy_bias"", ""null_model"": ""markov_2"", ""observed"": 0, ""null_mean"": 0, ""null_std"": 0, ""z_score"": 0, ""empirical_p"": 1, ""null_samples"": 100}"
C:\github\5hr-conlang\riemann_analysis\rrlang\outputs\mesu_register_v0_3_nulls100\mesu_udhr_canonical.json,mesu_register_v0_3_nulls100,,,,mesu,unknown,unknown,,,,,,,,,grapheme_class,698,,,digit,Positions classified as digit in the grapheme-class stream.,0,prime_gap_affinity,markov_2,0.0,0.0,0.0,0.0,0.0,1.0,False,"{""name"": ""prime_gap_affinity"", ""null_model"": ""markov_2"", ""observed"": 0, ""null_mean"": 0, ""null_std"": 0, ""z_score"": 0, ""empirical_p"": 1, ""null_samples"": 100}"
C:\github\5hr-conlang\riemann_analysis\rrlang\outputs\mesu_register_v0_3_nulls100\mesu_udhr_canonical.json,mesu_register_v0_3_nulls100,,,,mesu,unknown,unknown,,,,,,,,,grapheme_class,698,,,digit,Positions classified as digit in the grapheme-class stream.,0,zeta_spectral_coherence,markov_2,0.0,0.0,0.0,0.0,0.0,1.0,False,"{""name"": ""zeta_spectral_coherence"", ""null_model"": ""markov_2"", ""observed"": 0, ""null_mean"": 0, ""null_std"": 0, ""z_score"": 0, ""empirical_p"": 1, ""null_samples"": 100}"
C:\github\5hr-conlang\riemann_analysis\rrlang\outputs\mesu_register_v0_3_nulls100\mesu_udhr_canonical.json,mesu_register_v0_3_nulls100,,,,mesu,unknown,unknown,,,,,,,,,grapheme_class,698,,,digit,Positions classified as digit in the grapheme-class stream.,0,critical_line_symmetry,markov_2,1.0,1.0,0.0,0.0,0.0,1.0,False,"{""name"": ""critical_line_symmetry"", ""null_model"": ""markov_2"", ""observed"": 1, ""null_mean"": 1, ""null_std"": 0, ""z_score"": 0, ""empirical_p"": 1, ""null_samples"": 100}"
C:\github\5hr-conlang\riemann_analysis\rrlang\outputs\mesu_register_v0_3_nulls100\mesu_udhr_canonical.json,mesu_register_v0_3_nulls100,,,,mesu,unknown,unknown,,,,,,,,,grapheme_class,698,,,whitespace,Positions classified as whitespace in the grapheme-class stream.,145,event_density,observed_only,0.207736389685,,,,,,,"{""name"": ""event_density"", ""value"": 0.207736389685, ""details"": ""count(event=true) / sequence_length""}"
C:\github\5hr-conlang\riemann_analysis\rrlang\outputs\mesu_register_v0_3_nulls100\mesu_udhr_canonical.json,mesu_register_v0_3_nulls100,,,,mesu,unknown,unknown,,,,,,,,,grapheme_class,698,,,whitespace,Positions classified as whitespace in the grapheme-class stream.,145,event_count,observed_only,145.0,,,,,,,"{""name"": ""event_count"", ""value"": 145, ""details"": ""Number of true positions in the event map.""}"
C:\github\5hr-conlang\riemann_analysis\rrlang\outputs\mesu_register_v0_3_nulls100\mesu_udhr_canonical.json,mesu_register_v0_3_nulls100,,,,mesu,unknown,unknown,,,,,,,,,grapheme_class,698,,,whitespace,Positions classified as whitespace in the grapheme-class stream.,145,sequence_length,observed_only,698.0,,,,,,,"{""name"": ""sequence_length"", ""value"": 698, ""details"": ""Number of positions in the event map.""}"
C:\github\5hr-conlang\riemann_analysis\rrlang\outputs\mesu_register_v0_3_nulls100\mesu_udhr_canonical.json,mesu_register_v0_3_nulls100,,,,mesu,unknown,unknown,,,,,,,,,grapheme_class,698,,,whitespace,Positions classified as whitespace in the grapheme-class stream.,145,modular_residue_peak_m_2,observed_only,0.524137931034,,,,,,,"{""name"": ""modular_residue_peak_m_2"", ""value"": 0.524137931034, ""details"": ""Largest event-position residue fraction modulo 2.""}"
C:\github\5hr-conlang\riemann_analysis\rrlang\outputs\mesu_register_v0_3_nulls100\mesu_udhr_canonical.json,mesu_register_v0_3_nulls100,,,,mesu,unknown,unknown,,,,,,,,,grapheme_class,698,,,whitespace,Positions classified as whitespace in the grapheme-class stream.,145,modular_residue_peak_m_3,observed_only,0.379310344828,,,,,,,"{""name"": ""modular_residue_peak_m_3"", ""value"": 0.379310344828, ""details"": ""Largest event-position residue fraction modulo 3.""}"
C:\github\5hr-conlang\riemann_analysis\rrlang\outputs\mesu_register_v0_3_nulls100\mesu_udhr_canonical.json,mesu_register_v0_3_nulls100,,,,mesu,unknown,unknown,,,,,,,,,grapheme_class,698,,,whitespace,Positions classified as whitespace in the grapheme-class stream.,145,modular_residue_peak_m_5,observed_only,0.268965517241,,,,,,,"{""name"": ""modular_residue_peak_m_5"", ""value"": 0.268965517241, ""details"": ""Largest event-position residue fraction modulo 5.""}"
C:\github\5hr-conlang\riemann_analysis\rrlang\outputs\mesu_register_v0_3_nulls100\mesu_udhr_canonical.json,mesu_register_v0_3_nulls100,,,,mesu,unknown,unknown,,,,,,,,,grapheme_class,698,,,whitespace,Positions classified as whitespace in the grapheme-class stream.,145,modular_residue_peak_m_7,observed_only,0.206896551724,,,,,,,"{""name"": ""modular_residue_peak_m_7"", ""value"": 0.206896551724, ""details"": ""Largest event-position residue fraction modulo 7.""}"
C:\github\5hr-conlang\riemann_analysis\rrlang\outputs\mesu_register_v0_3_nulls100\mesu_udhr_canonical.json,mesu_register_v0_3_nulls100,,,,mesu,unknown,unknown,,,,,,,,,grapheme_class,698,,,whitespace,Positions classified as whitespace in the grapheme-class stream.,145,gap_entropy,density_shuffle,2.889813988368,3.416487684622,0.039468219946,-13.344247523032,13.344247523032,0.009900990099,,"{""name"": ""gap_entropy"", ""null_model"": ""density_shuffle"", ""observed"": 2.889813988368, ""null_mean"": 3.416487684622, ""null_std"": 0.039468219946, ""z_score"": -13.344247523032, ""empirical_p"": 0.009900990099, ""null_samples"": 100}"
C:\github\5hr-conlang\riemann_analysis\rrlang\outputs\mesu_register_v0_3_nulls100\mesu_udhr_canonical.json,mesu_register_v0_3_nulls100,,,,mesu,unknown,unknown,,,,,,,,,grapheme_class,698,,,whitespace,Positions classified as whitespace in the grapheme-class stream.,145,run_entropy,density_shuffle,1.999324889878,2.53142178295,0.085395533251,-6.23096867972,6.23096867972,0.009900990099,,"{""name"": ""run_entropy"", ""null_model"": ""density_shuffle"", ""observed"": 1.999324889878, ""null_mean"": 2.53142178295, ""null_std"": 0.085395533251, ""z_score"": -6.23096867972, ""empirical_p"": 0.009900990099, ""null_samples"": 100}"
C:\github\5hr-conlang\riemann_analysis\rrlang\outputs\mesu_register_v0_3_nulls100\mesu_udhr_canonical.json,mesu_register_v0_3_nulls100,,,,mesu,unknown,unknown,,,,,,,,,grapheme_class,698,,,whitespace,Positions classified as whitespace in the grapheme-class stream.,145,prime_index_occupancy_bias,density_shuffle,-0.019538461538,0.0017,0.036277221035,-0.58544896584,0.58544896584,0.613861386139,,"{""name"": ""prime_index_occupancy_bias"", ""null_model"": ""density_shuffle"", ""observed"": -0.019538461538, ""null_mean"": 0.0017, ""null_std"": 0.036277221035, ""z_score"": -0.58544896584, ""empirical_p"": 0.613861386139, ""null_samples"": 100}"
C:\github\5hr-conlang\riemann_analysis\rrlang\outputs\mesu_register_v0_3_nulls100\mesu_udhr_canonical.json,mesu_register_v0_3_nulls100,,,,mesu,unknown,unknown,,,,,,,,,grapheme_class,698,,,whitespace,Positions classified as whitespace in the grapheme-class stream.,145,prime_gap_affinity,density_shuffle,0.618055555556,0.47625,0.044768346599,3.167540602416,3.167540602416,0.009900990099,,"{""name"": ""prime_gap_affinity"", ""null_model"": ""density_shuffle"", ""observed"": 0.618055555556, ""null_mean"": 0.47625, ""null_std"": 0.044768346599, ""z_score"": 3.167540602416, ""empirical_p"": 0.009900990099, ""null_samples"": 100}"
C:\github\5hr-conlang\riemann_analysis\rrlang\outputs\mesu_register_v0_3_nulls100\mesu_udhr_canonical.json,mesu_register_v0_3_nulls100,,,,mesu,unknown,unknown,,,,,,,,,grapheme_class,698,,,whitespace,Positions classified as whitespace in the grapheme-class stream.,145,zeta_spectral_coherence,density_shuffle,0.000233206974,0.001624845062,0.000635542828,-2.189684198686,2.189684198686,0.029702970297,,"{""name"": ""zeta_spectral_coherence"", ""null_model"": ""density_shuffle"", ""observed"": 0.000233206974, ""null_mean"": 0.001624845062, ""null_std"": 0.000635542828, ""z_score"": -2.189684198686, ""empirical_p"": 0.029702970297, ""null_samples"": 100}"
C:\github\5hr-conlang\riemann_analysis\rrlang\outputs\mesu_register_v0_3_nulls100\mesu_udhr_canonical.json,mesu_register_v0_3_nulls100,,,,mesu,unknown,unknown,,,,,,,,,grapheme_class,698,,,whitespace,Positions classified as whitespace in the grapheme-class stream.,145,critical_line_symmetry,density_shuffle,0.784969670042,0.835799084577,0.041371593973,-1.228606627234,1.228606627234,0.257425742574,,"{""name"": ""critical_line_symmetry"", ""null_model"": ""density_shuffle"", ""observed"": 0.784969670042, ""null_mean"": 0.835799084577, ""null_std"": 0.041371593973, ""z_score"": -1.228606627234, ""empirical_p"": 0.257425742574, ""null_samples"": 100}"
C:\github\5hr-conlang\riemann_analysis\rrlang\outputs\mesu_register_v0_3_nulls100\mesu_udhr_canonical.json,mesu_register_v0_3_nulls100,,,,mesu,unknown,unknown,,,,,,,,,grapheme_class,698,,,whitespace,Positions classified as whitespace in the grapheme-class stream.,145,gap_entropy,markov_1,2.889813988368,3.080264223691,0.11222828682,-1.696989597888,1.696989597888,0.138613861386,,"{""name"": ""gap_entropy"", ""null_model"": ""markov_1"", ""observed"": 2.889813988368, ""null_mean"": 3.080264223691, ""null_std"": 0.11222828682, ""z_score"": -1.696989597888, ""empirical_p"": 0.138613861386, ""null_samples"": 100}"
C:\github\5hr-conlang\riemann_analysis\rrlang\outputs\mesu_register_v0_3_nulls100\mesu_udhr_canonical.json,mesu_register_v0_3_nulls100,,,,mesu,unknown,unknown,,,,,,,,,grapheme_class,698,,,whitespace,Positions classified as whitespace in the grapheme-class stream.,145,run_entropy,markov_1,1.999324889878,2.078979248391,0.085831028438,-0.928036864552,0.928036864552,0.405940594059,,"{""name"": ""run_entropy"", ""null_model"": ""markov_1"", ""observed"": 1.999324889878, ""null_mean"": 2.078979248391, ""null_std"": 0.085831028438, ""z_score"": -0.928036864552, ""empirical_p"": 0.405940594059, ""null_samples"": 100}"
C:\github\5hr-conlang\riemann_analysis\rrlang\outputs\mesu_register_v0_3_nulls100\mesu_udhr_canonical.json,mesu_register_v0_3_nulls100,,,,mesu,unknown,unknown,,,,,,,,,grapheme_class,698,,,whitespace,Positions classified as whitespace in the grapheme-class stream.,145,prime_index_occupancy_bias,markov_1,-0.019538461538,-0.004170769231,0.038178663645,-0.402520435247,0.402520435247,0.722772277228,,"{""name"": ""prime_index_occupancy_bias"", ""null_model"": ""markov_1"", ""observed"": -0.019538461538, ""null_mean"": -0.004170769231, ""null_std"": 0.038178663645, ""z_score"": -0.402520435247, ""empirical_p"": 0.722772277228, ""null_samples"": 100}"
C:\github\5hr-conlang\riemann_analysis\rrlang\outputs\mesu_register_v0_3_nulls100\mesu_udhr_canonical.json,mesu_register_v0_3_nulls100,,,,mesu,unknown,unknown,,,,,,,,,grapheme_class,698,,,whitespace,Positions classified as whitespace in the grapheme-class stream.,145,prime_gap_affinity,markov_1,0.618055555556,0.649697943274,0.033151393648,-0.954481372781,0.954481372781,0.336633663366,,"{""name"": ""prime_gap_affinity"", ""null_model"": ""markov_1"", ""observed"": 0.618055555556, ""null_mean"": 0.649697943274, ""null_std"": 0.033151393648, ""z_score"": -0.954481372781, ""empirical_p"": 0.336633663366, ""null_samples"": 100}"
C:\github\5hr-conlang\riemann_analysis\rrlang\outputs\mesu_register_v0_3_nulls100\mesu_udhr_canonical.json,mesu_register_v0_3_nulls100,,,,mesu,unknown,unknown,,,,,,,,,grapheme_class,698,,,whitespace,Positions classified as whitespace in the grapheme-class stream.,145,zeta_spectral_coherence,markov_1,0.000233206974,0.001262672178,0.000560375116,-1.837100140819,1.837100140819,0.079207920792,,"{""name"": ""zeta_spectral_coherence"", ""null_model"": ""markov_1"", ""observed"": 0.000233206974, ""null_mean"": 0.001262672178, ""null_std"": 0.000560375116, ""z_score"": -1.837100140819, ""empirical_p"": 0.079207920792, ""null_samples"": 100}"
C:\github\5hr-conlang\riemann_analysis\rrlang\outputs\mesu_register_v0_3_nulls100\mesu_udhr_canonical.json,mesu_register_v0_3_nulls100,,,,mesu,unknown,unknown,,,,,,,,,grapheme_class,698,,,whitespace,Positions classified as whitespace in the grapheme-class stream.,145,critical_line_symmetry,markov_1,0.784969670042,0.855854631987,0.043905269036,-1.614497838236,1.614497838236,0.108910891089,,"{""name"": ""critical_line_symmetry"", ""null_model"": ""markov_1"", ""observed"": 0.784969670042, ""null_mean"": 0.855854631987, ""null_std"": 0.043905269036, ""z_score"": -1.614497838236, ""empirical_p"": 0.108910891089, ""null_samples"": 100}"
C:\github\5hr-conlang\riemann_analysis\rrlang\outputs\mesu_register_v0_3_nulls100\mesu_udhr_canonical.json,mesu_register_v0_3_nulls100,,,,mesu,unknown,unknown,,,,,,,,,grapheme_class,698,,,whitespace,Positions classified as whitespace in the grapheme-class stream.,145,gap_entropy,markov_2,2.889813988368,3.051755439775,0.117479241339,-1.378468651666,1.378468651666,0.188118811881,False,"{""name"": ""gap_entropy"", ""null_model"": ""markov_2"", ""observed"": 2.889813988368, ""null_mean"": 3.051755439775, ""null_std"": 0.117479241339, ""z_score"": -1.378468651666, ""empirical_p"": 0.188118811881, ""null_samples"": 100}"
C:\github\5hr-conlang\riemann_analysis\rrlang\outputs\mesu_register_v0_3_nulls100\mesu_udhr_canonical.json,mesu_register_v0_3_nulls100,,,,mesu,unknown,unknown,,,,,,,,,grapheme_class,698,,,whitespace,Positions classified as whitespace in the grapheme-class stream.,145,run_entropy,markov_2,1.999324889878,2.076308054156,0.083474010922,-0.922241107482,0.922241107482,0.336633663366,False,"{""name"": ""run_entropy"", ""null_model"": ""markov_2"", ""observed"": 1.999324889878, ""null_mean"": 2.076308054156, ""null_std"": 0.083474010922, ""z_score"": -0.922241107482, ""empirical_p"": 0.336633663366, ""null_samples"": 100}"
C:\github\5hr-conlang\riemann_analysis\rrlang\outputs\mesu_register_v0_3_nulls100\mesu_udhr_canonical.json,mesu_register_v0_3_nulls100,,,,mesu,unknown,unknown,,,,,,,,,grapheme_class,698,,,whitespace,Positions classified as whitespace in the grapheme-class stream.,145,prime_index_occupancy_bias,markov_2,-0.019538461538,-0.002752867133,0.042698552662,-0.393118580355,0.393118580355,0.70297029703,False,"{""name"": ""prime_index_occupancy_bias"", ""null_model"": ""markov_2"", ""observed"": -0.019538461538, ""null_mean"": -0.002752867133, ""null_std"": 0.042698552662, ""z_score"": -0.393118580355, ""empirical_p"": 0.70297029703, ""null_samples"": 100}"
C:\github\5hr-conlang\riemann_analysis\rrlang\outputs\mesu_register_v0_3_nulls100\mesu_udhr_canonical.json,mesu_register_v0_3_nulls100,,,,mesu,unknown,unknown,,,,,,,,,grapheme_class,698,,,whitespace,Positions classified as whitespace in the grapheme-class stream.,145,prime_gap_affinity,markov_2,0.618055555556,0.643659024912,0.039145332138,-0.654061875532,0.654061875532,0.49504950495,False,"{""name"": ""prime_gap_affinity"", ""null_model"": ""markov_2"", ""observed"": 0.618055555556, ""null_mean"": 0.643659024912, ""null_std"": 0.039145332138, ""z_score"": -0.654061875532, ""empirical_p"": 0.49504950495, ""null_samples"": 100}"
C:\github\5hr-conlang\riemann_analysis\rrlang\outputs\mesu_register_v0_3_nulls100\mesu_udhr_canonical.json,mesu_register_v0_3_nulls100,,,,mesu,unknown,unknown,,,,,,,,,grapheme_class,698,,,whitespace,Positions classified as whitespace in the grapheme-class stream.,145,zeta_spectral_coherence,markov_2,0.000233206974,0.00121491761,0.000505764363,-1.941043513459,1.941043513459,0.049504950495,False,"{""name"": ""zeta_spectral_coherence"", ""null_model"": ""markov_2"", ""observed"": 0.000233206974, ""null_mean"": 0.00121491761, ""null_std"": 0.000505764363, ""z_score"": -1.941043513459, ""empirical_p"": 0.049504950495, ""null_samples"": 100}"
C:\github\5hr-conlang\riemann_analysis\rrlang\outputs\mesu_register_v0_3_nulls100\mesu_udhr_canonical.json,mesu_register_v0_3_nulls100,,,,mesu,unknown,unknown,,,,,,,,,grapheme_class,698,,,whitespace,Positions classified as whitespace in the grapheme-class stream.,145,critical_line_symmetry,markov_2,0.784969670042,0.859004388097,0.040803971863,-1.814399791844,1.814399791844,0.069306930693,False,"{""name"": ""critical_line_symmetry"", ""null_model"": ""markov_2"", ""observed"": 0.784969670042, ""null_mean"": 0.859004388097, ""null_std"": 0.040803971863, ""z_score"": -1.814399791844, ""empirical_p"": 0.069306930693, ""null_samples"": 100}"
C:\github\5hr-conlang\riemann_analysis\rrlang\outputs\mesu_register_v0_3_nulls100\mesu_udhr_canonical.json,mesu_register_v0_3_nulls100,,,,mesu,unknown,unknown,,,,,,,,,grapheme_class,698,,,whitespace,Positions classified as whitespace in the grapheme-class stream.,145,gap_entropy,gap_order_shuffle,2.889813988368,2.889813988368,0.0,-0.984605356769,0.984605356769,0.990099009901,,"{""name"": ""gap_entropy"", ""null_model"": ""gap_order_shuffle"", ""observed"": 2.889813988368, ""null_mean"": 2.889813988368, ""null_std"": 0.0, ""z_score"": -0.984605356769, ""empirical_p"": 0.990099009901, ""null_samples"": 100}"
C:\github\5hr-conlang\riemann_analysis\rrlang\outputs\mesu_register_v0_3_nulls100\mesu_udhr_canonical.json,mesu_register_v0_3_nulls100,,,,mesu,unknown,unknown,,,,,,,,,grapheme_class,698,,,whitespace,Positions classified as whitespace in the grapheme-class stream.,145,run_entropy,gap_order_shuffle,1.999324889878,1.999324889878,0.0,1.022487235342,1.022487235342,0.485148514851,,"{""name"": ""run_entropy"", ""null_model"": ""gap_order_shuffle"", ""observed"": 1.999324889878, ""null_mean"": 1.999324889878, ""null_std"": 0.0, ""z_score"": 1.022487235342, ""empirical_p"": 0.485148514851, ""null_samples"": 100}"
C:\github\5hr-conlang\riemann_analysis\rrlang\outputs\mesu_register_v0_3_nulls100\mesu_udhr_canonical.json,mesu_register_v0_3_nulls100,,,,mesu,unknown,unknown,,,,,,,,,grapheme_class,698,,,whitespace,Positions classified as whitespace in the grapheme-class stream.,145,prime_index_occupancy_bias,gap_order_shuffle,-0.019538461538,-0.011934825175,0.035933217924,-0.211604660062,0.211604660062,0.831683168317,,"{""name"": ""prime_index_occupancy_bias"", ""null_model"": ""gap_order_shuffle"", ""observed"": -0.019538461538, ""null_mean"": -0.011934825175, ""null_std"": 0.035933217924, ""z_score"": -0.211604660062, ""empirical_p"": 0.831683168317, ""null_samples"": 100}"
C:\github\5hr-conlang\riemann_analysis\rrlang\outputs\mesu_register_v0_3_nulls100\mesu_udhr_canonical.json,mesu_register_v0_3_nulls100,,,,mesu,unknown,unknown,,,,,,,,,grapheme_class,698,,,whitespace,Positions classified as whitespace in the grapheme-class stream.,145,prime_gap_affinity,gap_order_shuffle,0.618055555556,0.618055555556,0.0,-0.994987437107,0.994987437107,1.0,,"{""name"": ""prime_gap_affinity"", ""null_model"": ""gap_order_shuffle"", ""observed"": 0.618055555556, ""null_mean"": 0.618055555556, ""null_std"": 0.0, ""z_score"": -0.994987437107, ""empirical_p"": 1, ""null_samples"": 100}"
C:\github\5hr-conlang\riemann_analysis\rrlang\outputs\mesu_register_v0_3_nulls100\mesu_udhr_canonical.json,mesu_register_v0_3_nulls100,,,,mesu,unknown,unknown,,,,,,,,,grapheme_class,698,,,whitespace,Positions classified as whitespace in the grapheme-class stream.,145,zeta_spectral_coherence,gap_order_shuffle,0.000233206974,0.000794506727,0.000228715696,-2.454137444211,2.454137444211,0.039603960396,,"{""name"": ""zeta_spectral_coherence"", ""null_model"": ""gap_order_shuffle"", ""observed"": 0.000233206974, ""null_mean"": 0.000794506727, ""null_std"": 0.000228715696, ""z_score"": -2.454137444211, ""empirical_p"": 0.039603960396, ""null_samples"": 100}"
C:\github\5hr-conlang\riemann_analysis\rrlang\outputs\mesu_register_v0_3_nulls100\mesu_udhr_canonical.json,mesu_register_v0_3_nulls100,,,,mesu,unknown,unknown,,,,,,,,,grapheme_class,698,,,whitespace,Positions classified as whitespace in the grapheme-class stream.,145,critical_line_symmetry,gap_order_shuffle,0.784969670042,0.831716348695,0.027714004055,-1.686752970107,1.686752970107,0.09900990099,,"{""name"": ""critical_line_symmetry"", ""null_model"": ""gap_order_shuffle"", ""observed"": 0.784969670042, ""null_mean"": 0.831716348695, ""null_std"": 0.027714004055, ""z_score"": -1.686752970107, ""empirical_p"": 0.09900990099, ""null_samples"": 100}"
C:\github\5hr-conlang\riemann_analysis\rrlang\outputs\mesu_register_v0_3_nulls100\mesu_udhr_canonical.json,mesu_register_v0_3_nulls100,,,,mesu,unknown,unknown,,,,,,,,,grapheme_class,698,,,punctuation,Positions classified as punctuation in the grapheme-class stream.,93,event_density,observed_only,0.13323782235,,,,,,,"{""name"": ""event_density"", ""value"": 0.13323782235, ""details"": ""count(event=true) / sequence_length""}"
C:\github\5hr-conlang\riemann_analysis\rrlang\outputs\mesu_register_v0_3_nulls100\mesu_udhr_canonical.json,mesu_register_v0_3_nulls100,,,,mesu,unknown,unknown,,,,,,,,,grapheme_class,698,,,punctuation,Positions classified as punctuation in the grapheme-class stream.,93,event_count,observed_only,93.0,,,,,,,"{""name"": ""event_count"", ""value"": 93, ""details"": ""Number of true positions in the event map.""}"
C:\github\5hr-conlang\riemann_analysis\rrlang\outputs\mesu_register_v0_3_nulls100\mesu_udhr_canonical.json,mesu_register_v0_3_nulls100,,,,mesu,unknown,unknown,,,,,,,,,grapheme_class,698,,,punctuation,Positions classified as punctuation in the grapheme-class stream.,93,sequence_length,observed_only,698.0,,,,,,,"{""name"": ""sequence_length"", ""value"": 698, ""details"": ""Number of positions in the event map.""}"
C:\github\5hr-conlang\riemann_analysis\rrlang\outputs\mesu_register_v0_3_nulls100\mesu_udhr_canonical.json,mesu_register_v0_3_nulls100,,,,mesu,unknown,unknown,,,,,,,,,grapheme_class,698,,,punctuation,Positions classified as punctuation in the grapheme-class stream.,93,modular_residue_peak_m_2,observed_only,0.537634408602,,,,,,,"{""name"": ""modular_residue_peak_m_2"", ""value"": 0.537634408602, ""details"": ""Largest event-position residue fraction modulo 2.""}"
C:\github\5hr-conlang\riemann_analysis\rrlang\outputs\mesu_register_v0_3_nulls100\mesu_udhr_canonical.json,mesu_register_v0_3_nulls100,,,,mesu,unknown,unknown,,,,,,,,,grapheme_class,698,,,punctuation,Positions classified as punctuation in the grapheme-class stream.,93,modular_residue_peak_m_3,observed_only,0.462365591398,,,,,,,"{""name"": ""modular_residue_peak_m_3"", ""value"": 0.462365591398, ""details"": ""Largest event-position residue fraction modulo 3.""}"
C:\github\5hr-conlang\riemann_analysis\rrlang\outputs\mesu_register_v0_3_nulls100\mesu_udhr_canonical.json,mesu_register_v0_3_nulls100,,,,mesu,unknown,unknown,,,,,,,,,grapheme_class,698,,,punctuation,Positions classified as punctuation in the grapheme-class stream.,93,modular_residue_peak_m_5,observed_only,0.268817204301,,,,,,,"{""name"": ""modular_residue_peak_m_5"", ""value"": 0.268817204301, ""details"": ""Largest event-position residue fraction modulo 5.""}"
C:\github\5hr-conlang\riemann_analysis\rrlang\outputs\mesu_register_v0_3_nulls100\mesu_udhr_canonical.json,mesu_register_v0_3_nulls100,,,,mesu,unknown,unknown,,,,,,,,,grapheme_class,698,,,punctuation,Positions classified as punctuation in the grapheme-class stream.,93,modular_residue_peak_m_7,observed_only,0.172043010753,,,,,,,"{""name"": ""modular_residue_peak_m_7"", ""value"": 0.172043010753, ""details"": ""Largest event-position residue fraction modulo 7.""}"
C:\github\5hr-conlang\riemann_analysis\rrlang\outputs\mesu_register_v0_3_nulls100\mesu_udhr_canonical.json,mesu_register_v0_3_nulls100,,,,mesu,unknown,unknown,,,,,,,,,grapheme_class,698,,,punctuation,Positions classified as punctuation in the grapheme-class stream.,93,gap_entropy,density_shuffle,3.298906624531,3.967489062645,0.061796162498,-10.81915787468,10.81915787468,0.009900990099,,"{""name"": ""gap_entropy"", ""null_model"": ""density_shuffle"", ""observed"": 3.298906624531, ""null_mean"": 3.967489062645, ""null_std"": 0.061796162498, ""z_score"": -10.81915787468, ""empirical_p"": 0.009900990099, ""null_samples"": 100}"
C:\github\5hr-conlang\riemann_analysis\rrlang\outputs\mesu_register_v0_3_nulls100\mesu_udhr_canonical.json,mesu_register_v0_3_nulls100,,,,mesu,unknown,unknown,,,,,,,,,grapheme_class,698,,,punctuation,Positions classified as punctuation in the grapheme-class stream.,93,run_entropy,density_shuffle,2.647243616158,2.861297223912,0.094191151776,-2.27254475305,2.27254475305,0.029702970297,,"{""name"": ""run_entropy"", ""null_model"": ""density_shuffle"", ""observed"": 2.647243616158, ""null_mean"": 2.861297223912, ""null_std"": 0.094191151776, ""z_score"": -2.27254475305, ""empirical_p"": 0.029702970297, ""null_samples"": 100}"
C:\github\5hr-conlang\riemann_analysis\rrlang\outputs\mesu_register_v0_3_nulls100\mesu_udhr_canonical.json,mesu_register_v0_3_nulls100,,,,mesu,unknown,unknown,,,,,,,,,grapheme_class,698,,,punctuation,Positions classified as punctuation in the grapheme-class stream.,93,prime_index_occupancy_bias,density_shuffle,-0.016363636364,-0.004201118881,0.030610290126,-0.397334276567,0.397334276567,0.752475247525,,"{""name"": ""prime_index_occupancy_bias"", ""null_model"": ""density_shuffle"", ""observed"": -0.016363636364, ""null_mean"": -0.004201118881, ""null_std"": 0.030610290126, ""z_score"": -0.397334276567, ""empirical_p"": 0.752475247525, ""null_samples"": 100}"
C:\github\5hr-conlang\riemann_analysis\rrlang\outputs\mesu_register_v0_3_nulls100\mesu_udhr_canonical.json,mesu_register_v0_3_nulls100,,,,mesu,unknown,unknown,,,,,,,,,grapheme_class,698,,,punctuation,Positions classified as punctuation in the grapheme-class stream.,93,prime_gap_affinity,density_shuffle,0.54347826087,0.442282608696,0.047984899216,2.108906214808,2.108906214808,0.049504950495,,"{""name"": ""prime_gap_affinity"", ""null_model"": ""density_shuffle"", ""observed"": 0.54347826087, ""null_mean"": 0.442282608696, ""null_std"": 0.047984899216, ""z_score"": 2.108906214808, ""empirical_p"": 0.049504950495, ""null_samples"": 100}"
C:\github\5hr-conlang\riemann_analysis\rrlang\outputs\mesu_register_v0_3_nulls100\mesu_udhr_canonical.json,mesu_register_v0_3_nulls100,,,,mesu,unknown,unknown,,,,,,,,,grapheme_class,698,,,punctuation,Positions classified as punctuation in the grapheme-class stream.,93,zeta_spectral_coherence,density_shuffle,0.000645630553,0.001214808327,0.000613993289,-0.927009764892,0.927009764892,0.306930693069,,"{""name"": ""zeta_spectral_coherence"", ""null_model"": ""density_shuffle"", ""observed"": 0.000645630553, ""null_mean"": 0.001214808327, ""null_std"": 0.000613993289, ""z_score"": -0.927009764892, ""empirical_p"": 0.306930693069, ""null_samples"": 100}"
C:\github\5hr-conlang\riemann_analysis\rrlang\outputs\mesu_register_v0_3_nulls100\mesu_udhr_canonical.json,mesu_register_v0_3_nulls100,,,,mesu,unknown,unknown,,,,,,,,,grapheme_class,698,,,punctuation,Positions classified as punctuation in the grapheme-class stream.,93,critical_line_symmetry,density_shuffle,0.904685561423,0.8399034534,0.044656904504,1.450662752866,1.450662752866,0.138613861386,,"{""name"": ""critical_line_symmetry"", ""null_model"": ""density_shuffle"", ""observed"": 0.904685561423, ""null_mean"": 0.8399034534, ""null_std"": 0.044656904504, ""z_score"": 1.450662752866, ""empirical_p"": 0.138613861386, ""null_samples"": 100}"
C:\github\5hr-conlang\riemann_analysis\rrlang\outputs\mesu_register_v0_3_nulls100\mesu_udhr_canonical.json,mesu_register_v0_3_nulls100,,,,mesu,unknown,unknown,,,,,,,,,grapheme_class,698,,,punctuation,Positions classified as punctuation in the grapheme-class stream.,93,gap_entropy,markov_1,3.298906624531,3.759578157319,0.121142675413,-3.802718828992,3.802718828992,0.009900990099,,"{""name"": ""gap_entropy"", ""null_model"": ""markov_1"", ""observed"": 3.298906624531, ""null_mean"": 3.759578157319, ""null_std"": 0.121142675413, ""z_score"": -3.802718828992, ""empirical_p"": 0.009900990099, ""null_samples"": 100}"
C:\github\5hr-conlang\riemann_analysis\rrlang\outputs\mesu_register_v0_3_nulls100\mesu_udhr_canonical.json,mesu_register_v0_3_nulls100,,,,mesu,unknown,unknown,,,,,,,,,grapheme_class,698,,,punctuation,Positions classified as punctuation in the grapheme-class stream.,93,run_entropy,markov_1,2.647243616158,2.560206618699,0.096251360183,0.904267714182,0.904267714182,0.376237623762,,"{""name"": ""run_entropy"", ""null_model"": ""markov_1"", ""observed"": 2.647243616158, ""null_mean"": 2.560206618699, ""null_std"": 0.096251360183, ""z_score"": 0.904267714182, ""empirical_p"": 0.376237623762, ""null_samples"": 100}"
C:\github\5hr-conlang\riemann_analysis\rrlang\outputs\mesu_register_v0_3_nulls100\mesu_udhr_canonical.json,mesu_register_v0_3_nulls100,,,,mesu,unknown,unknown,,,,,,,,,grapheme_class,698,,,punctuation,Positions classified as punctuation in the grapheme-class stream.,93,prime_index_occupancy_bias,markov_1,-0.016363636364,-0.000367972028,0.031222998775,-0.512303909405,0.512303909405,0.514851485149,,"{""name"": ""prime_index_occupancy_bias"", ""null_model"": ""markov_1"", ""observed"": -0.016363636364, ""null_mean"": -0.000367972028, ""null_std"": 0.031222998775, ""z_score"": -0.512303909405, ""empirical_p"": 0.514851485149, ""null_samples"": 100}"
C:\github\5hr-conlang\riemann_analysis\rrlang\outputs\mesu_register_v0_3_nulls100\mesu_udhr_canonical.json,mesu_register_v0_3_nulls100,,,,mesu,unknown,unknown,,,,,,,,,grapheme_class,698,,,punctuation,Positions classified as punctuation in the grapheme-class stream.,93,prime_gap_affinity,markov_1,0.54347826087,0.537074923005,0.050248399214,0.127433668821,0.127433668821,0.940594059406,,"{""name"": ""prime_gap_affinity"", ""null_model"": ""markov_1"", ""observed"": 0.54347826087, ""null_mean"": 0.537074923005, ""null_std"": 0.050248399214, ""z_score"": 0.127433668821, ""empirical_p"": 0.940594059406, ""null_samples"": 100}"
C:\github\5hr-conlang\riemann_analysis\rrlang\outputs\mesu_register_v0_3_nulls100\mesu_udhr_canonical.json,mesu_register_v0_3_nulls100,,,,mesu,unknown,unknown,,,,,,,,,grapheme_class,698,,,punctuation,Positions classified as punctuation in the grapheme-class stream.,93,zeta_spectral_coherence,markov_1,0.000645630553,0.000962227117,0.000474903614,-0.666654358543,0.666654358543,0.544554455446,,"{""name"": ""zeta_spectral_coherence"", ""null_model"": ""markov_1"", ""observed"": 0.000645630553, ""null_mean"": 0.000962227117, ""null_std"": 0.000474903614, ""z_score"": -0.666654358543, ""empirical_p"": 0.544554455446, ""null_samples"": 100}"
C:\github\5hr-conlang\riemann_analysis\rrlang\outputs\mesu_register_v0_3_nulls100\mesu_udhr_canonical.json,mesu_register_v0_3_nulls100,,,,mesu,unknown,unknown,,,,,,,,,grapheme_class,698,,,punctuation,Positions classified as punctuation in the grapheme-class stream.,93,critical_line_symmetry,markov_1,0.904685561423,0.842667495307,0.048314503112,1.28363249379,1.28363249379,0.227722772277,,"{""name"": ""critical_line_symmetry"", ""null_model"": ""markov_1"", ""observed"": 0.904685561423, ""null_mean"": 0.842667495307, ""null_std"": 0.048314503112, ""z_score"": 1.28363249379, ""empirical_p"": 0.227722772277, ""null_samples"": 100}"
C:\github\5hr-conlang\riemann_analysis\rrlang\outputs\mesu_register_v0_3_nulls100\mesu_udhr_canonical.json,mesu_register_v0_3_nulls100,,,,mesu,unknown,unknown,,,,,,,,,grapheme_class,698,,,punctuation,Positions classified as punctuation in the grapheme-class stream.,93,gap_entropy,markov_2,3.298906624531,3.547835703133,0.148555685351,-1.675661742699,1.675661742699,0.09900990099,False,"{""name"": ""gap_entropy"", ""null_model"": ""markov_2"", ""observed"": 3.298906624531, ""null_mean"": 3.547835703133, ""null_std"": 0.148555685351, ""z_score"": -1.675661742699, ""empirical_p"": 0.09900990099, ""null_samples"": 100}"
C:\github\5hr-conlang\riemann_analysis\rrlang\outputs\mesu_register_v0_3_nulls100\mesu_udhr_canonical.json,mesu_register_v0_3_nulls100,,,,mesu,unknown,unknown,,,,,,,,,grapheme_class,698,,,punctuation,Positions classified as punctuation in the grapheme-class stream.,93,run_entropy,markov_2,2.647243616158,2.777448445712,0.073687516575,-1.766986263155,1.766986263155,0.079207920792,False,"{""name"": ""run_entropy"", ""null_model"": ""markov_2"", ""observed"": 2.647243616158, ""null_mean"": 2.777448445712, ""null_std"": 0.073687516575, ""z_score"": -1.766986263155, ""empirical_p"": 0.079207920792, ""null_samples"": 100}"
C:\github\5hr-conlang\riemann_analysis\rrlang\outputs\mesu_register_v0_3_nulls100\mesu_udhr_canonical.json,mesu_register_v0_3_nulls100,,,,mesu,unknown,unknown,,,,,,,,,grapheme_class,698,,,punctuation,Positions classified as punctuation in the grapheme-class stream.,93,prime_index_occupancy_bias,markov_2,-0.016363636364,-0.000871328671,0.032233988162,-0.480620257552,0.480620257552,0.673267326733,False,"{""name"": ""prime_index_occupancy_bias"", ""null_model"": ""markov_2"", ""observed"": -0.016363636364, ""null_mean"": -0.000871328671, ""null_std"": 0.032233988162, ""z_score"": -0.480620257552, ""empirical_p"": 0.673267326733, ""null_samples"": 100}"
C:\github\5hr-conlang\riemann_analysis\rrlang\outputs\mesu_register_v0_3_nulls100\mesu_udhr_canonical.json,mesu_register_v0_3_nulls100,,,,mesu,unknown,unknown,,,,,,,,,grapheme_class,698,,,punctuation,Positions classified as punctuation in the grapheme-class stream.,93,prime_gap_affinity,markov_2,0.54347826087,0.475726431691,0.056110441362,1.207472754326,1.207472754326,0.267326732673,False,"{""name"": ""prime_gap_affinity"", ""null_model"": ""markov_2"", ""observed"": 0.54347826087, ""null_mean"": 0.475726431691, ""null_std"": 0.056110441362, ""z_score"": 1.207472754326, ""empirical_p"": 0.267326732673, ""null_samples"": 100}"
C:\github\5hr-conlang\riemann_analysis\rrlang\outputs\mesu_register_v0_3_nulls100\mesu_udhr_canonical.json,mesu_register_v0_3_nulls100,,,,mesu,unknown,unknown,,,,,,,,,grapheme_class,698,,,punctuation,Positions classified as punctuation in the grapheme-class stream.,93,zeta_spectral_coherence,markov_2,0.000645630553,0.000759548024,0.000403842706,-0.282083764878,0.282083764878,0.722772277228,False,"{""name"": ""zeta_spectral_coherence"", ""null_model"": ""markov_2"", ""observed"": 0.000645630553, ""null_mean"": 0.000759548024, ""null_std"": 0.000403842706, ""z_score"": -0.282083764878, ""empirical_p"": 0.722772277228, ""null_samples"": 100}"
C:\github\5hr-conlang\riemann_analysis\rrlang\outputs\mesu_register_v0_3_nulls100\mesu_udhr_canonical.json,mesu_register_v0_3_nulls100,,,,mesu,unknown,unknown,,,,,,,,,grapheme_class,698,,,punctuation,Positions classified as punctuation in the grapheme-class stream.,93,critical_line_symmetry,markov_2,0.904685561423,0.853922001296,0.049066898953,1.034578528709,1.034578528709,0.277227722772,False,"{""name"": ""critical_line_symmetry"", ""null_model"": ""markov_2"", ""observed"": 0.904685561423, ""null_mean"": 0.853922001296, ""null_std"": 0.049066898953, ""z_score"": 1.034578528709, ""empirical_p"": 0.277227722772, ""null_samples"": 100}"
C:\github\5hr-conlang\riemann_analysis\rrlang\outputs\mesu_register_v0_3_nulls100\mesu_udhr_canonical.json,mesu_register_v0_3_nulls100,,,,mesu,unknown,unknown,,,,,,,,,grapheme_class,698,,,punctuation,Positions classified as punctuation in the grapheme-class stream.,93,gap_entropy,gap_order_shuffle,3.298906624531,3.298906624531,0.0,-1.101269684651,1.101269684651,0.316831683168,,"{""name"": ""gap_entropy"", ""null_model"": ""gap_order_shuffle"", ""observed"": 3.298906624531, ""null_mean"": 3.298906624531, ""null_std"": 0.0, ""z_score"": -1.101269684651, ""empirical_p"": 0.316831683168, ""null_samples"": 100}"
C:\github\5hr-conlang\riemann_analysis\rrlang\outputs\mesu_register_v0_3_nulls100\mesu_udhr_canonical.json,mesu_register_v0_3_nulls100,,,,mesu,unknown,unknown,,,,,,,,,grapheme_class,698,,,punctuation,Positions classified as punctuation in the grapheme-class stream.,93,run_entropy,gap_order_shuffle,2.647243616158,2.647243616158,0.0,1.089147650023,1.089147650023,0.316831683168,,"{""name"": ""run_entropy"", ""null_model"": ""gap_order_shuffle"", ""observed"": 2.647243616158, ""null_mean"": 2.647243616158, ""null_std"": 0.0, ""z_score"": 1.089147650023, ""empirical_p"": 0.316831683168, ""null_samples"": 100}"
C:\github\5hr-conlang\riemann_analysis\rrlang\outputs\mesu_register_v0_3_nulls100\mesu_udhr_canonical.json,mesu_register_v0_3_nulls100,,,,mesu,unknown,unknown,,,,,,,,,grapheme_class,698,,,punctuation,Positions classified as punctuation in the grapheme-class stream.,93,prime_index_occupancy_bias,gap_order_shuffle,-0.016363636364,-0.005445594406,0.036164874031,-0.301896308242,0.301896308242,0.762376237624,,"{""name"": ""prime_index_occupancy_bias"", ""null_model"": ""gap_order_shuffle"", ""observed"": -0.016363636364, ""null_mean"": -0.005445594406, ""null_std"": 0.036164874031, ""z_score"": -0.301896308242, ""empirical_p"": 0.762376237624, ""null_samples"": 100}"
C:\github\5hr-conlang\riemann_analysis\rrlang\outputs\mesu_register_v0_3_nulls100\mesu_udhr_canonical.json,mesu_register_v0_3_nulls100,,,,mesu,unknown,unknown,,,,,,,,,grapheme_class,698,,,punctuation,Positions classified as punctuation in the grapheme-class stream.,93,prime_gap_affinity,gap_order_shuffle,0.54347826087,0.54347826087,0.0,0.994987437107,0.994987437107,1.0,,"{""name"": ""prime_gap_affinity"", ""null_model"": ""gap_order_shuffle"", ""observed"": 0.54347826087, ""null_mean"": 0.54347826087, ""null_std"": 0.0, ""z_score"": 0.994987437107, ""empirical_p"": 1, ""null_samples"": 100}"
C:\github\5hr-conlang\riemann_analysis\rrlang\outputs\mesu_register_v0_3_nulls100\mesu_udhr_canonical.json,mesu_register_v0_3_nulls100,,,,mesu,unknown,unknown,,,,,,,,,grapheme_class,698,,,punctuation,Positions classified as punctuation in the grapheme-class stream.,93,zeta_spectral_coherence,gap_order_shuffle,0.000645630553,0.000850187701,0.000238764331,-0.85673244363,0.85673244363,0.445544554455,,"{""name"": ""zeta_spectral_coherence"", ""null_model"": ""gap_order_shuffle"", ""observed"": 0.000645630553, ""null_mean"": 0.000850187701, ""null_std"": 0.000238764331, ""z_score"": -0.85673244363, ""empirical_p"": 0.445544554455, ""null_samples"": 100}"
C:\github\5hr-conlang\riemann_analysis\rrlang\outputs\mesu_register_v0_3_nulls100\mesu_udhr_canonical.json,mesu_register_v0_3_nulls100,,,,mesu,unknown,unknown,,,,,,,,,grapheme_class,698,,,punctuation,Positions classified as punctuation in the grapheme-class stream.,93,critical_line_symmetry,gap_order_shuffle,0.904685561423,0.84887075797,0.025318150441,2.204537159353,2.204537159353,0.019801980198,,"{""name"": ""critical_line_symmetry"", ""null_model"": ""gap_order_shuffle"", ""observed"": 0.904685561423, ""null_mean"": 0.84887075797, ""null_std"": 0.025318150441, ""z_score"": 2.204537159353, ""empirical_p"": 0.019801980198, ""null_samples"": 100}"
C:\github\5hr-conlang\riemann_analysis\rrlang\outputs\mesu_register_v0_3_nulls100\mesu_udhr_canonical.json,mesu_register_v0_3_nulls100,,,,mesu,unknown,unknown,,,,,,,,,grapheme_class,698,,,hyphen_boundary,Positions classified as hyphen_boundary in the grapheme-class stream.,0,event_density,observed_only,0.0,,,,,,,"{""name"": ""event_density"", ""value"": 0, ""details"": ""count(event=true) / sequence_length""}"
C:\github\5hr-conlang\riemann_analysis\rrlang\outputs\mesu_register_v0_3_nulls100\mesu_udhr_canonical.json,mesu_register_v0_3_nulls100,,,,mesu,unknown,unknown,,,,,,,,,grapheme_class,698,,,hyphen_boundary,Positions classified as hyphen_boundary in the grapheme-class stream.,0,event_count,observed_only,0.0,,,,,,,"{""name"": ""event_count"", ""value"": 0, ""details"": ""Number of true positions in the event map.""}"
C:\github\5hr-conlang\riemann_analysis\rrlang\outputs\mesu_register_v0_3_nulls100\mesu_udhr_canonical.json,mesu_register_v0_3_nulls100,,,,mesu,unknown,unknown,,,,,,,,,grapheme_class,698,,,hyphen_boundary,Positions classified as hyphen_boundary in the grapheme-class stream.,0,sequence_length,observed_only,698.0,,,,,,,"{""name"": ""sequence_length"", ""value"": 698, ""details"": ""Number of positions in the event map.""}"
C:\github\5hr-conlang\riemann_analysis\rrlang\outputs\mesu_register_v0_3_nulls100\mesu_udhr_canonical.json,mesu_register_v0_3_nulls100,,,,mesu,unknown,unknown,,,,,,,,,grapheme_class,698,,,hyphen_boundary,Positions classified as hyphen_boundary in the grapheme-class stream.,0,modular_residue_peak_m_2,observed_only,0.0,,,,,,,"{""name"": ""modular_residue_peak_m_2"", ""value"": 0, ""details"": ""Largest event-position residue fraction modulo 2.""}"
C:\github\5hr-conlang\riemann_analysis\rrlang\outputs\mesu_register_v0_3_nulls100\mesu_udhr_canonical.json,mesu_register_v0_3_nulls100,,,,mesu,unknown,unknown,,,,,,,,,grapheme_class,698,,,hyphen_boundary,Positions classified as hyphen_boundary in the grapheme-class stream.,0,modular_residue_peak_m_3,observed_only,0.0,,,,,,,"{""name"": ""modular_residue_peak_m_3"", ""value"": 0, ""details"": ""Largest event-position residue fraction modulo 3.""}"
C:\github\5hr-conlang\riemann_analysis\rrlang\outputs\mesu_register_v0_3_nulls100\mesu_udhr_canonical.json,mesu_register_v0_3_nulls100,,,,mesu,unknown,unknown,,,,,,,,,grapheme_class,698,,,hyphen_boundary,Positions classified as hyphen_boundary in the grapheme-class stream.,0,modular_residue_peak_m_5,observed_only,0.0,,,,,,,"{""name"": ""modular_residue_peak_m_5"", ""value"": 0, ""details"": ""Largest event-position residue fraction modulo 5.""}"
C:\github\5hr-conlang\riemann_analysis\rrlang\outputs\mesu_register_v0_3_nulls100\mesu_udhr_canonical.json,mesu_register_v0_3_nulls100,,,,mesu,unknown,unknown,,,,,,,,,grapheme_class,698,,,hyphen_boundary,Positions classified as hyphen_boundary in the grapheme-class stream.,0,modular_residue_peak_m_7,observed_only,0.0,,,,,,,"{""name"": ""modular_residue_peak_m_7"", ""value"": 0, ""details"": ""Largest event-position residue fraction modulo 7.""}"
C:\github\5hr-conlang\riemann_analysis\rrlang\outputs\mesu_register_v0_3_nulls100\mesu_udhr_canonical.json,mesu_register_v0_3_nulls100,,,,mesu,unknown,unknown,,,,,,,,,grapheme_class,698,,,hyphen_boundary,Positions classified as hyphen_boundary in the grapheme-class stream.,0,gap_entropy,density_shuffle,0.0,0.0,0.0,0.0,0.0,1.0,,"{""name"": ""gap_entropy"", ""null_model"": ""density_shuffle"", ""observed"": 0, ""null_mean"": 0, ""null_std"": 0, ""z_score"": 0, ""empirical_p"": 1, ""null_samples"": 100}"
C:\github\5hr-conlang\riemann_analysis\rrlang\outputs\mesu_register_v0_3_nulls100\mesu_udhr_canonical.json,mesu_register_v0_3_nulls100,,,,mesu,unknown,unknown,,,,,,,,,grapheme_class,698,,,hyphen_boundary,Positions classified as hyphen_boundary in the grapheme-class stream.,0,run_entropy,density_shuffle,0.0,0.0,0.0,0.0,0.0,1.0,,"{""name"": ""run_entropy"", ""null_model"": ""density_shuffle"", ""observed"": 0, ""null_mean"": 0, ""null_std"": 0, ""z_score"": 0, ""empirical_p"": 1, ""null_samples"": 100}"
C:\github\5hr-conlang\riemann_analysis\rrlang\outputs\mesu_register_v0_3_nulls100\mesu_udhr_canonical.json,mesu_register_v0_3_nulls100,,,,mesu,unknown,unknown,,,,,,,,,grapheme_class,698,,,hyphen_boundary,Positions classified as hyphen_boundary in the grapheme-class stream.,0,prime_index_occupancy_bias,density_shuffle,0.0,0.0,0.0,0.0,0.0,1.0,,"{""name"": ""prime_index_occupancy_bias"", ""null_model"": ""density_shuffle"", ""observed"": 0, ""null_mean"": 0, ""null_std"": 0, ""z_score"": 0, ""empirical_p"": 1, ""null_samples"": 100}"
C:\github\5hr-conlang\riemann_analysis\rrlang\outputs\mesu_register_v0_3_nulls100\mesu_udhr_canonical.json,mesu_register_v0_3_nulls100,,,,mesu,unknown,unknown,,,,,,,,,grapheme_class,698,,,hyphen_boundary,Positions classified as hyphen_boundary in the grapheme-class stream.,0,prime_gap_affinity,density_shuffle,0.0,0.0,0.0,0.0,0.0,1.0,,"{""name"": ""prime_gap_affinity"", ""null_model"": ""density_shuffle"", ""observed"": 0, ""null_mean"": 0, ""null_std"": 0, ""z_score"": 0, ""empirical_p"": 1, ""null_samples"": 100}"
C:\github\5hr-conlang\riemann_analysis\rrlang\outputs\mesu_register_v0_3_nulls100\mesu_udhr_canonical.json,mesu_register_v0_3_nulls100,,,,mesu,unknown,unknown,,,,,,,,,grapheme_class,698,,,hyphen_boundary,Positions classified as hyphen_boundary in the grapheme-class stream.,0,zeta_spectral_coherence,density_shuffle,0.0,0.0,0.0,0.0,0.0,1.0,,"{""name"": ""zeta_spectral_coherence"", ""null_model"": ""density_shuffle"", ""observed"": 0, ""null_mean"": 0, ""null_std"": 0, ""z_score"": 0, ""empirical_p"": 1, ""null_samples"": 100}"
C:\github\5hr-conlang\riemann_analysis\rrlang\outputs\mesu_register_v0_3_nulls100\mesu_udhr_canonical.json,mesu_register_v0_3_nulls100,,,,mesu,unknown,unknown,,,,,,,,,grapheme_class,698,,,hyphen_boundary,Positions classified as hyphen_boundary in the grapheme-class stream.,0,critical_line_symmetry,density_shuffle,1.0,1.0,0.0,0.0,0.0,1.0,,"{""name"": ""critical_line_symmetry"", ""null_model"": ""density_shuffle"", ""observed"": 1, ""null_mean"": 1, ""null_std"": 0, ""z_score"": 0, ""empirical_p"": 1, ""null_samples"": 100}"
C:\github\5hr-conlang\riemann_analysis\rrlang\outputs\mesu_register_v0_3_nulls100\mesu_udhr_canonical.json,mesu_register_v0_3_nulls100,,,,mesu,unknown,unknown,,,,,,,,,grapheme_class,698,,,hyphen_boundary,Positions classified as hyphen_boundary in the grapheme-class stream.,0,gap_entropy,markov_1,0.0,0.0,0.0,0.0,0.0,1.0,,"{""name"": ""gap_entropy"", ""null_model"": ""markov_1"", ""observed"": 0, ""null_mean"": 0, ""null_std"": 0, ""z_score"": 0, ""empirical_p"": 1, ""null_samples"": 100}"
C:\github\5hr-conlang\riemann_analysis\rrlang\outputs\mesu_register_v0_3_nulls100\mesu_udhr_canonical.json,mesu_register_v0_3_nulls100,,,,mesu,unknown,unknown,,,,,,,,,grapheme_class,698,,,hyphen_boundary,Positions classified as hyphen_boundary in the grapheme-class stream.,0,run_entropy,markov_1,0.0,0.0,0.0,0.0,0.0,1.0,,"{""name"": ""run_entropy"", ""null_model"": ""markov_1"", ""observed"": 0, ""null_mean"": 0, ""null_std"": 0, ""z_score"": 0, ""empirical_p"": 1, ""null_samples"": 100}"
C:\github\5hr-conlang\riemann_analysis\rrlang\outputs\mesu_register_v0_3_nulls100\mesu_udhr_canonical.json,mesu_register_v0_3_nulls100,,,,mesu,unknown,unknown,,,,,,,,,grapheme_class,698,,,hyphen_boundary,Positions classified as hyphen_boundary in the grapheme-class stream.,0,prime_index_occupancy_bias,markov_1,0.0,0.0,0.0,0.0,0.0,1.0,,"{""name"": ""prime_index_occupancy_bias"", ""null_model"": ""markov_1"", ""observed"": 0, ""null_mean"": 0, ""null_std"": 0, ""z_score"": 0, ""empirical_p"": 1, ""null_samples"": 100}"
C:\github\5hr-conlang\riemann_analysis\rrlang\outputs\mesu_register_v0_3_nulls100\mesu_udhr_canonical.json,mesu_register_v0_3_nulls100,,,,mesu,unknown,unknown,,,,,,,,,grapheme_class,698,,,hyphen_boundary,Positions classified as hyphen_boundary in the grapheme-class stream.,0,prime_gap_affinity,markov_1,0.0,0.0,0.0,0.0,0.0,1.0,,"{""name"": ""prime_gap_affinity"", ""null_model"": ""markov_1"", ""observed"": 0, ""null_mean"": 0, ""null_std"": 0, ""z_score"": 0, ""empirical_p"": 1, ""null_samples"": 100}"
C:\github\5hr-conlang\riemann_analysis\rrlang\outputs\mesu_register_v0_3_nulls100\mesu_udhr_canonical.json,mesu_register_v0_3_nulls100,,,,mesu,unknown,unknown,,,,,,,,,grapheme_class,698,,,hyphen_boundary,Positions classified as hyphen_boundary in the grapheme-class stream.,0,zeta_spectral_coherence,markov_1,0.0,0.0,0.0,0.0,0.0,1.0,,"{""name"": ""zeta_spectral_coherence"", ""null_model"": ""markov_1"", ""observed"": 0, ""null_mean"": 0, ""null_std"": 0, ""z_score"": 0, ""empirical_p"": 1, ""null_samples"": 100}"
C:\github\5hr-conlang\riemann_analysis\rrlang\outputs\mesu_register_v0_3_nulls100\mesu_udhr_canonical.json,mesu_register_v0_3_nulls100,,,,mesu,unknown,unknown,,,,,,,,,grapheme_class,698,,,hyphen_boundary,Positions classified as hyphen_boundary in the grapheme-class stream.,0,critical_line_symmetry,markov_1,1.0,1.0,0.0,0.0,0.0,1.0,,"{""name"": ""critical_line_symmetry"", ""null_model"": ""markov_1"", ""observed"": 1, ""null_mean"": 1, ""null_std"": 0, ""z_score"": 0, ""empirical_p"": 1, ""null_samples"": 100}"
C:\github\5hr-conlang\riemann_analysis\rrlang\outputs\mesu_register_v0_3_nulls100\mesu_udhr_canonical.json,mesu_register_v0_3_nulls100,,,,mesu,unknown,unknown,,,,,,,,,grapheme_class,698,,,hyphen_boundary,Positions classified as hyphen_boundary in the grapheme-class stream.,0,gap_entropy,markov_2,0.0,0.0,0.0,0.0,0.0,1.0,False,"{""name"": ""gap_entropy"", ""null_model"": ""markov_2"", ""observed"": 0, ""null_mean"": 0, ""null_std"": 0, ""z_score"": 0, ""empirical_p"": 1, ""null_samples"": 100}"
C:\github\5hr-conlang\riemann_analysis\rrlang\outputs\mesu_register_v0_3_nulls100\mesu_udhr_canonical.json,mesu_register_v0_3_nulls100,,,,mesu,unknown,unknown,,,,,,,,,grapheme_class,698,,,hyphen_boundary,Positions classified as hyphen_boundary in the grapheme-class stream.,0,run_entropy,markov_2,0.0,0.0,0.0,0.0,0.0,1.0,False,"{""name"": ""run_entropy"", ""null_model"": ""markov_2"", ""observed"": 0, ""null_mean"": 0, ""null_std"": 0, ""z_score"": 0, ""empirical_p"": 1, ""null_samples"": 100}"
C:\github\5hr-conlang\riemann_analysis\rrlang\outputs\mesu_register_v0_3_nulls100\mesu_udhr_canonical.json,mesu_register_v0_3_nulls100,,,,mesu,unknown,unknown,,,,,,,,,grapheme_class,698,,,hyphen_boundary,Positions classified as hyphen_boundary in the grapheme-class stream.,0,prime_index_occupancy_bias,markov_2,0.0,0.0,0.0,0.0,0.0,1.0,False,"{""name"": ""prime_index_occupancy_bias"", ""null_model"": ""markov_2"", ""observed"": 0, ""null_mean"": 0, ""null_std"": 0, ""z_score"": 0, ""empirical_p"": 1, ""null_samples"": 100}"
C:\github\5hr-conlang\riemann_analysis\rrlang\outputs\mesu_register_v0_3_nulls100\mesu_udhr_canonical.json,mesu_register_v0_3_nulls100,,,,mesu,unknown,unknown,,,,,,,,,grapheme_class,698,,,hyphen_boundary,Positions classified as hyphen_boundary in the grapheme-class stream.,0,prime_gap_affinity,markov_2,0.0,0.0,0.0,0.0,0.0,1.0,False,"{""name"": ""prime_gap_affinity"", ""null_model"": ""markov_2"", ""observed"": 0, ""null_mean"": 0, ""null_std"": 0, ""z_score"": 0, ""empirical_p"": 1, ""null_samples"": 100}"
C:\github\5hr-conlang\riemann_analysis\rrlang\outputs\mesu_register_v0_3_nulls100\mesu_udhr_canonical.json,mesu_register_v0_3_nulls100,,,,mesu,unknown,unknown,,,,,,,,,grapheme_class,698,,,hyphen_boundary,Positions classified as hyphen_boundary in the grapheme-class stream.,0,zeta_spectral_coherence,markov_2,0.0,0.0,0.0,0.0,0.0,1.0,False,"{""name"": ""zeta_spectral_coherence"", ""null_model"": ""markov_2"", ""observed"": 0, ""null_mean"": 0, ""null_std"": 0, ""z_score"": 0, ""empirical_p"": 1, ""null_samples"": 100}"
C:\github\5hr-conlang\riemann_analysis\rrlang\outputs\mesu_register_v0_3_nulls100\mesu_udhr_canonical.json,mesu_register_v0_3_nulls100,,,,mesu,unknown,unknown,,,,,,,,,grapheme_class,698,,,hyphen_boundary,Positions classified as hyphen_boundary in the grapheme-class stream.,0,critical_line_symmetry,markov_2,1.0,1.0,0.0,0.0,0.0,1.0,False,"{""name"": ""critical_line_symmetry"", ""null_model"": ""markov_2"", ""observed"": 1, ""null_mean"": 1, ""null_std"": 0, ""z_score"": 0, ""empirical_p"": 1, ""null_samples"": 100}"
C:\github\5hr-conlang\riemann_analysis\rrlang\outputs\mesu_register_v0_3_nulls100\mesu_udhr_canonical.json,mesu_register_v0_3_nulls100,,,,mesu,unknown,unknown,,,,,,,,,grapheme_class,698,,,other,Positions classified as other in the grapheme-class stream.,0,event_density,observed_only,0.0,,,,,,,"{""name"": ""event_density"", ""value"": 0, ""details"": ""count(event=true) / sequence_length""}"
C:\github\5hr-conlang\riemann_analysis\rrlang\outputs\mesu_register_v0_3_nulls100\mesu_udhr_canonical.json,mesu_register_v0_3_nulls100,,,,mesu,unknown,unknown,,,,,,,,,grapheme_class,698,,,other,Positions classified as other in the grapheme-class stream.,0,event_count,observed_only,0.0,,,,,,,"{""name"": ""event_count"", ""value"": 0, ""details"": ""Number of true positions in the event map.""}"
C:\github\5hr-conlang\riemann_analysis\rrlang\outputs\mesu_register_v0_3_nulls100\mesu_udhr_canonical.json,mesu_register_v0_3_nulls100,,,,mesu,unknown,unknown,,,,,,,,,grapheme_class,698,,,other,Positions classified as other in the grapheme-class stream.,0,sequence_length,observed_only,698.0,,,,,,,"{""name"": ""sequence_length"", ""value"": 698, ""details"": ""Number of positions in the event map.""}"
C:\github\5hr-conlang\riemann_analysis\rrlang\outputs\mesu_register_v0_3_nulls100\mesu_udhr_canonical.json,mesu_register_v0_3_nulls100,,,,mesu,unknown,unknown,,,,,,,,,grapheme_class,698,,,other,Positions classified as other in the grapheme-class stream.,0,modular_residue_peak_m_2,observed_only,0.0,,,,,,,"{""name"": ""modular_residue_peak_m_2"", ""value"": 0, ""details"": ""Largest event-position residue fraction modulo 2.""}"
C:\github\5hr-conlang\riemann_analysis\rrlang\outputs\mesu_register_v0_3_nulls100\mesu_udhr_canonical.json,mesu_register_v0_3_nulls100,,,,mesu,unknown,unknown,,,,,,,,,grapheme_class,698,,,other,Positions classified as other in the grapheme-class stream.,0,modular_residue_peak_m_3,observed_only,0.0,,,,,,,"{""name"": ""modular_residue_peak_m_3"", ""value"": 0, ""details"": ""Largest event-position residue fraction modulo 3.""}"
C:\github\5hr-conlang\riemann_analysis\rrlang\outputs\mesu_register_v0_3_nulls100\mesu_udhr_canonical.json,mesu_register_v0_3_nulls100,,,,mesu,unknown,unknown,,,,,,,,,grapheme_class,698,,,other,Positions classified as other in the grapheme-class stream.,0,modular_residue_peak_m_5,observed_only,0.0,,,,,,,"{""name"": ""modular_residue_peak_m_5"", ""value"": 0, ""details"": ""Largest event-position residue fraction modulo 5.""}"
C:\github\5hr-conlang\riemann_analysis\rrlang\outputs\mesu_register_v0_3_nulls100\mesu_udhr_canonical.json,mesu_register_v0_3_nulls100,,,,mesu,unknown,unknown,,,,,,,,,grapheme_class,698,,,other,Positions classified as other in the grapheme-class stream.,0,modular_residue_peak_m_7,observed_only,0.0,,,,,,,"{""name"": ""modular_residue_peak_m_7"", ""value"": 0, ""details"": ""Largest event-position residue fraction modulo 7.""}"
C:\github\5hr-conlang\riemann_analysis\rrlang\outputs\mesu_register_v0_3_nulls100\mesu_udhr_canonical.json,mesu_register_v0_3_nulls100,,,,mesu,unknown,unknown,,,,,,,,,grapheme_class,698,,,other,Positions classified as other in the grapheme-class stream.,0,gap_entropy,density_shuffle,0.0,0.0,0.0,0.0,0.0,1.0,,"{""name"": ""gap_entropy"", ""null_model"": ""density_shuffle"", ""observed"": 0, ""null_mean"": 0, ""null_std"": 0, ""z_score"": 0, ""empirical_p"": 1, ""null_samples"": 100}"
C:\github\5hr-conlang\riemann_analysis\rrlang\outputs\mesu_register_v0_3_nulls100\mesu_udhr_canonical.json,mesu_register_v0_3_nulls100,,,,mesu,unknown,unknown,,,,,,,,,grapheme_class,698,,,other,Positions classified as other in the grapheme-class stream.,0,run_entropy,density_shuffle,0.0,0.0,0.0,0.0,0.0,1.0,,"{""name"": ""run_entropy"", ""null_model"": ""density_shuffle"", ""observed"": 0, ""null_mean"": 0, ""null_std"": 0, ""z_score"": 0, ""empirical_p"": 1, ""null_samples"": 100}"
C:\github\5hr-conlang\riemann_analysis\rrlang\outputs\mesu_register_v0_3_nulls100\mesu_udhr_canonical.json,mesu_register_v0_3_nulls100,,,,mesu,unknown,unknown,,,,,,,,,grapheme_class,698,,,other,Positions classified as other in the grapheme-class stream.,0,prime_index_occupancy_bias,density_shuffle,0.0,0.0,0.0,0.0,0.0,1.0,,"{""name"": ""prime_index_occupancy_bias"", ""null_model"": ""density_shuffle"", ""observed"": 0, ""null_mean"": 0, ""null_std"": 0, ""z_score"": 0, ""empirical_p"": 1, ""null_samples"": 100}"
C:\github\5hr-conlang\riemann_analysis\rrlang\outputs\mesu_register_v0_3_nulls100\mesu_udhr_canonical.json,mesu_register_v0_3_nulls100,,,,mesu,unknown,unknown,,,,,,,,,grapheme_class,698,,,other,Positions classified as other in the grapheme-class stream.,0,prime_gap_affinity,density_shuffle,0.0,0.0,0.0,0.0,0.0,1.0,,"{""name"": ""prime_gap_affinity"", ""null_model"": ""density_shuffle"", ""observed"": 0, ""null_mean"": 0, ""null_std"": 0, ""z_score"": 0, ""empirical_p"": 1, ""null_samples"": 100}"
C:\github\5hr-conlang\riemann_analysis\rrlang\outputs\mesu_register_v0_3_nulls100\mesu_udhr_canonical.json,mesu_register_v0_3_nulls100,,,,mesu,unknown,unknown,,,,,,,,,grapheme_class,698,,,other,Positions classified as other in the grapheme-class stream.,0,zeta_spectral_coherence,density_shuffle,0.0,0.0,0.0,0.0,0.0,1.0,,"{""name"": ""zeta_spectral_coherence"", ""null_model"": ""density_shuffle"", ""observed"": 0, ""null_mean"": 0, ""null_std"": 0, ""z_score"": 0, ""empirical_p"": 1, ""null_samples"": 100}"
C:\github\5hr-conlang\riemann_analysis\rrlang\outputs\mesu_register_v0_3_nulls100\mesu_udhr_canonical.json,mesu_register_v0_3_nulls100,,,,mesu,unknown,unknown,,,,,,,,,grapheme_class,698,,,other,Positions classified as other in the grapheme-class stream.,0,critical_line_symmetry,density_shuffle,1.0,1.0,0.0,0.0,0.0,1.0,,"{""name"": ""critical_line_symmetry"", ""null_model"": ""density_shuffle"", ""observed"": 1, ""null_mean"": 1, ""null_std"": 0, ""z_score"": 0, ""empirical_p"": 1, ""null_samples"": 100}"
C:\github\5hr-conlang\riemann_analysis\rrlang\outputs\mesu_register_v0_3_nulls100\mesu_udhr_canonical.json,mesu_register_v0_3_nulls100,,,,mesu,unknown,unknown,,,,,,,,,grapheme_class,698,,,other,Positions classified as other in the grapheme-class stream.,0,gap_entropy,markov_1,0.0,0.0,0.0,0.0,0.0,1.0,,"{""name"": ""gap_entropy"", ""null_model"": ""markov_1"", ""observed"": 0, ""null_mean"": 0, ""null_std"": 0, ""z_score"": 0, ""empirical_p"": 1, ""null_samples"": 100}"
C:\github\5hr-conlang\riemann_analysis\rrlang\outputs\mesu_register_v0_3_nulls100\mesu_udhr_canonical.json,mesu_register_v0_3_nulls100,,,,mesu,unknown,unknown,,,,,,,,,grapheme_class,698,,,other,Positions classified as other in the grapheme-class stream.,0,run_entropy,markov_1,0.0,0.0,0.0,0.0,0.0,1.0,,"{""name"": ""run_entropy"", ""null_model"": ""markov_1"", ""observed"": 0, ""null_mean"": 0, ""null_std"": 0, ""z_score"": 0, ""empirical_p"": 1, ""null_samples"": 100}"
C:\github\5hr-conlang\riemann_analysis\rrlang\outputs\mesu_register_v0_3_nulls100\mesu_udhr_canonical.json,mesu_register_v0_3_nulls100,,,,mesu,unknown,unknown,,,,,,,,,grapheme_class,698,,,other,Positions classified as other in the grapheme-class stream.,0,prime_index_occupancy_bias,markov_1,0.0,0.0,0.0,0.0,0.0,1.0,,"{""name"": ""prime_index_occupancy_bias"", ""null_model"": ""markov_1"", ""observed"": 0, ""null_mean"": 0, ""null_std"": 0, ""z_score"": 0, ""empirical_p"": 1, ""null_samples"": 100}"
C:\github\5hr-conlang\riemann_analysis\rrlang\outputs\mesu_register_v0_3_nulls100\mesu_udhr_canonical.json,mesu_register_v0_3_nulls100,,,,mesu,unknown,unknown,,,,,,,,,grapheme_class,698,,,other,Positions classified as other in the grapheme-class stream.,0,prime_gap_affinity,markov_1,0.0,0.0,0.0,0.0,0.0,1.0,,"{""name"": ""prime_gap_affinity"", ""null_model"": ""markov_1"", ""observed"": 0, ""null_mean"": 0, ""null_std"": 0, ""z_score"": 0, ""empirical_p"": 1, ""null_samples"": 100}"
C:\github\5hr-conlang\riemann_analysis\rrlang\outputs\mesu_register_v0_3_nulls100\mesu_udhr_canonical.json,mesu_register_v0_3_nulls100,,,,mesu,unknown,unknown,,,,,,,,,grapheme_class,698,,,other,Positions classified as other in the grapheme-class stream.,0,zeta_spectral_coherence,markov_1,0.0,0.0,0.0,0.0,0.0,1.0,,"{""name"": ""zeta_spectral_coherence"", ""null_model"": ""markov_1"", ""observed"": 0, ""null_mean"": 0, ""null_std"": 0, ""z_score"": 0, ""empirical_p"": 1, ""null_samples"": 100}"
C:\github\5hr-conlang\riemann_analysis\rrlang\outputs\mesu_register_v0_3_nulls100\mesu_udhr_canonical.json,mesu_register_v0_3_nulls100,,,,mesu,unknown,unknown,,,,,,,,,grapheme_class,698,,,other,Positions classified as other in the grapheme-class stream.,0,critical_line_symmetry,markov_1,1.0,1.0,0.0,0.0,0.0,1.0,,"{""name"": ""critical_line_symmetry"", ""null_model"": ""markov_1"", ""observed"": 1, ""null_mean"": 1, ""null_std"": 0, ""z_score"": 0, ""empirical_p"": 1, ""null_samples"": 100}"
C:\github\5hr-conlang\riemann_analysis\rrlang\outputs\mesu_register_v0_3_nulls100\mesu_udhr_canonical.json,mesu_register_v0_3_nulls100,,,,mesu,unknown,unknown,,,,,,,,,grapheme_class,698,,,other,Positions classified as other in the grapheme-class stream.,0,gap_entropy,markov_2,0.0,0.0,0.0,0.0,0.0,1.0,False,"{""name"": ""gap_entropy"", ""null_model"": ""markov_2"", ""observed"": 0, ""null_mean"": 0, ""null_std"": 0, ""z_score"": 0, ""empirical_p"": 1, ""null_samples"": 100}"
C:\github\5hr-conlang\riemann_analysis\rrlang\outputs\mesu_register_v0_3_nulls100\mesu_udhr_canonical.json,mesu_register_v0_3_nulls100,,,,mesu,unknown,unknown,,,,,,,,,grapheme_class,698,,,other,Positions classified as other in the grapheme-class stream.,0,run_entropy,markov_2,0.0,0.0,0.0,0.0,0.0,1.0,False,"{""name"": ""run_entropy"", ""null_model"": ""markov_2"", ""observed"": 0, ""null_mean"": 0, ""null_std"": 0, ""z_score"": 0, ""empirical_p"": 1, ""null_samples"": 100}"
C:\github\5hr-conlang\riemann_analysis\rrlang\outputs\mesu_register_v0_3_nulls100\mesu_udhr_canonical.json,mesu_register_v0_3_nulls100,,,,mesu,unknown,unknown,,,,,,,,,grapheme_class,698,,,other,Positions classified as other in the grapheme-class stream.,0,prime_index_occupancy_bias,markov_2,0.0,0.0,0.0,0.0,0.0,1.0,False,"{""name"": ""prime_index_occupancy_bias"", ""null_model"": ""markov_2"", ""observed"": 0, ""null_mean"": 0, ""null_std"": 0, ""z_score"": 0, ""empirical_p"": 1, ""null_samples"": 100}"
C:\github\5hr-conlang\riemann_analysis\rrlang\outputs\mesu_register_v0_3_nulls100\mesu_udhr_canonical.json,mesu_register_v0_3_nulls100,,,,mesu,unknown,unknown,,,,,,,,,grapheme_class,698,,,other,Positions classified as other in the grapheme-class stream.,0,prime_gap_affinity,markov_2,0.0,0.0,0.0,0.0,0.0,1.0,False,"{""name"": ""prime_gap_affinity"", ""null_model"": ""markov_2"", ""observed"": 0, ""null_mean"": 0, ""null_std"": 0, ""z_score"": 0, ""empirical_p"": 1, ""null_samples"": 100}"
C:\github\5hr-conlang\riemann_analysis\rrlang\outputs\mesu_register_v0_3_nulls100\mesu_udhr_canonical.json,mesu_register_v0_3_nulls100,,,,mesu,unknown,unknown,,,,,,,,,grapheme_class,698,,,other,Positions classified as other in the grapheme-class stream.,0,zeta_spectral_coherence,markov_2,0.0,0.0,0.0,0.0,0.0,1.0,False,"{""name"": ""zeta_spectral_coherence"", ""null_model"": ""markov_2"", ""observed"": 0, ""null_mean"": 0, ""null_std"": 0, ""z_score"": 0, ""empirical_p"": 1, ""null_samples"": 100}"
C:\github\5hr-conlang\riemann_analysis\rrlang\outputs\mesu_register_v0_3_nulls100\mesu_udhr_canonical.json,mesu_register_v0_3_nulls100,,,,mesu,unknown,unknown,,,,,,,,,grapheme_class,698,,,other,Positions classified as other in the grapheme-class stream.,0,critical_line_symmetry,markov_2,1.0,1.0,0.0,0.0,0.0,1.0,False,"{""name"": ""critical_line_symmetry"", ""null_model"": ""markov_2"", ""observed"": 1, ""null_mean"": 1, ""null_std"": 0, ""z_score"": 0, ""empirical_p"": 1, ""null_samples"": 100}"
C:\github\5hr-conlang\riemann_analysis\rrlang\outputs\mesu_register_v0_3_nulls100\mesu_udhr_canonical.json,mesu_register_v0_3_nulls100,,,,mesu,unknown,unknown,,,,,,,,,word_boundary,698,,,word_boundary,Positions marked as word boundaries after declared whitespace preprocessing.,145,event_density,observed_only,0.207736389685,,,,,,,"{""name"": ""event_density"", ""value"": 0.207736389685, ""details"": ""count(event=true) / sequence_length""}"
C:\github\5hr-conlang\riemann_analysis\rrlang\outputs\mesu_register_v0_3_nulls100\mesu_udhr_canonical.json,mesu_register_v0_3_nulls100,,,,mesu,unknown,unknown,,,,,,,,,word_boundary,698,,,word_boundary,Positions marked as word boundaries after declared whitespace preprocessing.,145,event_count,observed_only,145.0,,,,,,,"{""name"": ""event_count"", ""value"": 145, ""details"": ""Number of true positions in the event map.""}"
C:\github\5hr-conlang\riemann_analysis\rrlang\outputs\mesu_register_v0_3_nulls100\mesu_udhr_canonical.json,mesu_register_v0_3_nulls100,,,,mesu,unknown,unknown,,,,,,,,,word_boundary,698,,,word_boundary,Positions marked as word boundaries after declared whitespace preprocessing.,145,sequence_length,observed_only,698.0,,,,,,,"{""name"": ""sequence_length"", ""value"": 698, ""details"": ""Number of positions in the event map.""}"
C:\github\5hr-conlang\riemann_analysis\rrlang\outputs\mesu_register_v0_3_nulls100\mesu_udhr_canonical.json,mesu_register_v0_3_nulls100,,,,mesu,unknown,unknown,,,,,,,,,word_boundary,698,,,word_boundary,Positions marked as word boundaries after declared whitespace preprocessing.,145,modular_residue_peak_m_2,observed_only,0.524137931034,,,,,,,"{""name"": ""modular_residue_peak_m_2"", ""value"": 0.524137931034, ""details"": ""Largest event-position residue fraction modulo 2.""}"
C:\github\5hr-conlang\riemann_analysis\rrlang\outputs\mesu_register_v0_3_nulls100\mesu_udhr_canonical.json,mesu_register_v0_3_nulls100,,,,mesu,unknown,unknown,,,,,,,,,word_boundary,698,,,word_boundary,Positions marked as word boundaries after declared whitespace preprocessing.,145,modular_residue_peak_m_3,observed_only,0.379310344828,,,,,,,"{""name"": ""modular_residue_peak_m_3"", ""value"": 0.379310344828, ""details"": ""Largest event-position residue fraction modulo 3.""}"
C:\github\5hr-conlang\riemann_analysis\rrlang\outputs\mesu_register_v0_3_nulls100\mesu_udhr_canonical.json,mesu_register_v0_3_nulls100,,,,mesu,unknown,unknown,,,,,,,,,word_boundary,698,,,word_boundary,Positions marked as word boundaries after declared whitespace preprocessing.,145,modular_residue_peak_m_5,observed_only,0.268965517241,,,,,,,"{""name"": ""modular_residue_peak_m_5"", ""value"": 0.268965517241, ""details"": ""Largest event-position residue fraction modulo 5.""}"
C:\github\5hr-conlang\riemann_analysis\rrlang\outputs\mesu_register_v0_3_nulls100\mesu_udhr_canonical.json,mesu_register_v0_3_nulls100,,,,mesu,unknown,unknown,,,,,,,,,word_boundary,698,,,word_boundary,Positions marked as word boundaries after declared whitespace preprocessing.,145,modular_residue_peak_m_7,observed_only,0.206896551724,,,,,,,"{""name"": ""modular_residue_peak_m_7"", ""value"": 0.206896551724, ""details"": ""Largest event-position residue fraction modulo 7.""}"
C:\github\5hr-conlang\riemann_analysis\rrlang\outputs\mesu_register_v0_3_nulls100\mesu_udhr_canonical.json,mesu_register_v0_3_nulls100,,,,mesu,unknown,unknown,,,,,,,,,word_boundary,698,,,word_boundary,Positions marked as word boundaries after declared whitespace preprocessing.,145,gap_entropy,density_shuffle,2.889813988368,3.413183248794,0.03617147518,-14.469115727779,14.469115727779,0.009900990099,,"{""name"": ""gap_entropy"", ""null_model"": ""density_shuffle"", ""observed"": 2.889813988368, ""null_mean"": 3.413183248794, ""null_std"": 0.03617147518, ""z_score"": -14.469115727779, ""empirical_p"": 0.009900990099, ""null_samples"": 100}"
C:\github\5hr-conlang\riemann_analysis\rrlang\outputs\mesu_register_v0_3_nulls100\mesu_udhr_canonical.json,mesu_register_v0_3_nulls100,,,,mesu,unknown,unknown,,,,,,,,,word_boundary,698,,,word_boundary,Positions marked as word boundaries after declared whitespace preprocessing.,145,run_entropy,density_shuffle,1.999324889878,2.549875492241,0.081118138546,-6.787022141157,6.787022141157,0.009900990099,,"{""name"": ""run_entropy"", ""null_model"": ""density_shuffle"", ""observed"": 1.999324889878, ""null_mean"": 2.549875492241, ""null_std"": 0.081118138546, ""z_score"": -6.787022141157, ""empirical_p"": 0.009900990099, ""null_samples"": 100}"
C:\github\5hr-conlang\riemann_analysis\rrlang\outputs\mesu_register_v0_3_nulls100\mesu_udhr_canonical.json,mesu_register_v0_3_nulls100,,,,mesu,unknown,unknown,,,,,,,,,word_boundary,698,,,word_boundary,Positions marked as word boundaries after declared whitespace preprocessing.,145,prime_index_occupancy_bias,density_shuffle,-0.019538461538,-0.006711048951,0.044087802517,-0.290951507105,0.290951507105,0.841584158416,,"{""name"": ""prime_index_occupancy_bias"", ""null_model"": ""density_shuffle"", ""observed"": -0.019538461538, ""null_mean"": -0.006711048951, ""null_std"": 0.044087802517, ""z_score"": -0.290951507105, ""empirical_p"": 0.841584158416, ""null_samples"": 100}"
C:\github\5hr-conlang\riemann_analysis\rrlang\outputs\mesu_register_v0_3_nulls100\mesu_udhr_canonical.json,mesu_register_v0_3_nulls100,,,,mesu,unknown,unknown,,,,,,,,,word_boundary,698,,,word_boundary,Positions marked as word boundaries after declared whitespace preprocessing.,145,prime_gap_affinity,density_shuffle,0.618055555556,0.465069444444,0.040510221249,3.776481746953,3.776481746953,0.009900990099,,"{""name"": ""prime_gap_affinity"", ""null_model"": ""density_shuffle"", ""observed"": 0.618055555556, ""null_mean"": 0.465069444444, ""null_std"": 0.040510221249, ""z_score"": 3.776481746953, ""empirical_p"": 0.009900990099, ""null_samples"": 100}"
C:\github\5hr-conlang\riemann_analysis\rrlang\outputs\mesu_register_v0_3_nulls100\mesu_udhr_canonical.json,mesu_register_v0_3_nulls100,,,,mesu,unknown,unknown,,,,,,,,,word_boundary,698,,,word_boundary,Positions marked as word boundaries after declared whitespace preprocessing.,145,zeta_spectral_coherence,density_shuffle,0.000233206974,0.001540019151,0.000672203008,-1.944073682055,1.944073682055,0.059405940594,,"{""name"": ""zeta_spectral_coherence"", ""null_model"": ""density_shuffle"", ""observed"": 0.000233206974, ""null_mean"": 0.001540019151, ""null_std"": 0.000672203008, ""z_score"": -1.944073682055, ""empirical_p"": 0.059405940594, ""null_samples"": 100}"
C:\github\5hr-conlang\riemann_analysis\rrlang\outputs\mesu_register_v0_3_nulls100\mesu_udhr_canonical.json,mesu_register_v0_3_nulls100,,,,mesu,unknown,unknown,,,,,,,,,word_boundary,698,,,word_boundary,Positions marked as word boundaries after declared whitespace preprocessing.,145,critical_line_symmetry,density_shuffle,0.784969670042,0.830706725843,0.040905847825,-1.118105557843,1.118105557843,0.316831683168,,"{""name"": ""critical_line_symmetry"", ""null_model"": ""density_shuffle"", ""observed"": 0.784969670042, ""null_mean"": 0.830706725843, ""null_std"": 0.040905847825, ""z_score"": -1.118105557843, ""empirical_p"": 0.316831683168, ""null_samples"": 100}"
C:\github\5hr-conlang\riemann_analysis\rrlang\outputs\mesu_register_v0_3_nulls100\mesu_udhr_canonical.json,mesu_register_v0_3_nulls100,,,,mesu,unknown,unknown,,,,,,,,,word_boundary,698,,,word_boundary,Positions marked as word boundaries after declared whitespace preprocessing.,145,gap_entropy,markov_1,2.889813988368,3.060209875048,0.110786218045,-1.53806032634,1.53806032634,0.128712871287,,"{""name"": ""gap_entropy"", ""null_model"": ""markov_1"", ""observed"": 2.889813988368, ""null_mean"": 3.060209875048, ""null_std"": 0.110786218045, ""z_score"": -1.53806032634, ""empirical_p"": 0.128712871287, ""null_samples"": 100}"
C:\github\5hr-conlang\riemann_analysis\rrlang\outputs\mesu_register_v0_3_nulls100\mesu_udhr_canonical.json,mesu_register_v0_3_nulls100,,,,mesu,unknown,unknown,,,,,,,,,word_boundary,698,,,word_boundary,Positions marked as word boundaries after declared whitespace preprocessing.,145,run_entropy,markov_1,1.999324889878,2.072773954584,0.082541777418,-0.889841084163,0.889841084163,0.435643564356,,"{""name"": ""run_entropy"", ""null_model"": ""markov_1"", ""observed"": 1.999324889878, ""null_mean"": 2.072773954584, ""null_std"": 0.082541777418, ""z_score"": -0.889841084163, ""empirical_p"": 0.435643564356, ""null_samples"": 100}"
C:\github\5hr-conlang\riemann_analysis\rrlang\outputs\mesu_register_v0_3_nulls100\mesu_udhr_canonical.json,mesu_register_v0_3_nulls100,,,,mesu,unknown,unknown,,,,,,,,,word_boundary,698,,,word_boundary,Positions marked as word boundaries after declared whitespace preprocessing.,145,prime_index_occupancy_bias,markov_1,-0.019538461538,-0.000341818182,0.041360002181,-0.464135453203,0.464135453203,0.524752475248,,"{""name"": ""prime_index_occupancy_bias"", ""null_model"": ""markov_1"", ""observed"": -0.019538461538, ""null_mean"": -0.000341818182, ""null_std"": 0.041360002181, ""z_score"": -0.464135453203, ""empirical_p"": 0.524752475248, ""null_samples"": 100}"
C:\github\5hr-conlang\riemann_analysis\rrlang\outputs\mesu_register_v0_3_nulls100\mesu_udhr_canonical.json,mesu_register_v0_3_nulls100,,,,mesu,unknown,unknown,,,,,,,,,word_boundary,698,,,word_boundary,Positions marked as word boundaries after declared whitespace preprocessing.,145,prime_gap_affinity,markov_1,0.618055555556,0.648710366608,0.037876846739,-0.809328486701,0.809328486701,0.445544554455,,"{""name"": ""prime_gap_affinity"", ""null_model"": ""markov_1"", ""observed"": 0.618055555556, ""null_mean"": 0.648710366608, ""null_std"": 0.037876846739, ""z_score"": -0.809328486701, ""empirical_p"": 0.445544554455, ""null_samples"": 100}"
C:\github\5hr-conlang\riemann_analysis\rrlang\outputs\mesu_register_v0_3_nulls100\mesu_udhr_canonical.json,mesu_register_v0_3_nulls100,,,,mesu,unknown,unknown,,,,,,,,,word_boundary,698,,,word_boundary,Positions marked as word boundaries after declared whitespace preprocessing.,145,zeta_spectral_coherence,markov_1,0.000233206974,0.001288648836,0.000524464985,-2.012416256149,2.012416256149,0.039603960396,,"{""name"": ""zeta_spectral_coherence"", ""null_model"": ""markov_1"", ""observed"": 0.000233206974, ""null_mean"": 0.001288648836, ""null_std"": 0.000524464985, ""z_score"": -2.012416256149, ""empirical_p"": 0.039603960396, ""null_samples"": 100}"
C:\github\5hr-conlang\riemann_analysis\rrlang\outputs\mesu_register_v0_3_nulls100\mesu_udhr_canonical.json,mesu_register_v0_3_nulls100,,,,mesu,unknown,unknown,,,,,,,,,word_boundary,698,,,word_boundary,Positions marked as word boundaries after declared whitespace preprocessing.,145,critical_line_symmetry,markov_1,0.784969670042,0.854010618446,0.042688154253,-1.617332714725,1.617332714725,0.138613861386,,"{""name"": ""critical_line_symmetry"", ""null_model"": ""markov_1"", ""observed"": 0.784969670042, ""null_mean"": 0.854010618446, ""null_std"": 0.042688154253, ""z_score"": -1.617332714725, ""empirical_p"": 0.138613861386, ""null_samples"": 100}"
C:\github\5hr-conlang\riemann_analysis\rrlang\outputs\mesu_register_v0_3_nulls100\mesu_udhr_canonical.json,mesu_register_v0_3_nulls100,,,,mesu,unknown,unknown,,,,,,,,,word_boundary,698,,,word_boundary,Positions marked as word boundaries after declared whitespace preprocessing.,145,gap_entropy,markov_2,2.889813988368,3.057446122757,0.126021373368,-1.330188125305,1.330188125305,0.19801980198,False,"{""name"": ""gap_entropy"", ""null_model"": ""markov_2"", ""observed"": 2.889813988368, ""null_mean"": 3.057446122757, ""null_std"": 0.126021373368, ""z_score"": -1.330188125305, ""empirical_p"": 0.19801980198, ""null_samples"": 100}"
C:\github\5hr-conlang\riemann_analysis\rrlang\outputs\mesu_register_v0_3_nulls100\mesu_udhr_canonical.json,mesu_register_v0_3_nulls100,,,,mesu,unknown,unknown,,,,,,,,,word_boundary,698,,,word_boundary,Positions marked as word boundaries after declared whitespace preprocessing.,145,run_entropy,markov_2,1.999324889878,2.073784742968,0.092899978427,-0.801505601522,0.801505601522,0.415841584158,False,"{""name"": ""run_entropy"", ""null_model"": ""markov_2"", ""observed"": 1.999324889878, ""null_mean"": 2.073784742968, ""null_std"": 0.092899978427, ""z_score"": -0.801505601522, ""empirical_p"": 0.415841584158, ""null_samples"": 100}"
C:\github\5hr-conlang\riemann_analysis\rrlang\outputs\mesu_register_v0_3_nulls100\mesu_udhr_canonical.json,mesu_register_v0_3_nulls100,,,,mesu,unknown,unknown,,,,,,,,,word_boundary,698,,,word_boundary,Positions marked as word boundaries after declared whitespace preprocessing.,145,prime_index_occupancy_bias,markov_2,-0.019538461538,0.004420559441,0.04530955888,-0.528785129921,0.528785129921,0.60396039604,False,"{""name"": ""prime_index_occupancy_bias"", ""null_model"": ""markov_2"", ""observed"": -0.019538461538, ""null_mean"": 0.004420559441, ""null_std"": 0.04530955888, ""z_score"": -0.528785129921, ""empirical_p"": 0.60396039604, ""null_samples"": 100}"
C:\github\5hr-conlang\riemann_analysis\rrlang\outputs\mesu_register_v0_3_nulls100\mesu_udhr_canonical.json,mesu_register_v0_3_nulls100,,,,mesu,unknown,unknown,,,,,,,,,word_boundary,698,,,word_boundary,Positions marked as word boundaries after declared whitespace preprocessing.,145,prime_gap_affinity,markov_2,0.618055555556,0.648969524907,0.038481595925,-0.803344263887,0.803344263887,0.465346534653,False,"{""name"": ""prime_gap_affinity"", ""null_model"": ""markov_2"", ""observed"": 0.618055555556, ""null_mean"": 0.648969524907, ""null_std"": 0.038481595925, ""z_score"": -0.803344263887, ""empirical_p"": 0.465346534653, ""null_samples"": 100}"
C:\github\5hr-conlang\riemann_analysis\rrlang\outputs\mesu_register_v0_3_nulls100\mesu_udhr_canonical.json,mesu_register_v0_3_nulls100,,,,mesu,unknown,unknown,,,,,,,,,word_boundary,698,,,word_boundary,Positions marked as word boundaries after declared whitespace preprocessing.,145,zeta_spectral_coherence,markov_2,0.000233206974,0.001281664907,0.000499662159,-2.0983336717,2.0983336717,0.039603960396,False,"{""name"": ""zeta_spectral_coherence"", ""null_model"": ""markov_2"", ""observed"": 0.000233206974, ""null_mean"": 0.001281664907, ""null_std"": 0.000499662159, ""z_score"": -2.0983336717, ""empirical_p"": 0.039603960396, ""null_samples"": 100}"
C:\github\5hr-conlang\riemann_analysis\rrlang\outputs\mesu_register_v0_3_nulls100\mesu_udhr_canonical.json,mesu_register_v0_3_nulls100,,,,mesu,unknown,unknown,,,,,,,,,word_boundary,698,,,word_boundary,Positions marked as word boundaries after declared whitespace preprocessing.,145,critical_line_symmetry,markov_2,0.784969670042,0.859316198009,0.041982387077,-1.770898063285,1.770898063285,0.059405940594,False,"{""name"": ""critical_line_symmetry"", ""null_model"": ""markov_2"", ""observed"": 0.784969670042, ""null_mean"": 0.859316198009, ""null_std"": 0.041982387077, ""z_score"": -1.770898063285, ""empirical_p"": 0.059405940594, ""null_samples"": 100}"
C:\github\5hr-conlang\riemann_analysis\rrlang\outputs\mesu_register_v0_3_nulls100\mesu_udhr_canonical.json,mesu_register_v0_3_nulls100,,,,mesu,unknown,unknown,,,,,,,,,word_boundary,698,,,word_boundary,Positions marked as word boundaries after declared whitespace preprocessing.,145,gap_entropy,gap_order_shuffle,2.889813988368,2.889813988368,0.0,-0.987945972697,0.987945972697,0.970297029703,,"{""name"": ""gap_entropy"", ""null_model"": ""gap_order_shuffle"", ""observed"": 2.889813988368, ""null_mean"": 2.889813988368, ""null_std"": 0.0, ""z_score"": -0.987945972697, ""empirical_p"": 0.970297029703, ""null_samples"": 100}"
C:\github\5hr-conlang\riemann_analysis\rrlang\outputs\mesu_register_v0_3_nulls100\mesu_udhr_canonical.json,mesu_register_v0_3_nulls100,,,,mesu,unknown,unknown,,,,,,,,,word_boundary,698,,,word_boundary,Positions marked as word boundaries after declared whitespace preprocessing.,145,run_entropy,gap_order_shuffle,1.999324889878,1.999324889878,0.0,0.951090538997,0.951090538997,0.980198019802,,"{""name"": ""run_entropy"", ""null_model"": ""gap_order_shuffle"", ""observed"": 1.999324889878, ""null_mean"": 1.999324889878, ""null_std"": 0.0, ""z_score"": 0.951090538997, ""empirical_p"": 0.980198019802, ""null_samples"": 100}"
C:\github\5hr-conlang\riemann_analysis\rrlang\outputs\mesu_register_v0_3_nulls100\mesu_udhr_canonical.json,mesu_register_v0_3_nulls100,,,,mesu,unknown,unknown,,,,,,,,,word_boundary,698,,,word_boundary,Positions marked as word boundaries after declared whitespace preprocessing.,145,prime_index_occupancy_bias,gap_order_shuffle,-0.019538461538,-0.005013566434,0.044000844461,-0.330104916911,0.330104916911,0.782178217822,,"{""name"": ""prime_index_occupancy_bias"", ""null_model"": ""gap_order_shuffle"", ""observed"": -0.019538461538, ""null_mean"": -0.005013566434, ""null_std"": 0.044000844461, ""z_score"": -0.330104916911, ""empirical_p"": 0.782178217822, ""null_samples"": 100}"
C:\github\5hr-conlang\riemann_analysis\rrlang\outputs\mesu_register_v0_3_nulls100\mesu_udhr_canonical.json,mesu_register_v0_3_nulls100,,,,mesu,unknown,unknown,,,,,,,,,word_boundary,698,,,word_boundary,Positions marked as word boundaries after declared whitespace preprocessing.,145,prime_gap_affinity,gap_order_shuffle,0.618055555556,0.618055555556,0.0,-0.994987437107,0.994987437107,1.0,,"{""name"": ""prime_gap_affinity"", ""null_model"": ""gap_order_shuffle"", ""observed"": 0.618055555556, ""null_mean"": 0.618055555556, ""null_std"": 0.0, ""z_score"": -0.994987437107, ""empirical_p"": 1, ""null_samples"": 100}"
C:\github\5hr-conlang\riemann_analysis\rrlang\outputs\mesu_register_v0_3_nulls100\mesu_udhr_canonical.json,mesu_register_v0_3_nulls100,,,,mesu,unknown,unknown,,,,,,,,,word_boundary,698,,,word_boundary,Positions marked as word boundaries after declared whitespace preprocessing.,145,zeta_spectral_coherence,gap_order_shuffle,0.000233206974,0.000764683157,0.000250805293,-2.119078808331,2.119078808331,0.049504950495,,"{""name"": ""zeta_spectral_coherence"", ""null_model"": ""gap_order_shuffle"", ""observed"": 0.000233206974, ""null_mean"": 0.000764683157, ""null_std"": 0.000250805293, ""z_score"": -2.119078808331, ""empirical_p"": 0.049504950495, ""null_samples"": 100}"
C:\github\5hr-conlang\riemann_analysis\rrlang\outputs\mesu_register_v0_3_nulls100\mesu_udhr_canonical.json,mesu_register_v0_3_nulls100,,,,mesu,unknown,unknown,,,,,,,,,word_boundary,698,,,word_boundary,Positions marked as word boundaries after declared whitespace preprocessing.,145,critical_line_symmetry,gap_order_shuffle,0.784969670042,0.831590680794,0.031910233811,-1.461004987553,1.461004987553,0.138613861386,,"{""name"": ""critical_line_symmetry"", ""null_model"": ""gap_order_shuffle"", ""observed"": 0.784969670042, ""null_mean"": 0.831590680794, ""null_std"": 0.031910233811, ""z_score"": -1.461004987553, ""empirical_p"": 0.138613861386, ""null_samples"": 100}"
C:\github\5hr-conlang\riemann_analysis\rrlang\outputs\mesu_register_v0_3_nulls100\mesu_udhr_canonical.json,mesu_register_v0_3_nulls100,,,,mesu,unknown,unknown,,,,,,,,,frequency_class,217,,,hapax,Token positions in frequency class hapax.,3,event_density,observed_only,0.013824884793,,,,,,,"{""name"": ""event_density"", ""value"": 0.013824884793, ""details"": ""count(event=true) / sequence_length""}"
C:\github\5hr-conlang\riemann_analysis\rrlang\outputs\mesu_register_v0_3_nulls100\mesu_udhr_canonical.json,mesu_register_v0_3_nulls100,,,,mesu,unknown,unknown,,,,,,,,,frequency_class,217,,,hapax,Token positions in frequency class hapax.,3,event_count,observed_only,3.0,,,,,,,"{""name"": ""event_count"", ""value"": 3, ""details"": ""Number of true positions in the event map.""}"
C:\github\5hr-conlang\riemann_analysis\rrlang\outputs\mesu_register_v0_3_nulls100\mesu_udhr_canonical.json,mesu_register_v0_3_nulls100,,,,mesu,unknown,unknown,,,,,,,,,frequency_class,217,,,hapax,Token positions in frequency class hapax.,3,sequence_length,observed_only,217.0,,,,,,,"{""name"": ""sequence_length"", ""value"": 217, ""details"": ""Number of positions in the event map.""}"
C:\github\5hr-conlang\riemann_analysis\rrlang\outputs\mesu_register_v0_3_nulls100\mesu_udhr_canonical.json,mesu_register_v0_3_nulls100,,,,mesu,unknown,unknown,,,,,,,,,frequency_class,217,,,hapax,Token positions in frequency class hapax.,3,modular_residue_peak_m_2,observed_only,0.666666666667,,,,,,,"{""name"": ""modular_residue_peak_m_2"", ""value"": 0.666666666667, ""details"": ""Largest event-position residue fraction modulo 2.""}"
C:\github\5hr-conlang\riemann_analysis\rrlang\outputs\mesu_register_v0_3_nulls100\mesu_udhr_canonical.json,mesu_register_v0_3_nulls100,,,,mesu,unknown,unknown,,,,,,,,,frequency_class,217,,,hapax,Token positions in frequency class hapax.,3,modular_residue_peak_m_3,observed_only,0.333333333333,,,,,,,"{""name"": ""modular_residue_peak_m_3"", ""value"": 0.333333333333, ""details"": ""Largest event-position residue fraction modulo 3.""}"
C:\github\5hr-conlang\riemann_analysis\rrlang\outputs\mesu_register_v0_3_nulls100\mesu_udhr_canonical.json,mesu_register_v0_3_nulls100,,,,mesu,unknown,unknown,,,,,,,,,frequency_class,217,,,hapax,Token positions in frequency class hapax.,3,modular_residue_peak_m_5,observed_only,0.333333333333,,,,,,,"{""name"": ""modular_residue_peak_m_5"", ""value"": 0.333333333333, ""details"": ""Largest event-position residue fraction modulo 5.""}"
C:\github\5hr-conlang\riemann_analysis\rrlang\outputs\mesu_register_v0_3_nulls100\mesu_udhr_canonical.json,mesu_register_v0_3_nulls100,,,,mesu,unknown,unknown,,,,,,,,,frequency_class,217,,,hapax,Token positions in frequency class hapax.,3,modular_residue_peak_m_7,observed_only,0.333333333333,,,,,,,"{""name"": ""modular_residue_peak_m_7"", ""value"": 0.333333333333, ""details"": ""Largest event-position residue fraction modulo 7.""}"
C:\github\5hr-conlang\riemann_analysis\rrlang\outputs\mesu_register_v0_3_nulls100\mesu_udhr_canonical.json,mesu_register_v0_3_nulls100,,,,mesu,unknown,unknown,,,,,,,,,frequency_class,217,,,hapax,Token positions in frequency class hapax.,3,gap_entropy,density_shuffle,1.0,1.0,0.0,0.0,0.0,1.0,,"{""name"": ""gap_entropy"", ""null_model"": ""density_shuffle"", ""observed"": 1, ""null_mean"": 1, ""null_std"": 0, ""z_score"": 0, ""empirical_p"": 1, ""null_samples"": 100}"
C:\github\5hr-conlang\riemann_analysis\rrlang\outputs\mesu_register_v0_3_nulls100\mesu_udhr_canonical.json,mesu_register_v0_3_nulls100,,,,mesu,unknown,unknown,,,,,,,,,frequency_class,217,,,hapax,Token positions in frequency class hapax.,3,run_entropy,density_shuffle,2.128085278891,2.106987058806,0.101445695872,0.207975507523,0.207975507523,1.0,,"{""name"": ""run_entropy"", ""null_model"": ""density_shuffle"", ""observed"": 2.128085278891, ""null_mean"": 2.106987058806, ""null_std"": 0.101445695872, ""z_score"": 0.207975507523, ""empirical_p"": 1, ""null_samples"": 100}"
C:\github\5hr-conlang\riemann_analysis\rrlang\outputs\mesu_register_v0_3_nulls100\mesu_udhr_canonical.json,mesu_register_v0_3_nulls100,,,,mesu,unknown,unknown,,,,,,,,,frequency_class,217,,,hapax,Token positions in frequency class hapax.,3,prime_index_occupancy_bias,density_shuffle,0.009442276218,-0.001376054388,0.018493402174,0.584983255307,0.584983255307,0.990099009901,,"{""name"": ""prime_index_occupancy_bias"", ""null_model"": ""density_shuffle"", ""observed"": 0.009442276218, ""null_mean"": -0.001376054388, ""null_std"": 0.018493402174, ""z_score"": 0.584983255307, ""empirical_p"": 0.990099009901, ""null_samples"": 100}"
C:\github\5hr-conlang\riemann_analysis\rrlang\outputs\mesu_register_v0_3_nulls100\mesu_udhr_canonical.json,mesu_register_v0_3_nulls100,,,,mesu,unknown,unknown,,,,,,,,,frequency_class,217,,,hapax,Token positions in frequency class hapax.,3,prime_gap_affinity,density_shuffle,0.5,0.245,0.313782720939,0.812664251356,0.812664251356,0.425742574257,,"{""name"": ""prime_gap_affinity"", ""null_model"": ""density_shuffle"", ""observed"": 0.5, ""null_mean"": 0.245, ""null_std"": 0.313782720939, ""z_score"": 0.812664251356, ""empirical_p"": 0.425742574257, ""null_samples"": 100}"
C:\github\5hr-conlang\riemann_analysis\rrlang\outputs\mesu_register_v0_3_nulls100\mesu_udhr_canonical.json,mesu_register_v0_3_nulls100,,,,mesu,unknown,unknown,,,,,,,,,frequency_class,217,,,hapax,Token positions in frequency class hapax.,3,zeta_spectral_coherence,density_shuffle,0.000118712729,0.000261693804,0.000529510762,-0.270024871604,0.270024871604,0.475247524752,,"{""name"": ""zeta_spectral_coherence"", ""null_model"": ""density_shuffle"", ""observed"": 0.000118712729, ""null_mean"": 0.000261693804, ""null_std"": 0.000529510762, ""z_score"": -0.270024871604, ""empirical_p"": 0.475247524752, ""null_samples"": 100}"
C:\github\5hr-conlang\riemann_analysis\rrlang\outputs\mesu_register_v0_3_nulls100\mesu_udhr_canonical.json,mesu_register_v0_3_nulls100,,,,mesu,unknown,unknown,,,,,,,,,frequency_class,217,,,hapax,Token positions in frequency class hapax.,3,critical_line_symmetry,density_shuffle,0.793141056615,0.811454375982,0.044019455687,-0.416027846812,0.416027846812,0.554455445545,,"{""name"": ""critical_line_symmetry"", ""null_model"": ""density_shuffle"", ""observed"": 0.793141056615, ""null_mean"": 0.811454375982, ""null_std"": 0.044019455687, ""z_score"": -0.416027846812, ""empirical_p"": 0.554455445545, ""null_samples"": 100}"
C:\github\5hr-conlang\riemann_analysis\rrlang\outputs\mesu_register_v0_3_nulls100\mesu_udhr_canonical.json,mesu_register_v0_3_nulls100,,,,mesu,unknown,unknown,,,,,,,,,frequency_class,217,,,hapax,Token positions in frequency class hapax.,3,gap_entropy,markov_1,1.0,0.960966932688,0.87437631593,0.044641039105,0.044641039105,1.0,,"{""name"": ""gap_entropy"", ""null_model"": ""markov_1"", ""observed"": 1, ""null_mean"": 0.960966932688, ""null_std"": 0.87437631593, ""z_score"": 0.044641039105, ""empirical_p"": 1, ""null_samples"": 100}"
C:\github\5hr-conlang\riemann_analysis\rrlang\outputs\mesu_register_v0_3_nulls100\mesu_udhr_canonical.json,mesu_register_v0_3_nulls100,,,,mesu,unknown,unknown,,,,,,,,,frequency_class,217,,,hapax,Token positions in frequency class hapax.,3,run_entropy,markov_1,2.128085278891,1.978308935825,0.488279920724,0.306742785662,0.306742785662,0.683168316832,,"{""name"": ""run_entropy"", ""null_model"": ""markov_1"", ""observed"": 2.128085278891, ""null_mean"": 1.978308935825, ""null_std"": 0.488279920724, ""z_score"": 0.306742785662, ""empirical_p"": 0.683168316832, ""null_samples"": 100}"
C:\github\5hr-conlang\riemann_analysis\rrlang\outputs\mesu_register_v0_3_nulls100\mesu_udhr_canonical.json,mesu_register_v0_3_nulls100,,,,mesu,unknown,unknown,,,,,,,,,frequency_class,217,,,hapax,Token positions in frequency class hapax.,3,prime_index_occupancy_bias,markov_1,0.009442276218,-0.003233035377,0.017572890915,0.72129916795,0.72129916795,0.60396039604,,"{""name"": ""prime_index_occupancy_bias"", ""null_model"": ""markov_1"", ""observed"": 0.009442276218, ""null_mean"": -0.003233035377, ""null_std"": 0.017572890915, ""z_score"": 0.72129916795, ""empirical_p"": 0.60396039604, ""null_samples"": 100}"
C:\github\5hr-conlang\riemann_analysis\rrlang\outputs\mesu_register_v0_3_nulls100\mesu_udhr_canonical.json,mesu_register_v0_3_nulls100,,,,mesu,unknown,unknown,,,,,,,,,frequency_class,217,,,hapax,Token positions in frequency class hapax.,3,prime_gap_affinity,markov_1,0.5,0.22119047619,0.302314286698,0.92225057193,0.92225057193,0.237623762376,,"{""name"": ""prime_gap_affinity"", ""null_model"": ""markov_1"", ""observed"": 0.5, ""null_mean"": 0.22119047619, ""null_std"": 0.302314286698, ""z_score"": 0.92225057193, ""empirical_p"": 0.237623762376, ""null_samples"": 100}"
C:\github\5hr-conlang\riemann_analysis\rrlang\outputs\mesu_register_v0_3_nulls100\mesu_udhr_canonical.json,mesu_register_v0_3_nulls100,,,,mesu,unknown,unknown,,,,,,,,,frequency_class,217,,,hapax,Token positions in frequency class hapax.,3,zeta_spectral_coherence,markov_1,0.000118712729,0.000331325774,0.000685961366,-0.309949008455,0.309949008455,0.465346534653,,"{""name"": ""zeta_spectral_coherence"", ""null_model"": ""markov_1"", ""observed"": 0.000118712729, ""null_mean"": 0.000331325774, ""null_std"": 0.000685961366, ""z_score"": -0.309949008455, ""empirical_p"": 0.465346534653, ""null_samples"": 100}"
C:\github\5hr-conlang\riemann_analysis\rrlang\outputs\mesu_register_v0_3_nulls100\mesu_udhr_canonical.json,mesu_register_v0_3_nulls100,,,,mesu,unknown,unknown,,,,,,,,,frequency_class,217,,,hapax,Token positions in frequency class hapax.,3,critical_line_symmetry,markov_1,0.793141056615,0.82494312991,0.058437827173,-0.544203555023,0.544203555023,0.564356435644,,"{""name"": ""critical_line_symmetry"", ""null_model"": ""markov_1"", ""observed"": 0.793141056615, ""null_mean"": 0.82494312991, ""null_std"": 0.058437827173, ""z_score"": -0.544203555023, ""empirical_p"": 0.564356435644, ""null_samples"": 100}"
C:\github\5hr-conlang\riemann_analysis\rrlang\outputs\mesu_register_v0_3_nulls100\mesu_udhr_canonical.json,mesu_register_v0_3_nulls100,,,,mesu,unknown,unknown,,,,,,,,,frequency_class,217,,,hapax,Token positions in frequency class hapax.,3,gap_entropy,markov_2,1.0,0.868355100945,0.850316208279,0.154818757744,0.154818757744,0.980198019802,False,"{""name"": ""gap_entropy"", ""null_model"": ""markov_2"", ""observed"": 1, ""null_mean"": 0.868355100945, ""null_std"": 0.850316208279, ""z_score"": 0.154818757744, ""empirical_p"": 0.980198019802, ""null_samples"": 100}"
C:\github\5hr-conlang\riemann_analysis\rrlang\outputs\mesu_register_v0_3_nulls100\mesu_udhr_canonical.json,mesu_register_v0_3_nulls100,,,,mesu,unknown,unknown,,,,,,,,,frequency_class,217,,,hapax,Token positions in frequency class hapax.,3,run_entropy,markov_2,2.128085278891,2.024888012469,0.269327038866,0.383167122234,0.383167122234,0.663366336634,False,"{""name"": ""run_entropy"", ""null_model"": ""markov_2"", ""observed"": 2.128085278891, ""null_mean"": 2.024888012469, ""null_std"": 0.269327038866, ""z_score"": 0.383167122234, ""empirical_p"": 0.663366336634, ""null_samples"": 100}"
C:\github\5hr-conlang\riemann_analysis\rrlang\outputs\mesu_register_v0_3_nulls100\mesu_udhr_canonical.json,mesu_register_v0_3_nulls100,,,,mesu,unknown,unknown,,,,,,,,,frequency_class,217,,,hapax,Token positions in frequency class hapax.,3,prime_index_occupancy_bias,markov_2,0.009442276218,0.001177137102,0.020424586623,0.404666163815,0.404666163815,0.762376237624,False,"{""name"": ""prime_index_occupancy_bias"", ""null_model"": ""markov_2"", ""observed"": 0.009442276218, ""null_mean"": 0.001177137102, ""null_std"": 0.020424586623, ""z_score"": 0.404666163815, ""empirical_p"": 0.762376237624, ""null_samples"": 100}"
C:\github\5hr-conlang\riemann_analysis\rrlang\outputs\mesu_register_v0_3_nulls100\mesu_udhr_canonical.json,mesu_register_v0_3_nulls100,,,,mesu,unknown,unknown,,,,,,,,,frequency_class,217,,,hapax,Token positions in frequency class hapax.,3,prime_gap_affinity,markov_2,0.5,0.239682539683,0.336715644193,0.773107709152,0.773107709152,0.257425742574,False,"{""name"": ""prime_gap_affinity"", ""null_model"": ""markov_2"", ""observed"": 0.5, ""null_mean"": 0.239682539683, ""null_std"": 0.336715644193, ""z_score"": 0.773107709152, ""empirical_p"": 0.257425742574, ""null_samples"": 100}"
C:\github\5hr-conlang\riemann_analysis\rrlang\outputs\mesu_register_v0_3_nulls100\mesu_udhr_canonical.json,mesu_register_v0_3_nulls100,,,,mesu,unknown,unknown,,,,,,,,,frequency_class,217,,,hapax,Token positions in frequency class hapax.,3,zeta_spectral_coherence,markov_2,0.000118712729,0.000426698355,0.000822204974,-0.374584971526,0.374584971526,0.544554455446,False,"{""name"": ""zeta_spectral_coherence"", ""null_model"": ""markov_2"", ""observed"": 0.000118712729, ""null_mean"": 0.000426698355, ""null_std"": 0.000822204974, ""z_score"": -0.374584971526, ""empirical_p"": 0.544554455446, ""null_samples"": 100}"
C:\github\5hr-conlang\riemann_analysis\rrlang\outputs\mesu_register_v0_3_nulls100\mesu_udhr_canonical.json,mesu_register_v0_3_nulls100,,,,mesu,unknown,unknown,,,,,,,,,frequency_class,217,,,hapax,Token positions in frequency class hapax.,3,critical_line_symmetry,markov_2,0.793141056615,0.81380676402,0.055178286209,-0.374526083084,0.374526083084,0.70297029703,False,"{""name"": ""critical_line_symmetry"", ""null_model"": ""markov_2"", ""observed"": 0.793141056615, ""null_mean"": 0.81380676402, ""null_std"": 0.055178286209, ""z_score"": -0.374526083084, ""empirical_p"": 0.70297029703, ""null_samples"": 100}"
C:\github\5hr-conlang\riemann_analysis\rrlang\outputs\mesu_register_v0_3_nulls100\mesu_udhr_canonical.json,mesu_register_v0_3_nulls100,,,,mesu,unknown,unknown,,,,,,,,,frequency_class,217,,,hapax,Token positions in frequency class hapax.,3,gap_entropy,gap_order_shuffle,1.0,1.0,0.0,0.0,0.0,1.0,,"{""name"": ""gap_entropy"", ""null_model"": ""gap_order_shuffle"", ""observed"": 1, ""null_mean"": 1, ""null_std"": 0, ""z_score"": 0, ""empirical_p"": 1, ""null_samples"": 100}"
C:\github\5hr-conlang\riemann_analysis\rrlang\outputs\mesu_register_v0_3_nulls100\mesu_udhr_canonical.json,mesu_register_v0_3_nulls100,,,,mesu,unknown,unknown,,,,,,,,,frequency_class,217,,,hapax,Token positions in frequency class hapax.,3,run_entropy,gap_order_shuffle,2.128085278891,2.128085278891,0.0,-1.071852008025,1.071852008025,0.415841584158,,"{""name"": ""run_entropy"", ""null_model"": ""gap_order_shuffle"", ""observed"": 2.128085278891, ""null_mean"": 2.128085278891, ""null_std"": 0.0, ""z_score"": -1.071852008025, ""empirical_p"": 0.415841584158, ""null_samples"": 100}"
C:\github\5hr-conlang\riemann_analysis\rrlang\outputs\mesu_register_v0_3_nulls100\mesu_udhr_canonical.json,mesu_register_v0_3_nulls100,,,,mesu,unknown,unknown,,,,,,,,,frequency_class,217,,,hapax,Token positions in frequency class hapax.,3,prime_index_occupancy_bias,gap_order_shuffle,0.009442276218,0.009442276218,0.0,0.994987437107,0.994987437107,1.0,,"{""name"": ""prime_index_occupancy_bias"", ""null_model"": ""gap_order_shuffle"", ""observed"": 0.009442276218, ""null_mean"": 0.009442276218, ""null_std"": 0.0, ""z_score"": 0.994987437107, ""empirical_p"": 1, ""null_samples"": 100}"
C:\github\5hr-conlang\riemann_analysis\rrlang\outputs\mesu_register_v0_3_nulls100\mesu_udhr_canonical.json,mesu_register_v0_3_nulls100,,,,mesu,unknown,unknown,,,,,,,,,frequency_class,217,,,hapax,Token positions in frequency class hapax.,3,prime_gap_affinity,gap_order_shuffle,0.5,0.5,0.0,0.0,0.0,1.0,,"{""name"": ""prime_gap_affinity"", ""null_model"": ""gap_order_shuffle"", ""observed"": 0.5, ""null_mean"": 0.5, ""null_std"": 0, ""z_score"": 0, ""empirical_p"": 1, ""null_samples"": 100}"
C:\github\5hr-conlang\riemann_analysis\rrlang\outputs\mesu_register_v0_3_nulls100\mesu_udhr_canonical.json,mesu_register_v0_3_nulls100,,,,mesu,unknown,unknown,,,,,,,,,frequency_class,217,,,hapax,Token positions in frequency class hapax.,3,zeta_spectral_coherence,gap_order_shuffle,0.000118712729,0.000111664025,7.52282e-06,0.936976268804,0.936976268804,1.0,,"{""name"": ""zeta_spectral_coherence"", ""null_model"": ""gap_order_shuffle"", ""observed"": 0.000118712729, ""null_mean"": 0.000111664025, ""null_std"": 7.52282e-06, ""z_score"": 0.936976268804, ""empirical_p"": 1, ""null_samples"": 100}"
C:\github\5hr-conlang\riemann_analysis\rrlang\outputs\mesu_register_v0_3_nulls100\mesu_udhr_canonical.json,mesu_register_v0_3_nulls100,,,,mesu,unknown,unknown,,,,,,,,,frequency_class,217,,,hapax,Token positions in frequency class hapax.,3,critical_line_symmetry,gap_order_shuffle,0.793141056615,0.793565439433,0.000452928032,-0.936976268804,0.936976268804,1.0,,"{""name"": ""critical_line_symmetry"", ""null_model"": ""gap_order_shuffle"", ""observed"": 0.793141056615, ""null_mean"": 0.793565439433, ""null_std"": 0.000452928032, ""z_score"": -0.936976268804, ""empirical_p"": 1, ""null_samples"": 100}"
C:\github\5hr-conlang\riemann_analysis\rrlang\outputs\mesu_register_v0_3_nulls100\mesu_udhr_canonical.json,mesu_register_v0_3_nulls100,,,,mesu,unknown,unknown,,,,,,,,,frequency_class,217,,,mid_frequency,Token positions in frequency class mid_frequency.,30,event_density,observed_only,0.138248847926,,,,,,,"{""name"": ""event_density"", ""value"": 0.138248847926, ""details"": ""count(event=true) / sequence_length""}"
C:\github\5hr-conlang\riemann_analysis\rrlang\outputs\mesu_register_v0_3_nulls100\mesu_udhr_canonical.json,mesu_register_v0_3_nulls100,,,,mesu,unknown,unknown,,,,,,,,,frequency_class,217,,,mid_frequency,Token positions in frequency class mid_frequency.,30,event_count,observed_only,30.0,,,,,,,"{""name"": ""event_count"", ""value"": 30, ""details"": ""Number of true positions in the event map.""}"
C:\github\5hr-conlang\riemann_analysis\rrlang\outputs\mesu_register_v0_3_nulls100\mesu_udhr_canonical.json,mesu_register_v0_3_nulls100,,,,mesu,unknown,unknown,,,,,,,,,frequency_class,217,,,mid_frequency,Token positions in frequency class mid_frequency.,30,sequence_length,observed_only,217.0,,,,,,,"{""name"": ""sequence_length"", ""value"": 217, ""details"": ""Number of positions in the event map.""}"
C:\github\5hr-conlang\riemann_analysis\rrlang\outputs\mesu_register_v0_3_nulls100\mesu_udhr_canonical.json,mesu_register_v0_3_nulls100,,,,mesu,unknown,unknown,,,,,,,,,frequency_class,217,,,mid_frequency,Token positions in frequency class mid_frequency.,30,modular_residue_peak_m_2,observed_only,0.566666666667,,,,,,,"{""name"": ""modular_residue_peak_m_2"", ""value"": 0.566666666667, ""details"": ""Largest event-position residue fraction modulo 2.""}"
C:\github\5hr-conlang\riemann_analysis\rrlang\outputs\mesu_register_v0_3_nulls100\mesu_udhr_canonical.json,mesu_register_v0_3_nulls100,,,,mesu,unknown,unknown,,,,,,,,,frequency_class,217,,,mid_frequency,Token positions in frequency class mid_frequency.,30,modular_residue_peak_m_3,observed_only,0.333333333333,,,,,,,"{""name"": ""modular_residue_peak_m_3"", ""value"": 0.333333333333, ""details"": ""Largest event-position residue fraction modulo 3.""}"
C:\github\5hr-conlang\riemann_analysis\rrlang\outputs\mesu_register_v0_3_nulls100\mesu_udhr_canonical.json,mesu_register_v0_3_nulls100,,,,mesu,unknown,unknown,,,,,,,,,frequency_class,217,,,mid_frequency,Token positions in frequency class mid_frequency.,30,modular_residue_peak_m_5,observed_only,0.266666666667,,,,,,,"{""name"": ""modular_residue_peak_m_5"", ""value"": 0.266666666667, ""details"": ""Largest event-position residue fraction modulo 5.""}"
C:\github\5hr-conlang\riemann_analysis\rrlang\outputs\mesu_register_v0_3_nulls100\mesu_udhr_canonical.json,mesu_register_v0_3_nulls100,,,,mesu,unknown,unknown,,,,,,,,,frequency_class,217,,,mid_frequency,Token positions in frequency class mid_frequency.,30,modular_residue_peak_m_7,observed_only,0.233333333333,,,,,,,"{""name"": ""modular_residue_peak_m_7"", ""value"": 0.233333333333, ""details"": ""Largest event-position residue fraction modulo 7.""}"
C:\github\5hr-conlang\riemann_analysis\rrlang\outputs\mesu_register_v0_3_nulls100\mesu_udhr_canonical.json,mesu_register_v0_3_nulls100,,,,mesu,unknown,unknown,,,,,,,,,frequency_class,217,,,mid_frequency,Token positions in frequency class mid_frequency.,30,gap_entropy,density_shuffle,3.477322373841,3.494260077093,0.139870765115,-0.121095378564,0.121095378564,0.871287128713,,"{""name"": ""gap_entropy"", ""null_model"": ""density_shuffle"", ""observed"": 3.477322373841, ""null_mean"": 3.494260077093, ""null_std"": 0.139870765115, ""z_score"": -0.121095378564, ""empirical_p"": 0.871287128713, ""null_samples"": 100}"
C:\github\5hr-conlang\riemann_analysis\rrlang\outputs\mesu_register_v0_3_nulls100\mesu_udhr_canonical.json,mesu_register_v0_3_nulls100,,,,mesu,unknown,unknown,,,,,,,,,frequency_class,217,,,mid_frequency,Token positions in frequency class mid_frequency.,30,run_entropy,density_shuffle,2.363636423649,2.610093381917,0.183138243595,-1.345742721078,1.345742721078,0.168316831683,,"{""name"": ""run_entropy"", ""null_model"": ""density_shuffle"", ""observed"": 2.363636423649, ""null_mean"": 2.610093381917, ""null_std"": 0.183138243595, ""z_score"": -1.345742721078, ""empirical_p"": 0.168316831683, ""null_samples"": 100}"
C:\github\5hr-conlang\riemann_analysis\rrlang\outputs\mesu_register_v0_3_nulls100\mesu_udhr_canonical.json,mesu_register_v0_3_nulls100,,,,mesu,unknown,unknown,,,,,,,,,frequency_class,217,,,mid_frequency,Token positions in frequency class mid_frequency.,30,prime_index_occupancy_bias,density_shuffle,-0.068739770867,0.003856225607,0.057796823153,-1.256055134436,1.256055134436,0.306930693069,,"{""name"": ""prime_index_occupancy_bias"", ""null_model"": ""density_shuffle"", ""observed"": -0.068739770867, ""null_mean"": 0.003856225607, ""null_std"": 0.057796823153, ""z_score"": -1.256055134436, ""empirical_p"": 0.306930693069, ""null_samples"": 100}"
C:\github\5hr-conlang\riemann_analysis\rrlang\outputs\mesu_register_v0_3_nulls100\mesu_udhr_canonical.json,mesu_register_v0_3_nulls100,,,,mesu,unknown,unknown,,,,,,,,,frequency_class,217,,,mid_frequency,Token positions in frequency class mid_frequency.,30,prime_gap_affinity,density_shuffle,0.620689655172,0.457586206897,0.090619230662,1.799876771023,1.799876771023,0.09900990099,,"{""name"": ""prime_gap_affinity"", ""null_model"": ""density_shuffle"", ""observed"": 0.620689655172, ""null_mean"": 0.457586206897, ""null_std"": 0.090619230662, ""z_score"": 1.799876771023, ""empirical_p"": 0.09900990099, ""null_samples"": 100}"
C:\github\5hr-conlang\riemann_analysis\rrlang\outputs\mesu_register_v0_3_nulls100\mesu_udhr_canonical.json,mesu_register_v0_3_nulls100,,,,mesu,unknown,unknown,,,,,,,,,frequency_class,217,,,mid_frequency,Token positions in frequency class mid_frequency.,30,zeta_spectral_coherence,density_shuffle,0.002939719782,0.00302510394,0.001550324412,-0.055075026004,0.055075026004,0.960396039604,,"{""name"": ""zeta_spectral_coherence"", ""null_model"": ""density_shuffle"", ""observed"": 0.002939719782, ""null_mean"": 0.00302510394, ""null_std"": 0.001550324412, ""z_score"": -0.055075026004, ""empirical_p"": 0.960396039604, ""null_samples"": 100}"
C:\github\5hr-conlang\riemann_analysis\rrlang\outputs\mesu_register_v0_3_nulls100\mesu_udhr_canonical.json,mesu_register_v0_3_nulls100,,,,mesu,unknown,unknown,,,,,,,,,frequency_class,217,,,mid_frequency,Token positions in frequency class mid_frequency.,30,critical_line_symmetry,density_shuffle,0.844519578414,0.859694971437,0.041266136248,-0.367744460791,0.367744460791,0.732673267327,,"{""name"": ""critical_line_symmetry"", ""null_model"": ""density_shuffle"", ""observed"": 0.844519578414, ""null_mean"": 0.859694971437, ""null_std"": 0.041266136248, ""z_score"": -0.367744460791, ""empirical_p"": 0.732673267327, ""null_samples"": 100}"
C:\github\5hr-conlang\riemann_analysis\rrlang\outputs\mesu_register_v0_3_nulls100\mesu_udhr_canonical.json,mesu_register_v0_3_nulls100,,,,mesu,unknown,unknown,,,,,,,,,frequency_class,217,,,mid_frequency,Token positions in frequency class mid_frequency.,30,gap_entropy,markov_1,3.477322373841,3.475905323679,0.169511748545,0.008359598521,0.008359598521,1.0,,"{""name"": ""gap_entropy"", ""null_model"": ""markov_1"", ""observed"": 3.477322373841, ""null_mean"": 3.475905323679, ""null_std"": 0.169511748545, ""z_score"": 0.008359598521, ""empirical_p"": 1, ""null_samples"": 100}"
C:\github\5hr-conlang\riemann_analysis\rrlang\outputs\mesu_register_v0_3_nulls100\mesu_udhr_canonical.json,mesu_register_v0_3_nulls100,,,,mesu,unknown,unknown,,,,,,,,,frequency_class,217,,,mid_frequency,Token positions in frequency class mid_frequency.,30,run_entropy,markov_1,2.363636423649,2.560861486375,0.168267653322,-1.17209136059,1.17209136059,0.267326732673,,"{""name"": ""run_entropy"", ""null_model"": ""markov_1"", ""observed"": 2.363636423649, ""null_mean"": 2.560861486375, ""null_std"": 0.168267653322, ""z_score"": -1.17209136059, ""empirical_p"": 0.267326732673, ""null_samples"": 100}"
C:\github\5hr-conlang\riemann_analysis\rrlang\outputs\mesu_register_v0_3_nulls100\mesu_udhr_canonical.json,mesu_register_v0_3_nulls100,,,,mesu,unknown,unknown,,,,,,,,,frequency_class,217,,,mid_frequency,Token positions in frequency class mid_frequency.,30,prime_index_occupancy_bias,markov_1,-0.068739770867,0.001018506861,0.052252736127,-1.335016745519,1.335016745519,0.178217821782,,"{""name"": ""prime_index_occupancy_bias"", ""null_model"": ""markov_1"", ""observed"": -0.068739770867, ""null_mean"": 0.001018506861, ""null_std"": 0.052252736127, ""z_score"": -1.335016745519, ""empirical_p"": 0.178217821782, ""null_samples"": 100}"
C:\github\5hr-conlang\riemann_analysis\rrlang\outputs\mesu_register_v0_3_nulls100\mesu_udhr_canonical.json,mesu_register_v0_3_nulls100,,,,mesu,unknown,unknown,,,,,,,,,frequency_class,217,,,mid_frequency,Token positions in frequency class mid_frequency.,30,prime_gap_affinity,markov_1,0.620689655172,0.464598209098,0.088417005926,1.76540072172,1.76540072172,0.079207920792,,"{""name"": ""prime_gap_affinity"", ""null_model"": ""markov_1"", ""observed"": 0.620689655172, ""null_mean"": 0.464598209098, ""null_std"": 0.088417005926, ""z_score"": 1.76540072172, ""empirical_p"": 0.079207920792, ""null_samples"": 100}"
C:\github\5hr-conlang\riemann_analysis\rrlang\outputs\mesu_register_v0_3_nulls100\mesu_udhr_canonical.json,mesu_register_v0_3_nulls100,,,,mesu,unknown,unknown,,,,,,,,,frequency_class,217,,,mid_frequency,Token positions in frequency class mid_frequency.,30,zeta_spectral_coherence,markov_1,0.002939719782,0.003184957337,0.001827247049,-0.134211493242,0.134211493242,0.891089108911,,"{""name"": ""zeta_spectral_coherence"", ""null_model"": ""markov_1"", ""observed"": 0.002939719782, ""null_mean"": 0.003184957337, ""null_std"": 0.001827247049, ""z_score"": -0.134211493242, ""empirical_p"": 0.891089108911, ""null_samples"": 100}"
C:\github\5hr-conlang\riemann_analysis\rrlang\outputs\mesu_register_v0_3_nulls100\mesu_udhr_canonical.json,mesu_register_v0_3_nulls100,,,,mesu,unknown,unknown,,,,,,,,,frequency_class,217,,,mid_frequency,Token positions in frequency class mid_frequency.,30,critical_line_symmetry,markov_1,0.844519578414,0.862295005044,0.046034447085,-0.386133162369,0.386133162369,0.742574257426,,"{""name"": ""critical_line_symmetry"", ""null_model"": ""markov_1"", ""observed"": 0.844519578414, ""null_mean"": 0.862295005044, ""null_std"": 0.046034447085, ""z_score"": -0.386133162369, ""empirical_p"": 0.742574257426, ""null_samples"": 100}"
C:\github\5hr-conlang\riemann_analysis\rrlang\outputs\mesu_register_v0_3_nulls100\mesu_udhr_canonical.json,mesu_register_v0_3_nulls100,,,,mesu,unknown,unknown,,,,,,,,,frequency_class,217,,,mid_frequency,Token positions in frequency class mid_frequency.,30,gap_entropy,markov_2,3.477322373841,3.193534813387,0.241682483004,1.174216504759,1.174216504759,0.267326732673,False,"{""name"": ""gap_entropy"", ""null_model"": ""markov_2"", ""observed"": 3.477322373841, ""null_mean"": 3.193534813387, ""null_std"": 0.241682483004, ""z_score"": 1.174216504759, ""empirical_p"": 0.267326732673, ""null_samples"": 100}"
C:\github\5hr-conlang\riemann_analysis\rrlang\outputs\mesu_register_v0_3_nulls100\mesu_udhr_canonical.json,mesu_register_v0_3_nulls100,,,,mesu,unknown,unknown,,,,,,,,,frequency_class,217,,,mid_frequency,Token positions in frequency class mid_frequency.,30,run_entropy,markov_2,2.363636423649,2.232906563453,0.225671201078,0.579293501215,0.579293501215,0.554455445545,False,"{""name"": ""run_entropy"", ""null_model"": ""markov_2"", ""observed"": 2.363636423649, ""null_mean"": 2.232906563453, ""null_std"": 0.225671201078, ""z_score"": 0.579293501215, ""empirical_p"": 0.554455445545, ""null_samples"": 100}"
C:\github\5hr-conlang\riemann_analysis\rrlang\outputs\mesu_register_v0_3_nulls100\mesu_udhr_canonical.json,mesu_register_v0_3_nulls100,,,,mesu,unknown,unknown,,,,,,,,,frequency_class,217,,,mid_frequency,Token positions in frequency class mid_frequency.,30,prime_index_occupancy_bias,markov_2,-0.068739770867,-0.007664610349,0.05395364319,-1.131993261383,1.131993261383,0.277227722772,False,"{""name"": ""prime_index_occupancy_bias"", ""null_model"": ""markov_2"", ""observed"": -0.068739770867, ""null_mean"": -0.007664610349, ""null_std"": 0.05395364319, ""z_score"": -1.131993261383, ""empirical_p"": 0.277227722772, ""null_samples"": 100}"
C:\github\5hr-conlang\riemann_analysis\rrlang\outputs\mesu_register_v0_3_nulls100\mesu_udhr_canonical.json,mesu_register_v0_3_nulls100,,,,mesu,unknown,unknown,,,,,,,,,frequency_class,217,,,mid_frequency,Token positions in frequency class mid_frequency.,30,prime_gap_affinity,markov_2,0.620689655172,0.54639031516,0.099664814424,0.745492182386,0.745492182386,0.534653465347,False,"{""name"": ""prime_gap_affinity"", ""null_model"": ""markov_2"", ""observed"": 0.620689655172, ""null_mean"": 0.54639031516, ""null_std"": 0.099664814424, ""z_score"": 0.745492182386, ""empirical_p"": 0.534653465347, ""null_samples"": 100}"
C:\github\5hr-conlang\riemann_analysis\rrlang\outputs\mesu_register_v0_3_nulls100\mesu_udhr_canonical.json,mesu_register_v0_3_nulls100,,,,mesu,unknown,unknown,,,,,,,,,frequency_class,217,,,mid_frequency,Token positions in frequency class mid_frequency.,30,zeta_spectral_coherence,markov_2,0.002939719782,0.003747470988,0.002198033947,-0.367488048626,0.367488048626,0.712871287129,False,"{""name"": ""zeta_spectral_coherence"", ""null_model"": ""markov_2"", ""observed"": 0.002939719782, ""null_mean"": 0.003747470988, ""null_std"": 0.002198033947, ""z_score"": -0.367488048626, ""empirical_p"": 0.712871287129, ""null_samples"": 100}"
C:\github\5hr-conlang\riemann_analysis\rrlang\outputs\mesu_register_v0_3_nulls100\mesu_udhr_canonical.json,mesu_register_v0_3_nulls100,,,,mesu,unknown,unknown,,,,,,,,,frequency_class,217,,,mid_frequency,Token positions in frequency class mid_frequency.,30,critical_line_symmetry,markov_2,0.844519578414,0.85277523254,0.041119385993,-0.200772796756,0.200772796756,0.772277227723,False,"{""name"": ""critical_line_symmetry"", ""null_model"": ""markov_2"", ""observed"": 0.844519578414, ""null_mean"": 0.85277523254, ""null_std"": 0.041119385993, ""z_score"": -0.200772796756, ""empirical_p"": 0.772277227723, ""null_samples"": 100}"
C:\github\5hr-conlang\riemann_analysis\rrlang\outputs\mesu_register_v0_3_nulls100\mesu_udhr_canonical.json,mesu_register_v0_3_nulls100,,,,mesu,unknown,unknown,,,,,,,,,frequency_class,217,,,mid_frequency,Token positions in frequency class mid_frequency.,30,gap_entropy,gap_order_shuffle,3.477322373841,3.477322373841,0.0,-0.944740790099,0.944740790099,1.0,,"{""name"": ""gap_entropy"", ""null_model"": ""gap_order_shuffle"", ""observed"": 3.477322373841, ""null_mean"": 3.477322373841, ""null_std"": 0.0, ""z_score"": -0.944740790099, ""empirical_p"": 1, ""null_samples"": 100}"
C:\github\5hr-conlang\riemann_analysis\rrlang\outputs\mesu_register_v0_3_nulls100\mesu_udhr_canonical.json,mesu_register_v0_3_nulls100,,,,mesu,unknown,unknown,,,,,,,,,frequency_class,217,,,mid_frequency,Token positions in frequency class mid_frequency.,30,run_entropy,gap_order_shuffle,2.363636423649,2.35250454744,0.017513887232,0.63560282543,0.63560282543,0.485148514851,,"{""name"": ""run_entropy"", ""null_model"": ""gap_order_shuffle"", ""observed"": 2.363636423649, ""null_mean"": 2.35250454744, ""null_std"": 0.017513887232, ""z_score"": 0.63560282543, ""empirical_p"": 0.485148514851, ""null_samples"": 100}"
C:\github\5hr-conlang\riemann_analysis\rrlang\outputs\mesu_register_v0_3_nulls100\mesu_udhr_canonical.json,mesu_register_v0_3_nulls100,,,,mesu,unknown,unknown,,,,,,,,,frequency_class,217,,,mid_frequency,Token positions in frequency class mid_frequency.,30,prime_index_occupancy_bias,gap_order_shuffle,-0.068739770867,-0.014352259851,0.052429473997,-1.037346112212,1.037346112212,0.455445544554,,"{""name"": ""prime_index_occupancy_bias"", ""null_model"": ""gap_order_shuffle"", ""observed"": -0.068739770867, ""null_mean"": -0.014352259851, ""null_std"": 0.052429473997, ""z_score"": -1.037346112212, ""empirical_p"": 0.455445544554, ""null_samples"": 100}"
C:\github\5hr-conlang\riemann_analysis\rrlang\outputs\mesu_register_v0_3_nulls100\mesu_udhr_canonical.json,mesu_register_v0_3_nulls100,,,,mesu,unknown,unknown,,,,,,,,,frequency_class,217,,,mid_frequency,Token positions in frequency class mid_frequency.,30,prime_gap_affinity,gap_order_shuffle,0.620689655172,0.620689655172,0.0,0.994987437107,0.994987437107,1.0,,"{""name"": ""prime_gap_affinity"", ""null_model"": ""gap_order_shuffle"", ""observed"": 0.620689655172, ""null_mean"": 0.620689655172, ""null_std"": 0.0, ""z_score"": 0.994987437107, ""empirical_p"": 1, ""null_samples"": 100}"
C:\github\5hr-conlang\riemann_analysis\rrlang\outputs\mesu_register_v0_3_nulls100\mesu_udhr_canonical.json,mesu_register_v0_3_nulls100,,,,mesu,unknown,unknown,,,,,,,,,frequency_class,217,,,mid_frequency,Token positions in frequency class mid_frequency.,30,zeta_spectral_coherence,gap_order_shuffle,0.002939719782,0.003083096684,0.000816409104,-0.1756189402,0.1756189402,0.811881188119,,"{""name"": ""zeta_spectral_coherence"", ""null_model"": ""gap_order_shuffle"", ""observed"": 0.002939719782, ""null_mean"": 0.003083096684, ""null_std"": 0.000816409104, ""z_score"": -0.1756189402, ""empirical_p"": 0.811881188119, ""null_samples"": 100}"
C:\github\5hr-conlang\riemann_analysis\rrlang\outputs\mesu_register_v0_3_nulls100\mesu_udhr_canonical.json,mesu_register_v0_3_nulls100,,,,mesu,unknown,unknown,,,,,,,,,frequency_class,217,,,mid_frequency,Token positions in frequency class mid_frequency.,30,critical_line_symmetry,gap_order_shuffle,0.844519578414,0.830890441244,0.027662287425,0.492697402796,0.492697402796,0.613861386139,,"{""name"": ""critical_line_symmetry"", ""null_model"": ""gap_order_shuffle"", ""observed"": 0.844519578414, ""null_mean"": 0.830890441244, ""null_std"": 0.027662287425, ""z_score"": 0.492697402796, ""empirical_p"": 0.613861386139, ""null_samples"": 100}"
C:\github\5hr-conlang\riemann_analysis\rrlang\outputs\mesu_register_v0_3_nulls100\mesu_udhr_canonical.json,mesu_register_v0_3_nulls100,,,,mesu,unknown,unknown,,,,,,,,,frequency_class,217,,,high_frequency,Token positions in frequency class high_frequency.,184,event_density,observed_only,0.847926267281,,,,,,,"{""name"": ""event_density"", ""value"": 0.847926267281, ""details"": ""count(event=true) / sequence_length""}"
C:\github\5hr-conlang\riemann_analysis\rrlang\outputs\mesu_register_v0_3_nulls100\mesu_udhr_canonical.json,mesu_register_v0_3_nulls100,,,,mesu,unknown,unknown,,,,,,,,,frequency_class,217,,,high_frequency,Token positions in frequency class high_frequency.,184,event_count,observed_only,184.0,,,,,,,"{""name"": ""event_count"", ""value"": 184, ""details"": ""Number of true positions in the event map.""}"
C:\github\5hr-conlang\riemann_analysis\rrlang\outputs\mesu_register_v0_3_nulls100\mesu_udhr_canonical.json,mesu_register_v0_3_nulls100,,,,mesu,unknown,unknown,,,,,,,,,frequency_class,217,,,high_frequency,Token positions in frequency class high_frequency.,184,sequence_length,observed_only,217.0,,,,,,,"{""name"": ""sequence_length"", ""value"": 217, ""details"": ""Number of positions in the event map.""}"
C:\github\5hr-conlang\riemann_analysis\rrlang\outputs\mesu_register_v0_3_nulls100\mesu_udhr_canonical.json,mesu_register_v0_3_nulls100,,,,mesu,unknown,unknown,,,,,,,,,frequency_class,217,,,high_frequency,Token positions in frequency class high_frequency.,184,modular_residue_peak_m_2,observed_only,0.516304347826,,,,,,,"{""name"": ""modular_residue_peak_m_2"", ""value"": 0.516304347826, ""details"": ""Largest event-position residue fraction modulo 2.""}"
C:\github\5hr-conlang\riemann_analysis\rrlang\outputs\mesu_register_v0_3_nulls100\mesu_udhr_canonical.json,mesu_register_v0_3_nulls100,,,,mesu,unknown,unknown,,,,,,,,,frequency_class,217,,,high_frequency,Token positions in frequency class high_frequency.,184,modular_residue_peak_m_3,observed_only,0.336956521739,,,,,,,"{""name"": ""modular_residue_peak_m_3"", ""value"": 0.336956521739, ""details"": ""Largest event-position residue fraction modulo 3.""}"
C:\github\5hr-conlang\riemann_analysis\rrlang\outputs\mesu_register_v0_3_nulls100\mesu_udhr_canonical.json,mesu_register_v0_3_nulls100,,,,mesu,unknown,unknown,,,,,,,,,frequency_class,217,,,high_frequency,Token positions in frequency class high_frequency.,184,modular_residue_peak_m_5,observed_only,0.217391304348,,,,,,,"{""name"": ""modular_residue_peak_m_5"", ""value"": 0.217391304348, ""details"": ""Largest event-position residue fraction modulo 5.""}"
C:\github\5hr-conlang\riemann_analysis\rrlang\outputs\mesu_register_v0_3_nulls100\mesu_udhr_canonical.json,mesu_register_v0_3_nulls100,,,,mesu,unknown,unknown,,,,,,,,,frequency_class,217,,,high_frequency,Token positions in frequency class high_frequency.,184,modular_residue_peak_m_7,observed_only,0.163043478261,,,,,,,"{""name"": ""modular_residue_peak_m_7"", ""value"": 0.163043478261, ""details"": ""Largest event-position residue fraction modulo 7.""}"
C:\github\5hr-conlang\riemann_analysis\rrlang\outputs\mesu_register_v0_3_nulls100\mesu_udhr_canonical.json,mesu_register_v0_3_nulls100,,,,mesu,unknown,unknown,,,,,,,,,frequency_class,217,,,high_frequency,Token positions in frequency class high_frequency.,184,gap_entropy,density_shuffle,0.722358133304,0.714448893337,0.011938515334,0.662497785159,0.662497785159,0.445544554455,,"{""name"": ""gap_entropy"", ""null_model"": ""density_shuffle"", ""observed"": 0.722358133304, ""null_mean"": 0.714448893337, ""null_std"": 0.011938515334, ""z_score"": 0.662497785159, ""empirical_p"": 0.445544554455, ""null_samples"": 100}"
C:\github\5hr-conlang\riemann_analysis\rrlang\outputs\mesu_register_v0_3_nulls100\mesu_udhr_canonical.json,mesu_register_v0_3_nulls100,,,,mesu,unknown,unknown,,,,,,,,,frequency_class,217,,,high_frequency,Token positions in frequency class high_frequency.,184,run_entropy,density_shuffle,2.3033822011,2.588849683505,0.148389923107,-1.923765956796,1.923765956796,0.069306930693,,"{""name"": ""run_entropy"", ""null_model"": ""density_shuffle"", ""observed"": 2.3033822011, ""null_mean"": 2.588849683505, ""null_std"": 0.148389923107, ""z_score"": -1.923765956796, ""empirical_p"": 0.069306930693, ""null_samples"": 100}"
C:\github\5hr-conlang\riemann_analysis\rrlang\outputs\mesu_register_v0_3_nulls100\mesu_udhr_canonical.json,mesu_register_v0_3_nulls100,,,,mesu,unknown,unknown,,,,,,,,,frequency_class,217,,,high_frequency,Token positions in frequency class high_frequency.,184,prime_index_occupancy_bias,density_shuffle,0.059297494649,-0.001960216543,0.05564925251,1.100782282416,1.100782282416,0.326732673267,,"{""name"": ""prime_index_occupancy_bias"", ""null_model"": ""density_shuffle"", ""observed"": 0.059297494649, ""null_mean"": -0.001960216543, ""null_std"": 0.05564925251, ""z_score"": 1.100782282416, ""empirical_p"": 0.326732673267, ""null_samples"": 100}"
C:\github\5hr-conlang\riemann_analysis\rrlang\outputs\mesu_register_v0_3_nulls100\mesu_udhr_canonical.json,mesu_register_v0_3_nulls100,,,,mesu,unknown,unknown,,,,,,,,,frequency_class,217,,,high_frequency,Token positions in frequency class high_frequency.,184,prime_gap_affinity,density_shuffle,0.158469945355,0.150218579235,0.011321935296,0.72879467199,0.72879467199,0.475247524752,,"{""name"": ""prime_gap_affinity"", ""null_model"": ""density_shuffle"", ""observed"": 0.158469945355, ""null_mean"": 0.150218579235, ""null_std"": 0.011321935296, ""z_score"": 0.72879467199, ""empirical_p"": 0.475247524752, ""null_samples"": 100}"
C:\github\5hr-conlang\riemann_analysis\rrlang\outputs\mesu_register_v0_3_nulls100\mesu_udhr_canonical.json,mesu_register_v0_3_nulls100,,,,mesu,unknown,unknown,,,,,,,,,frequency_class,217,,,high_frequency,Token positions in frequency class high_frequency.,184,zeta_spectral_coherence,density_shuffle,0.002649314814,0.003396052805,0.001958064806,-0.3813653095,0.3813653095,0.712871287129,,"{""name"": ""zeta_spectral_coherence"", ""null_model"": ""density_shuffle"", ""observed"": 0.002649314814, ""null_mean"": 0.003396052805, ""null_std"": 0.001958064806, ""z_score"": -0.3813653095, ""empirical_p"": 0.712871287129, ""null_samples"": 100}"
C:\github\5hr-conlang\riemann_analysis\rrlang\outputs\mesu_register_v0_3_nulls100\mesu_udhr_canonical.json,mesu_register_v0_3_nulls100,,,,mesu,unknown,unknown,,,,,,,,,frequency_class,217,,,high_frequency,Token positions in frequency class high_frequency.,184,critical_line_symmetry,density_shuffle,0.843719158597,0.858307488966,0.040314489631,-0.361863203594,0.361863203594,0.752475247525,,"{""name"": ""critical_line_symmetry"", ""null_model"": ""density_shuffle"", ""observed"": 0.843719158597, ""null_mean"": 0.858307488966, ""null_std"": 0.040314489631, ""z_score"": -0.361863203594, ""empirical_p"": 0.752475247525, ""null_samples"": 100}"
C:\github\5hr-conlang\riemann_analysis\rrlang\outputs\mesu_register_v0_3_nulls100\mesu_udhr_canonical.json,mesu_register_v0_3_nulls100,,,,mesu,unknown,unknown,,,,,,,,,frequency_class,217,,,high_frequency,Token positions in frequency class high_frequency.,184,gap_entropy,markov_1,0.722358133304,0.723520775898,0.082814989874,-0.014039035639,0.014039035639,1.0,,"{""name"": ""gap_entropy"", ""null_model"": ""markov_1"", ""observed"": 0.722358133304, ""null_mean"": 0.723520775898, ""null_std"": 0.082814989874, ""z_score"": -0.014039035639, ""empirical_p"": 1, ""null_samples"": 100}"
C:\github\5hr-conlang\riemann_analysis\rrlang\outputs\mesu_register_v0_3_nulls100\mesu_udhr_canonical.json,mesu_register_v0_3_nulls100,,,,mesu,unknown,unknown,,,,,,,,,frequency_class,217,,,high_frequency,Token positions in frequency class high_frequency.,184,run_entropy,markov_1,2.3033822011,2.512983741466,0.165801148921,-1.264174233594,1.264174233594,0.227722772277,,"{""name"": ""run_entropy"", ""null_model"": ""markov_1"", ""observed"": 2.3033822011, ""null_mean"": 2.512983741466, ""null_std"": 0.165801148921, ""z_score"": -1.264174233594, ""empirical_p"": 0.227722772277, ""null_samples"": 100}"
C:\github\5hr-conlang\riemann_analysis\rrlang\outputs\mesu_register_v0_3_nulls100\mesu_udhr_canonical.json,mesu_register_v0_3_nulls100,,,,mesu,unknown,unknown,,,,,,,,,frequency_class,217,,,high_frequency,Token positions in frequency class high_frequency.,184,prime_index_occupancy_bias,markov_1,0.059297494649,-0.006330101977,0.067909188309,0.966402312568,0.966402312568,0.336633663366,,"{""name"": ""prime_index_occupancy_bias"", ""null_model"": ""markov_1"", ""observed"": 0.059297494649, ""null_mean"": -0.006330101977, ""null_std"": 0.067909188309, ""z_score"": 0.966402312568, ""empirical_p"": 0.336633663366, ""null_samples"": 100}"
C:\github\5hr-conlang\riemann_analysis\rrlang\outputs\mesu_register_v0_3_nulls100\mesu_udhr_canonical.json,mesu_register_v0_3_nulls100,,,,mesu,unknown,unknown,,,,,,,,,frequency_class,217,,,high_frequency,Token positions in frequency class high_frequency.,184,prime_gap_affinity,markov_1,0.158469945355,0.159512057797,0.025866224468,-0.04028854086,0.04028854086,0.960396039604,,"{""name"": ""prime_gap_affinity"", ""null_model"": ""markov_1"", ""observed"": 0.158469945355, ""null_mean"": 0.159512057797, ""null_std"": 0.025866224468, ""z_score"": -0.04028854086, ""empirical_p"": 0.960396039604, ""null_samples"": 100}"
C:\github\5hr-conlang\riemann_analysis\rrlang\outputs\mesu_register_v0_3_nulls100\mesu_udhr_canonical.json,mesu_register_v0_3_nulls100,,,,mesu,unknown,unknown,,,,,,,,,frequency_class,217,,,high_frequency,Token positions in frequency class high_frequency.,184,zeta_spectral_coherence,markov_1,0.002649314814,0.003245296366,0.001799612248,-0.331172202779,0.331172202779,0.792079207921,,"{""name"": ""zeta_spectral_coherence"", ""null_model"": ""markov_1"", ""observed"": 0.002649314814, ""null_mean"": 0.003245296366, ""null_std"": 0.001799612248, ""z_score"": -0.331172202779, ""empirical_p"": 0.792079207921, ""null_samples"": 100}"
C:\github\5hr-conlang\riemann_analysis\rrlang\outputs\mesu_register_v0_3_nulls100\mesu_udhr_canonical.json,mesu_register_v0_3_nulls100,,,,mesu,unknown,unknown,,,,,,,,,frequency_class,217,,,high_frequency,Token positions in frequency class high_frequency.,184,critical_line_symmetry,markov_1,0.843719158597,0.858708763045,0.044265192909,-0.338631856377,0.338631856377,0.752475247525,,"{""name"": ""critical_line_symmetry"", ""null_model"": ""markov_1"", ""observed"": 0.843719158597, ""null_mean"": 0.858708763045, ""null_std"": 0.044265192909, ""z_score"": -0.338631856377, ""empirical_p"": 0.752475247525, ""null_samples"": 100}"
C:\github\5hr-conlang\riemann_analysis\rrlang\outputs\mesu_register_v0_3_nulls100\mesu_udhr_canonical.json,mesu_register_v0_3_nulls100,,,,mesu,unknown,unknown,,,,,,,,,frequency_class,217,,,high_frequency,Token positions in frequency class high_frequency.,184,gap_entropy,markov_2,0.722358133304,0.728974435916,0.106517132509,-0.062114914811,0.062114914811,0.990099009901,False,"{""name"": ""gap_entropy"", ""null_model"": ""markov_2"", ""observed"": 0.722358133304, ""null_mean"": 0.728974435916, ""null_std"": 0.106517132509, ""z_score"": -0.062114914811, ""empirical_p"": 0.990099009901, ""null_samples"": 100}"
C:\github\5hr-conlang\riemann_analysis\rrlang\outputs\mesu_register_v0_3_nulls100\mesu_udhr_canonical.json,mesu_register_v0_3_nulls100,,,,mesu,unknown,unknown,,,,,,,,,frequency_class,217,,,high_frequency,Token positions in frequency class high_frequency.,184,run_entropy,markov_2,2.3033822011,2.249387131881,0.198110492775,0.27255027466,0.27255027466,0.782178217822,False,"{""name"": ""run_entropy"", ""null_model"": ""markov_2"", ""observed"": 2.3033822011, ""null_mean"": 2.249387131881, ""null_std"": 0.198110492775, ""z_score"": 0.27255027466, ""empirical_p"": 0.782178217822, ""null_samples"": 100}"
C:\github\5hr-conlang\riemann_analysis\rrlang\outputs\mesu_register_v0_3_nulls100\mesu_udhr_canonical.json,mesu_register_v0_3_nulls100,,,,mesu,unknown,unknown,,,,,,,,,frequency_class,217,,,high_frequency,Token positions in frequency class high_frequency.,184,prime_index_occupancy_bias,markov_2,0.059297494649,-0.003267027571,0.061432553699,1.018426200019,1.018426200019,0.287128712871,False,"{""name"": ""prime_index_occupancy_bias"", ""null_model"": ""markov_2"", ""observed"": 0.059297494649, ""null_mean"": -0.003267027571, ""null_std"": 0.061432553699, ""z_score"": 1.018426200019, ""empirical_p"": 0.287128712871, ""null_samples"": 100}"
C:\github\5hr-conlang\riemann_analysis\rrlang\outputs\mesu_register_v0_3_nulls100\mesu_udhr_canonical.json,mesu_register_v0_3_nulls100,,,,mesu,unknown,unknown,,,,,,,,,frequency_class,217,,,high_frequency,Token positions in frequency class high_frequency.,184,prime_gap_affinity,markov_2,0.158469945355,0.163916505632,0.033661175546,-0.161805409005,0.161805409005,0.930693069307,False,"{""name"": ""prime_gap_affinity"", ""null_model"": ""markov_2"", ""observed"": 0.158469945355, ""null_mean"": 0.163916505632, ""null_std"": 0.033661175546, ""z_score"": -0.161805409005, ""empirical_p"": 0.930693069307, ""null_samples"": 100}"
C:\github\5hr-conlang\riemann_analysis\rrlang\outputs\mesu_register_v0_3_nulls100\mesu_udhr_canonical.json,mesu_register_v0_3_nulls100,,,,mesu,unknown,unknown,,,,,,,,,frequency_class,217,,,high_frequency,Token positions in frequency class high_frequency.,184,zeta_spectral_coherence,markov_2,0.002649314814,0.004127475352,0.002090712537,-0.70701280646,0.70701280646,0.50495049505,False,"{""name"": ""zeta_spectral_coherence"", ""null_model"": ""markov_2"", ""observed"": 0.002649314814, ""null_mean"": 0.004127475352, ""null_std"": 0.002090712537, ""z_score"": -0.70701280646, ""empirical_p"": 0.50495049505, ""null_samples"": 100}"
C:\github\5hr-conlang\riemann_analysis\rrlang\outputs\mesu_register_v0_3_nulls100\mesu_udhr_canonical.json,mesu_register_v0_3_nulls100,,,,mesu,unknown,unknown,,,,,,,,,frequency_class,217,,,high_frequency,Token positions in frequency class high_frequency.,184,critical_line_symmetry,markov_2,0.843719158597,0.855525501906,0.046076112953,-0.256235662075,0.256235662075,0.792079207921,False,"{""name"": ""critical_line_symmetry"", ""null_model"": ""markov_2"", ""observed"": 0.843719158597, ""null_mean"": 0.855525501906, ""null_std"": 0.046076112953, ""z_score"": -0.256235662075, ""empirical_p"": 0.792079207921, ""null_samples"": 100}"
C:\github\5hr-conlang\riemann_analysis\rrlang\outputs\mesu_register_v0_3_nulls100\mesu_udhr_canonical.json,mesu_register_v0_3_nulls100,,,,mesu,unknown,unknown,,,,,,,,,frequency_class,217,,,high_frequency,Token positions in frequency class high_frequency.,184,gap_entropy,gap_order_shuffle,0.722358133304,0.722358133304,0.0,-0.994987437107,0.994987437107,1.0,,"{""name"": ""gap_entropy"", ""null_model"": ""gap_order_shuffle"", ""observed"": 0.722358133304, ""null_mean"": 0.722358133304, ""null_std"": 0.0, ""z_score"": -0.994987437107, ""empirical_p"": 1, ""null_samples"": 100}"
C:\github\5hr-conlang\riemann_analysis\rrlang\outputs\mesu_register_v0_3_nulls100\mesu_udhr_canonical.json,mesu_register_v0_3_nulls100,,,,mesu,unknown,unknown,,,,,,,,,frequency_class,217,,,high_frequency,Token positions in frequency class high_frequency.,184,run_entropy,gap_order_shuffle,2.3033822011,2.561432671572,0.113787235178,-2.267833207031,2.267833207031,0.019801980198,,"{""name"": ""run_entropy"", ""null_model"": ""gap_order_shuffle"", ""observed"": 2.3033822011, ""null_mean"": 2.561432671572, ""null_std"": 0.113787235178, ""z_score"": -2.267833207031, ""empirical_p"": 0.019801980198, ""null_samples"": 100}"
C:\github\5hr-conlang\riemann_analysis\rrlang\outputs\mesu_register_v0_3_nulls100\mesu_udhr_canonical.json,mesu_register_v0_3_nulls100,,,,mesu,unknown,unknown,,,,,,,,,frequency_class,217,,,high_frequency,Token positions in frequency class high_frequency.,184,prime_index_occupancy_bias,gap_order_shuffle,0.059297494649,-0.008414956566,0.061539120897,1.100315542821,1.100315542821,0.455445544554,,"{""name"": ""prime_index_occupancy_bias"", ""null_model"": ""gap_order_shuffle"", ""observed"": 0.059297494649, ""null_mean"": -0.008414956566, ""null_std"": 0.061539120897, ""z_score"": 1.100315542821, ""empirical_p"": 0.455445544554, ""null_samples"": 100}"
C:\github\5hr-conlang\riemann_analysis\rrlang\outputs\mesu_register_v0_3_nulls100\mesu_udhr_canonical.json,mesu_register_v0_3_nulls100,,,,mesu,unknown,unknown,,,,,,,,,frequency_class,217,,,high_frequency,Token positions in frequency class high_frequency.,184,prime_gap_affinity,gap_order_shuffle,0.158469945355,0.158469945355,0.0,-0.994987437107,0.994987437107,1.0,,"{""name"": ""prime_gap_affinity"", ""null_model"": ""gap_order_shuffle"", ""observed"": 0.158469945355, ""null_mean"": 0.158469945355, ""null_std"": 0.0, ""z_score"": -0.994987437107, ""empirical_p"": 1, ""null_samples"": 100}"
C:\github\5hr-conlang\riemann_analysis\rrlang\outputs\mesu_register_v0_3_nulls100\mesu_udhr_canonical.json,mesu_register_v0_3_nulls100,,,,mesu,unknown,unknown,,,,,,,,,frequency_class,217,,,high_frequency,Token positions in frequency class high_frequency.,184,zeta_spectral_coherence,gap_order_shuffle,0.002649314814,0.002697615952,0.001090163391,-0.044306329313,0.044306329313,0.990099009901,,"{""name"": ""zeta_spectral_coherence"", ""null_model"": ""gap_order_shuffle"", ""observed"": 0.002649314814, ""null_mean"": 0.002697615952, ""null_std"": 0.001090163391, ""z_score"": -0.044306329313, ""empirical_p"": 0.990099009901, ""null_samples"": 100}"
C:\github\5hr-conlang\riemann_analysis\rrlang\outputs\mesu_register_v0_3_nulls100\mesu_udhr_canonical.json,mesu_register_v0_3_nulls100,,,,mesu,unknown,unknown,,,,,,,,,frequency_class,217,,,high_frequency,Token positions in frequency class high_frequency.,184,critical_line_symmetry,gap_order_shuffle,0.843719158597,0.853471378528,0.034570723174,-0.282094762134,0.282094762134,0.821782178218,,"{""name"": ""critical_line_symmetry"", ""null_model"": ""gap_order_shuffle"", ""observed"": 0.843719158597, ""null_mean"": 0.853471378528, ""null_std"": 0.034570723174, ""z_score"": -0.282094762134, ""empirical_p"": 0.821782178218, ""null_samples"": 100}"
